ISO-10303-21;
HEADER;
FILE_DESCRIPTION (( 'STEP AP203' ),
    '1' );
FILE_NAME ('26-PTN-3200-03-R1 (Left Stub Shaft).STEP',
    '2025-12-08T23:57:41',
    ( '' ),
    ( '' ),
    'SwSTEP 2.0',
    'SolidWorks 2025',
    '' );
FILE_SCHEMA (( 'CONFIG_CONTROL_DESIGN' ));
ENDSEC;

DATA;
#1 = DIRECTION ( 'NONE',  ( 0.000000000000000000, 0.000000000000000000, -1.000000000000000000 ) ) ;
#2 = CARTESIAN_POINT ( 'NONE',  ( -61.22082732489887746, -5.958110236220480971, 7.643505543097480981 ) ) ;
#3 = CARTESIAN_POINT ( 'NONE',  ( -62.15094502324262749, -1.407454082783215821, 8.362923998104408341 ) ) ;
#4 = APPROVAL_DATE_TIME ( #4083, #2816 ) ;
#5 = ORIENTED_EDGE ( 'NONE', *, *, #5942, .F. ) ;
#6 = DIRECTION ( 'NONE',  ( -0.000000000000000000, 1.000000000000000000, -0.000000000000000000 ) ) ;
#7 = EDGE_CURVE ( 'NONE', #6995, #2330, #1065, .T. ) ;
#8 = VECTOR ( 'NONE', #7034, 39.37007874015748143 ) ;
#9 = EDGE_CURVE ( 'NONE', #3530, #7319, #4639, .T. ) ;
#10 = ORIENTED_EDGE ( 'NONE', *, *, #3661, .F. ) ;
#11 = ADVANCED_FACE ( 'NONE', ( #5952 ), #3949, .T. ) ;
#12 = CARTESIAN_POINT ( 'NONE',  ( -61.75154048263377859, -1.481336058263765798, 7.591551772033578338 ) ) ;
#13 = CIRCLE ( 'NONE', #4348, 1.265984251872430022 ) ;
#14 = ORIENTED_EDGE ( 'NONE', *, *, #5811, .T. ) ;
#15 = CARTESIAN_POINT ( 'NONE',  ( -61.83469231920783926, -1.481336058263765798, 8.223152676671562133 ) ) ;
#16 = CARTESIAN_POINT ( 'NONE',  ( -63.01783328754113711, -4.228090218631457731, 8.450316063769788499 ) ) ;
#17 = DIRECTION ( 'NONE',  ( -1.000000000000000000, 0.000000000000000000, 0.000000000000000000 ) ) ;
#18 = EDGE_CURVE ( 'NONE', #4611, #6296, #4734, .T. ) ;
#19 = DIRECTION ( 'NONE',  ( 0.000000000000000000, 0.000000000000000000, 1.000000000000000000 ) ) ;
#20 = ADVANCED_FACE ( 'NONE', ( #3338 ), #3990, .F. ) ;
#21 = AXIS2_PLACEMENT_3D ( 'NONE', #55, #5388, #6576 ) ;
#22 = CARTESIAN_POINT ( 'NONE',  ( -62.41520948359233500, -4.248407087466656407, 8.857988284596496342 ) ) ;
#23 = ORIENTED_EDGE ( 'NONE', *, *, #3914, .F. ) ;
#24 = DIRECTION ( 'NONE',  ( -0.000000000000000000, 1.000000000000000000, -0.000000000000000000 ) ) ;
#25 = B_SPLINE_CURVE_WITH_KNOTS ( 'NONE', 3,
 ( #7608, #2300, #6160, #4844 ),
 .UNSPECIFIED., .F., .F.,
 ( 4, 4 ),
 ( 2.014298344490332397E-07, 0.0004597969392806958654 ),
 .UNSPECIFIED. ) ;
#26 = VERTEX_POINT ( 'NONE', #5999 ) ;
#27 = CARTESIAN_POINT ( 'NONE',  ( -61.29653562082980045, -4.218248795939889995, 8.307356059753153943 ) ) ;
#28 = CARTESIAN_POINT ( 'NONE',  ( -62.13052775895526736, -0.4061132758059439740, 8.383341262391773796 ) ) ;
#29 = CARTESIAN_POINT ( 'NONE',  ( -61.65799052718704587, -4.217172511668066726, 8.186427237055690753 ) ) ;
#30 = CARTESIAN_POINT ( 'NONE',  ( -62.70256342953390316, -0.4126776965509293404, 7.945808960526722586 ) ) ;
#31 = AXIS2_PLACEMENT_3D ( 'NONE', #1013, #2784, #2076 ) ;
#32 = CARTESIAN_POINT ( 'NONE',  ( -62.17522999999999911, -4.090000000000014069, 7.534211369002385084 ) ) ;
#33 = EDGE_CURVE ( 'NONE', #2627, #7955, #5913, .T. ) ;
#34 = ORIENTED_EDGE ( 'NONE', *, *, #502, .T. ) ;
#35 = CARTESIAN_POINT ( 'NONE',  ( -61.67523000000000621, -0.3996062992126024893, 7.857046014671682066 ) ) ;
#36 = VERTEX_POINT ( 'NONE', #2585 ) ;
#37 = LINE ( 'NONE', #7361, #4307 ) ;
#38 = EDGE_CURVE ( 'NONE', #5193, #3392, #6243, .T. ) ;
#39 = VECTOR ( 'NONE', #3845, 39.37007874015748143 ) ;
#40 = VECTOR ( 'NONE', #8682, 39.37007874015748143 ) ;
#41 = ORIENTED_EDGE ( 'NONE', *, *, #6765, .T. ) ;
#42 = CARTESIAN_POINT ( 'NONE',  ( -62.67522999999999911, -1.481336058263770905, 7.857046014671673184 ) ) ;
#43 = CARTESIAN_POINT ( 'NONE',  ( -61.89314408533643785, -3.993685432371440136, 6.935670676772244470 ) ) ;
#44 = FACE_OUTER_BOUND ( 'NONE', #2718, .T. ) ;
#45 = B_SPLINE_CURVE_WITH_KNOTS ( 'NONE', 3,
 ( #634, #8084, #1287, #7470 ),
 .UNSPECIFIED., .F., .F.,
 ( 4, 4 ),
 ( 2.372388754578306249E-06, 0.005608136317045212677 ),
 .UNSPECIFIED. ) ;
#46 = CARTESIAN_POINT ( 'NONE',  ( -62.17522999999999911, -1.858375076448566254, 7.321070213322149911 ) ) ;
#47 = ORIENTED_EDGE ( 'NONE', *, *, #5675, .F. ) ;
#48 = ORIENTED_EDGE ( 'NONE', *, *, #5503, .F. ) ;
#49 = VERTEX_POINT ( 'NONE', #2019 ) ;
#50 = ORIENTED_EDGE ( 'NONE', *, *, #5564, .T. ) ;
#51 = CARTESIAN_POINT ( 'NONE',  ( -61.83469231920783216, -0.4061132758059435299, 7.453289818325573357 ) ) ;
#52 = VECTOR ( 'NONE', #4541, 39.37007874015748143 ) ;
#53 = CARTESIAN_POINT ( 'NONE',  ( -62.38111527656378996, -4.404960629921268911, 8.927399566342561599 ) ) ;
#54 = ORIENTED_EDGE ( 'NONE', *, *, #4758, .T. ) ;
#55 = CARTESIAN_POINT ( 'NONE',  ( -62.04582047744874274, -5.958149606299221190, 8.340008927816212392 ) ) ;
#56 = EDGE_CURVE ( 'NONE', #1167, #5967, #1361, .T. ) ;
#57 = ORIENTED_EDGE ( 'NONE', *, *, #7984, .T. ) ;
#58 = ADVANCED_FACE ( 'NONE', ( #7901 ), #1898, .T. ) ;
#59 = CYLINDRICAL_SURFACE ( 'NONE', #969, 0.6299842520964125114 ) ;
#60 = ORIENTED_EDGE ( 'NONE', *, *, #1299, .T. ) ;
#61 = DIRECTION ( 'NONE',  ( 1.000000000000000000, 6.123233995736766036E-17, 0.000000000000000000 ) ) ;
#62 = FACE_OUTER_BOUND ( 'NONE', #5475, .T. ) ;
#63 = DIRECTION ( 'NONE',  ( 1.000000000000000000, 0.000000000000000000, 0.000000000000000000 ) ) ;
#64 = DIRECTION ( 'NONE',  ( -0.9610876741308395088, 0.000000000000000000, 0.2762435205281262296 ) ) ;
#65 = EDGE_CURVE ( 'NONE', #6508, #7761, #2770, .T. ) ;
#66 = ORIENTED_EDGE ( 'NONE', *, *, #5587, .F. ) ;
#67 = CARTESIAN_POINT ( 'NONE',  ( -62.38548330438733558, -4.341397536455646744, 8.918212323856794299 ) ) ;
#68 = ORIENTED_EDGE ( 'NONE', *, *, #7787, .T. ) ;
#69 = CARTESIAN_POINT ( 'NONE',  ( -62.62547567324669018, -1.407454082783004878, 8.088953599585842369 ) ) ;
#70 = ORIENTED_EDGE ( 'NONE', *, *, #6003, .T. ) ;
#71 = CARTESIAN_POINT ( 'NONE',  ( -62.03420082865847718, -1.482582146657624333, 7.377422914091092743 ) ) ;
#72 = CARTESIAN_POINT ( 'NONE',  ( -62.17203013539025136, -4.270835389125033466, 6.808698167232020815 ) ) ;
#73 = CARTESIAN_POINT ( 'NONE',  ( -61.64902488097520461, -4.251792530876080001, 8.283024875989193347 ) ) ;
#74 = CARTESIAN_POINT ( 'NONE',  ( -62.12597933904437042, 57.93121849778213317, 8.850921021168250746 ) ) ;
#75 = LINE ( 'NONE', #5282, #6355 ) ;
#76 = ORIENTED_EDGE ( 'NONE', *, *, #1119, .T. ) ;
#77 = CARTESIAN_POINT ( 'NONE',  ( -62.17522999999999911, -5.958149606299221190, 7.357046014671677625 ) ) ;
#78 = ORIENTED_EDGE ( 'NONE', *, *, #8251, .T. ) ;
#79 = DIRECTION ( 'NONE',  ( -0.5000000000000266454, 0.000000000000000000, -0.8660254037844233865 ) ) ;
#80 = VERTEX_POINT ( 'NONE', #4814 ) ;
#82 = AXIS2_PLACEMENT_3D ( 'NONE', #7212, #5833, #5183 ) ;
#81 = CARTESIAN_POINT ( 'NONE',  ( -62.48447045306887304, -4.214444128720839622, 8.802078090085171169 ) ) ;
#83 = DIRECTION ( 'NONE',  ( 0.000000000000000000, -1.000000000000000000, 0.000000000000000000 ) ) ;
#84 = AXIS2_PLACEMENT_3D ( 'NONE', #4376, #6480, #1852 ) ;
#85 = CARTESIAN_POINT ( 'NONE',  ( -62.17522999999999911, -0.3996062992126024893, 7.857046014671676737 ) ) ;
#86 = ADVANCED_FACE ( 'NONE', ( #6260 ), #5263, .F. ) ;
#87 = ORIENTED_EDGE ( 'NONE', *, *, #976, .F. ) ;
#88 = DIRECTION ( 'NONE',  ( 1.000000000000000000, 6.123233995736766036E-17, 0.000000000000000000 ) ) ;
#89 = CARTESIAN_POINT ( 'NONE',  ( -61.59823592595105879, -3.988504844567673402, 8.567518541295084944 ) ) ;
#90 = ORIENTED_EDGE ( 'NONE', *, *, #4672, .F. ) ;
#91 = CC_DESIGN_SECURITY_CLASSIFICATION ( #6094, ( #4702 ) ) ;
#92 = VERTEX_POINT ( 'NONE', #4247 ) ;
#93 = EDGE_LOOP ( 'NONE', ( #1800, #3072, #2270, #5445, #2681, #3160, #4362, #4785, #2506, #4385, #6664, #5835, #4342, #5523, #2089, #2052, #4959, #4137, #57, #2782, #5892, #4368, #872, #3763, #804, #4021, #2939, #3678, #4220, #5720, #7468, #8553, #6671, #7221, #5881, #5516, #4527, #2276, #7548, #372, #8683, #5924, #7597, #5003, #7937, #3875, #6162, #827, #2846, #5017, #244, #1225, #2809, #3644, #1005, #4961, #1731, #1314, #8493, #7685, #7718, #6267, #7229 ) ) ;
#94 = CARTESIAN_POINT ( 'NONE',  ( -62.98945307779115410, -4.213747115094566453, 8.395900301320381232 ) ) ;
#95 = CARTESIAN_POINT ( 'NONE',  ( -61.69226708685546612, -0.3996062992126024893, 7.986455537222940215 ) ) ;
#96 = CARTESIAN_POINT ( 'NONE',  ( -62.48382832968731293, -4.213747115095687334, 8.799283822738404481 ) ) ;
#97 = PERSON_AND_ORGANIZATION_ROLE ( 'design_supplier' ) ;
#98 = CARTESIAN_POINT ( 'NONE',  ( -62.65819291314453920, -5.958149606299221190, 7.727636492120407041 ) ) ;
#99 = DIRECTION ( 'NONE',  ( 1.675808339056866668E-14, 0.000000000000000000, -1.000000000000000000 ) ) ;
#100 = ORIENTED_EDGE ( 'NONE', *, *, #2247, .T. ) ;
#101 = DIRECTION ( 'NONE',  ( -0.8660254037844147268, 0.000000000000000000, -0.5000000000000416334 ) ) ;
#102 = ORIENTED_EDGE ( 'NONE', *, *, #7790, .T. ) ;
#103 = DIRECTION ( 'NONE',  ( -0.2588190451025665362, 0.000000000000000000, 0.9659258262890558777 ) ) ;
#104 = AXIS2_PLACEMENT_3D ( 'NONE', #4849, #7651, #3584 ) ;
#105 = VECTOR ( 'NONE', #3547, 39.37007874015748143 ) ;
#106 = CARTESIAN_POINT ( 'NONE',  ( -62.83736281095315235, -4.404960629921268911, 7.137279288285492740 ) ) ;
#107 = ORIENTED_EDGE ( 'NONE', *, *, #7687, .T. ) ;
#108 = CARTESIAN_POINT ( 'NONE',  ( -62.31393566158499198, -5.958110236220478306, 9.033977852430558286 ) ) ;
#109 = EDGE_CURVE ( 'NONE', #8121, #7569, #1790, .T. ) ;
#110 = CARTESIAN_POINT ( 'NONE',  ( -62.05755329476610882, -1.482582146657625666, 7.371165639656278579 ) ) ;
#111 = VERTEX_POINT ( 'NONE', #4623 ) ;
#112 = CARTESIAN_POINT ( 'NONE',  ( -62.17522999999999911, -0.3996062992126024893, 7.857046014671676737 ) ) ;
#113 = VERTEX_POINT ( 'NONE', #7182 ) ;
#114 = DIRECTION ( 'NONE',  ( 0.000000000000000000, 1.000000000000000000, 0.000000000000000000 ) ) ;
#115 = CARTESIAN_POINT ( 'NONE',  ( -62.23491660439265161, -4.225373400313076289, 6.832564454940773579 ) ) ;
#116 = DIRECTION ( 'NONE',  ( -0.000000000000000000, -1.000000000000000000, -0.000000000000000000 ) ) ;
#117 = LINE ( 'NONE', #74, #7290 ) ;
#118 = AXIS2_PLACEMENT_3D ( 'NONE', #7348, #7395, #3360 ) ;
#119 = AXIS2_PLACEMENT_3D ( 'NONE', #6629, #24, #642 ) ;
#120 = EDGE_CURVE ( 'NONE', #6508, #1809, #1352, .T. ) ;
#121 = EDGE_LOOP ( 'NONE', ( #8292, #3328, #7812, #6851, #8313 ) ) ;
#122 = EDGE_LOOP ( 'NONE', ( #1664, #6391, #8638, #1986 ) ) ;
#123 = CARTESIAN_POINT ( 'NONE',  ( -61.69287480534596568, -1.407454082783006877, 8.011434357522926319 ) ) ;
#124 = EDGE_CURVE ( 'NONE', #1832, #769, #2707, .T. ) ;
#125 = ADVANCED_FACE ( 'NONE', ( #5850 ), #3886, .T. ) ;
#126 = ORIENTED_EDGE ( 'NONE', *, *, #2198, .F. ) ;
#127 = PLANE ( 'NONE',  #2623 ) ;
#128 = EDGE_CURVE ( 'NONE', #7337, #8072, #7087, .T. ) ;
#129 = ORIENTED_EDGE ( 'NONE', *, *, #3361, .F. ) ;
#130 = FACE_OUTER_BOUND ( 'NONE', #912, .T. ) ;
#131 = VECTOR ( 'NONE', #7814, 39.37007874015748143 ) ;
#132 = CARTESIAN_POINT ( 'NONE',  ( -61.68790348981730887, -1.481336058263765798, 7.968906966183608276 ) ) ;
#133 = CYLINDRICAL_SURFACE ( 'NONE', #6115, 1.139999999984307566 ) ;
#134 = CIRCLE ( 'NONE', #6559, 1.265984251679795225 ) ;
#135 = VERTEX_POINT ( 'NONE', #2567 ) ;
#136 = CARTESIAN_POINT ( 'NONE',  ( -62.43558931176028892, -1.482582146657670741, 7.430266710394269225 ) ) ;
#137 = CARTESIAN_POINT ( 'NONE',  ( -61.21722570565172106, -4.125273117735857475, 8.554638720984137024 ) ) ;
#138 = ORIENTED_EDGE ( 'NONE', *, *, #1453, .F. ) ;
#139 = ORIENTED_EDGE ( 'NONE', *, *, #3361, .T. ) ;
#140 = CARTESIAN_POINT ( 'NONE',  ( -63.10742923138938210, -4.351317466148249657, 8.501066867751330136 ) ) ;
#141 = CARTESIAN_POINT ( 'NONE',  ( -62.84556432675813653, -4.282455868821259948, 8.083142384141053682 ) ) ;
#142 = DIRECTION ( 'NONE',  ( 1.000000000000000000, 0.000000000000000000, 0.000000000000000000 ) ) ;
#143 = B_SPLINE_CURVE_WITH_KNOTS ( 'NONE', 3,
 ( #6605, #705, #7280, #1269 ),
 .UNSPECIFIED., .F., .F.,
 ( 4, 4 ),
 ( 0.000000000000000000, 0.0008211405993301970586 ),
 .UNSPECIFIED. ) ;
#144 = CARTESIAN_POINT ( 'NONE',  ( -62.15714999999999435, -5.958149606299221190, 8.356719021347041476 ) ) ;
#145 = EDGE_LOOP ( 'NONE', ( #495, #1202, #7512, #5 ) ) ;
#146 = FACE_OUTER_BOUND ( 'NONE', #1922, .T. ) ;
#147 = EDGE_CURVE ( 'NONE', #5156, #5984, #5236, .T. ) ;
#148 = VERTEX_POINT ( 'NONE', #476 ) ;
#149 = FACE_OUTER_BOUND ( 'NONE', #305, .T. ) ;
#150 = AXIS2_PLACEMENT_3D ( 'NONE', #8012, #6064, #6680 ) ;
#151 = ORIENTED_EDGE ( 'NONE', *, *, #7024, .F. ) ;
#152 = CARTESIAN_POINT ( 'NONE',  ( -61.64052850218735102, -0.4192913385826831929, 7.941555004322587763 ) ) ;
#153 = CARTESIAN_POINT ( 'NONE',  ( -61.08719345319589422, -4.342593609818901079, 7.541150992697432720 ) ) ;
#154 = CARTESIAN_POINT ( 'NONE',  ( -63.11354205651502269, -4.404960629921268911, 8.504479782737170979 ) ) ;
#155 = AXIS2_PLACEMENT_3D ( 'NONE', #8077, #6835, #142 ) ;
#156 = DIRECTION ( 'NONE',  ( 0.000000000000000000, 0.000000000000000000, 1.000000000000000000 ) ) ;
#157 = VECTOR ( 'NONE', #6902, 39.37007874015748143 ) ;
#158 = ADVANCED_FACE ( 'NONE', ( #8497 ), #1917, .T. ) ;
#159 = ORIENTED_EDGE ( 'NONE', *, *, #7984, .F. ) ;
#160 = CARTESIAN_POINT ( 'NONE',  ( -61.22521603632152676, -4.214448757707298654, 7.622988193194842665 ) ) ;
#161 = EDGE_LOOP ( 'NONE', ( #783, #5562, #7727, #2037 ) ) ;
#162 = CARTESIAN_POINT ( 'NONE',  ( -61.95520965326385010, -0.4192913385826831929, 8.351655464760350256 ) ) ;
#163 = CARTESIAN_POINT ( 'NONE',  ( -62.26678941261047129, -4.377743985126493875, 6.722157015039828210 ) ) ;
#164 = FACE_OUTER_BOUND ( 'NONE', #145, .T. ) ;
#165 = LINE ( 'NONE', #8179, #4205 ) ;
#166 = ORIENTED_EDGE ( 'NONE', *, *, #4416, .F. ) ;
#167 = ORIENTED_EDGE ( 'NONE', *, *, #5564, .F. ) ;
#168 = ADVANCED_FACE ( 'NONE', ( #3933 ), #7130, .F. ) ;
#169 = DIRECTION ( 'NONE',  ( 0.000000000000000000, 0.000000000000000000, -1.000000000000000000 ) ) ;
#170 = ORIENTED_EDGE ( 'NONE', *, *, #2890, .F. ) ;
#171 = CARTESIAN_POINT ( 'NONE',  ( -62.17522999999999911, -1.403543307086619674, 7.857046014671676737 ) ) ;
#172 = EDGE_CURVE ( 'NONE', #8133, #6975, #3800, .T. ) ;
#173 = ORIENTED_EDGE ( 'NONE', *, *, #1390, .T. ) ;
#174 = CARTESIAN_POINT ( 'NONE',  ( -62.67490300667535763, -0.3996062992126024893, 7.838966014671670202 ) ) ;
#175 = ADVANCED_FACE ( 'NONE', ( #3276 ), #8294, .T. ) ;
#176 = CARTESIAN_POINT ( 'NONE',  ( -62.28709095151192798, -1.481336058263765798, 8.344372524854374973 ) ) ;
#177 = CARTESIAN_POINT ( 'NONE',  ( -61.78136347827440744, -1.336377492740390860, 8.197583695463849907 ) ) ;
#178 = EDGE_CURVE ( 'NONE', #605, #3352, #5195, .T. ) ;
#179 = EDGE_CURVE ( 'NONE', #4620, #8469, #1881, .T. ) ;
#180 = ORIENTED_EDGE ( 'NONE', *, *, #1995, .T. ) ;
#181 = CARTESIAN_POINT ( 'NONE',  ( -61.06874383361526526, -4.353951408663958134, 7.610090911296820693 ) ) ;
#182 = CARTESIAN_POINT ( 'NONE',  ( -61.68790348981730176, -5.958149606299221190, 7.968906966183599394 ) ) ;
#183 = ORIENTED_EDGE ( 'NONE', *, *, #172, .T. ) ;
#184 = VERTEX_POINT ( 'NONE', #1959 ) ;
#185 = CARTESIAN_POINT ( 'NONE',  ( -61.14533399468615471, -4.208110236220480971, 7.500171118908191659 ) ) ;
#186 = LINE ( 'NONE', #318, #3569 ) ;
#187 = CARTESIAN_POINT ( 'NONE',  ( -62.45293245148756967, -4.258772704660681363, 8.898484498690802269 ) ) ;
#188 = CARTESIAN_POINT ( 'NONE',  ( -62.04582047744873563, -5.958149606299221190, 7.374083101527144635 ) ) ;
#189 = VERTEX_POINT ( 'NONE', #2488 ) ;
#190 = ORIENTED_EDGE ( 'NONE', *, *, #4863, .T. ) ;
#191 = AXIS2_PLACEMENT_3D ( 'NONE', #6737, #746, #657 ) ;
#192 = PLANE ( 'NONE',  #2895 ) ;
#193 = ORIENTED_EDGE ( 'NONE', *, *, #4950, .F. ) ;
#194 = CARTESIAN_POINT ( 'NONE',  ( -61.08662429885202272, -5.958110236220478306, 7.388702722653825994 ) ) ;
#195 = CYLINDRICAL_SURFACE ( 'NONE', #4653, 0.1620000001984054638 ) ;
#196 = DIRECTION ( 'NONE',  ( -0.8660254037844232755, 0.000000000000000000, 0.5000000000000265343 ) ) ;
#197 = ORIENTED_EDGE ( 'NONE', *, *, #6717, .F. ) ;
#198 = LINE ( 'NONE', #7552, #2670 ) ;
#199 = ADVANCED_FACE ( 'NONE', ( #6554 ), #6513, .F. ) ;
#200 = DIRECTION ( 'NONE',  ( 0.000000000000000000, 1.000000000000000000, 0.000000000000000000 ) ) ;
#201 = VERTEX_POINT ( 'NONE', #1172 ) ;
#202 = CARTESIAN_POINT ( 'NONE',  ( -62.17522999999999911, -1.966043196441233709, 8.408030266640180272 ) ) ;
#203 = ORIENTED_EDGE ( 'NONE', *, *, #5025, .F. ) ;
#204 = DIRECTION ( 'NONE',  ( -5.131193983648362135E-17, 1.000000000000000000, -1.914987665046792378E-16 ) ) ;
#205 = CARTESIAN_POINT ( 'NONE',  ( -62.26742506121523490, -4.208110236220480971, 6.918413365338939691 ) ) ;
#206 = CARTESIAN_POINT ( 'NONE',  ( -62.17523000004221245, -4.404960629921268911, 7.857046014521913868 ) ) ;
#207 = CARTESIAN_POINT ( 'NONE',  ( -62.02084165714875041, -1.407454082783005767, 7.374690820017637982 ) ) ;
#208 = ORIENTED_EDGE ( 'NONE', *, *, #7837, .T. ) ;
#209 = CARTESIAN_POINT ( 'NONE',  ( -62.15714999999999435, -0.3996062992126024893, 8.356719021347041476 ) ) ;
#210 = ORIENTED_EDGE ( 'NONE', *, *, #801, .F. ) ;
#211 = LINE ( 'NONE', #6329, #3742 ) ;
#212 = VECTOR ( 'NONE', #6174, 39.37007874015748143 ) ;
#213 = ORIENTED_EDGE ( 'NONE', *, *, #713, .T. ) ;
#214 = LINE ( 'NONE', #8357, #1640 ) ;
#215 = CARTESIAN_POINT ( 'NONE',  ( -61.63687547790311783, -1.267487984741781704, 7.913807530093201592 ) ) ;
#216 = EDGE_CURVE ( 'NONE', #5572, #5551, #519, .T. ) ;
#217 = CARTESIAN_POINT ( 'NONE',  ( -61.37863977046680475, -3.993685432377835021, 7.314875393145041649 ) ) ;
#218 = CIRCLE ( 'NONE', #5381, 0.5413385826771592857 ) ;
#219 = ADVANCED_FACE ( 'NONE', ( #2532 ), #4540, .F. ) ;
#220 = ADVANCED_FACE ( 'NONE', ( #3364 ), #4839, .F. ) ;
#221 = ORIENTED_EDGE ( 'NONE', *, *, #7837, .F. ) ;
#222 = DIRECTION ( 'NONE',  ( 0.000000000000000000, -1.000000000000000000, 0.000000000000000000 ) ) ;
#223 = VECTOR ( 'NONE', #6682, 39.37007874015748143 ) ;
#224 = DIRECTION ( 'NONE',  ( 6.123233995736766036E-17, -1.000000000000000000, 0.000000000000000000 ) ) ;
#225 = CARTESIAN_POINT ( 'NONE',  ( -62.61307793466737337, -1.267487984741781704, 7.538711839310895613 ) ) ;
#226 = ORIENTED_EDGE ( 'NONE', *, *, #5610, .T. ) ;
#227 = CIRCLE ( 'NONE', #649, 0.2374135853542873320 ) ;
#228 = CARTESIAN_POINT ( 'NONE',  ( -63.07529761816827119, -4.280635515786989309, 8.483025678156526084 ) ) ;
#229 = CARTESIAN_POINT ( 'NONE',  ( -61.74221729810778214, -5.958149606299221190, 7.607046014671679401 ) ) ;
#230 = CARTESIAN_POINT ( 'NONE',  ( -62.19331000000000387, -5.958149606299221190, 7.357373007996311998 ) ) ;
#231 = VECTOR ( 'NONE', #3101, 39.37007874015748143 ) ;
#232 = FACE_BOUND ( 'NONE', #4848, .T. ) ;
#233 = ORIENTED_EDGE ( 'NONE', *, *, #6220, .T. ) ;
#234 = DIRECTION ( 'NONE',  ( -0.000000000000000000, 1.000000000000000000, 1.982541115402063138E-16 ) ) ;
#235 = EDGE_CURVE ( 'NONE', #4286, #3362, #6634, .T. ) ;
#236 = ORIENTED_EDGE ( 'NONE', *, *, #6075, .T. ) ;
#237 = CARTESIAN_POINT ( 'NONE',  ( -62.18847093446854757, -4.208110236220480971, 7.124004473509751634 ) ) ;
#238 = DIRECTION ( 'NONE',  ( -0.9659258262890604296, 0.000000000000000000, 0.2588190451025498273 ) ) ;
#239 = VECTOR ( 'NONE', #7581, 39.37007874015748143 ) ;
#240 = CARTESIAN_POINT ( 'NONE',  ( -62.39525034673615522, -1.267487984742363905, 8.351655464760350256 ) ) ;
#241 = VERTEX_POINT ( 'NONE', #4010 ) ;
#242 = FACE_OUTER_BOUND ( 'NONE', #8536, .T. ) ;
#243 = B_SPLINE_CURVE_WITH_KNOTS ( 'NONE', 3,
 ( #1034, #8540, #1783, #1120, #6461, #996, #3663, #6327, #341, #5662, #8352, #2341, #4396, #1693, #7036, #6057 ),
 .UNSPECIFIED., .F., .F.,
 ( 4, 2, 2, 2, 2, 2, 2, 4 ),
 ( 2.657602070430444957E-07, 0.0009390116093708963116, 0.001408384533952829589, 0.001877757458534762757, 0.002816503307698629312, 0.003755249156862495649, 0.005632740855190072199, 0.007510232553517648749 ),
 .UNSPECIFIED. ) ;
#244 = ORIENTED_EDGE ( 'NONE', *, *, #7510, .T. ) ;
#245 = CARTESIAN_POINT ( 'NONE',  ( -62.66772749738949244, -0.3996062992126024893, 7.685090688176885898 ) ) ;
#246 = AXIS2_PLACEMENT_3D ( 'NONE', #7919, #8496, #8447 ) ;
#247 = ORIENTED_EDGE ( 'NONE', *, *, #7236, .F. ) ;
#248 = DIRECTION ( 'NONE',  ( -0.000000000000000000, 1.000000000000000000, -0.000000000000000000 ) ) ;
#249 = CIRCLE ( 'NONE', #3322, 0.5216535433070783601 ) ;
#250 = LINE ( 'NONE', #7690, #457 ) ;
#251 = DIRECTION ( 'NONE',  ( 1.401868266681953022E-16, 1.000000000000000000, -1.401868266681928370E-16 ) ) ;
#252 = PLANE ( 'NONE',  #7012 ) ;
#253 = B_SPLINE_CURVE_WITH_KNOTS ( 'NONE', 3,
 ( #3622, #4888, #1563, #2216 ),
 .UNSPECIFIED., .F., .F.,
 ( 4, 4 ),
 ( 2.372388754669184837E-06, 0.005608136317045219615 ),
 .UNSPECIFIED. ) ;
#254 = B_SPLINE_CURVE_WITH_KNOTS ( 'NONE', 3,
 ( #1540, #8369, #3558, #929, #2889, #4859, #2359, #2233, #2278, #7582, #6878, #6965, #1492, #975, #3679, #4901 ),
 .UNSPECIFIED., .F., .F.,
 ( 4, 2, 2, 2, 2, 2, 2, 4 ),
 ( 0.000000000000000000, 0.0007474484538066766479, 0.001494896907613353296, 0.002242345361420029944, 0.002989793815226706591, 0.003737242269033383239, 0.004484690722840059887, 0.005979587630453466092 ),
 .UNSPECIFIED. ) ;
#255 = VECTOR ( 'NONE', #1113, 39.37007874015748854 ) ;
#256 = DIRECTION ( 'NONE',  ( -0.9704481013254709909, 0.000000000000000000, -0.2413099306572120961 ) ) ;
#257 = EDGE_CURVE ( 'NONE', #6425, #5984, #781, .T. ) ;
#258 = ORIENTED_EDGE ( 'NONE', *, *, #6764, .F. ) ;
#259 = CYLINDRICAL_SURFACE ( 'NONE', #677, 0.6299842517445604084 ) ;
#260 = B_SPLINE_CURVE_WITH_KNOTS ( 'NONE', 3,
 ( #2110, #3434, #1456, #3562 ),
 .UNSPECIFIED., .F., .F.,
 ( 4, 4 ),
 ( 0.000000000000000000, 0.0008211405993301971670 ),
 .UNSPECIFIED. ) ;
#261 = ORIENTED_EDGE ( 'NONE', *, *, #6379, .F. ) ;
#262 = LINE ( 'NONE', #5585, #5683 ) ;
#263 = ADVANCED_FACE ( 'NONE', ( #2700 ), #5365, .F. ) ;
#264 = AXIS2_PLACEMENT_3D ( 'NONE', #516, #3189, #471 ) ;
#265 = VECTOR ( 'NONE', #5742, 39.37007874015748143 ) ;
#266 = CARTESIAN_POINT ( 'NONE',  ( -62.26905241554099035, -4.278729374647843642, 6.594518702229893670 ) ) ;
#267 = LINE ( 'NONE', #4193, #3907 ) ;
#268 = ORIENTED_EDGE ( 'NONE', *, *, #1746, .F. ) ;
#269 = AXIS2_PLACEMENT_3D ( 'NONE', #316, #7661, #2230 ) ;
#270 = CARTESIAN_POINT ( 'NONE',  ( -61.70539090245289060, -0.3996062992126024893, 8.083703557367577730 ) ) ;
#271 = CIRCLE ( 'NONE', #5150, 0.3937007874015751585 ) ;
#272 = DIRECTION ( 'NONE',  ( 3.286260152890463360E-14, 0.000000000000000000, 1.000000000000000000 ) ) ;
#273 = DIRECTION ( 'NONE',  ( 0.9659258262890737523, 0.000000000000000000, 0.2588190451024995897 ) ) ;
#274 = CIRCLE ( 'NONE', #4319, 0.2879842521226439467 ) ;
#275 = ORIENTED_EDGE ( 'NONE', *, *, #6686, .F. ) ;
#276 = AXIS2_PLACEMENT_3D ( 'NONE', #3876, #1873, #1908 ) ;
#277 = CARTESIAN_POINT ( 'NONE',  ( -63.11488215347407760, -4.313793353948010001, 8.373725848542997952 ) ) ;
#278 = CARTESIAN_POINT ( 'NONE',  ( -62.54133666199987829, -1.481336058263765798, 8.197583695463837472 ) ) ;
#279 = CARTESIAN_POINT ( 'NONE',  ( -62.54133666199987118, -5.958149606299221190, 7.516508333879505344 ) ) ;
#280 = CARTESIAN_POINT ( 'NONE',  ( -62.53717639534671235, -1.482582146657644540, 8.201897218345555629 ) ) ;
#281 = ORIENTED_EDGE ( 'NONE', *, *, #8565, .F. ) ;
#282 = ORIENTED_EDGE ( 'NONE', *, *, #6291, .F. ) ;
#283 = DIRECTION ( 'NONE',  ( 1.914987665046783504E-16, 1.000000000000000000, 5.131193983648696785E-17 ) ) ;
#284 = VERTEX_POINT ( 'NONE', #2001 ) ;
#285 = CARTESIAN_POINT ( 'NONE',  ( -62.17522999999999911, -1.267487984742363905, 7.857046014671676737 ) ) ;
#286 = VECTOR ( 'NONE', #1229, 39.37007874015748143 ) ;
#287 = EDGE_CURVE ( 'NONE', #3150, #354, #7589, .T. ) ;
#288 = CARTESIAN_POINT ( 'NONE',  ( -62.65944730560546816, -4.220695813397307816, 7.464220709520723140 ) ) ;
#289 = CARTESIAN_POINT ( 'NONE',  ( -62.12878700948197519, -4.199718043952925584, 6.622459514518649115 ) ) ;
#290 = FACE_OUTER_BOUND ( 'NONE', #3380, .T. ) ;
#291 = ADVANCED_FACE ( 'NONE', ( #3493 ), #5542, .F. ) ;
#292 = EDGE_CURVE ( 'NONE', #148, #3612, #867, .T. ) ;
#293 = ORIENTED_EDGE ( 'NONE', *, *, #235, .T. ) ;
#294 = DIRECTION ( 'NONE',  ( 0.000000000000000000, -1.000000000000000000, 0.000000000000000000 ) ) ;
#295 = ORIENTED_EDGE ( 'NONE', *, *, #18, .F. ) ;
#296 = CARTESIAN_POINT ( 'NONE',  ( -62.17522999999999911, -3.595905511811027466, 7.857046014671676737 ) ) ;
#297 = EDGE_CURVE ( 'NONE', #5614, #617, #2868, .T. ) ;
#298 = CARTESIAN_POINT ( 'NONE',  ( -61.67555699332463348, -1.481336058263765798, 7.838966014671687965 ) ) ;
#299 = CARTESIAN_POINT ( 'NONE',  ( -61.98106618297951087, -1.267487984742363905, 8.362365590044479546 ) ) ;
#300 = EDGE_CURVE ( 'NONE', #6090, #2796, #1505, .T. ) ;
#301 = CARTESIAN_POINT ( 'NONE',  ( -61.69560689941941689, -1.482582146657622779, 7.716016843330158359 ) ) ;
#302 = CARTESIAN_POINT ( 'NONE',  ( -63.21723726926133935, -4.278729374026329246, 8.576029308154756947 ) ) ;
#303 = ORIENTED_EDGE ( 'NONE', *, *, #2249, .F. ) ;
#304 = FACE_OUTER_BOUND ( 'NONE', #5633, .T. ) ;
#305 = EDGE_LOOP ( 'NONE', ( #5809, #4032, #4670, #2900, #982 ) ) ;
#306 = CARTESIAN_POINT ( 'NONE',  ( -62.82042166839993058, -4.209387329601445238, 7.134074831259158422 ) ) ;
#307 = CIRCLE ( 'NONE', #6166, 0.5039999999831531463 ) ;
#308 = CARTESIAN_POINT ( 'NONE',  ( -62.23199151542136320, -0.4192913385826831929, 7.318691492574958879 ) ) ;
#309 = EDGE_CURVE ( 'NONE', #6698, #8194, #5890, .T. ) ;
#310 = DIRECTION ( 'NONE',  ( -3.351616678113733336E-14, 0.000000000000000000, -1.000000000000000000 ) ) ;
#311 = CARTESIAN_POINT ( 'NONE',  ( -61.38020213274774051, -5.958110236220480971, 7.946100437890495805 ) ) ;
#312 = EDGE_CURVE ( 'NONE', #628, #1143, #8263, .T. ) ;
#313 = ORIENTED_EDGE ( 'NONE', *, *, #6003, .F. ) ;
#314 = CARTESIAN_POINT ( 'NONE',  ( -61.19022781688831003, -4.218244896851140346, 7.648651554790152574 ) ) ;
#315 = DIRECTION ( 'NONE',  ( 0.000000000000000000, 1.000000000000000000, 0.000000000000000000 ) ) ;
#316 = CARTESIAN_POINT ( 'NONE',  ( -62.17522999999999911, -1.966043196441233709, 7.857046014671676737 ) ) ;
#317 = ORIENTED_EDGE ( 'NONE', *, *, #5083, .T. ) ;
#318 = CARTESIAN_POINT ( 'NONE',  ( -62.23199151542136320, -1.403543307086619674, 7.318691492574958879 ) ) ;
#319 = DIRECTION ( 'NONE',  ( 0.000000000000000000, -1.000000000000000000, 0.000000000000000000 ) ) ;
#320 = VECTOR ( 'NONE', #2123, 39.37007874015748143 ) ;
#321 = DIRECTION ( 'NONE',  ( 0.4999999999999635292, -0.000000000000000000, 0.8660254037844598018 ) ) ;
#322 = ORIENTED_EDGE ( 'NONE', *, *, #1292, .F. ) ;
#323 = CARTESIAN_POINT ( 'NONE',  ( -61.67843761931509761, -0.4061132758059433079, 7.677651732096648196 ) ) ;
#324 = EDGE_LOOP ( 'NONE', ( #3435, #6169, #5730, #1380 ) ) ;
#325 = CARTESIAN_POINT ( 'NONE',  ( -61.82167660940673670, -1.481336058263770905, 7.503492624078405449 ) ) ;
#326 = CIRCLE ( 'NONE', #1154, 0.2879842521624130791 ) ;
#327 = CARTESIAN_POINT ( 'NONE',  ( -63.02098902932743840, -3.984220850745723297, 7.614813164889648434 ) ) ;
#328 = CARTESIAN_POINT ( 'NONE',  ( -62.05163309495359414, -1.482581474689051326, 8.341454283137240466 ) ) ;
#329 = ORIENTED_EDGE ( 'NONE', *, *, #4297, .T. ) ;
#330 = CARTESIAN_POINT ( 'NONE',  ( -62.44072424263809751, -1.481336058263765798, 7.433356497305457111 ) ) ;
#331 = EDGE_CURVE ( 'NONE', #7964, #5528, #250, .T. ) ;
#332 = EDGE_CURVE ( 'NONE', #459, #3313, #5340, .T. ) ;
#333 = ORIENTED_EDGE ( 'NONE', *, *, #528, .F. ) ;
#334 = DIRECTION ( 'NONE',  ( 0.000000000000000000, -1.000000000000000000, 0.000000000000000000 ) ) ;
#335 = VERTEX_POINT ( 'NONE', #6322 ) ;
#336 = CARTESIAN_POINT ( 'NONE',  ( -61.99542060346321648, -4.072394853015313565, 6.740431885303201476 ) ) ;
#337 = CARTESIAN_POINT ( 'NONE',  ( -62.23477996238101184, -4.213747115095537232, 6.882481001433493617 ) ) ;
#338 = EDGE_CURVE ( 'NONE', #4016, #7373, #6043, .T. ) ;
#339 = CARTESIAN_POINT ( 'NONE',  ( -62.54133666199987829, -5.958149606299221190, 8.197583695463837472 ) ) ;
#340 = CARTESIAN_POINT ( 'NONE',  ( -61.70539090245289060, -0.3996062992126024893, 7.630388471975769527 ) ) ;
#341 = CARTESIAN_POINT ( 'NONE',  ( -63.08890353175311816, -4.243999658684193932, 6.996683113064656290 ) ) ;
#342 = ORIENTED_EDGE ( 'NONE', *, *, #2870, .T. ) ;
#343 = CARTESIAN_POINT ( 'NONE',  ( -63.05123108620485084, -3.983565816415135519, 7.881538969716474163 ) ) ;
#344 = ORIENTED_EDGE ( 'NONE', *, *, #1078, .T. ) ;
#345 = CARTESIAN_POINT ( 'NONE',  ( -61.19786999452539789, -4.140006361051213446, 8.549454947456553100 ) ) ;
#346 = CARTESIAN_POINT ( 'NONE',  ( -62.89643712574029166, -4.231819538508818646, 7.149939336637517684 ) ) ;
#347 = CARTESIAN_POINT ( 'NONE',  ( -62.17522999999999911, -4.090000000000014069, 8.179880660340968390 ) ) ;
#348 = CARTESIAN_POINT ( 'NONE',  ( -61.69226708685546612, -5.958149606299221190, 7.727636492120415923 ) ) ;
#349 = B_SPLINE_CURVE_WITH_KNOTS ( 'NONE', 3,
 ( #7643, #5531, #2254, #865, #3657, #6321, #1603, #2993, #2165, #6897, #907, #4268, #3574, #6238, #5655, #8346, #4140, #4794, #6810, #7477 ),
 .UNSPECIFIED., .F., .F.,
 ( 4, 2, 2, 2, 2, 2, 2, 2, 2, 4 ),
 ( 0.000000000000000000, 0.0009785872799821071066, 0.001957174559964214213, 0.002935761839946321537, 0.003914349119928428426, 0.004892936399910535750, 0.005871523679892643073, 0.006850110959874750396, 0.007339404599866084650, 0.007828698239857418903 ),
 .UNSPECIFIED. ) ;
#350 = ORIENTED_EDGE ( 'NONE', *, *, #6088, .T. ) ;
#351 = DIRECTION ( 'NONE',  ( 0.000000000000000000, -1.000000000000000000, 0.000000000000000000 ) ) ;
#352 = CARTESIAN_POINT ( 'NONE',  ( -62.40188754269590277, -0.3996062992126024893, 7.387206917124565564 ) ) ;
#353 = FACE_OUTER_BOUND ( 'NONE', #5044, .T. ) ;
#354 = VERTEX_POINT ( 'NONE', #5577 ) ;
#355 = B_SPLINE_CURVE_WITH_KNOTS ( 'NONE', 3,
 ( #7646, #1521, #5534, #8224 ),
 .UNSPECIFIED., .F., .F.,
 ( 4, 4 ),
 ( 0.000000000000000000, 0.0008211405993301816629 ),
 .UNSPECIFIED. ) ;
#356 = FACE_OUTER_BOUND ( 'NONE', #652, .T. ) ;
#357 = CARTESIAN_POINT ( 'NONE',  ( -62.67522999999999911, -1.481336058263770905, 7.857046014671673184 ) ) ;
#358 = B_SPLINE_CURVE_WITH_KNOTS ( 'NONE', 3,
 ( #5882, #3178, #7867, #8483, #8616, #1871, #3918, #4528, #4435, #1205, #5225, #3874, #554, #7117, #597, #3222 ),
 .UNSPECIFIED., .F., .F.,
 ( 4, 2, 2, 2, 2, 2, 2, 4 ),
 ( 2.004260704086190831E-07, 0.0009389462764216655781, 0.001408319201597217976, 0.001877692126772770266, 0.002816437977123830826, 0.003755183827474891170, 0.005632675528177012725, 0.007510167228879133412 ),
 .UNSPECIFIED. ) ;
#359 = VECTOR ( 'NONE', #7972, 39.37007874015748143 ) ;
#360 = CARTESIAN_POINT ( 'NONE',  ( -61.33913432634641794, -5.958110236220478306, 7.317456188132770656 ) ) ;
#361 = CARTESIAN_POINT ( 'NONE',  ( -63.11694096540542631, -4.072612479792909745, 7.230211499974932288 ) ) ;
#362 = ORIENTED_EDGE ( 'NONE', *, *, #6070, .F. ) ;
#363 = FACE_OUTER_BOUND ( 'NONE', #5686, .T. ) ;
#364 = ORIENTED_EDGE ( 'NONE', *, *, #2923, .F. ) ;
#365 = CARTESIAN_POINT ( 'NONE',  ( -62.59891951736621252, -1.481336058263765798, 7.591551772033561463 ) ) ;
#366 = AXIS2_PLACEMENT_3D ( 'NONE', #7138, #351, #1133 ) ;
#367 = CARTESIAN_POINT ( 'NONE',  ( -61.67555699332463348, -1.481336058263765798, 7.838966014671687965 ) ) ;
#368 = AXIS2_PLACEMENT_3D ( 'NONE', #4128, #901, #6313 ) ;
#369 = CARTESIAN_POINT ( 'NONE',  ( -61.23634396666289348, -4.110720617473540450, 8.559758901517758645 ) ) ;
#370 = ORIENTED_EDGE ( 'NONE', *, *, #1789, .T. ) ;
#371 = FACE_OUTER_BOUND ( 'NONE', #3581, .T. ) ;
#372 = ORIENTED_EDGE ( 'NONE', *, *, #6593, .T. ) ;
#373 = CARTESIAN_POINT ( 'NONE',  ( -62.36202574874174331, -0.4126776965509271200, 8.358111633840330512 ) ) ;
#374 = CYLINDRICAL_SURFACE ( 'NONE', #4044, 0.1620000001939033707 ) ;
#375 = CARTESIAN_POINT ( 'NONE',  ( -63.13667775571052232, -4.208110236220480971, 8.370527938355994735 ) ) ;
#376 = CARTESIAN_POINT ( 'NONE',  ( -62.49562054075092021, -4.208110236220480971, 7.124004473509751634 ) ) ;
#377 = CARTESIAN_POINT ( 'NONE',  ( -62.49562054075092021, -4.208110236220480971, 7.124004473509751634 ) ) ;
#378 = CARTESIAN_POINT ( 'NONE',  ( -62.49562054075092021, -4.404960629921268911, 7.124004473509751634 ) ) ;
#379 = ORIENTED_EDGE ( 'NONE', *, *, #3323, .T. ) ;
#380 = PLANE ( 'NONE',  #3202 ) ;
#381 = ORIENTED_EDGE ( 'NONE', *, *, #8565, .T. ) ;
#382 = CARTESIAN_POINT ( 'NONE',  ( -62.00342834429785910, -4.337908358731607628, 7.138894812673077794 ) ) ;
#383 = CARTESIAN_POINT ( 'NONE',  ( -62.95540192468615004, -4.280635515785127687, 7.146788672949018206 ) ) ;
#384 = EDGE_CURVE ( 'NONE', #8141, #459, #2271, .T. ) ;
#385 = CARTESIAN_POINT ( 'NONE',  ( -62.17522999999999911, -4.278729373877838249, 7.857046014671676737 ) ) ;
#386 = VECTOR ( 'NONE', #4086, 39.37007874015748143 ) ;
#387 = DIRECTION ( 'NONE',  ( 0.000000000000000000, 0.000000000000000000, -1.000000000000000000 ) ) ;
#388 = EDGE_CURVE ( 'NONE', #3563, #1999, #3108, .T. ) ;
#389 = PRODUCT ( '26-PTN-3200-03-R1 (Left Stub Shaft)', '26-PTN-3200-03-R1 (Left Stub Shaft)', '', ( #3386 ) ) ;
#390 = ADVANCED_FACE ( 'NONE', ( #6945 ), #374, .F. ) ;
#391 = ORIENTED_EDGE ( 'NONE', *, *, #1770, .F. ) ;
#392 = CARTESIAN_POINT ( 'NONE',  ( -62.17522999999999911, -1.403543307086619674, 7.857046014671676737 ) ) ;
#393 = CARTESIAN_POINT ( 'NONE',  ( -62.17522999999999911, -1.267487984742363905, 7.857046014671676737 ) ) ;
#394 = FACE_OUTER_BOUND ( 'NONE', #5883, .T. ) ;
#395 = VECTOR ( 'NONE', #204, 39.37007874015748143 ) ;
#396 = VERTEX_POINT ( 'NONE', #3616 ) ;
#397 = DIRECTION ( 'NONE',  ( 0.000000000000000000, 0.000000000000000000, 1.000000000000000000 ) ) ;
#398 = DIRECTION ( 'NONE',  ( 0.000000000000000000, 0.000000000000000000, -1.000000000000000000 ) ) ;
#399 = EDGE_CURVE ( 'NONE', #2605, #7374, #3912, .T. ) ;
#400 = TOROIDAL_SURFACE ( 'NONE', #7819, 1.543053438884629092, 1.046990446758644833 ) ;
#401 = VECTOR ( 'NONE', #989, 39.37007874015748143 ) ;
#402 = FACE_OUTER_BOUND ( 'NONE', #2437, .T. ) ;
#403 = ORIENTED_EDGE ( 'NONE', *, *, #868, .T. ) ;
#404 = CARTESIAN_POINT ( 'NONE',  ( -62.18702726332767128, -4.244704432491523960, 6.601789935358854500 ) ) ;
#405 = EDGE_LOOP ( 'NONE', ( #6871, #2485, #8505, #5940 ) ) ;
#406 = DIRECTION ( 'NONE',  ( 0.000000000000000000, 0.000000000000000000, -1.000000000000000000 ) ) ;
#407 = EDGE_LOOP ( 'NONE', ( #6733, #3850, #7850, #7039, #718, #5711, #6005, #2418, #8459, #3998, #3583, #5168, #4952, #8259, #4092, #7231, #7500, #1844, #1525, #6542, #350, #6281, #6384, #7694, #2928, #2943, #2517, #4910, #7418, #3464, #3093, #6767, #6122, #5904, #3843, #1694, #1565, #3704, #4252, #173, #1514, #6172, #7868, #8071, #6153, #663, #5763, #197, #8184, #7179, #4955, #4590, #7640, #2285, #5288, #4330, #7317, #2837, #1538, #4889, #4259, #2716, #4982, #4434, #7748, #8261, #5568, #1934, #762, #8395, #8543, #3262, #4208, #3747, #8001, #1948, #5474, #7055, #3035, #226, #4791, #8343, #852, #1719, #6071, #5752, #5936, #4108, #7975, #679, #7062, #1823, #4691, #4001, #8675, #6527, #1474, #6903, #5451, #2231, #999, #1681, #7966, #6106, #1305, #3367, #1820, #2722, #4251, #5220, #3543, #7864, #1785, #8105, #7710, #7571, #7823, #5361, #433, #4397 ) ) ;
#408 = CARTESIAN_POINT ( 'NONE',  ( -61.74926930351070098, -1.407454082783006655, 8.131016413190264913 ) ) ;
#409 = DIRECTION ( 'NONE',  ( -0.7071067811865204833, 0.000000000000000000, -0.7071067811865743291 ) ) ;
#410 = CARTESIAN_POINT ( 'NONE',  ( -61.18808442918606261, -4.221082593633736835, 7.617814026468932020 ) ) ;
#411 = VERTEX_POINT ( 'NONE', #1644 ) ;
#412 = CARTESIAN_POINT ( 'NONE',  ( -62.29290670523386808, -1.482582146657619226, 7.371165639656273250 ) ) ;
#413 = EDGE_CURVE ( 'NONE', #4407, #8141, #7541, .T. ) ;
#414 = ORIENTED_EDGE ( 'NONE', *, *, #5085, .T. ) ;
#415 = DIRECTION ( 'NONE',  ( 0.000000000000000000, 1.000000000000000000, 0.000000000000000000 ) ) ;
#416 = VERTEX_POINT ( 'NONE', #992 ) ;
#417 = DIRECTION ( 'NONE',  ( -1.000000000000000000, 0.000000000000000000, 0.000000000000000000 ) ) ;
#418 = DIRECTION ( 'NONE',  ( 9.912705577010096287E-17, 1.000000000000000000, 1.716930969985335912E-16 ) ) ;
#419 = CARTESIAN_POINT ( 'NONE',  ( -62.48534616303758327, -0.4126776965509262873, 7.421400089769698560 ) ) ;
#420 = CARTESIAN_POINT ( 'NONE',  ( -62.17522999999999911, -0.3996062992126024893, 7.857046014671676737 ) ) ;
#421 = CARTESIAN_POINT ( 'NONE',  ( -62.43036216180285436, -1.482581474689001810, 8.286970595858500488 ) ) ;
#422 = CARTESIAN_POINT ( 'NONE',  ( -62.17522999999999911, -5.958149606299221190, 8.357046014671675849 ) ) ;
#423 = ORIENTED_EDGE ( 'NONE', *, *, #6908, .F. ) ;
#424 = DIRECTION ( 'NONE',  ( -0.000000000000000000, -1.000000000000000000, -0.000000000000000000 ) ) ;
#425 = VERTEX_POINT ( 'NONE', #7776 ) ;
#426 = CARTESIAN_POINT ( 'NONE',  ( -62.25045884008913788, -4.208110236220480971, 7.309035879406263980 ) ) ;
#427 = CARTESIAN_POINT ( 'NONE',  ( -62.61307793466730232, -1.403543307086619674, 7.538711839311114105 ) ) ;
#428 = CARTESIAN_POINT ( 'NONE',  ( -62.85005108505836802, -4.213747115094951923, 7.151397613460724223 ) ) ;
#429 = DIRECTION ( 'NONE',  ( 0.8568423215722141828, 0.000000000000000000, 0.5155785449014905764 ) ) ;
#430 = CARTESIAN_POINT ( 'NONE',  ( -61.29498858434077135, -4.209241314188391314, 8.258583222294952009 ) ) ;
#431 = EDGE_CURVE ( 'NONE', #4800, #8074, #7826, .T. ) ;
#432 = VECTOR ( 'NONE', #8348, 39.37007874015748143 ) ;
#433 = ORIENTED_EDGE ( 'NONE', *, *, #7250, .T. ) ;
#434 = EDGE_CURVE ( 'NONE', #2242, #3728, #5566, .T. ) ;
#435 = DIRECTION ( 'NONE',  ( 0.000000000000000000, 0.000000000000000000, 1.000000000000000000 ) ) ;
#436 = ORIENTED_EDGE ( 'NONE', *, *, #2619, .F. ) ;
#437 = DIRECTION ( 'NONE',  ( 0.000000000000000000, 1.000000000000000000, 0.000000000000000000 ) ) ;
#438 = EDGE_CURVE ( 'NONE', #3893, #8363, #6694, .T. ) ;
#439 = ORIENTED_EDGE ( 'NONE', *, *, #6155, .T. ) ;
#440 = CARTESIAN_POINT ( 'NONE',  ( -62.17522999999999911, -1.930537037140300782, 7.857046014671676737 ) ) ;
#441 = CARTESIAN_POINT ( 'NONE',  ( -61.92523000000000621, -5.958149606299221190, 7.424033312779459770 ) ) ;
#442 = EDGE_CURVE ( 'NONE', #7126, #8316, #2640, .T. ) ;
#443 = VECTOR ( 'NONE', #7135, 39.37007874015748143 ) ;
#444 = EDGE_CURVE ( 'NONE', #2766, #5967, #6615, .T. ) ;
#445 = CARTESIAN_POINT ( 'NONE',  ( -62.30463952255126969, -1.481336058263770905, 8.340008927816210615 ) ) ;
#446 = ORIENTED_EDGE ( 'NONE', *, *, #7520, .T. ) ;
#447 = CARTESIAN_POINT ( 'NONE',  ( -62.17522999999999911, -0.3996062992126024893, 7.857046014671676737 ) ) ;
#448 = VERTEX_POINT ( 'NONE', #4390 ) ;
#449 = FACE_OUTER_BOUND ( 'NONE', #5337, .T. ) ;
#450 = ORIENTED_EDGE ( 'NONE', *, *, #5570, .T. ) ;
#451 = CARTESIAN_POINT ( 'NONE',  ( -62.95467146662044655, -4.208428976412160516, 8.403343910816142071 ) ) ;
#452 = B_SPLINE_CURVE_WITH_KNOTS ( 'NONE', 3,
 ( #7665, #8245, #5639, #6922 ),
 .UNSPECIFIED., .F., .F.,
 ( 4, 4 ),
 ( 2.372388754720833095E-06, 0.005608136317061055906 ),
 .UNSPECIFIED. ) ;
#453 = CARTESIAN_POINT ( 'NONE',  ( -62.17522999999999911, -2.135639365734934625, 7.857046014671676737 ) ) ;
#454 = CIRCLE ( 'NONE', #3811, 0.3937007874015751585 ) ;
#455 = CARTESIAN_POINT ( 'NONE',  ( -61.14024523044867721, -4.245277145002613217, 7.633027055908473635 ) ) ;
#456 = CARTESIAN_POINT ( 'NONE',  ( -61.36366642036273333, -4.040557310749494313, 8.576253704980047132 ) ) ;
#457 = VECTOR ( 'NONE', #7033, 39.37007874015748854 ) ;
#458 = AXIS2_PLACEMENT_3D ( 'NONE', #3209, #1235, #491 ) ;
#459 = VERTEX_POINT ( 'NONE', #4530 ) ;
#460 = CARTESIAN_POINT ( 'NONE',  ( -62.11846848457864212, -1.403543307086619674, 7.318691492574958879 ) ) ;
#461 = VERTEX_POINT ( 'NONE', #7869 ) ;
#462 = CARTESIAN_POINT ( 'NONE',  ( -62.65819291314453920, -5.958149606299221190, 7.986455537222931333 ) ) ;
#463 = FACE_OUTER_BOUND ( 'NONE', #961, .T. ) ;
#464 = ORIENTED_EDGE ( 'NONE', *, *, #1944, .F. ) ;
#465 = CARTESIAN_POINT ( 'NONE',  ( -62.17523000002436362, -5.958110236220480971, 7.857046014726967620 ) ) ;
#466 = CARTESIAN_POINT ( 'NONE',  ( -61.18179605348937855, -4.061328974545291182, 7.347767037070898510 ) ) ;
#467 = EDGE_CURVE ( 'NONE', #3023, #5938, #1925, .T. ) ;
#468 = CARTESIAN_POINT ( 'NONE',  ( -61.56301770909023219, -4.260912722250880691, 7.544202196578479125 ) ) ;
#469 = CARTESIAN_POINT ( 'NONE',  ( -62.17522999999999911, -0.5639763779527527943, 7.857046014671676737 ) ) ;
#470 = VERTEX_POINT ( 'NONE', #4571 ) ;
#471 = DIRECTION ( 'NONE',  ( 0.000000000000000000, 0.000000000000000000, 1.000000000000000000 ) ) ;
#472 = VERTEX_POINT ( 'NONE', #7072 ) ;
#473 = CARTESIAN_POINT ( 'NONE',  ( -61.03156856837886579, -4.278729374383829942, 8.399959134444111797 ) ) ;
#474 = AXIS2_PLACEMENT_3D ( 'NONE', #3330, #5989, #7931 ) ;
#475 = AXIS2_PLACEMENT_3D ( 'NONE', #5267, #6802, #2073 ) ;
#476 = CARTESIAN_POINT ( 'NONE',  ( -62.13919451266762195, -4.404960629921268911, 6.767666871665952932 ) ) ;
#477 = CARTESIAN_POINT ( 'NONE',  ( -62.06336904848809155, -5.958149606299221190, 8.344372524854378526 ) ) ;
#478 = DIRECTION ( 'NONE',  ( 1.716930969985332461E-16, 1.000000000000000000, -9.912705577010157916E-17 ) ) ;
#479 = DIRECTION ( 'NONE',  ( 0.000000000000000000, 1.000000000000000000, 0.000000000000000000 ) ) ;
#480 = ORIENTED_EDGE ( 'NONE', *, *, #2207, .T. ) ;
#481 = CARTESIAN_POINT ( 'NONE',  ( -62.19331000000000387, -0.3996062992126024893, 7.357373007996311998 ) ) ;
#482 = ORIENTED_EDGE ( 'NONE', *, *, #3623, .T. ) ;
#483 = CARTESIAN_POINT ( 'NONE',  ( -62.17522999999999911, -1.966043196441233709, 7.857046014671676737 ) ) ;
#484 = ORIENTED_EDGE ( 'NONE', *, *, #3807, .T. ) ;
#485 = CARTESIAN_POINT ( 'NONE',  ( -63.03233604439287774, 57.93121849778213317, 6.925335032328999496 ) ) ;
#486 = EDGE_CURVE ( 'NONE', #5143, #2412, #3067, .T. ) ;
#487 = FACE_OUTER_BOUND ( 'NONE', #6731, .T. ) ;
#488 = ADVANCED_FACE ( 'NONE', ( #7731 ), #5154, .T. ) ;
#489 = LINE ( 'NONE', #1185, #509 ) ;
#490 = ORIENTED_EDGE ( 'NONE', *, *, #8202, .T. ) ;
#491 = DIRECTION ( 'NONE',  ( 0.000000000000000000, 0.000000000000000000, 1.000000000000000000 ) ) ;
#492 = ORIENTED_EDGE ( 'NONE', *, *, #8229, .T. ) ;
#493 = CARTESIAN_POINT ( 'NONE',  ( -61.69226708685546612, -5.958149606299221190, 7.986455537222940215 ) ) ;
#494 = AXIS2_PLACEMENT_3D ( 'NONE', #2, #715, #669 ) ;
#495 = ORIENTED_EDGE ( 'NONE', *, *, #660, .T. ) ;
#496 = FACE_OUTER_BOUND ( 'NONE', #6836, .T. ) ;
#497 = LINE ( 'NONE', #1815, #1663 ) ;
#498 = CARTESIAN_POINT ( 'NONE',  ( -62.17522999999999911, -0.4192913385826831929, 7.857046014671676737 ) ) ;
#499 = CARTESIAN_POINT ( 'NONE',  ( -62.02844117060946161, -0.3996062992126024893, 7.379078401159887335 ) ) ;
#500 = VECTOR ( 'NONE', #6888, 39.37007874015748143 ) ;
#501 = ADVANCED_FACE ( 'NONE', ( #6456, #2427 ), #556, .F. ) ;
#502 = EDGE_CURVE ( 'NONE', #535, #5972, #1069, .T. ) ;
#503 = CIRCLE ( 'NONE', #4404, 0.5216535433070783601 ) ;
#504 = EDGE_LOOP ( 'NONE', ( #2132, #6380, #3443, #4264 ) ) ;
#505 = LINE ( 'NONE', #1869, #1523 ) ;
#506 = ORIENTED_EDGE ( 'NONE', *, *, #3000, .T. ) ;
#507 = DIRECTION ( 'NONE',  ( -0.000000000000000000, 1.000000000000000000, -0.000000000000000000 ) ) ;
#508 = CARTESIAN_POINT ( 'NONE',  ( -62.17522999999999911, -0.3996062992126024893, 7.857046014671676737 ) ) ;
#509 = VECTOR ( 'NONE', #5212, 39.37007874015748854 ) ;
#510 = VERTEX_POINT ( 'NONE', #5090 ) ;
#511 = CARTESIAN_POINT ( 'NONE',  ( -63.13914609356205432, -4.002870303309150835, 8.104187513396798437 ) ) ;
#512 = CARTESIAN_POINT ( 'NONE',  ( -62.26757863842286156, -4.248418163752451626, 6.797872034482777437 ) ) ;
#513 = CARTESIAN_POINT ( 'NONE',  ( -61.57768263832986833, -4.236372183784599343, 7.587061040588444882 ) ) ;
#514 = DIRECTION ( 'NONE',  ( 0.000000000000000000, -1.000000000000000000, 0.000000000000000000 ) ) ;
#515 = ORIENTED_EDGE ( 'NONE', *, *, #1617, .F. ) ;
#516 = CARTESIAN_POINT ( 'NONE',  ( -62.17522999999999911, -1.403543307086619674, 7.857046014671676737 ) ) ;
#517 = ORIENTED_EDGE ( 'NONE', *, *, #8159, .T. ) ;
#518 = CARTESIAN_POINT ( 'NONE',  ( -62.99291942840932990, -4.353926247831473972, 7.144075543848131815 ) ) ;
#519 = LINE ( 'NONE', #3192, #4231 ) ;
#520 = EDGE_CURVE ( 'NONE', #6510, #4820, #8243, .T. ) ;
#521 = CARTESIAN_POINT ( 'NONE',  ( -62.87598376470478456, -4.221082593646188208, 7.121768867178483120 ) ) ;
#522 = LOCAL_TIME ( 17, 57, 41.00000000000000000, #3258 ) ;
#523 = DIRECTION ( 'NONE',  ( 0.000000000000000000, 0.000000000000000000, 1.000000000000000000 ) ) ;
#524 = CARTESIAN_POINT ( 'NONE',  ( -61.68790348981730176, -0.3996062992126024893, 7.745185063159765626 ) ) ;
#525 = CARTESIAN_POINT ( 'NONE',  ( -61.53964092859187218, 57.93121849778213317, 6.757897875738163584 ) ) ;
#526 = EDGE_LOOP ( 'NONE', ( #7621, #329, #3891, #2562 ) ) ;
#527 = DIRECTION ( 'NONE',  ( 0.000000000000000000, 0.000000000000000000, -1.000000000000000000 ) ) ;
#528 = EDGE_CURVE ( 'NONE', #5783, #617, #691, .T. ) ;
#529 = ORIENTED_EDGE ( 'NONE', *, *, #5106, .T. ) ;
#530 = AXIS2_PLACEMENT_3D ( 'NONE', #6392, #5776, #1760 ) ;
#531 = DIRECTION ( 'NONE',  ( 0.000000000000000000, 0.000000000000000000, 1.000000000000000000 ) ) ;
#532 = AXIS2_PLACEMENT_3D ( 'NONE', #7146, #3248, #1929 ) ;
#533 = DIRECTION ( 'NONE',  ( 0.000000000000000000, 1.000000000000000000, 0.000000000000000000 ) ) ;
#534 = AXIS2_PLACEMENT_3D ( 'NONE', #5404, #2040, #1427 ) ;
#535 = VERTEX_POINT ( 'NONE', #2475 ) ;
#536 = FACE_OUTER_BOUND ( 'NONE', #1568, .T. ) ;
#537 = VERTEX_POINT ( 'NONE', #5136 ) ;
#538 = CARTESIAN_POINT ( 'NONE',  ( -62.17522999999999911, -0.5246062992125997138, 8.093266487112622087 ) ) ;
#539 = ORIENTED_EDGE ( 'NONE', *, *, #4558, .T. ) ;
#540 = DIRECTION ( 'NONE',  ( 6.123233995736766036E-17, -1.000000000000000000, -0.000000000000000000 ) ) ;
#541 = DIRECTION ( 'NONE',  ( 6.123233995736766036E-17, -1.000000000000000000, 0.000000000000000000 ) ) ;
#542 = VECTOR ( 'NONE', #3327, 39.37007874015748143 ) ;
#543 = AXIS2_PLACEMENT_3D ( 'NONE', #112, #294, #1554 ) ;
#544 = PLANE ( 'NONE',  #2045 ) ;
#545 = EDGE_LOOP ( 'NONE', ( #1395, #549, #282, #761 ) ) ;
#546 = FACE_OUTER_BOUND ( 'NONE', #122, .T. ) ;
#547 = ADVANCED_FACE ( 'NONE', ( #7829 ), #1827, .T. ) ;
#548 = B_SPLINE_CURVE_WITH_KNOTS ( 'NONE', 3,
 ( #749, #2626, #6079, #621 ),
 .UNSPECIFIED., .F., .F.,
 ( 4, 4 ),
 ( 2.372388754647243719E-06, 0.005608136317045254310 ),
 .UNSPECIFIED. ) ;
#549 = ORIENTED_EDGE ( 'NONE', *, *, #4450, .F. ) ;
#550 = DIRECTION ( 'NONE',  ( -0.5000000000000234257, 0.000000000000000000, -0.8660254037844250519 ) ) ;
#551 = EDGE_CURVE ( 'NONE', #1420, #6372, #1524, .T. ) ;
#552 = VECTOR ( 'NONE', #4854, 39.37007874015748143 ) ;
#553 = ORIENTED_EDGE ( 'NONE', *, *, #3003, .T. ) ;
#554 = CARTESIAN_POINT ( 'NONE',  ( -61.02240466026995591, -4.185417753739336000, 7.433879947792019216 ) ) ;
#555 = ORIENTED_EDGE ( 'NONE', *, *, #128, .F. ) ;
#556 = PLANE ( 'NONE',  #2919 ) ;
#557 = CIRCLE ( 'NONE', #6999, 0.1620000001939033707 ) ;
#558 = CARTESIAN_POINT ( 'NONE',  ( -61.95520965326386431, -0.4192913385826831929, 7.362436564583002330 ) ) ;
#559 = EDGE_CURVE ( 'NONE', #769, #8082, #1460, .T. ) ;
#560 = B_SPLINE_CURVE_WITH_KNOTS ( 'NONE', 3,
 ( #2061, #3, #1450, #7333 ),
 .UNSPECIFIED., .F., .F.,
 ( 4, 4 ),
 ( 2.372388754634002900E-06, 0.005608136317045254310 ),
 .UNSPECIFIED. ) ;
#561 = DIRECTION ( 'NONE',  ( -1.000000000000000000, 0.000000000000000000, 0.000000000000000000 ) ) ;
#562 = EDGE_CURVE ( 'NONE', #5373, #6343, #4458, .T. ) ;
#563 = CARTESIAN_POINT ( 'NONE',  ( -61.88292179191856945, -1.336377492739991846, 7.426171716919043320 ) ) ;
#564 = ORIENTED_EDGE ( 'NONE', *, *, #5770, .T. ) ;
#565 = CARTESIAN_POINT ( 'NONE',  ( -62.32201882939053661, -5.958149606299221190, 7.379078401159886447 ) ) ;
#566 = EDGE_CURVE ( 'NONE', #3603, #7137, #45, .T. ) ;
#567 = EDGE_LOOP ( 'NONE', ( #7394, #6436, #2924, #1516 ) ) ;
#568 = CARTESIAN_POINT ( 'NONE',  ( -62.04100281543085060, -4.276693375088070681, 7.167317273147955525 ) ) ;
#569 = ADVANCED_FACE ( 'NONE', ( #62 ), #1592, .T. ) ;
#570 = DIRECTION ( 'NONE',  ( 0.7197777434736307711, 0.000000000000000000, -0.6942045807973382665 ) ) ;
#571 = DIRECTION ( 'NONE',  ( 0.000000000000000000, 0.000000000000000000, -1.000000000000000000 ) ) ;
#572 = LINE ( 'NONE', #7844, #579 ) ;
#573 = CARTESIAN_POINT ( 'NONE',  ( -61.14537988125420043, -4.391217077535769064, 8.345931208323216666 ) ) ;
#574 = ORIENTED_EDGE ( 'NONE', *, *, #2792, .F. ) ;
#575 = CARTESIAN_POINT ( 'NONE',  ( -61.73346048263378805, -0.3996062992126024893, 8.091224778708927090 ) ) ;
#576 = ORIENTED_EDGE ( 'NONE', *, *, #2256, .F. ) ;
#577 = DIRECTION ( 'NONE',  ( 0.000000000000000000, 1.000000000000000000, 0.000000000000000000 ) ) ;
#578 = ORIENTED_EDGE ( 'NONE', *, *, #948, .F. ) ;
#579 = VECTOR ( 'NONE', #429, 39.37007874015748143 ) ;
#580 = EDGE_CURVE ( 'NONE', #2583, #8082, #5357, .T. ) ;
#581 = DIRECTION ( 'NONE',  ( 6.123233995736766036E-17, -1.000000000000000000, -0.000000000000000000 ) ) ;
#582 = DIRECTION ( 'NONE',  ( 0.000000000000000000, -1.000000000000000000, 0.000000000000000000 ) ) ;
#583 = ADVANCED_FACE ( 'NONE', ( #6012 ), #3437, .T. ) ;
#584 = CARTESIAN_POINT ( 'NONE',  ( -61.82167660940673670, -0.3996062992126024893, 8.210599405264959572 ) ) ;
#585 = AXIS2_PLACEMENT_3D ( 'NONE', #2160, #2246, #4831 ) ;
#586 = CARTESIAN_POINT ( 'NONE',  ( -62.46749986408380551, 57.93121849778213317, 8.790353212545978678 ) ) ;
#587 = ORIENTED_EDGE ( 'NONE', *, *, #2308, .F. ) ;
#588 = CARTESIAN_POINT ( 'NONE',  ( -62.49497872473346405, -4.234120806495668354, 8.848551390964862762 ) ) ;
#589 = ORIENTED_EDGE ( 'NONE', *, *, #7009, .F. ) ;
#590 = CARTESIAN_POINT ( 'NONE',  ( -63.06028507449696718, -4.248407087467036547, 8.382548722159594234 ) ) ;
#591 = FACE_OUTER_BOUND ( 'NONE', #2416, .T. ) ;
#592 = PERSON_AND_ORGANIZATION_ROLE ( 'classification_officer' ) ;
#593 = ORIENTED_EDGE ( 'NONE', *, *, #5310, .F. ) ;
#594 = CARTESIAN_POINT ( 'NONE',  ( -62.17522999999999911, -1.966043196441233709, 7.857046014671676737 ) ) ;
#595 = LINE ( 'NONE', #3349, #2213 ) ;
#596 = ORIENTED_EDGE ( 'NONE', *, *, #2502, .T. ) ;
#597 = CARTESIAN_POINT ( 'NONE',  ( -61.06891177661058379, -4.139992593938568888, 7.398031795560407353 ) ) ;
#598 = EDGE_CURVE ( 'NONE', #8242, #284, #806, .T. ) ;
#599 = CARTESIAN_POINT ( 'NONE',  ( -62.31625917134148551, -1.482582146657627886, 7.377422914091087414 ) ) ;
#600 = LINE ( 'NONE', #4698, #927 ) ;
#601 = CARTESIAN_POINT ( 'NONE',  ( -62.30463952255126259, -5.958149606299221190, 7.374083101527142858 ) ) ;
#602 = EDGE_CURVE ( 'NONE', #6343, #3893, #3006, .T. ) ;
#603 = VECTOR ( 'NONE', #4359, 39.37007874015748143 ) ;
#604 = CARTESIAN_POINT ( 'NONE',  ( -62.47281482132223118, -4.208110236220480971, 8.752017775881929751 ) ) ;
#605 = VERTEX_POINT ( 'NONE', #7303 ) ;
#606 = CARTESIAN_POINT ( 'NONE',  ( -61.38020213269656011, 57.93121849778213317, 7.946100437918881987 ) ) ;
#607 = ORIENTED_EDGE ( 'NONE', *, *, #1212, .F. ) ;
#608 = LINE ( 'NONE', #2742, #3043 ) ;
#609 = DIRECTION ( 'NONE',  ( -0.9610876741308375104, 0.000000000000000000, -0.2762435205281329464 ) ) ;
#610 = DIRECTION ( 'NONE',  ( -0.000000000000000000, 1.000000000000000000, 1.982541115402063384E-16 ) ) ;
#611 = CARTESIAN_POINT ( 'NONE',  ( -62.71358452209671697, -0.4192913385826831929, 7.913807530093039944 ) ) ;
#612 = CARTESIAN_POINT ( 'NONE',  ( -61.54113432504234993, 57.93121849778213317, 8.957056366383074675 ) ) ;
#613 = DIRECTION ( 'NONE',  ( 0.000000000000000000, 0.000000000000000000, -1.000000000000000000 ) ) ;
#614 = VECTOR ( 'NONE', #3974, 39.37007874015748143 ) ;
#615 = ORIENTED_EDGE ( 'NONE', *, *, #2014, .F. ) ;
#616 = PLANE ( 'NONE',  #813 ) ;
#617 = VERTEX_POINT ( 'NONE', #3961 ) ;
#618 = CARTESIAN_POINT ( 'NONE',  ( -62.17522999999999911, -1.403543307086619674, 7.857046014671676737 ) ) ;
#619 = CYLINDRICAL_SURFACE ( 'NONE', #7249, 0.7500000000295831137 ) ;
#620 = DIRECTION ( 'NONE',  ( -0.000000000000000000, 1.000000000000000000, -0.000000000000000000 ) ) ;
#621 = CARTESIAN_POINT ( 'NONE',  ( -62.36939381702049445, -1.267487984742363905, 7.351726439298875704 ) ) ;
#622 = ORIENTED_EDGE ( 'NONE', *, *, #5504, .T. ) ;
#623 = ORIENTED_EDGE ( 'NONE', *, *, #948, .T. ) ;
#624 = DIRECTION ( 'NONE',  ( 0.000000000000000000, 1.000000000000000000, 0.000000000000000000 ) ) ;
#625 = CARTESIAN_POINT ( 'NONE',  ( -62.77924692678693930, -4.236372183803976732, 8.112228865667404420 ) ) ;
#626 = CARTESIAN_POINT ( 'NONE',  ( -61.83469231920783926, -5.958149606299221190, 7.490939352671798446 ) ) ;
#627 = CARTESIAN_POINT ( 'NONE',  ( -62.52633764648162895, -4.208110236220480971, 7.429614257322805670 ) ) ;
#628 = VERTEX_POINT ( 'NONE', #8127 ) ;
#629 = DIRECTION ( 'NONE',  ( 0.000000000000000000, -1.000000000000000000, 0.000000000000000000 ) ) ;
#630 = CARTESIAN_POINT ( 'NONE',  ( -62.17522999999999911, -0.3996062992126024893, 7.357046014671677625 ) ) ;
#631 = ORIENTED_EDGE ( 'NONE', *, *, #1814, .T. ) ;
#632 = CARTESIAN_POINT ( 'NONE',  ( -61.82167660940673670, -0.3996062992126024893, 7.503492624078405449 ) ) ;
#633 = ORIENTED_EDGE ( 'NONE', *, *, #681, .F. ) ;
#634 = CARTESIAN_POINT ( 'NONE',  ( -61.69726238648821237, -1.481336058263765798, 7.710257185281149894 ) ) ;
#635 = VECTOR ( 'NONE', #3592, 39.37007874015748854 ) ;
#636 = DIRECTION ( 'NONE',  ( 0.000000000000000000, 1.000000000000000000, 0.000000000000000000 ) ) ;
#637 = VERTEX_POINT ( 'NONE', #2780 ) ;
#638 = DIRECTION ( 'NONE',  ( 0.000000000000000000, 1.000000000000000000, 0.000000000000000000 ) ) ;
#639 = AXIS2_PLACEMENT_3D ( 'NONE', #8681, #4595, #6696 ) ;
#640 = CARTESIAN_POINT ( 'NONE',  ( -62.52447219383211063, -1.482581474689069312, 7.499334600900471770 ) ) ;
#641 = ORIENTED_EDGE ( 'NONE', *, *, #6364, .T. ) ;
#642 = DIRECTION ( 'NONE',  ( 0.000000000000000000, 0.000000000000000000, 1.000000000000000000 ) ) ;
#643 = ORIENTED_EDGE ( 'NONE', *, *, #1885, .F. ) ;
#644 = CARTESIAN_POINT ( 'NONE',  ( -61.92523000000000621, -5.958149606299221190, 7.424033312779459770 ) ) ;
#645 = CARTESIAN_POINT ( 'NONE',  ( -62.26676806215592563, -4.404960629921268911, 6.720727052852277339 ) ) ;
#646 = CARTESIAN_POINT ( 'NONE',  ( -61.64209841113292043, -4.301441982533289021, 8.342121014562970061 ) ) ;
#647 = CIRCLE ( 'NONE', #1340, 0.5216535433070783601 ) ;
#648 = CARTESIAN_POINT ( 'NONE',  ( -62.70993149781266141, -0.4192913385826831929, 7.941555004322567335 ) ) ;
#649 = AXIS2_PLACEMENT_3D ( 'NONE', #3902, #2544, #4555 ) ;
#650 = CARTESIAN_POINT ( 'NONE',  ( -61.31625275041460554, -4.208110236220481859, 8.246519074417223649 ) ) ;
#651 = CARTESIAN_POINT ( 'NONE',  ( -61.22082732489887746, -5.958110236220478306, 7.643505543097480981 ) ) ;
#652 = EDGE_LOOP ( 'NONE', ( #1092, #5895, #1879, #8375 ) ) ;
#653 = CARTESIAN_POINT ( 'NONE',  ( -62.17522999999999911, -0.5246062992125997138, 7.679880660340970167 ) ) ;
#654 = ORIENTED_EDGE ( 'NONE', *, *, #5057, .F. ) ;
#655 = EDGE_CURVE ( 'NONE', #950, #7736, #7387, .T. ) ;
#656 = VECTOR ( 'NONE', #7223, 39.37007874015748143 ) ;
#657 = DIRECTION ( 'NONE',  ( 0.000000000000000000, 0.000000000000000000, -1.000000000000000000 ) ) ;
#658 = LINE ( 'NONE', #5375, #6815 ) ;
#659 = ADVANCED_FACE ( 'NONE', ( #2645 ), #2116, .F. ) ;
#660 = EDGE_CURVE ( 'NONE', #3728, #7525, #6983, .T. ) ;
#661 = DIRECTION ( 'NONE',  ( 3.016455010302359939E-13, 0.000000000000000000, -1.000000000000000000 ) ) ;
#662 = CARTESIAN_POINT ( 'NONE',  ( -62.65819291314453920, -0.3996062992126024893, 7.727636492120407041 ) ) ;
#663 = ORIENTED_EDGE ( 'NONE', *, *, #4662, .T. ) ;
#664 = VECTOR ( 'NONE', #3822, 39.37007874015748143 ) ;
#665 = CIRCLE ( 'NONE', #8361, 0.5216535433070783601 ) ;
#666 = ADVANCED_FACE ( 'NONE', ( #5481 ), #8449, .T. ) ;
#667 = B_SPLINE_CURVE_WITH_KNOTS ( 'NONE', 3,
 ( #1486, #2311, #6960, #181, #8190, #6872, #1660, #2226, #2883, #4896, #5506, #2144, #4853, #314, #4153, #4942, #2179, #7536, #1535, #7618 ),
 .UNSPECIFIED., .F., .F.,
 ( 4, 2, 2, 2, 2, 2, 2, 2, 2, 4 ),
 ( 0.000000000000000000, 0.0009785872799624487865, 0.001957174559924897573, 0.002935761839887346576, 0.003914349119849795146, 0.004892936399812243715, 0.005871523679774693152, 0.006850110959737141722, 0.007339404599718361670, 0.007828698239699581618 ),
 .UNSPECIFIED. ) ;
#668 = CARTESIAN_POINT ( 'NONE',  ( -62.17522999999999911, -1.267487984742363905, 7.857046014671676737 ) ) ;
#669 = DIRECTION ( 'NONE',  ( 1.000000000000000000, 0.000000000000000000, 0.000000000000000000 ) ) ;
#670 = ADVANCED_FACE ( 'NONE', ( #1679 ), #5565, .F. ) ;
#671 = CARTESIAN_POINT ( 'NONE',  ( -62.44923688986545329, -4.289459419004443497, 8.928122587329673010 ) ) ;
#672 = CALENDAR_DATE ( 2025, 8, 12 ) ;
#673 = VERTEX_POINT ( 'NONE', #8256 ) ;
#674 = DIRECTION ( 'NONE',  ( 0.9704481013254734334, 0.000000000000000000, -0.2413099306572019376 ) ) ;
#675 = AXIS2_PLACEMENT_3D ( 'NONE', #1530, #3667, #4191 ) ;
#676 = CARTESIAN_POINT ( 'NONE',  ( -62.61699951736621728, -1.481336058263765798, 8.091224778708935972 ) ) ;
#677 = AXIS2_PLACEMENT_3D ( 'NONE', #6246, #8272, #4276 ) ;
#678 = AXIS2_PLACEMENT_3D ( 'NONE', #7118, #7168, #5701 ) ;
#679 = ORIENTED_EDGE ( 'NONE', *, *, #3646, .T. ) ;
#680 = CARTESIAN_POINT ( 'NONE',  ( -61.99583571742499544, -0.4061132758059456949, 8.353838395356580904 ) ) ;
#681 = EDGE_CURVE ( 'NONE', #2653, #6943, #6662, .T. ) ;
#682 = VERTEX_POINT ( 'NONE', #7550 ) ;
#683 = CARTESIAN_POINT ( 'NONE',  ( -63.02765951417372037, -4.234120806495893952, 8.455950081877743330 ) ) ;
#684 = DIRECTION ( 'NONE',  ( 1.000000000000000000, 0.000000000000000000, 0.000000000000000000 ) ) ;
#685 = VERTEX_POINT ( 'NONE', #6845 ) ;
#686 = DIRECTION ( 'NONE',  ( -0.000000000000000000, 1.000000000000000000, 1.982541115402063384E-16 ) ) ;
#687 = EDGE_CURVE ( 'NONE', #5129, #6788, #8166, .T. ) ;
#688 = CIRCLE ( 'NONE', #3342, 0.5413385826771592857 ) ;
#689 = VECTOR ( 'NONE', #2554, 39.37007874015748143 ) ;
#690 = CARTESIAN_POINT ( 'NONE',  ( -62.38383591903825476, -4.353925381920446647, 8.921670870099791983 ) ) ;
#691 = CIRCLE ( 'NONE', #4874, 1.139999999845861867 ) ;
#692 = ORIENTED_EDGE ( 'NONE', *, *, #309, .T. ) ;
#693 = LINE ( 'NONE', #8625, #7961 ) ;
#694 = ORIENTED_EDGE ( 'NONE', *, *, #3757, .F. ) ;
#695 = CARTESIAN_POINT ( 'NONE',  ( -62.40188754269590277, -0.3996062992126024893, 8.326885112218789686 ) ) ;
#696 = CARTESIAN_POINT ( 'NONE',  ( -62.26676806247456852, -4.391217077537690194, 6.720727052877946583 ) ) ;
#697 = DIRECTION ( 'NONE',  ( 1.000000000000000000, 0.000000000000000000, 1.734506662798377867E-14 ) ) ;
#698 = CARTESIAN_POINT ( 'NONE',  ( -61.68062054991133891, -1.403543307086619674, 8.077066361407839068 ) ) ;
#699 = DIRECTION ( 'NONE',  ( -0.000000000000000000, 1.000000000000000000, -0.000000000000000000 ) ) ;
#700 = CARTESIAN_POINT ( 'NONE',  ( -62.15546911441325051, -4.306287381549610771, 6.788212352748587364 ) ) ;
#701 = ORIENTED_EDGE ( 'NONE', *, *, #6512, .T. ) ;
#702 = DIRECTION ( 'NONE',  ( -0.000000000000000000, 1.000000000000000000, -0.000000000000000000 ) ) ;
#703 = ORIENTED_EDGE ( 'NONE', *, *, #4775, .F. ) ;
#704 = AXIS2_PLACEMENT_3D ( 'NONE', #2450, #7194, #397 ) ;
#705 = CARTESIAN_POINT ( 'NONE',  ( -61.65529803663281427, -0.4061132758059465830, 7.764009830332872397 ) ) ;
#706 = ADVANCED_FACE ( 'NONE', ( #7593 ), #195, .F. ) ;
#707 = CARTESIAN_POINT ( 'NONE',  ( -62.19331000000000387, -1.481336058263765798, 8.356719021347041476 ) ) ;
#708 = EDGE_CURVE ( 'NONE', #8645, #3212, #722, .T. ) ;
#709 = CARTESIAN_POINT ( 'NONE',  ( -62.59891951736621252, -0.3996062992126024893, 7.591551772033561463 ) ) ;
#710 = DIRECTION ( 'NONE',  ( 0.000000000000000000, 0.000000000000000000, -1.000000000000000000 ) ) ;
#711 = EDGE_LOOP ( 'NONE', ( #5266, #7300, #796 ) ) ;
#712 = ORIENTED_EDGE ( 'NONE', *, *, #5323, .F. ) ;
#713 = EDGE_CURVE ( 'NONE', #6928, #3642, #4214, .T. ) ;
#714 = ORIENTED_EDGE ( 'NONE', *, *, #2033, .T. ) ;
#715 = DIRECTION ( 'NONE',  ( 6.123233995736766036E-17, -1.000000000000000000, 0.000000000000000000 ) ) ;
#716 = FACE_OUTER_BOUND ( 'NONE', #1806, .T. ) ;
#717 = ADVANCED_FACE ( 'NONE', ( #2324 ), #2985, .F. ) ;
#718 = ORIENTED_EDGE ( 'NONE', *, *, #4940, .T. ) ;
#719 = DIRECTION ( 'NONE',  ( -1.982541115402063138E-16, 1.000000000000000000, -6.922005307915555351E-31 ) ) ;
#720 = VECTOR ( 'NONE', #7777, 39.37007874015748143 ) ;
#721 = ORIENTED_EDGE ( 'NONE', *, *, #5675, .T. ) ;
#722 = B_SPLINE_CURVE_WITH_KNOTS ( 'NONE', 3,
 ( #7021, #900, #855, #7505, #288, #1633, #1507, #2288, #4257, #6183, #7634, #4301, #5605, #4171, #6275, #8298, #2194, #2858, #1596, #1547, #8212, #6978 ),
 .UNSPECIFIED., .F., .F.,
 ( 4, 2, 2, 2, 2, 2, 2, 2, 2, 2, 4 ),
 ( -1.679737593908192287E-05, 0.002622640431821142079, 0.003942359335700926573, 0.005262078239580711934, 0.005921937691520595508, 0.006581797143460478214, 0.007241656595400361787, 0.007901516047340245361, 0.008561375499280128934, 0.009221234951220012507, 0.01054095385509977272 ),
 .UNSPECIFIED. ) ;
#723 = CARTESIAN_POINT ( 'NONE',  ( -61.73738206533268880, -1.267487984742363905, 7.538711839311114105 ) ) ;
#724 = AXIS2_PLACEMENT_3D ( 'NONE', #2119, #1463, #4877 ) ;
#725 = VERTEX_POINT ( 'NONE', #4994 ) ;
#726 = CARTESIAN_POINT ( 'NONE',  ( -62.96988463277376979, -4.210651033485801165, 8.422549324096376466 ) ) ;
#727 = FACE_OUTER_BOUND ( 'NONE', #4564, .T. ) ;
#728 = ORIENTED_EDGE ( 'NONE', *, *, #3545, .T. ) ;
#729 = CARTESIAN_POINT ( 'NONE',  ( -62.28709095151190667, -5.958149606299221190, 7.369719504488977613 ) ) ;
#730 = LINE ( 'NONE', #1254, #5205 ) ;
#731 = EDGE_LOOP ( 'NONE', ( #6827, #7930, #8149, #2738 ) ) ;
#732 = CARTESIAN_POINT ( 'NONE',  ( -62.64381348280955564, -1.336377492739990291, 8.084039998322516851 ) ) ;
#733 = EDGE_LOOP ( 'NONE', ( #7906, #1757, #564, #6018 ) ) ;
#734 = CARTESIAN_POINT ( 'NONE',  ( -62.04582047744874274, -0.3996062992126024893, 8.340008927816212392 ) ) ;
#735 = ADVANCED_FACE ( 'NONE', ( #8339 ), #7679, .T. ) ;
#736 = CARTESIAN_POINT ( 'NONE',  ( -62.20546787012627021, -4.289459419054441724, 6.751889703546642529 ) ) ;
#737 = CARTESIAN_POINT ( 'NONE',  ( -62.64506909754710762, -0.3996062992126024893, 8.083703557367586612 ) ) ;
#738 = DIRECTION ( 'NONE',  ( 0.000000000000000000, 1.000000000000000000, 0.000000000000000000 ) ) ;
#739 = TOROIDAL_SURFACE ( 'NONE', #3257, 0.3071496062823685924, 0.1968503937007874127 ) ;
#740 = PLANE ( 'NONE',  #4125 ) ;
#741 = CARTESIAN_POINT ( 'NONE',  ( -62.66983945008866641, -1.403543307086619674, 8.077066361407830186 ) ) ;
#742 = ORIENTED_EDGE ( 'NONE', *, *, #7422, .F. ) ;
#743 = CARTESIAN_POINT ( 'NONE',  ( -63.11354205651502269, -5.958110236220480971, 8.504479782737170979 ) ) ;
#744 = AXIS2_PLACEMENT_3D ( 'NONE', #4076, #2808, #710 ) ;
#745 = ORIENTED_EDGE ( 'NONE', *, *, #179, .T. ) ;
#746 = DIRECTION ( 'NONE',  ( 0.000000000000000000, -1.000000000000000000, 0.000000000000000000 ) ) ;
#747 = CARTESIAN_POINT ( 'NONE',  ( -62.17522999999999911, -4.208110236220480971, 7.416101132781918182 ) ) ;
#748 = DIRECTION ( 'NONE',  ( 0.000000000000000000, -1.000000000000000000, 0.000000000000000000 ) ) ;
#749 = CARTESIAN_POINT ( 'NONE',  ( -62.32201882939052240, -1.481336058263765798, 7.379078401159882006 ) ) ;
#750 = ORIENTED_EDGE ( 'NONE', *, *, #1392, .T. ) ;
#751 = EDGE_LOOP ( 'NONE', ( #3641, #3079, #8094, #1111, #5053, #5393, #5180, #4632, #4720, #5363, #8328, #2080 ) ) ;
#752 = EDGE_CURVE ( 'NONE', #3216, #6283, #8350, .T. ) ;
#753 = ADVANCED_FACE ( 'NONE', ( #5690 ), #5772, .F. ) ;
#754 = ORIENTED_EDGE ( 'NONE', *, *, #955, .T. ) ;
#755 = CARTESIAN_POINT ( 'NONE',  ( -62.88306801240574373, -4.337908358751302096, 8.067337017372487651 ) ) ;
#756 = VECTOR ( 'NONE', #6782, 39.37007874015748143 ) ;
#757 = CARTESIAN_POINT ( 'NONE',  ( -62.46632374884615047, -4.211974820880575621, 8.797165569873564905 ) ) ;
#758 = PERSON_AND_ORGANIZATION ( #2462, #3721 ) ;
#759 = FACE_OUTER_BOUND ( 'NONE', #7880, .T. ) ;
#760 = B_SPLINE_CURVE_WITH_KNOTS ( 'NONE', 3,
 ( #1253, #5229, #3923, #6670 ),
 .UNSPECIFIED., .F., .F.,
 ( 4, 4 ),
 ( 2.014298342675362343E-07, 0.0004597969392806086414 ),
 .UNSPECIFIED. ) ;
#761 = ORIENTED_EDGE ( 'NONE', *, *, #7842, .F. ) ;
#762 = ORIENTED_EDGE ( 'NONE', *, *, #1953, .T. ) ;
#763 = LINE ( 'NONE', #6270, #6113 ) ;
#764 = EDGE_LOOP ( 'NONE', ( #4235, #1250, #4766, #2368 ) ) ;
#765 = CARTESIAN_POINT ( 'NONE',  ( -61.82598780616790179, -1.482581474688995815, 8.214757428442888809 ) ) ;
#766 = EDGE_CURVE ( 'NONE', #3293, #6779, #7204, .T. ) ;
#767 = CARTESIAN_POINT ( 'NONE',  ( -62.17522999999999911, -0.4192913385826831929, 7.857046014671676737 ) ) ;
#768 = CARTESIAN_POINT ( 'NONE',  ( -61.88166617718101747, -0.3996062992126024893, 7.425835275964111304 ) ) ;
#769 = VERTEX_POINT ( 'NONE', #5123 ) ;
#770 = CARTESIAN_POINT ( 'NONE',  ( -62.17522999999999911, -0.3996062992126024893, 7.857046014671676737 ) ) ;
#771 = EDGE_CURVE ( 'NONE', #6206, #2096, #8032, .T. ) ;
#772 = EDGE_CURVE ( 'NONE', #148, #49, #6557, .T. ) ;
#773 = CARTESIAN_POINT ( 'NONE',  ( -63.09207104695290980, -4.027370764287127258, 7.327133835044784327 ) ) ;
#774 = ORIENTED_EDGE ( 'NONE', *, *, #5587, .T. ) ;
#775 = CARTESIAN_POINT ( 'NONE',  ( -61.24490162119839454, -4.208110236220480971, 7.656036339045430239 ) ) ;
#776 = ORIENTED_EDGE ( 'NONE', *, *, #2521, .F. ) ;
#777 = DIRECTION ( 'NONE',  ( 0.000000000000000000, -1.000000000000000000, 0.000000000000000000 ) ) ;
#778 = CARTESIAN_POINT ( 'NONE',  ( -61.67555699332463348, -5.958149606299221190, 7.875126014671685937 ) ) ;
#779 = CARTESIAN_POINT ( 'NONE',  ( -61.58068206771152830, 57.93121849778213317, 7.213725592346873050 ) ) ;
#780 = PLANE ( 'NONE',  #5024 ) ;
#781 = B_SPLINE_CURVE_WITH_KNOTS ( 'NONE', 3,
 ( #7352, #8176, #28, #2082 ),
 .UNSPECIFIED., .F., .F.,
 ( 4, 4 ),
 ( 0.000000000000000000, 0.0008211405993301521726 ),
 .UNSPECIFIED. ) ;
#782 = PLANE ( 'NONE',  #2550 ) ;
#783 = ORIENTED_EDGE ( 'NONE', *, *, #7553, .T. ) ;
#784 = CARTESIAN_POINT ( 'NONE',  ( -62.13660164116045337, -0.3996062992126024893, 7.336824649156771017 ) ) ;
#785 = ORIENTED_EDGE ( 'NONE', *, *, #1219, .T. ) ;
#787 = TOROIDAL_SURFACE ( 'NONE', #639, 1.543053438884629092, 1.046990446758644833 ) ;
#786 = DIRECTION ( 'NONE',  ( 0.9704481013254692146, 0.000000000000000000, 0.2413099306572188962 ) ) ;
#788 = CARTESIAN_POINT ( 'NONE',  ( -62.70993149781266141, -0.4192913385826831929, 7.941555004322567335 ) ) ;
#789 = CIRCLE ( 'NONE', #8341, 0.3071496062823699247 ) ;
#790 = DIRECTION ( 'NONE',  ( 0.2588190451025530470, 0.000000000000000000, 0.9659258262890595415 ) ) ;
#791 = EDGE_CURVE ( 'NONE', #1332, #6652, #7680, .T. ) ;
#792 = VERTEX_POINT ( 'NONE', #7723 ) ;
#793 = DIRECTION ( 'NONE',  ( 0.000000000000000000, 1.000000000000000000, 0.000000000000000000 ) ) ;
#794 = CARTESIAN_POINT ( 'NONE',  ( -60.93979159814919910, -5.958110236220478306, 7.580625897850288730 ) ) ;
#795 = ORIENTED_EDGE ( 'NONE', *, *, #3856, .F. ) ;
#796 = ORIENTED_EDGE ( 'NONE', *, *, #7520, .F. ) ;
#797 = CARTESIAN_POINT ( 'NONE',  ( -63.15399222125604695, -4.373008679628820339, 8.442471799378100883 ) ) ;
#798 = CARTESIAN_POINT ( 'NONE',  ( -62.25376002172995271, 57.93121849778213317, 6.594219705995071124 ) ) ;
#799 = CARTESIAN_POINT ( 'NONE',  ( -62.49163157317178729, -4.226216439430021232, 8.833611970864263085 ) ) ;
#800 = CARTESIAN_POINT ( 'NONE',  ( -61.78006357024474227, -0.3996062992126024893, 8.197583695463849907 ) ) ;
#801 = EDGE_CURVE ( 'NONE', #1686, #6776, #2077, .T. ) ;
#802 = ORIENTED_EDGE ( 'NONE', *, *, #4667, .F. ) ;
#803 = CARTESIAN_POINT ( 'NONE',  ( -61.66991042462719719, -1.267487984742363905, 7.662882197651181393 ) ) ;
#804 = ORIENTED_EDGE ( 'NONE', *, *, #6538, .T. ) ;
#805 = CARTESIAN_POINT ( 'NONE',  ( -62.49549081697114161, -4.262686658661557715, 9.077028955893354123 ) ) ;
#806 = LINE ( 'NONE', #8041, #2420 ) ;
#807 = TOROIDAL_SURFACE ( 'NONE', #675, 0.9446850393700801929, 0.3937007874015748254 ) ;
#808 = CIRCLE ( 'NONE', #5409, 0.5413385826771592857 ) ;
#809 = CARTESIAN_POINT ( 'NONE',  ( -61.06409564774362764, -4.377743985123543347, 7.608577468349184691 ) ) ;
#810 = CARTESIAN_POINT ( 'NONE',  ( -61.67533831007941103, -1.482581474689079082, 7.863034657521976278 ) ) ;
#811 = EDGE_CURVE ( 'NONE', #8385, #2632, #7833, .T. ) ;
#812 = EDGE_CURVE ( 'NONE', #5688, #8436, #2512, .T. ) ;
#814 = CARTESIAN_POINT ( 'NONE',  ( -61.74401926129243634, -0.3996062992126024893, 8.150609837490678800 ) ) ;
#813 = AXIS2_PLACEMENT_3D ( 'NONE', #8106, #1923, #6690 ) ;
#815 = AXIS2_PLACEMENT_3D ( 'NONE', #935, #2894, #5682 ) ;
#816 = EDGE_LOOP ( 'NONE', ( #8438, #2990, #1402, #7609 ) ) ;
#817 = CARTESIAN_POINT ( 'NONE',  ( -62.70756851953906619, -0.4126776965509282302, 7.806300501807958980 ) ) ;
#818 = VERTEX_POINT ( 'NONE', #2370 ) ;
#819 = CARTESIAN_POINT ( 'NONE',  ( -61.94857245730410966, -0.3996062992126024893, 8.326885112218789686 ) ) ;
#820 = EDGE_CURVE ( 'NONE', #36, #8564, #5822, .T. ) ;
#821 = CARTESIAN_POINT ( 'NONE',  ( -62.21207153806763301, -4.267983533096704640, 6.770164599743998757 ) ) ;
#822 = EDGE_CURVE ( 'NONE', #4277, #2096, #497, .T. ) ;
#823 = DIRECTION ( 'NONE',  ( 0.9998364899699182518, 0.000000000000000000, -0.01808295674478091822 ) ) ;
#824 = CARTESIAN_POINT ( 'NONE',  ( -61.98106618297929771, -1.267487984741781704, 7.351726439298763793 ) ) ;
#825 = VECTOR ( 'NONE', #437, 39.37007874015748143 ) ;
#826 = AXIS2_PLACEMENT_3D ( 'NONE', #8666, #2563, #5232 ) ;
#827 = ORIENTED_EDGE ( 'NONE', *, *, #4117, .F. ) ;
#828 = ADVANCED_FACE ( 'NONE', ( #1859 ), #3903, .F. ) ;
#829 = VERTEX_POINT ( 'NONE', #7060 ) ;
#830 = CARTESIAN_POINT ( 'NONE',  ( -62.59891951736621252, -5.958149606299221190, 7.591551772033561463 ) ) ;
#831 = VERTEX_POINT ( 'NONE', #1722 ) ;
#832 = CARTESIAN_POINT ( 'NONE',  ( -62.17522999999999911, -0.4192913385826831929, 7.857046014671676737 ) ) ;
#833 = ORIENTED_EDGE ( 'NONE', *, *, #6885, .F. ) ;
#834 = DIRECTION ( 'NONE',  ( 1.000000000000000000, 6.123233995736766036E-17, 0.000000000000000000 ) ) ;
#835 = CARTESIAN_POINT ( 'NONE',  ( -62.17522999999999911, -0.3996062992126024893, 8.408030266640182049 ) ) ;
#836 = DIRECTION ( 'NONE',  ( 1.000000000000000000, 0.000000000000000000, 0.000000000000000000 ) ) ;
#837 = AXIS2_PLACEMENT_3D ( 'NONE', #4103, #3366, #6773 ) ;
#838 = ORIENTED_EDGE ( 'NONE', *, *, #434, .F. ) ;
#839 = CARTESIAN_POINT ( 'NONE',  ( -62.41465206343355021, -1.482582146657575262, 8.295913444906629408 ) ) ;
#840 = ADVANCED_FACE ( 'NONE', ( #4382 ), #1058, .F. ) ;
#841 = CARTESIAN_POINT ( 'NONE',  ( -62.17522999999999911, -1.267487984742363905, 7.857046014671676737 ) ) ;
#842 = ORIENTED_EDGE ( 'NONE', *, *, #2210, .F. ) ;
#843 = CARTESIAN_POINT ( 'NONE',  ( -63.04262636004187215, -4.245277145002661179, 8.464500969007763942 ) ) ;
#844 = FACE_OUTER_BOUND ( 'NONE', #7408, .T. ) ;
#845 = EDGE_CURVE ( 'NONE', #461, #425, #5513, .T. ) ;
#846 = CARTESIAN_POINT ( 'NONE',  ( -62.50092351549674419, -4.253190375688841840, 8.875399544110782912 ) ) ;
#847 = CARTESIAN_POINT ( 'NONE',  ( -61.67416438083134977, -0.4126776965509281192, 8.043841763413418278 ) ) ;
#848 = LINE ( 'NONE', #4989, #5556 ) ;
#849 = ORIENTED_EDGE ( 'NONE', *, *, #5171, .F. ) ;
#850 = ORIENTED_EDGE ( 'NONE', *, *, #1611, .T. ) ;
#851 = CYLINDRICAL_SURFACE ( 'NONE', #5550, 0.2879842519841916970 ) ;
#852 = ORIENTED_EDGE ( 'NONE', *, *, #8096, .F. ) ;
#853 = DIRECTION ( 'NONE',  ( 1.000000000000000000, 0.000000000000000000, 9.585431558012748302E-16 ) ) ;
#854 = CIRCLE ( 'NONE', #837, 0.5531496061937548614 ) ;
#855 = CARTESIAN_POINT ( 'NONE',  ( -62.59306038915189419, -4.209440228688696273, 7.448531940532141071 ) ) ;
#856 = FACE_OUTER_BOUND ( 'NONE', #7945, .T. ) ;
#857 = DIRECTION ( 'NONE',  ( 0.000000000000000000, 0.000000000000000000, -1.000000000000000000 ) ) ;
#858 = CIRCLE ( 'NONE', #4343, 0.6299842518760266907 ) ;
#859 = LINE ( 'NONE', #4095, #8013 ) ;
#860 = AXIS2_PLACEMENT_3D ( 'NONE', #601, #6014, #64 ) ;
#861 = EDGE_LOOP ( 'NONE', ( #4525, #2642, #221 ) ) ;
#862 = DIRECTION ( 'NONE',  ( 0.000000000000000000, 0.000000000000000000, -1.000000000000000000 ) ) ;
#863 = EDGE_CURVE ( 'NONE', #3724, #4800, #274, .T. ) ;
#864 = ORIENTED_EDGE ( 'NONE', *, *, #1676, .T. ) ;
#865 = CARTESIAN_POINT ( 'NONE',  ( -61.15080572494133548, -4.353951408662982026, 8.342693380811606829 ) ) ;
#866 = EDGE_CURVE ( 'NONE', #2152, #7319, #5019, .T. ) ;
#867 = LINE ( 'NONE', #5702, #1576 ) ;
#868 = EDGE_CURVE ( 'NONE', #2251, #3284, #4331, .T. ) ;
#869 = DIRECTION ( 'NONE',  ( 1.000000000000000000, 6.123233995736766036E-17, 0.000000000000000000 ) ) ;
#870 = DIRECTION ( 'NONE',  ( -0.8749252783170057279, 0.000000000000000000, -0.4842579450684416642 ) ) ;
#871 = CONICAL_SURFACE ( 'NONE', #5740, 0.5216535433070783601, 0.7853981633974604915 ) ;
#872 = ORIENTED_EDGE ( 'NONE', *, *, #5106, .F. ) ;
#873 = ORIENTED_EDGE ( 'NONE', *, *, #5301, .F. ) ;
#874 = CARTESIAN_POINT ( 'NONE',  ( -62.61699951736621728, -0.3996062992126024893, 7.622867250634411285 ) ) ;
#875 = ORIENTED_EDGE ( 'NONE', *, *, #3122, .T. ) ;
#876 = CARTESIAN_POINT ( 'NONE',  ( -61.83469231920783926, -1.481336058263765798, 8.223152676671562133 ) ) ;
#877 = ORIENTED_EDGE ( 'NONE', *, *, #6661, .F. ) ;
#878 = CARTESIAN_POINT ( 'NONE',  ( -62.93214402941291752, -4.317644521021811954, 7.031467038356280064 ) ) ;
#879 = LINE ( 'NONE', #3546, #6611 ) ;
#880 = TOROIDAL_SURFACE ( 'NONE', #5611, 0.2362204724409451007, 0.03937007874015532871 ) ;
#881 = PLANE ( 'NONE',  #2373 ) ;
#882 = ORIENTED_EDGE ( 'NONE', *, *, #4336, .T. ) ;
#883 = EDGE_CURVE ( 'NONE', #3070, #6425, #1378, .T. ) ;
#884 = CARTESIAN_POINT ( 'NONE',  ( -62.13660164116045337, -0.3996062992126024893, 7.336824649156771017 ) ) ;
#885 = CARTESIAN_POINT ( 'NONE',  ( -62.39525034673615522, -0.4192913385826831929, 7.362436564583005882 ) ) ;
#886 = DIRECTION ( 'NONE',  ( 0.000000000000000000, 0.000000000000000000, 1.000000000000000000 ) ) ;
#887 = ORIENTED_EDGE ( 'NONE', *, *, #7896, .F. ) ;
#888 = B_SPLINE_CURVE_WITH_KNOTS ( 'NONE', 3,
 ( #2490, #5853, #1744, #4405 ),
 .UNSPECIFIED., .F., .F.,
 ( 4, 4 ),
 ( 4.718958039861647306E-17, 0.0008211405993301740735 ),
 .UNSPECIFIED. ) ;
#889 = CARTESIAN_POINT ( 'NONE',  ( -63.09807614708699930, -4.267983533050613509, 8.432392429818122537 ) ) ;
#890 = DIRECTION ( 'NONE',  ( 0.000000000000000000, 1.000000000000000000, 0.000000000000000000 ) ) ;
#891 = CARTESIAN_POINT ( 'NONE',  ( -62.61087592490196840, -0.4126776965509283968, 7.546929851634092579 ) ) ;
#892 = CARTESIAN_POINT ( 'NONE',  ( -62.17522999999999911, -3.988504844567673402, 7.857046014671676737 ) ) ;
#893 = ORIENTED_EDGE ( 'NONE', *, *, #5299, .F. ) ;
#894 = CC_DESIGN_DATE_AND_TIME_ASSIGNMENT ( #5258, #8649, ( #2967 ) ) ;
#895 = CIRCLE ( 'NONE', #5356, 0.2989079473617095029 ) ;
#896 = DIRECTION ( 'NONE',  ( 0.2588190451024929284, 0.000000000000000000, -0.9659258262890757507 ) ) ;
#897 = AXIS2_PLACEMENT_3D ( 'NONE', #5647, #4873, #6890 ) ;
#898 = VERTEX_POINT ( 'NONE', #7538 ) ;
#899 = CARTESIAN_POINT ( 'NONE',  ( -62.66255651018270356, -1.481336058263765798, 7.968906966183590512 ) ) ;
#900 = CARTESIAN_POINT ( 'NONE',  ( -62.55949441122599097, -4.208110236220479194, 7.439636246127935060 ) ) ;
#901 = DIRECTION ( 'NONE',  ( 0.000000000000000000, -1.000000000000000000, 0.000000000000000000 ) ) ;
#902 = CARTESIAN_POINT ( 'NONE',  ( -63.12513003920745547, -4.125273117935313039, 7.148457468516403068 ) ) ;
#903 = ADVANCED_FACE ( 'NONE', ( #1044 ), #5153, .F. ) ;
#904 = ORIENTED_EDGE ( 'NONE', *, *, #5990, .T. ) ;
#905 = CARTESIAN_POINT ( 'NONE',  ( -62.69545136551489861, -0.3996062992126024893, 7.818417655832128332 ) ) ;
#906 = VERTEX_POINT ( 'NONE', #8240 ) ;
#907 = CARTESIAN_POINT ( 'NONE',  ( -61.21178626075620599, -4.248416241962490680, 8.306655476896088075 ) ) ;
#908 = CARTESIAN_POINT ( 'NONE',  ( -61.67544862480616530, -1.482582146657657196, 7.844957888714147565 ) ) ;
#909 = CARTESIAN_POINT ( 'NONE',  ( -61.94105123596275320, -1.481336058263765798, 8.298815532037897569 ) ) ;
#910 = CARTESIAN_POINT ( 'NONE',  ( -61.64052850218715207, -1.267487984741781704, 7.772537025020884727 ) ) ;
#911 = DIRECTION ( 'NONE',  ( 1.000000000000000000, 0.000000000000000000, 2.168133327754756499E-15 ) ) ;
#912 = EDGE_LOOP ( 'NONE', ( #6720, #4211, #3139, #4780 ) ) ;
#913 = CARTESIAN_POINT ( 'NONE',  ( -62.27688416241520031, -4.278729374646271566, 6.595149601627935176 ) ) ;
#914 = AXIS2_PLACEMENT_3D ( 'NONE', #3166, #1813, #4562 ) ;
#915 = ORIENTED_EDGE ( 'NONE', *, *, #257, .T. ) ;
#916 = LINE ( 'NONE', #174, #3465 ) ;
#917 = LINE ( 'NONE', #6824, #3966 ) ;
#918 = FACE_OUTER_BOUND ( 'NONE', #1543, .T. ) ;
#919 = AXIS2_PLACEMENT_3D ( 'NONE', #6433, #7095, #4550 ) ;
#920 = VERTEX_POINT ( 'NONE', #4897 ) ;
#921 = LINE ( 'NONE', #8239, #2878 ) ;
#922 = VECTOR ( 'NONE', #8633, 39.37007874015748143 ) ;
#923 = LINE ( 'NONE', #3715, #6927 ) ;
#924 = CARTESIAN_POINT ( 'NONE',  ( -61.69726238648821237, -5.958149606299221190, 8.003834844062215126 ) ) ;
#925 = EDGE_CURVE ( 'NONE', #6779, #3091, #4479, .T. ) ;
#926 = ORIENTED_EDGE ( 'NONE', *, *, #5171, .T. ) ;
#927 = VECTOR ( 'NONE', #3397, 39.37007874015748143 ) ;
#928 = CARTESIAN_POINT ( 'NONE',  ( -63.12972974369321832, -4.351317466146830348, 8.371528208094435541 ) ) ;
#929 = CARTESIAN_POINT ( 'NONE',  ( -62.16007563342800069, -4.365937497315421467, 8.603232127586702305 ) ) ;
#930 = ADVANCED_FACE ( 'NONE', ( #5677 ), #4283, .T. ) ;
#931 = FACE_OUTER_BOUND ( 'NONE', #7474, .T. ) ;
#932 = ADVANCED_FACE ( 'NONE', ( #7578 ), #2930, .T. ) ;
#933 = CIRCLE ( 'NONE', #7497, 0.5413385826771592857 ) ;
#934 = CIRCLE ( 'NONE', #6940, 0.5413385826771592857 ) ;
#935 = CARTESIAN_POINT ( 'NONE',  ( -62.17522999999999911, -0.3996062992126024893, 0.000000000000000000 ) ) ;
#936 = ORIENTED_EDGE ( 'NONE', *, *, #467, .T. ) ;
#937 = EDGE_CURVE ( 'NONE', #4478, #1274, #3621, .T. ) ;
#938 = ORIENTED_EDGE ( 'NONE', *, *, #2772, .T. ) ;
#939 = DIRECTION ( 'NONE',  ( 0.5155785449014874677, 0.000000000000000000, -0.8568423215722160702 ) ) ;
#940 = EDGE_CURVE ( 'NONE', #4046, #5783, #4740, .T. ) ;
#941 = EDGE_LOOP ( 'NONE', ( #7292, #5593, #2085, #1417 ) ) ;
#942 = CARTESIAN_POINT ( 'NONE',  ( -62.17522999999999911, -1.966043196441233709, 7.306061762703172313 ) ) ;
#943 = CARTESIAN_POINT ( 'NONE',  ( -62.17522999999999911, -0.3996062992126024893, 7.857046014671676737 ) ) ;
#944 = DIRECTION ( 'NONE',  ( 0.000000000000000000, -1.000000000000000000, 0.000000000000000000 ) ) ;
#945 = CARTESIAN_POINT ( 'NONE',  ( -61.38020213269656011, -4.208110236220480971, 7.946100437918881987 ) ) ;
#946 = VERTEX_POINT ( 'NONE', #2973 ) ;
#947 = CARTESIAN_POINT ( 'NONE',  ( -62.70152524772009173, -0.4061132758059457504, 7.812343773626934329 ) ) ;
#948 = EDGE_CURVE ( 'NONE', #113, #1632, #923, .T. ) ;
#949 = AXIS2_PLACEMENT_3D ( 'NONE', #5120, #3685, #7628 ) ;
#950 = VERTEX_POINT ( 'NONE', #6874 ) ;
#951 = CARTESIAN_POINT ( 'NONE',  ( -61.31435989422512023, -4.208110236220481859, 8.252658677036315282 ) ) ;
#952 = AXIS2_PLACEMENT_3D ( 'NONE', #1532, #6913, #3587 ) ;
#953 = DIRECTION ( 'NONE',  ( 6.123233995736766036E-17, -1.000000000000000000, -0.000000000000000000 ) ) ;
#954 = CARTESIAN_POINT ( 'NONE',  ( -62.19331000000000387, -0.3996062992126024893, 8.356719021347041476 ) ) ;
#955 = EDGE_CURVE ( 'NONE', #2536, #470, #6382, .T. ) ;
#956 = LINE ( 'NONE', #5580, #2358 ) ;
#957 = AXIS2_PLACEMENT_3D ( 'NONE', #3682, #7545, #2852 ) ;
#958 = CARTESIAN_POINT ( 'NONE',  ( -63.22413786216732490, -4.278138255097365672, 8.565668357913102327 ) ) ;
#959 = ORIENTED_EDGE ( 'NONE', *, *, #332, .F. ) ;
#960 = CARTESIAN_POINT ( 'NONE',  ( -61.82167660940673670, -5.958149606299221190, 7.503492624078405449 ) ) ;
#961 = EDGE_LOOP ( 'NONE', ( #4568, #2950, #5607, #7514 ) ) ;
#962 = CARTESIAN_POINT ( 'NONE',  ( -61.50079871495331929, -3.986213576702720918, 7.271743642939280328 ) ) ;
#963 = AXIS2_PLACEMENT_3D ( 'NONE', #1266, #6643, #2753 ) ;
#964 = AXIS2_PLACEMENT_3D ( 'NONE', #6318, #8344, #8531 ) ;
#965 = FACE_OUTER_BOUND ( 'NONE', #733, .T. ) ;
#966 = CARTESIAN_POINT ( 'NONE',  ( -61.45534209729812858, -3.988504844567673402, 7.291842706013859754 ) ) ;
#967 = ORIENTED_EDGE ( 'NONE', *, *, #7601, .F. ) ;
#968 = CARTESIAN_POINT ( 'NONE',  ( -62.66255651018270356, -1.481336058263765798, 7.745185063159747862 ) ) ;
#969 = AXIS2_PLACEMENT_3D ( 'NONE', #2728, #7905, #1903 ) ;
#970 = DIRECTION ( 'NONE',  ( -0.000000000000000000, 1.000000000000000000, -0.000000000000000000 ) ) ;
#971 = DIRECTION ( 'NONE',  ( 0.000000000000000000, 0.000000000000000000, 1.000000000000000000 ) ) ;
#972 = AXIS2_PLACEMENT_3D ( 'NONE', #6298, #2274, #3059 ) ;
#973 = EDGE_LOOP ( 'NONE', ( #3832, #78, #4906, #4412, #3841 ) ) ;
#974 = EDGE_CURVE ( 'NONE', #4668, #5064, #1328, .T. ) ;
#975 = CARTESIAN_POINT ( 'NONE',  ( -62.22387801978288024, -4.247744764109894433, 8.528074797112276784 ) ) ;
#976 = EDGE_CURVE ( 'NONE', #4277, #2910, #5794, .T. ) ;
#977 = CARTESIAN_POINT ( 'NONE',  ( -61.74221729810778214, -5.958149606299221190, 7.607046014671679401 ) ) ;
#978 = FACE_OUTER_BOUND ( 'NONE', #407, .T. ) ;
#979 = VERTEX_POINT ( 'NONE', #7619 ) ;
#980 = EDGE_CURVE ( 'NONE', #5984, #3198, #5515, .T. ) ;
#981 = CARTESIAN_POINT ( 'NONE',  ( -62.17522999999999911, -0.5639763779527527943, 8.093266487112622087 ) ) ;
#982 = ORIENTED_EDGE ( 'NONE', *, *, #6957, .T. ) ;
#983 = CARTESIAN_POINT ( 'NONE',  ( -62.51576768079215896, -0.4192913385826831929, 8.277856600393576514 ) ) ;
#984 = B_SPLINE_CURVE_WITH_KNOTS ( 'NONE', 3,
 ( #4987, #8329, #6834, #1010 ),
 .UNSPECIFIED., .F., .F.,
 ( 4, 4 ),
 ( 2.014298343661536863E-07, 0.0004597969392809023517 ),
 .UNSPECIFIED. ) ;
#985 = DIRECTION ( 'NONE',  ( 0.000000000000000000, 0.000000000000000000, -1.000000000000000000 ) ) ;
#986 = CARTESIAN_POINT ( 'NONE',  ( -62.15132940918047666, -4.218328140673361482, 6.612772335278500613 ) ) ;
#987 = CARTESIAN_POINT ( 'NONE',  ( -61.45589874406712028, -4.008692395695921284, 8.571630368099921071 ) ) ;
#988 = ORIENTED_EDGE ( 'NONE', *, *, #7828, .F. ) ;
#989 = DIRECTION ( 'NONE',  ( 0.000000000000000000, 1.000000000000000000, -1.982541115402063138E-16 ) ) ;
#990 = ORIENTED_EDGE ( 'NONE', *, *, #8477, .T. ) ;
#991 = DIRECTION ( 'NONE',  ( 0.000000000000000000, 0.000000000000000000, 1.000000000000000000 ) ) ;
#992 = CARTESIAN_POINT ( 'NONE',  ( -63.13914609356205432, -5.958110236220478306, 8.104187513396796660 ) ) ;
#993 = FACE_OUTER_BOUND ( 'NONE', #5927, .T. ) ;
#994 = AXIS2_PLACEMENT_3D ( 'NONE', #8246, #6879, #5023 ) ;
#995 = DIRECTION ( 'NONE',  ( -0.9659258262890803026, -0.000000000000000000, 0.2588190451024760530 ) ) ;
#996 = CARTESIAN_POINT ( 'NONE',  ( -63.07163578044428220, -4.262686684988128860, 6.969700498420263735 ) ) ;
#997 = ORIENTED_EDGE ( 'NONE', *, *, #5946, .F. ) ;
#998 = DIRECTION ( 'NONE',  ( 0.000000000000000000, 0.000000000000000000, 1.000000000000000000 ) ) ;
#999 = ORIENTED_EDGE ( 'NONE', *, *, #5127, .T. ) ;
#1000 = CARTESIAN_POINT ( 'NONE',  ( -61.99162054076776229, -5.958110236220480971, 7.124004473509751634 ) ) ;
#1001 = AXIS2_PLACEMENT_3D ( 'NONE', #8215, #5608, #857 ) ;
#1002 = DIRECTION ( 'NONE',  ( 1.401868266681923686E-16, 1.000000000000000000, 1.401868266681957705E-16 ) ) ;
#1003 = CARTESIAN_POINT ( 'NONE',  ( -61.75441941427810377, -1.267487984742363905, 8.197583695463841025 ) ) ;
#1004 = DIRECTION ( 'NONE',  ( -0.000000000000000000, 1.000000000000000000, -0.000000000000000000 ) ) ;
#1005 = ORIENTED_EDGE ( 'NONE', *, *, #5716, .T. ) ;
#1006 = CARTESIAN_POINT ( 'NONE',  ( -62.13052775895526736, -0.4061132758059454728, 7.330750766951577901 ) ) ;
#1007 = CARTESIAN_POINT ( 'NONE',  ( -62.64986732635071576, -4.208110236220480971, 8.501033132745579479 ) ) ;
#1008 = LINE ( 'NONE', #5678, #6402 ) ;
#1009 = VERTEX_POINT ( 'NONE', #1661 ) ;
#1010 = CARTESIAN_POINT ( 'NONE',  ( -61.80912333800013414, -1.481336058263765798, 8.197583695463858788 ) ) ;
#1011 = CARTESIAN_POINT ( 'NONE',  ( -62.36939381702068630, -1.267487984741781704, 8.362365590044593233 ) ) ;
#1012 = CARTESIAN_POINT ( 'NONE',  ( -61.83469231920783926, -1.336377492740391082, 7.463179492946081517 ) ) ;
#1013 = CARTESIAN_POINT ( 'NONE',  ( -62.17522999999999911, -0.3996062992126024893, 7.857046014671676737 ) ) ;
#1014 = ORIENTED_EDGE ( 'NONE', *, *, #1564, .T. ) ;
#1015 = EDGE_CURVE ( 'NONE', #4016, #1087, #2029, .T. ) ;
#1016 = CARTESIAN_POINT ( 'NONE',  ( -62.19331000000000387, -5.958149606299221190, 7.357373007996311998 ) ) ;
#1017 = ORIENTED_EDGE ( 'NONE', *, *, #8247, .T. ) ;
#1018 = CARTESIAN_POINT ( 'NONE',  ( -61.80912333800013414, -1.481336058263765798, 7.516508333879509784 ) ) ;
#1019 = DIRECTION ( 'NONE',  ( 6.123233995736766036E-17, -1.000000000000000000, -0.000000000000000000 ) ) ;
#1020 = CARTESIAN_POINT ( 'NONE',  ( -61.19344750154741064, -4.217163321469311832, 7.649645632736316259 ) ) ;
#1021 = CARTESIAN_POINT ( 'NONE',  ( -62.65819291314453920, -1.481336058263770905, 7.727636492120407041 ) ) ;
#1022 = CIRCLE ( 'NONE', #5493, 0.5413385826771592857 ) ;
#1023 = ORIENTED_EDGE ( 'NONE', *, *, #7892, .F. ) ;
#1024 = DIRECTION ( 'NONE',  ( 0.000000000000000000, 1.000000000000000000, 0.000000000000000000 ) ) ;
#1025 = EDGE_CURVE ( 'NONE', #1534, #535, #218, .T. ) ;
#1026 = ORIENTED_EDGE ( 'NONE', *, *, #6778, .T. ) ;
#1027 = CARTESIAN_POINT ( 'NONE',  ( -62.21385835883954485, -0.3996062992126024893, 7.336824649156771017 ) ) ;
#1028 = CARTESIAN_POINT ( 'NONE',  ( -61.67523000000000621, -1.481336058263770905, 7.857046014671682066 ) ) ;
#1029 = LINE ( 'NONE', #5955, #3375 ) ;
#1030 = EDGE_CURVE ( 'NONE', #2660, #2520, #5933, .T. ) ;
#1031 = EDGE_CURVE ( 'NONE', #7137, #5436, #7721, .T. ) ;
#1032 = CARTESIAN_POINT ( 'NONE',  ( -62.43558931176028182, -1.482582146657580591, 8.283825318949102012 ) ) ;
#1033 = EDGE_CURVE ( 'NONE', #4722, #4066, #6781, .T. ) ;
#1034 = CARTESIAN_POINT ( 'NONE',  ( -63.03233604439287774, -4.278729374593146950, 6.925335032328999496 ) ) ;
#1035 = ORIENTED_EDGE ( 'NONE', *, *, #3522, .F. ) ;
#1036 = CARTESIAN_POINT ( 'NONE',  ( -63.06057633416516950, -4.002870303312498379, 7.402760835050561816 ) ) ;
#1037 = ORIENTED_EDGE ( 'NONE', *, *, #7985, .F. ) ;
#1038 = CARTESIAN_POINT ( 'NONE',  ( -62.99924072846521028, -4.391950050296744124, 7.143567358502282971 ) ) ;
#1039 = CARTESIAN_POINT ( 'NONE',  ( -62.90769191266551985, -4.236264588459672353, 7.108640380572038175 ) ) ;
#1040 = DIRECTION ( 'NONE',  ( 0.000000000000000000, -1.000000000000000000, 0.000000000000000000 ) ) ;
#1041 = LINE ( 'NONE', #6378, #2818 ) ;
#1042 = VERTEX_POINT ( 'NONE', #2984 ) ;
#1043 = DIRECTION ( 'NONE',  ( -0.7071067811865719976, 0.000000000000000000, -0.7071067811865230368 ) ) ;
#1044 = FACE_OUTER_BOUND ( 'NONE', #3828, .T. ) ;
#1045 = DIRECTION ( 'NONE',  ( 1.000000000000000000, 0.000000000000000000, 1.224646799147353207E-16 ) ) ;
#1046 = VERTEX_POINT ( 'NONE', #194 ) ;
#1047 = LINE ( 'NONE', #7893, #2229 ) ;
#1048 = DIRECTION ( 'NONE',  ( 0.7071067811865230368, 0.000000000000000000, -0.7071067811865719976 ) ) ;
#1049 = EDGE_CURVE ( 'NONE', #6311, #3563, #2385, .T. ) ;
#1050 = VECTOR ( 'NONE', #2594, 39.37007874015748143 ) ;
#1051 = CARTESIAN_POINT ( 'NONE',  ( -62.29882690504641829, -1.482581474689036227, 8.341454283137238690 ) ) ;
#1052 = CARTESIAN_POINT ( 'NONE',  ( -63.12513003920745547, -4.125273117935313039, 7.148457468516403068 ) ) ;
#1053 = ORIENTED_EDGE ( 'NONE', *, *, #7554, .F. ) ;
#1054 = CARTESIAN_POINT ( 'NONE',  ( -61.66991042462719719, -0.4192913385826831929, 7.662882197651178728 ) ) ;
#1055 = ORIENTED_EDGE ( 'NONE', *, *, #5518, .T. ) ;
#1056 = PLANE ( 'NONE',  #2866 ) ;
#1057 = AXIS2_PLACEMENT_3D ( 'NONE', #7326, #5378, #2055 ) ;
#1058 = PLANE ( 'NONE',  #5430 ) ;
#1059 = EDGE_CURVE ( 'NONE', #5643, #26, #8044, .T. ) ;
#1060 = CARTESIAN_POINT ( 'NONE',  ( -61.22671001598245510, -4.213747115094353290, 7.625458012672909014 ) ) ;
#1061 = VECTOR ( 'NONE', #6546, 39.37007874015748143 ) ;
#1062 = CARTESIAN_POINT ( 'NONE',  ( -62.28709095151190667, -1.481336058263765798, 7.369719504488977613 ) ) ;
#1063 = ORIENTED_EDGE ( 'NONE', *, *, #3646, .F. ) ;
#1064 = LINE ( 'NONE', #3033, #265 ) ;
#1065 = CIRCLE ( 'NONE', #5536, 0.5413385826771592857 ) ;
#1066 = ORIENTED_EDGE ( 'NONE', *, *, #7656, .F. ) ;
#1067 = PLANE ( 'NONE',  #5418 ) ;
#1068 = EDGE_CURVE ( 'NONE', #8112, #4123, #3573, .T. ) ;
#1069 = LINE ( 'NONE', #6410, #1379 ) ;
#1070 = DIRECTION ( 'NONE',  ( 0.000000000000000000, 0.000000000000000000, 1.000000000000000000 ) ) ;
#1071 = CARTESIAN_POINT ( 'NONE',  ( -62.19903553736170920, -4.041016567817342420, 8.941215114388075591 ) ) ;
#1072 = CARTESIAN_POINT ( 'NONE',  ( -61.68883856223430939, -0.4126776965509293960, 7.634823658170185823 ) ) ;
#1073 = EDGE_CURVE ( 'NONE', #4620, #4286, #7091, .T. ) ;
#1074 = EDGE_CURVE ( 'NONE', #5951, #7599, #4789, .T. ) ;
#1075 = CARTESIAN_POINT ( 'NONE',  ( -62.26826618433879190, -0.4061132758059433079, 8.376977978038862460 ) ) ;
#1076 = VERTEX_POINT ( 'NONE', #942 ) ;
#1077 = DIRECTION ( 'NONE',  ( 0.000000000000000000, 1.000000000000000000, 0.000000000000000000 ) ) ;
#1078 = EDGE_CURVE ( 'NONE', #6443, #6438, #8058, .T. ) ;
#1079 = VERTEX_POINT ( 'NONE', #237 ) ;
#1080 = CARTESIAN_POINT ( 'NONE',  ( -61.90973575736190782, -1.481336058263765798, 8.280735532037903468 ) ) ;
#1081 = CARTESIAN_POINT ( 'NONE',  ( -63.03261375411391754, -4.225373400293199744, 8.420976910031123808 ) ) ;
#1082 = CARTESIAN_POINT ( 'NONE',  ( -62.81377086811759369, -4.208110236220481859, 7.151863386988758009 ) ) ;
#1083 = EDGE_CURVE ( 'NONE', #3243, #7800, #1246, .T. ) ;
#1084 = DIRECTION ( 'NONE',  ( 0.000000000000000000, 0.000000000000000000, -1.000000000000000000 ) ) ;
#1085 = AXIS2_PLACEMENT_3D ( 'NONE', #6929, #6798, #4209 ) ;
#1086 = CARTESIAN_POINT ( 'NONE',  ( -61.30910967986527993, -4.208110234862209253, 8.255398523190413229 ) ) ;
#1087 = VERTEX_POINT ( 'NONE', #3688 ) ;
#1088 = DIRECTION ( 'NONE',  ( -0.000000000000000000, 1.000000000000000000, 1.982541115402063384E-16 ) ) ;
#1089 = ORIENTED_EDGE ( 'NONE', *, *, #7436, .F. ) ;
#1090 = LINE ( 'NONE', #7849, #1522 ) ;
#1091 = VECTOR ( 'NONE', #5796, 39.37007874015748143 ) ;
#1092 = ORIENTED_EDGE ( 'NONE', *, *, #5299, .T. ) ;
#1093 = DIRECTION ( 'NONE',  ( 0.000000000000000000, 0.000000000000000000, 1.000000000000000000 ) ) ;
#1094 = FACE_OUTER_BOUND ( 'NONE', #1108, .T. ) ;
#1095 = VECTOR ( 'NONE', #2539, 39.37007874015748143 ) ;
#1096 = DIRECTION ( 'NONE',  ( 0.000000000000000000, 0.000000000000000000, 1.000000000000000000 ) ) ;
#1097 = ORIENTED_EDGE ( 'NONE', *, *, #5470, .T. ) ;
#1098 = AXIS2_PLACEMENT_3D ( 'NONE', #8487, #3182, #3920 ) ;
#1099 = DIRECTION ( 'NONE',  ( 0.000000000000000000, 0.000000000000000000, -1.000000000000000000 ) ) ;
#1100 = ORIENTED_EDGE ( 'NONE', *, *, #3172, .T. ) ;
#1101 = CARTESIAN_POINT ( 'NONE',  ( -62.25376002172995271, -5.958110236220478306, 6.882203958008436651 ) ) ;
#1102 = ADVANCED_FACE ( 'NONE', ( #5689 ), #1056, .F. ) ;
#1103 = ORIENTED_EDGE ( 'NONE', *, *, #863, .F. ) ;
#1104 = CARTESIAN_POINT ( 'NONE',  ( -61.73672281121039873, -3.983565816460565401, 7.098719004109276476 ) ) ;
#1105 = DIRECTION ( 'NONE',  ( 0.7071067811865744401, 0.000000000000000000, -0.7071067811865205943 ) ) ;
#1106 = CARTESIAN_POINT ( 'NONE',  ( -61.10445835524694047, -4.280635515786959111, 7.621630761778491525 ) ) ;
#1107 = CARTESIAN_POINT ( 'NONE',  ( -62.17522999999999911, -1.966043196441233709, 7.857046014671676737 ) ) ;
#1108 = EDGE_LOOP ( 'NONE', ( #4170, #6832, #8182, #3769, #4647 ) ) ;
#1109 = FACE_OUTER_BOUND ( 'NONE', #405, .T. ) ;
#1110 = AXIS2_PLACEMENT_3D ( 'NONE', #8641, #2618, #5289 ) ;
#1111 = ORIENTED_EDGE ( 'NONE', *, *, #128, .T. ) ;
#1112 = LINE ( 'NONE', #632, #3577 ) ;
#1113 = DIRECTION ( 'NONE',  ( 0.01808295674478789875, 0.000000000000000000, 0.9998364899699180297 ) ) ;
#1114 = EDGE_LOOP ( 'NONE', ( #5107, #4481, #4629, #333, #1357, #8017, #6417, #1980, #2238, #1724, #6224, #7128, #8434, #4879, #2315, #7164, #364, #2287, #1946, #8237 ) ) ;
#1115 = CARTESIAN_POINT ( 'NONE',  ( -63.20386392003412368, -4.040557310647228562, 8.200276846284451082 ) ) ;
#1116 = CARTESIAN_POINT ( 'NONE',  ( -62.09072101034909963, -1.267487984742363905, 7.322344516859019770 ) ) ;
#1117 = CARTESIAN_POINT ( 'NONE',  ( -62.24722914615250602, -4.072612490646430494, 8.986008903660181346 ) ) ;
#1118 = CARTESIAN_POINT ( 'NONE',  ( -61.54289188513524067, -4.322691748932006028, 7.487948517530505832 ) ) ;
#1119 = EDGE_CURVE ( 'NONE', #5820, #1767, #5622, .T. ) ;
#1120 = CARTESIAN_POINT ( 'NONE',  ( -63.06131961349318971, -4.270335577812735650, 6.956135771793046096 ) ) ;
#1121 = VERTEX_POINT ( 'NONE', #4300 ) ;
#1122 = CYLINDRICAL_SURFACE ( 'NONE', #264, 0.5413385826771592857 ) ;
#1123 = EDGE_CURVE ( 'NONE', #725, #7688, #5563, .T. ) ;
#1124 = EDGE_CURVE ( 'NONE', #725, #2134, #7209, .T. ) ;
#1125 = ORIENTED_EDGE ( 'NONE', *, *, #1455, .T. ) ;
#1126 = CARTESIAN_POINT ( 'NONE',  ( -62.98910067954051328, -4.341398605476056716, 7.144378129189915327 ) ) ;
#1127 = DIRECTION ( 'NONE',  ( 0.000000000000000000, 0.000000000000000000, -1.000000000000000000 ) ) ;
#1128 = CARTESIAN_POINT ( 'NONE',  ( -62.80150587019018360, -4.208110236220481859, 7.151844118707009201 ) ) ;
#1129 = DIRECTION ( 'NONE',  ( -1.381046180965721830E-14, 0.000000000000000000, -1.000000000000000000 ) ) ;
#1130 = CARTESIAN_POINT ( 'NONE',  ( -61.16987932582718202, -4.302276525514620253, 8.331349856874163962 ) ) ;
#1131 = VECTOR ( 'NONE', #3701, 39.37007874015748143 ) ;
#1132 = ORIENTED_EDGE ( 'NONE', *, *, #4798, .F. ) ;
#1133 = DIRECTION ( 'NONE',  ( 0.000000000000000000, 0.000000000000000000, -1.000000000000000000 ) ) ;
#1134 = VERTEX_POINT ( 'NONE', #983 ) ;
#1135 = LINE ( 'NONE', #3151, #1095 ) ;
#1136 = VECTOR ( 'NONE', #8474, 39.37007874015748143 ) ;
#1137 = EDGE_LOOP ( 'NONE', ( #6247, #3455, #1581, #7110 ) ) ;
#1138 = CARTESIAN_POINT ( 'NONE',  ( -62.55011182428435745, -1.407454082783216487, 7.516508333879505344 ) ) ;
#1139 = DIRECTION ( 'NONE',  ( 1.914987665046794350E-16, 1.000000000000000000, -5.131193983648295575E-17 ) ) ;
#1140 = EDGE_CURVE ( 'NONE', #7599, #1841, #5095, .T. ) ;
#1141 = VECTOR ( 'NONE', #8569, 39.37007874015748143 ) ;
#1142 = CARTESIAN_POINT ( 'NONE',  ( -61.74221729810778214, -0.3996062992126024893, 8.107046014671675849 ) ) ;
#1143 = VERTEX_POINT ( 'NONE', #1104 ) ;
#1144 = DIRECTION ( 'NONE',  ( 6.123233995736766036E-17, -1.000000000000000000, -0.000000000000000000 ) ) ;
#1145 = ORIENTED_EDGE ( 'NONE', *, *, #1298, .F. ) ;
#1146 = DIRECTION ( 'NONE',  ( 6.123233995736766036E-17, -1.000000000000000000, -0.000000000000000000 ) ) ;
#1147 = ORIENTED_EDGE ( 'NONE', *, *, #6908, .T. ) ;
#1148 = DIRECTION ( 'NONE',  ( -6.123233995736766036E-17, 1.000000000000000000, -0.000000000000000000 ) ) ;
#1149 = CARTESIAN_POINT ( 'NONE',  ( -62.02844117060946161, -5.958149606299221190, 7.379078401159887335 ) ) ;
#1150 = VECTOR ( 'NONE', #5902, 39.37007874015748143 ) ;
#1151 = CARTESIAN_POINT ( 'NONE',  ( -61.85689582463923131, -1.267487984741781704, 7.419198080004311358 ) ) ;
#1152 = CARTESIAN_POINT ( 'NONE',  ( -61.66273699271306441, -0.3996062992126024893, 7.954377082305904345 ) ) ;
#1153 = AXIS2_PLACEMENT_3D ( 'NONE', #5756, #8451, #1834 ) ;
#1154 = AXIS2_PLACEMENT_3D ( 'NONE', #2099, #1356, #4154 ) ;
#1155 = VERTEX_POINT ( 'NONE', #6488 ) ;
#1156 = CARTESIAN_POINT ( 'NONE',  ( -62.68054957537280103, -1.267487984742363905, 8.051209831692165864 ) ) ;
#1157 = VERTEX_POINT ( 'NONE', #3213 ) ;
#1158 = CARTESIAN_POINT ( 'NONE',  ( -62.67490300667535763, -5.958149606299221190, 7.838966014671670202 ) ) ;
#1159 = DIRECTION ( 'NONE',  ( 0.000000000000000000, 0.000000000000000000, 1.000000000000000000 ) ) ;
#1160 = ORIENTED_EDGE ( 'NONE', *, *, #5197, .F. ) ;
#1161 = CARTESIAN_POINT ( 'NONE',  ( -62.67490300667535763, -5.958149606299221190, 7.875126014671677055 ) ) ;
#1162 = EDGE_CURVE ( 'NONE', #2242, #7525, #1551, .T. ) ;
#1163 = CARTESIAN_POINT ( 'NONE',  ( -62.18344282480869367, -4.031754720618454080, 8.924657569355725073 ) ) ;
#1164 = CARTESIAN_POINT ( 'NONE',  ( -61.76292732668639474, -0.4126776965509263428, 8.197583695463841025 ) ) ;
#1165 = EDGE_CURVE ( 'NONE', #1169, #906, #4425, .T. ) ;
#1166 = CARTESIAN_POINT ( 'NONE',  ( -61.63687547790328836, -1.403543307086619674, 7.800284499250320636 ) ) ;
#1167 = VERTEX_POINT ( 'NONE', #5914 ) ;
#1168 = DIRECTION ( 'NONE',  ( 0.000000000000000000, -1.000000000000000000, 0.000000000000000000 ) ) ;
#1169 = VERTEX_POINT ( 'NONE', #3117 ) ;
#1170 = CARTESIAN_POINT ( 'NONE',  ( -62.07550060959108862, -4.247658429917309242, 7.192790245596320631 ) ) ;
#1171 = AXIS2_PLACEMENT_3D ( 'NONE', #5448, #8223, #6111 ) ;
#1172 = CARTESIAN_POINT ( 'NONE',  ( -62.66255651018270356, -1.481336058263765798, 7.745185063159747862 ) ) ;
#1173 = DIRECTION ( 'NONE',  ( -0.000000000000000000, 1.000000000000000000, -0.000000000000000000 ) ) ;
#1174 = CARTESIAN_POINT ( 'NONE',  ( -62.61220627862467580, -4.208110236220480971, 8.196201168850169694 ) ) ;
#1175 = CARTESIAN_POINT ( 'NONE',  ( -61.75154048263378570, -5.958149606299221190, 7.591551772033569456 ) ) ;
#1176 = ORIENTED_EDGE ( 'NONE', *, *, #580, .F. ) ;
#1177 = DIRECTION ( 'NONE',  ( -4.685141163918161232E-14, 0.000000000000000000, 1.000000000000000000 ) ) ;
#1178 = B_SPLINE_CURVE_WITH_KNOTS ( 'NONE', 3,
 ( #308, #4192, #7487, #3585 ),
 .UNSPECIFIED., .F., .F.,
 ( 4, 4 ),
 ( 0.000000000000000000, 0.0008211405993301521726 ),
 .UNSPECIFIED. ) ;
#1179 = ORIENTED_EDGE ( 'NONE', *, *, #332, .T. ) ;
#1180 = CARTESIAN_POINT ( 'NONE',  ( -62.17522999999999911, -0.3996062992126024893, 7.857046014671676737 ) ) ;
#1181 = ORIENTED_EDGE ( 'NONE', *, *, #7431, .T. ) ;
#1182 = CARTESIAN_POINT ( 'NONE',  ( -62.54133666199987118, -1.481336058263765798, 7.516508333879497350 ) ) ;
#1183 = DIRECTION ( 'NONE',  ( 6.123233995736766036E-17, -1.000000000000000000, 0.000000000000000000 ) ) ;
#1184 = EDGE_CURVE ( 'NONE', #1009, #4421, #8470, .T. ) ;
#1185 = CARTESIAN_POINT ( 'NONE',  ( -61.90973575736190071, -0.3996062992126024893, 8.280735532037894586 ) ) ;
#1186 = VERTEX_POINT ( 'NONE', #2511 ) ;
#1187 = CARTESIAN_POINT ( 'NONE',  ( -61.70539090245289060, -0.3996062992126024893, 7.630388471975769527 ) ) ;
#1188 = ORIENTED_EDGE ( 'NONE', *, *, #3390, .F. ) ;
#1189 = EDGE_CURVE ( 'NONE', #8121, #148, #8476, .T. ) ;
#1190 = CARTESIAN_POINT ( 'NONE',  ( -61.38020213269656011, -5.958110236220478306, 7.946100437918881987 ) ) ;
#1191 = EDGE_CURVE ( 'NONE', #4620, #637, #3167, .T. ) ;
#1192 = ORIENTED_EDGE ( 'NONE', *, *, #2979, .T. ) ;
#1193 = CARTESIAN_POINT ( 'NONE',  ( -62.08219381566120632, -0.4061132758059452508, 8.376977978038867789 ) ) ;
#1194 = DIRECTION ( 'NONE',  ( 0.000000000000000000, -1.000000000000000000, 0.000000000000000000 ) ) ;
#1195 = CARTESIAN_POINT ( 'NONE',  ( -61.17480733319989383, -4.270835389117758396, 7.543680516201024311 ) ) ;
#1196 = ORIENTED_EDGE ( 'NONE', *, *, #5485, .T. ) ;
#1197 = DIRECTION ( 'NONE',  ( 0.000000000000000000, -1.000000000000000000, 0.000000000000000000 ) ) ;
#1198 = EDGE_CURVE ( 'NONE', #3198, #3070, #2433, .T. ) ;
#1199 = ADVANCED_FACE ( 'NONE', ( #496 ), #7203, .T. ) ;
#1200 = EDGE_CURVE ( 'NONE', #8206, #2750, #5377, .T. ) ;
#1201 = VECTOR ( 'NONE', #2472, 39.37007874015748143 ) ;
#1202 = ORIENTED_EDGE ( 'NONE', *, *, #2222, .F. ) ;
#1203 = CARTESIAN_POINT ( 'NONE',  ( -62.11846848457847869, -1.267487984741781704, 7.318691492574797230 ) ) ;
#1204 = EDGE_LOOP ( 'NONE', ( #6809, #317, #1023, #2189 ) ) ;
#1205 = CARTESIAN_POINT ( 'NONE',  ( -60.98441442822188918, -4.229929313198041108, 7.478736122586301605 ) ) ;
#1206 = AXIS2_PLACEMENT_3D ( 'NONE', #8128, #2030, #1461 ) ;
#1207 = ORIENTED_EDGE ( 'NONE', *, *, #3286, .T. ) ;
#1208 = CARTESIAN_POINT ( 'NONE',  ( -63.24703667221397296, -4.097293588180024315, 8.299249387303499148 ) ) ;
#1209 = CARTESIAN_POINT ( 'NONE',  ( -62.13917913066647003, -4.008384207679678291, 8.870685101298201758 ) ) ;
#1210 = DIRECTION ( 'NONE',  ( 0.000000000000000000, 0.000000000000000000, -1.000000000000000000 ) ) ;
#1211 = B_SPLINE_CURVE_WITH_KNOTS ( 'NONE', 3,
 ( #768, #4787, #5353, #5307 ),
 .UNSPECIFIED., .F., .F.,
 ( 4, 4 ),
 ( 0.000000000000000000, 0.0008211405993301888187 ),
 .UNSPECIFIED. ) ;
#1212 = EDGE_CURVE ( 'NONE', #5001, #946, #5821, .T. ) ;
#1213 = APPROVAL_PERSON_ORGANIZATION ( #1409, #2816, #7424 ) ;
#1214 = DIRECTION ( 'NONE',  ( 0.000000000000000000, 0.000000000000000000, 1.000000000000000000 ) ) ;
#1215 = VERTEX_POINT ( 'NONE', #4603 ) ;
#1216 = DIRECTION ( 'NONE',  ( 0.8660254037844162811, 0.000000000000000000, 0.5000000000000385247 ) ) ;
#1217 = EDGE_LOOP ( 'NONE', ( #2593, #1100, #5812, #6674 ) ) ;
#1218 = CARTESIAN_POINT ( 'NONE',  ( -62.99795850323486945, -4.379143949069773889, 7.143672544650549128 ) ) ;
#1219 = EDGE_CURVE ( 'NONE', #184, #4034, #1281, .T. ) ;
#1220 = CARTESIAN_POINT ( 'NONE',  ( -62.52878339059327573, -5.958149606299221190, 8.210599405264941808 ) ) ;
#1221 = DIRECTION ( 'NONE',  ( 0.000000000000000000, 0.000000000000000000, 1.000000000000000000 ) ) ;
#1222 = DIRECTION ( 'NONE',  ( 0.2588190451024794392, -0.000000000000000000, 0.9659258262890794144 ) ) ;
#1223 = CARTESIAN_POINT ( 'NONE',  ( -61.26366723646204804, -4.217163321468006210, 8.276527981972551018 ) ) ;
#1224 = DIRECTION ( 'NONE',  ( 0.000000000000000000, 1.000000000000000000, 0.000000000000000000 ) ) ;
#1225 = ORIENTED_EDGE ( 'NONE', *, *, #2610, .F. ) ;
#1226 = DIRECTION ( 'NONE',  ( 6.123233995736766036E-17, -1.000000000000000000, -0.000000000000000000 ) ) ;
#1227 = VERTEX_POINT ( 'NONE', #7288 ) ;
#1228 = CIRCLE ( 'NONE', #5971, 0.9152559055118133502 ) ;
#1229 = DIRECTION ( 'NONE',  ( -0.000000000000000000, -1.000000000000000000, -0.000000000000000000 ) ) ;
#1230 = AXIS2_PLACEMENT_3D ( 'NONE', #85, #3460, #7368 ) ;
#1231 = CARTESIAN_POINT ( 'NONE',  ( -61.82167660940673670, -0.3996062992126024893, 7.503492624078405449 ) ) ;
#1232 = AXIS2_PLACEMENT_3D ( 'NONE', #1831, #1168, #7697 ) ;
#1233 = CARTESIAN_POINT ( 'NONE',  ( -62.49356417536078112, -1.267487984741781704, 8.294893949339048334 ) ) ;
#1234 = CIRCLE ( 'NONE', #6125, 0.5040000001279016928 ) ;
#1235 = DIRECTION ( 'NONE',  ( -0.000000000000000000, 1.000000000000000000, 1.982541115402063384E-16 ) ) ;
#1236 = VERTEX_POINT ( 'NONE', #2811 ) ;
#1237 = EDGE_CURVE ( 'NONE', #5382, #1465, #6610, .T. ) ;
#1238 = DIRECTION ( 'NONE',  ( 0.000000000000000000, 1.000000000000000000, 0.000000000000000000 ) ) ;
#1239 = EDGE_CURVE ( 'NONE', #7761, #4046, #1612, .T. ) ;
#1240 = ORIENTED_EDGE ( 'NONE', *, *, #1718, .F. ) ;
#1241 = CARTESIAN_POINT ( 'NONE',  ( -63.13667775571050100, -4.391949825143375286, 8.370527938355998288 ) ) ;
#1242 = VECTOR ( 'NONE', #5664, 39.37007874015748143 ) ;
#1243 = AXIS2_PLACEMENT_3D ( 'NONE', #2038, #1381, #6895 ) ;
#1244 = PERSON_AND_ORGANIZATION_ROLE ( 'design_owner' ) ;
#1245 = CARTESIAN_POINT ( 'NONE',  ( -61.24981773185806588, -4.208110236220480971, 8.432943233919795389 ) ) ;
#1246 = B_SPLINE_CURVE_WITH_KNOTS ( 'NONE', 3,
 ( #1630, #6349, #8379, #365 ),
 .UNSPECIFIED., .F., .F.,
 ( 4, 4 ),
 ( 2.014298345444540159E-07, 0.0004597969392810963155 ),
 .UNSPECIFIED. ) ;
#1247 = CARTESIAN_POINT ( 'NONE',  ( -62.17522999999999911, -0.4192913385826831929, 7.857046014671676737 ) ) ;
#1248 = VERTEX_POINT ( 'NONE', #4081 ) ;
#1249 = CARTESIAN_POINT ( 'NONE',  ( -62.17522999999999911, -1.267487984742363905, 7.857046014671676737 ) ) ;
#1250 = ORIENTED_EDGE ( 'NONE', *, *, #8588, .T. ) ;
#1251 = CARTESIAN_POINT ( 'NONE',  ( -63.14659180357678991, -4.005612544101545325, 8.113367475681556584 ) ) ;
#1252 = CARTESIAN_POINT ( 'NONE',  ( -62.26678717034166510, -4.379158802030208797, 6.722008380637485736 ) ) ;
#1253 = CARTESIAN_POINT ( 'NONE',  ( -62.52878339059327573, -1.481336058263770905, 8.210599405264941808 ) ) ;
#1254 = CARTESIAN_POINT ( 'NONE',  ( -61.33913432634641794, 57.93121849778213317, 7.317456188132770656 ) ) ;
#1255 = EDGE_LOOP ( 'NONE', ( #362, #7328, #7349, #1457 ) ) ;
#1256 = CARTESIAN_POINT ( 'NONE',  ( -62.65819291314453920, -1.481336058263770905, 7.986455537222931333 ) ) ;
#1257 = ORIENTED_EDGE ( 'NONE', *, *, #7711, .T. ) ;
#1258 = CARTESIAN_POINT ( 'NONE',  ( -61.28873628288049247, -4.228091726887241997, 8.329864209113447160 ) ) ;
#1259 = DIRECTION ( 'NONE',  ( 1.000000000000000000, 0.000000000000000000, 0.000000000000000000 ) ) ;
#1260 = CARTESIAN_POINT ( 'NONE',  ( -61.66296497873673843, -4.208110236220481859, 8.074494267896145772 ) ) ;
#1261 = CARTESIAN_POINT ( 'NONE',  ( -61.80912333800013414, -5.958149606299221190, 7.516508333879509784 ) ) ;
#1262 = CARTESIAN_POINT ( 'NONE',  ( -61.30894758648356202, -4.209241314189928751, 8.269853819057328081 ) ) ;
#1263 = CC_DESIGN_PERSON_AND_ORGANIZATION_ASSIGNMENT ( #6749, #3430, ( #4702 ) ) ;
#1264 = DIRECTION ( 'NONE',  ( -0.01808295674480186674, 0.000000000000000000, 0.9998364899699178077 ) ) ;
#1265 = VERTEX_POINT ( 'NONE', #7988 ) ;
#1266 = CARTESIAN_POINT ( 'NONE',  ( -61.80912333800013414, -5.958149606299221190, 8.197583695463849907 ) ) ;
#1267 = ORIENTED_EDGE ( 'NONE', *, *, #297, .F. ) ;
#1268 = VECTOR ( 'NONE', #738, 39.37007874015748143 ) ;
#1269 = CARTESIAN_POINT ( 'NONE',  ( -61.64052850218734392, -0.4192913385826831929, 7.772537025020779922 ) ) ;
#1270 = CARTESIAN_POINT ( 'NONE',  ( -62.04569352754232625, -3.988504844567673402, 8.763088880587783791 ) ) ;
#1271 = DIRECTION ( 'NONE',  ( 6.703233356227466672E-14, 0.000000000000000000, -1.000000000000000000 ) ) ;
#1272 = AXIS2_PLACEMENT_3D ( 'NONE', #4477, #6982, #3171 ) ;
#1273 = DIRECTION ( 'NONE',  ( 0.6942045807973358240, 0.000000000000000000, 0.7197777434736332136 ) ) ;
#1274 = VERTEX_POINT ( 'NONE', #6654 ) ;
#1275 = ORIENTED_EDGE ( 'NONE', *, *, #2941, .T. ) ;
#1276 = CARTESIAN_POINT ( 'NONE',  ( -63.00455712801399244, -4.218248795940271911, 8.392862646769907897 ) ) ;
#1277 = FACE_OUTER_BOUND ( 'NONE', #5538, .T. ) ;
#1278 = AXIS2_PLACEMENT_3D ( 'NONE', #1901, #629, #8079 ) ;
#1279 = ORIENTED_EDGE ( 'NONE', *, *, #2308, .T. ) ;
#1280 = DIRECTION ( 'NONE',  ( 1.000000000000000000, 0.000000000000000000, 0.000000000000000000 ) ) ;
#1281 = B_SPLINE_CURVE_WITH_KNOTS ( 'NONE', 3,
 ( #6395, #408, #3073, #5078 ),
 .UNSPECIFIED., .F., .F.,
 ( 4, 4 ),
 ( 2.372388754655809340E-06, 0.005608136317061037691 ),
 .UNSPECIFIED. ) ;
#1282 = PLANE ( 'NONE',  #8524 ) ;
#1283 = ORIENTED_EDGE ( 'NONE', *, *, #7325, .F. ) ;
#1284 = CARTESIAN_POINT ( 'NONE',  ( -61.94823601634914212, -1.336377492740392636, 7.388462531862222349 ) ) ;
#1285 = AXIS2_PLACEMENT_3D ( 'NONE', #8311, #6905, #911 ) ;
#1286 = VERTEX_POINT ( 'NONE', #8647 ) ;
#1287 = CARTESIAN_POINT ( 'NONE',  ( -61.68338245662534547, -1.336377492740392414, 7.686216441553170853 ) ) ;
#1288 = CARTESIAN_POINT ( 'NONE',  ( -61.29172700356568271, -4.208110236220480971, 8.276458049455362342 ) ) ;
#1289 = DIRECTION ( 'NONE',  ( -0.000000000000000000, 1.000000000000000000, 0.000000000000000000 ) ) ;
#1290 = B_SPLINE_CURVE_WITH_KNOTS ( 'NONE', 3,
 ( #4805, #8561, #2757, #5172, #7201, #7486, #2547, #4763, #6123, #3252, #2090, #588, #5417, #7286, #81, #6529, #8605, #4559, #5819, #6736 ),
 .UNSPECIFIED., .F., .F.,
 ( 4, 2, 2, 2, 2, 2, 2, 2, 2, 4 ),
 ( 0.000000000000000000, 0.0009785872799683461958, 0.001957174559936692392, 0.002935761839905038154, 0.003914349119873384783, 0.004892936399841731412, 0.005871523679810076307, 0.006850110959778422937, 0.007339404599762601455, 0.007828698239746778240 ),
 .UNSPECIFIED. ) ;
#1291 = CIRCLE ( 'NONE', #6176, 0.1620000000368221060 ) ;
#1292 = EDGE_CURVE ( 'NONE', #2377, #3957, #3339, .T. ) ;
#1293 = DIRECTION ( 'NONE',  ( 0.000000000000000000, 1.000000000000000000, 0.000000000000000000 ) ) ;
#1294 = VERTEX_POINT ( 'NONE', #7330 ) ;
#1295 = DIRECTION ( 'NONE',  ( -0.7197777434736379876, 0.000000000000000000, 0.6942045807973308280 ) ) ;
#1296 = ORIENTED_EDGE ( 'NONE', *, *, #4126, .T. ) ;
#1297 = DIRECTION ( 'NONE',  ( 0.000000000000000000, 0.000000000000000000, -1.000000000000000000 ) ) ;
#1298 = EDGE_CURVE ( 'NONE', #3061, #7329, #2227, .T. ) ;
#1299 = EDGE_CURVE ( 'NONE', #5820, #111, #7254, .T. ) ;
#1300 = DIRECTION ( 'NONE',  ( -0.000000000000000000, 1.000000000000000000, -0.000000000000000000 ) ) ;
#1301 = CARTESIAN_POINT ( 'NONE',  ( -61.66283278306058691, -4.208194269156662948, 8.083216737271664343 ) ) ;
#1302 = CARTESIAN_POINT ( 'NONE',  ( -61.74401926129243634, -0.3996062992126024893, 8.150609837490678800 ) ) ;
#1303 = CARTESIAN_POINT ( 'NONE',  ( -62.17522999999999911, -1.966043196441233709, 8.014329479238606169 ) ) ;
#1304 = DIRECTION ( 'NONE',  ( 0.8660254037844162811, 0.000000000000000000, 0.5000000000000385247 ) ) ;
#1305 = ORIENTED_EDGE ( 'NONE', *, *, #6387, .T. ) ;
#1306 = DIRECTION ( 'NONE',  ( -0.5155785449014905764, 0.000000000000000000, 0.8568423215722141828 ) ) ;
#1307 = ADVANCED_FACE ( 'NONE', ( #2678 ), #1316, .T. ) ;
#1308 = AXIS2_PLACEMENT_3D ( 'NONE', #453, #7860, #6445 ) ;
#1309 = ORIENTED_EDGE ( 'NONE', *, *, #5805, .T. ) ;
#1310 = CARTESIAN_POINT ( 'NONE',  ( -62.15715000000000856, -1.481336058263765798, 8.356719021347041476 ) ) ;
#1311 = CARTESIAN_POINT ( 'NONE',  ( -61.90730276946889177, -4.002870303370336558, 6.898699440940922578 ) ) ;
#1312 = CARTESIAN_POINT ( 'NONE',  ( -62.43036216180283304, -1.482581474689095291, 7.427121433484860091 ) ) ;
#1313 = CARTESIAN_POINT ( 'NONE',  ( -62.42523000000000621, -0.3996062992126024893, 8.290058716563899921 ) ) ;
#1314 = ORIENTED_EDGE ( 'NONE', *, *, #486, .F. ) ;
#1315 = ORIENTED_EDGE ( 'NONE', *, *, #2621, .T. ) ;
#1316 = PLANE ( 'NONE',  #8055 ) ;
#1317 = EDGE_CURVE ( 'NONE', #335, #6952, #6790, .T. ) ;
#1318 = CYLINDRICAL_SURFACE ( 'NONE', #155, 0.5039999998060856745 ) ;
#1319 = CARTESIAN_POINT ( 'NONE',  ( -61.63687547790328836, -1.267487984742363905, 7.800284499250320636 ) ) ;
#1320 = ORIENTED_EDGE ( 'NONE', *, *, #2745, .F. ) ;
#1321 = CARTESIAN_POINT ( 'NONE',  ( -62.49562054075092021, -5.958110236220480971, 7.124004473509751634 ) ) ;
#1322 = ORIENTED_EDGE ( 'NONE', *, *, #6479, .F. ) ;
#1323 = VECTOR ( 'NONE', #2148, 39.37007874015748143 ) ;
#1324 = CARTESIAN_POINT ( 'NONE',  ( -62.52878339059327573, -0.3996062992126024893, 8.210599405264941808 ) ) ;
#1325 = VERTEX_POINT ( 'NONE', #6137 ) ;
#1326 = LINE ( 'NONE', #3436, #4968 ) ;
#1327 = DIRECTION ( 'NONE',  ( -0.9659258262890560998, 0.000000000000000000, -0.2588190451025665917 ) ) ;
#1328 = CIRCLE ( 'NONE', #3154, 0.3071496062623946255 ) ;
#1329 = CARTESIAN_POINT ( 'NONE',  ( -63.13914609356205432, -4.002870303309150835, 8.104187513396798437 ) ) ;
#1330 = AXIS2_PLACEMENT_3D ( 'NONE', #1303, #7403, #3412 ) ;
#1331 = CARTESIAN_POINT ( 'NONE',  ( -62.17522999999999911, -0.3996062992126024893, 7.857046014671676737 ) ) ;
#1332 = VERTEX_POINT ( 'NONE', #3950 ) ;
#1333 = CARTESIAN_POINT ( 'NONE',  ( -62.66983945008889378, -1.267487984741781704, 8.077066361407776895 ) ) ;
#1334 = EDGE_CURVE ( 'NONE', #5380, #8520, #5953, .T. ) ;
#1335 = ORIENTED_EDGE ( 'NONE', *, *, #6683, .F. ) ;
#1336 = DIRECTION ( 'NONE',  ( 6.123233995736766036E-17, -1.000000000000000000, 0.000000000000000000 ) ) ;
#1337 = EDGE_CURVE ( 'NONE', #3806, #201, #7768, .T. ) ;
#1338 = DIRECTION ( 'NONE',  ( -0.9998364899699179187, 0.000000000000000000, -0.01808295674480187021 ) ) ;
#1339 = CARTESIAN_POINT ( 'NONE',  ( -62.28635315980522336, -4.216807912227694466, 8.458762965408851642 ) ) ;
#1340 = AXIS2_PLACEMENT_3D ( 'NONE', #6650, #4729, #661 ) ;
#1341 = EDGE_CURVE ( 'NONE', #7077, #7143, #4213, .T. ) ;
#1342 = DIRECTION ( 'NONE',  ( -4.335420911161236290E-14, -0.000000000000000000, 1.000000000000000000 ) ) ;
#1343 = AXIS2_PLACEMENT_3D ( 'NONE', #2415, #7158, #5737 ) ;
#1344 = CARTESIAN_POINT ( 'NONE',  ( -62.65819291314453920, -0.3996062992126024893, 7.727636492120407041 ) ) ;
#1345 = ORIENTED_EDGE ( 'NONE', *, *, #4954, .T. ) ;
#1346 = DIRECTION ( 'NONE',  ( 0.000000000000000000, 1.000000000000000000, 0.000000000000000000 ) ) ;
#1347 = ADVANCED_FACE ( 'NONE', ( #3383 ), #8075, .T. ) ;
#1348 = EDGE_LOOP ( 'NONE', ( #8333, #2546, #1063, #6330, #6580 ) ) ;
#1349 = LINE ( 'NONE', #2708, #5555 ) ;
#1350 = ORIENTED_EDGE ( 'NONE', *, *, #8211, .F. ) ;
#1351 = EDGE_CURVE ( 'NONE', #1121, #920, #984, .T. ) ;
#1352 = CIRCLE ( 'NONE', #7506, 0.5039999998060856745 ) ;
#1353 = CARTESIAN_POINT ( 'NONE',  ( -61.69226708685546612, -5.958149606299221190, 7.727636492120415923 ) ) ;
#1354 = DIRECTION ( 'NONE',  ( 0.000000000000000000, 0.000000000000000000, -1.000000000000000000 ) ) ;
#1355 = CARTESIAN_POINT ( 'NONE',  ( -62.17522999989427035, -4.404960629921268911, 7.857046014882461016 ) ) ;
#1356 = DIRECTION ( 'NONE',  ( 0.000000000000000000, -1.000000000000000000, 0.000000000000000000 ) ) ;
#1357 = ORIENTED_EDGE ( 'NONE', *, *, #940, .F. ) ;
#1358 = CIRCLE ( 'NONE', #4433, 0.5413385826771592857 ) ;
#1359 = ORIENTED_EDGE ( 'NONE', *, *, #8247, .F. ) ;
#1360 = AXIS2_PLACEMENT_3D ( 'NONE', #5769, #8557, #3205 ) ;
#1361 = LINE ( 'NONE', #7420, #7794 ) ;
#1362 = CARTESIAN_POINT ( 'NONE',  ( -62.87561971393870408, -4.322691748951481117, 8.070444004513122493 ) ) ;
#1363 = CARTESIAN_POINT ( 'NONE',  ( -62.50674023253457534, -4.280635515785304435, 8.902069087105990874 ) ) ;
#1364 =( NAMED_UNIT ( * ) SI_UNIT ( $, .STERADIAN. ) SOLID_ANGLE_UNIT ( ) );
#1365 = CARTESIAN_POINT ( 'NONE',  ( -62.67015602364340765, -1.407454082783005989, 7.964519385041341160 ) ) ;
#1366 = ADVANCED_FACE ( 'NONE', ( #844 ), #3514, .F. ) ;
#1367 = LINE ( 'NONE', #3261, #689 ) ;
#1368 = VECTOR ( 'NONE', #6819, 39.37007874015748143 ) ;
#1369 = CIRCLE ( 'NONE', #3897, 0.3937007874015751585 ) ;
#1370 = ORIENTED_EDGE ( 'NONE', *, *, #2870, .F. ) ;
#1371 = CARTESIAN_POINT ( 'NONE',  ( -61.81578631136392943, -3.986213576702720918, 7.039588578895980220 ) ) ;
#1372 = CARTESIAN_POINT ( 'NONE',  ( -62.98637918003026215, -4.214444128720912452, 8.432156690337281546 ) ) ;
#1373 = CARTESIAN_POINT ( 'NONE',  ( -62.34718532649477396, -0.3996062992126024893, 7.364548517282191398 ) ) ;
#1374 = DIRECTION ( 'NONE',  ( 0.000000000000000000, 1.000000000000000000, 0.000000000000000000 ) ) ;
#1375 = B_SPLINE_CURVE_WITH_KNOTS ( 'NONE', 3,
 ( #3555, #3593, #4284, #5592 ),
 .UNSPECIFIED., .F., .F.,
 ( 4, 4 ),
 ( 0.000000000000000000, 0.0008211405993299556068 ),
 .UNSPECIFIED. ) ;
#1376 = CIRCLE ( 'NONE', #1926, 0.5039999999631777916 ) ;
#1377 = DIRECTION ( 'NONE',  ( 0.000000000000000000, 0.000000000000000000, -1.000000000000000000 ) ) ;
#1378 = CIRCLE ( 'NONE', #4043, 0.5413385826771592857 ) ;
#1379 = VECTOR ( 'NONE', #418, 39.37007874015748143 ) ;
#1380 = ORIENTED_EDGE ( 'NONE', *, *, #309, .F. ) ;
#1381 = DIRECTION ( 'NONE',  ( 0.7197777434736211122, 0.000000000000000000, 0.6942045807973483695 ) ) ;
#1382 = ORIENTED_EDGE ( 'NONE', *, *, #6860, .T. ) ;
#1383 = LINE ( 'NONE', #644, #1647 ) ;
#1384 = CARTESIAN_POINT ( 'NONE',  ( -62.15286178522494254, -4.313793353955166943, 6.784943461813655041 ) ) ;
#1385 = DIRECTION ( 'NONE',  ( -0.000000000000000000, -1.000000000000000000, -0.000000000000000000 ) ) ;
#1386 = CARTESIAN_POINT ( 'NONE',  ( -62.16314187404245928, -1.482582146657632549, 8.356827389865511435 ) ) ;
#1387 = B_SPLINE_CURVE_WITH_KNOTS ( 'NONE', 3,
 ( #7871, #421, #1032, #5093 ),
 .UNSPECIFIED., .F., .F.,
 ( 4, 4 ),
 ( 2.014298344205942938E-07, 0.0004597969392811205474 ),
 .UNSPECIFIED. ) ;
#1388 = DIRECTION ( 'NONE',  ( -0.000000000000000000, 1.000000000000000000, -0.000000000000000000 ) ) ;
#1389 = ORIENTED_EDGE ( 'NONE', *, *, #2247, .F. ) ;
#1390 = EDGE_CURVE ( 'NONE', #8273, #3563, #5595, .T. ) ;
#1391 = CARTESIAN_POINT ( 'NONE',  ( -62.65819291314453920, -0.3996062992126024893, 7.727636492120407041 ) ) ;
#1392 = EDGE_CURVE ( 'NONE', #2800, #1076, #6213, .T. ) ;
#1393 = VERTEX_POINT ( 'NONE', #8286 ) ;
#1394 = CARTESIAN_POINT ( 'NONE',  ( -62.66162143776568882, -0.4126776965509276196, 8.079268371173162322 ) ) ;
#1395 = ORIENTED_EDGE ( 'NONE', *, *, #5579, .F. ) ;
#1396 = DIRECTION ( 'NONE',  ( 0.000000000000000000, 0.000000000000000000, -1.000000000000000000 ) ) ;
#1397 = DIRECTION ( 'NONE',  ( -0.000000000000000000, 1.000000000000000000, 1.982541115402063384E-16 ) ) ;
#1398 = DIRECTION ( 'NONE',  ( 0.000000000000000000, 1.000000000000000000, 0.000000000000000000 ) ) ;
#1399 = B_SPLINE_CURVE_WITH_KNOTS ( 'NONE', 3,
 ( #5002, #7686, #8081, #676 ),
 .UNSPECIFIED., .F., .F.,
 ( 4, 4 ),
 ( 2.014298341466904673E-07, 0.0004597969392807529487 ),
 .UNSPECIFIED. ) ;
#1400 = DIRECTION ( 'NONE',  ( 0.000000000000000000, 0.000000000000000000, -1.000000000000000000 ) ) ;
#1401 = CARTESIAN_POINT ( 'NONE',  ( -62.11846848457864212, -1.267487984742363905, 8.395400536768395483 ) ) ;
#1402 = ORIENTED_EDGE ( 'NONE', *, *, #7252, .F. ) ;
#1403 = ORIENTED_EDGE ( 'NONE', *, *, #7692, .T. ) ;
#1404 = DIRECTION ( 'NONE',  ( -1.000000000000000000, 0.000000000000000000, 2.936539900133539049E-14 ) ) ;
#1405 = CARTESIAN_POINT ( 'NONE',  ( -62.67308982273325313, -4.209440228695565445, 8.162989767523193052 ) ) ;
#1406 = ADVANCED_FACE ( 'NONE', ( #7623 ), #6301, .T. ) ;
#1407 = EDGE_CURVE ( 'NONE', #1751, #2750, #186, .T. ) ;
#1408 = CARTESIAN_POINT ( 'NONE',  ( -62.49871627517815398, -4.245277145001668195, 8.865378596989613058 ) ) ;
#1409 = PERSON_AND_ORGANIZATION ( #2462, #3721 ) ;
#1410 = CARTESIAN_POINT ( 'NONE',  ( -62.44072424263811172, -1.481336058263765798, 8.280735532037894586 ) ) ;
#1411 = ORIENTED_EDGE ( 'NONE', *, *, #2351, .F. ) ;
#1412 = ORIENTED_EDGE ( 'NONE', *, *, #3538, .T. ) ;
#1413 = LINE ( 'NONE', #8123, #386 ) ;
#1414 = VECTOR ( 'NONE', #719, 39.37007874015748143 ) ;
#1415 = ORIENTED_EDGE ( 'NONE', *, *, #5954, .T. ) ;
#1416 = DIRECTION ( 'NONE',  ( 0.000000000000000000, 0.000000000000000000, -1.000000000000000000 ) ) ;
#1417 = ORIENTED_EDGE ( 'NONE', *, *, #312, .T. ) ;
#1418 = DIRECTION ( 'NONE',  ( -0.7071067811865254793, 0.000000000000000000, 0.7071067811865695552 ) ) ;
#1419 = DIRECTION ( 'NONE',  ( 0.000000000000000000, 0.000000000000000000, -1.000000000000000000 ) ) ;
#1420 = VERTEX_POINT ( 'NONE', #2848 ) ;
#1421 = CARTESIAN_POINT ( 'NONE',  ( -62.07789893236576972, -0.3996062992126024893, 7.344553007384737597 ) ) ;
#1422 = EDGE_CURVE ( 'NONE', #8194, #3387, #452, .T. ) ;
#1423 = LINE ( 'NONE', #5213, #4916 ) ;
#1424 = ORIENTED_EDGE ( 'NONE', *, *, #2749, .F. ) ;
#1425 = CYLINDRICAL_SURFACE ( 'NONE', #826, 1.139999999845861867 ) ;
#1426 = ORIENTED_EDGE ( 'NONE', *, *, #2120, .F. ) ;
#1427 = DIRECTION ( 'NONE',  ( 1.000000000000000000, 0.000000000000000000, 0.000000000000000000 ) ) ;
#1428 = CARTESIAN_POINT ( 'NONE',  ( -62.14353477767321721, -4.351317466152331725, 6.773183891713685512 ) ) ;
#1429 = CARTESIAN_POINT ( 'NONE',  ( -62.32724031306349133, -4.209731312718818508, 8.416230243187792226 ) ) ;
#1430 = EDGE_CURVE ( 'NONE', #2796, #5380, #1666, .T. ) ;
#1431 = DIRECTION ( 'NONE',  ( -1.914987665046787694E-16, 1.000000000000000000, -5.131193983648563664E-17 ) ) ;
#1432 = CIRCLE ( 'NONE', #6182, 0.5413385826771592857 ) ;
#1433 = ORIENTED_EDGE ( 'NONE', *, *, #2095, .T. ) ;
#1434 = CARTESIAN_POINT ( 'NONE',  ( -62.24984756411853937, -4.209388813365352533, 6.899298025541767743 ) ) ;
#1435 = EDGE_LOOP ( 'NONE', ( #8615, #3403, #2239, #2303 ) ) ;
#1436 = LINE ( 'NONE', #7320, #4728 ) ;
#1437 = ORIENTED_EDGE ( 'NONE', *, *, #863, .T. ) ;
#1438 = DIRECTION ( 'NONE',  ( 0.000000000000000000, 0.000000000000000000, -1.000000000000000000 ) ) ;
#1439 = CARTESIAN_POINT ( 'NONE',  ( -62.40940876403725213, -1.481336058263765798, 7.415276497305457681 ) ) ;
#1440 = EDGE_CURVE ( 'NONE', #6928, #4549, #254, .T. ) ;
#1441 = FACE_OUTER_BOUND ( 'NONE', #5231, .T. ) ;
#1442 = ORIENTED_EDGE ( 'NONE', *, *, #1769, .T. ) ;
#1443 = LINE ( 'NONE', #3423, #7767 ) ;
#1444 = DIRECTION ( 'NONE',  ( 0.000000000000000000, 1.000000000000000000, 0.000000000000000000 ) ) ;
#1445 = ORIENTED_EDGE ( 'NONE', *, *, #4554, .T. ) ;
#1446 = ORIENTED_EDGE ( 'NONE', *, *, #6958, .T. ) ;
#1447 = ADVANCED_FACE ( 'NONE', ( #356 ), #8197, .T. ) ;
#1448 = CARTESIAN_POINT ( 'NONE',  ( -63.09321270350693567, -4.280635515780438993, 8.377085896925935415 ) ) ;
#1449 = CARTESIAN_POINT ( 'NONE',  ( -61.69726238648821237, -1.481336058263765798, 8.003834844062215126 ) ) ;
#1450 = CARTESIAN_POINT ( 'NONE',  ( -62.13752081494315149, -1.336377492740391526, 8.376348206403886110 ) ) ;
#1451 = CARTESIAN_POINT ( 'NONE',  ( -61.68790348981730887, -1.481336058263765798, 7.968906966183608276 ) ) ;
#1452 = EDGE_CURVE ( 'NONE', #1649, #4323, #3018, .T. ) ;
#1453 = EDGE_CURVE ( 'NONE', #920, #8253, #2935, .T. ) ;
#1454 = VERTEX_POINT ( 'NONE', #278 ) ;
#1455 = EDGE_CURVE ( 'NONE', #3243, #3994, #4947, .T. ) ;
#1456 = CARTESIAN_POINT ( 'NONE',  ( -62.48534616303758327, -0.4126776965509281747, 8.292691939573657578 ) ) ;
#1457 = ORIENTED_EDGE ( 'NONE', *, *, #4938, .T. ) ;
#1458 = CARTESIAN_POINT ( 'NONE',  ( -62.50664736886519535, -4.267935714804187874, 9.075719552776748245 ) ) ;
#1459 = ORIENTED_EDGE ( 'NONE', *, *, #5148, .F. ) ;
#1460 = LINE ( 'NONE', #7956, #2214 ) ;
#1461 = DIRECTION ( 'NONE',  ( 1.000000000000000000, 0.000000000000000000, 0.000000000000000000 ) ) ;
#1462 = EDGE_CURVE ( 'NONE', #6570, #5203, #5358, .T. ) ;
#1463 = DIRECTION ( 'NONE',  ( 0.000000000000000000, -1.000000000000000000, 0.000000000000000000 ) ) ;
#1464 = CARTESIAN_POINT ( 'NONE',  ( -62.18731812595754604, -1.482582146657632549, 7.357264639477842039 ) ) ;
#1465 = VERTEX_POINT ( 'NONE', #7144 ) ;
#1466 = CARTESIAN_POINT ( 'NONE',  ( -61.17282407097062702, -4.274784751995445831, 7.540693259109668034 ) ) ;
#1467 = ORIENTED_EDGE ( 'NONE', *, *, #5165, .T. ) ;
#1468 = CARTESIAN_POINT ( 'NONE',  ( -61.94857245730410966, -0.3996062992126024893, 8.326885112218789686 ) ) ;
#1469 = CARTESIAN_POINT ( 'NONE',  ( -62.26714616095117805, -4.302276525524925788, 6.749234869974816142 ) ) ;
#1470 = CARTESIAN_POINT ( 'NONE',  ( -62.66983945008866641, -0.4192913385826831929, 8.077066361407830186 ) ) ;
#1471 = CARTESIAN_POINT ( 'NONE',  ( -61.90973575736190782, -1.481336058263765798, 7.433356497305461552 ) ) ;
#1472 = CIRCLE ( 'NONE', #5102, 0.5216535433070783601 ) ;
#1473 = EDGE_CURVE ( 'NONE', #7688, #7516, #3247, .T. ) ;
#1474 = ORIENTED_EDGE ( 'NONE', *, *, #5032, .F. ) ;
#1475 = CARTESIAN_POINT ( 'NONE',  ( -63.26355372848500025, -4.140006361893364684, 8.357260143117532181 ) ) ;
#1476 = ORIENTED_EDGE ( 'NONE', *, *, #6216, .F. ) ;
#1477 = LINE ( 'NONE', #4146, #3473 ) ;
#1478 = ADVANCED_FACE ( 'NONE', ( #3853 ), #2024, .F. ) ;
#1479 = EDGE_LOOP ( 'NONE', ( #2332, #754, #2685, #6582 ) ) ;
#1481 = VECTOR ( 'NONE', #1043, 39.37007874015748143 ) ;
#1480 = CARTESIAN_POINT ( 'NONE',  ( -62.51576768079216606, -5.958149606299221190, 8.223152676671547923 ) ) ;
#1482 = DIRECTION ( 'NONE',  ( 5.131193983648629608E-17, 1.000000000000000000, -1.914987665046785229E-16 ) ) ;
#1483 = CIRCLE ( 'NONE', #3158, 0.2879842519841916970 ) ;
#1484 = DIRECTION ( 'NONE',  ( 0.9659258262890624280, 0.000000000000000000, -0.2588190451025429439 ) ) ;
#1485 = ORIENTED_EDGE ( 'NONE', *, *, #5946, .T. ) ;
#1486 = CARTESIAN_POINT ( 'NONE',  ( -61.06273608398331731, -4.404960629921268911, 7.608133808477015592 ) ) ;
#1487 = DIRECTION ( 'NONE',  ( -0.000000000000000000, 1.000000000000000000, -0.000000000000000000 ) ) ;
#1488 = ORIENTED_EDGE ( 'NONE', *, *, #6055, .F. ) ;
#1489 = AXIS2_PLACEMENT_3D ( 'NONE', #2934, #1742, #7463 ) ;
#1490 = EDGE_LOOP ( 'NONE', ( #1855, #2265, #7245, #8417, #1320 ) ) ;
#1491 = CARTESIAN_POINT ( 'NONE',  ( -63.08472580004378472, -4.270835389118338377, 8.378448774060565540 ) ) ;
#1492 = CARTESIAN_POINT ( 'NONE',  ( -62.20761448775751745, -4.263804087504292184, 8.546897726231472703 ) ) ;
#1493 = CARTESIAN_POINT ( 'NONE',  ( -62.43220057176885973, -4.226216439429905769, 8.825295646083828771 ) ) ;
#1494 = FACE_OUTER_BOUND ( 'NONE', #4866, .T. ) ;
#1495 = EDGE_CURVE ( 'NONE', #3348, #2800, #8255, .T. ) ;
#1496 = CARTESIAN_POINT ( 'NONE',  ( -63.21723726926133935, -5.958110236220478306, 8.576029308154756947 ) ) ;
#1497 = ORIENTED_EDGE ( 'NONE', *, *, #3234, .F. ) ;
#1498 = ADVANCED_FACE ( 'NONE', ( #6523 ), #4054, .T. ) ;
#1499 = ADVANCED_FACE ( 'NONE', ( #3813 ), #3719, .F. ) ;
#1500 = B_SPLINE_CURVE_WITH_KNOTS ( 'NONE', 3,
 ( #6758, #765, #6144, #15 ),
 .UNSPECIFIED., .F., .F.,
 ( 4, 4 ),
 ( 2.014298343063457487E-07, 0.0004597969392809232768 ),
 .UNSPECIFIED. ) ;
#1501 = DIRECTION ( 'NONE',  ( 1.000000000000000000, 0.000000000000000000, 0.000000000000000000 ) ) ;
#1502 = B_SPLINE_CURVE_WITH_KNOTS ( 'NONE', 3,
 ( #7586, #6218, #280, #6926 ),
 .UNSPECIFIED., .F., .F.,
 ( 4, 4 ),
 ( 2.014298344061247211E-07, 0.0004597969392809029480 ),
 .UNSPECIFIED. ) ;
#1503 = VERTEX_POINT ( 'NONE', #4373 ) ;
#1504 = CARTESIAN_POINT ( 'NONE',  ( -62.47392289786809982, -4.250727196202359615, 9.078466869827259700 ) ) ;
#1505 = B_SPLINE_CURVE_WITH_KNOTS ( 'NONE', 3,
 ( #1028, #2335, #908, #298 ),
 .UNSPECIFIED., .F., .F.,
 ( 4, 4 ),
 ( 2.014298343233802695E-07, 0.0004597969392807079001 ),
 .UNSPECIFIED. ) ;
#1506 = ORIENTED_EDGE ( 'NONE', *, *, #2745, .T. ) ;
#1507 = CARTESIAN_POINT ( 'NONE',  ( -62.70781752676735721, -4.236372183761228705, 7.474547306879918196 ) ) ;
#1508 = AXIS2_PLACEMENT_3D ( 'NONE', #6569, #2509, #7900 ) ;
#1509 = CARTESIAN_POINT ( 'NONE',  ( -62.17522999999999911, -0.3996062992126024893, 7.857046014671676737 ) ) ;
#1510 = CARTESIAN_POINT ( 'NONE',  ( -61.67523000000000621, -1.481336058263770905, 7.857046014671682066 ) ) ;
#1512 = PLANE ( 'NONE',  #1988 ) ;
#1511 = VECTOR ( 'NONE', #4591, 39.37007874015748143 ) ;
#1513 = AXIS2_PLACEMENT_3D ( 'NONE', #4181, #4838, #1517 ) ;
#1514 = ORIENTED_EDGE ( 'NONE', *, *, #388, .T. ) ;
#1515 = CARTESIAN_POINT ( 'NONE',  ( -61.38020213269656011, 57.93121849778213317, 7.946100437918881987 ) ) ;
#1516 = ORIENTED_EDGE ( 'NONE', *, *, #3805, .F. ) ;
#1517 = DIRECTION ( 'NONE',  ( 0.000000000000000000, 0.000000000000000000, -1.000000000000000000 ) ) ;
#1518 = DIRECTION ( 'NONE',  ( 6.123233995736766036E-17, -1.000000000000000000, 0.000000000000000000 ) ) ;
#1519 = CARTESIAN_POINT ( 'NONE',  ( -62.39525034673617654, -0.4192913385826831929, 8.351655464760343150 ) ) ;
#1520 = ADVANCED_BREP_SHAPE_REPRESENTATION ( '26-PTN-3200-03-R1 (Left Stub Shaft)', ( #8475, #5535 ), #5260 ) ;
#1521 = CARTESIAN_POINT ( 'NONE',  ( -61.64893475227990649, -0.4061132758059446957, 7.901748255716420033 ) ) ;
#1522 = VECTOR ( 'NONE', #8554, 39.37007874015748143 ) ;
#1523 = VECTOR ( 'NONE', #2331, 39.37007874015748143 ) ;
#1524 = CIRCLE ( 'NONE', #3347, 0.5413385826771592857 ) ;
#1525 = ORIENTED_EDGE ( 'NONE', *, *, #4288, .T. ) ;
#1526 = CARTESIAN_POINT ( 'NONE',  ( -62.17522999999999911, -3.988504844567673402, 8.772301920183416257 ) ) ;
#1527 = ORIENTED_EDGE ( 'NONE', *, *, #2941, .F. ) ;
#1528 = CARTESIAN_POINT ( 'NONE',  ( -61.83469231920783926, -1.403543307086619674, 7.436235428949777848 ) ) ;
#1529 = ORIENTED_EDGE ( 'NONE', *, *, #1430, .T. ) ;
#1530 = CARTESIAN_POINT ( 'NONE',  ( -62.17522999999999911, -3.595905511811027466, 7.857046014671676737 ) ) ;
#1531 = CARTESIAN_POINT ( 'NONE',  ( -61.53496790055500298, -4.404960629921268911, 7.466451027467043922 ) ) ;
#1532 = CARTESIAN_POINT ( 'NONE',  ( -61.38020213269656011, -5.958110236220478306, 7.946100437918881987 ) ) ;
#1533 = CC_DESIGN_PERSON_AND_ORGANIZATION_ASSIGNMENT ( #6086, #97, ( #4702 ) ) ;
#1534 = VERTEX_POINT ( 'NONE', #3204 ) ;
#1535 = CARTESIAN_POINT ( 'NONE',  ( -61.24521957739354860, -4.208110236220479194, 7.665428879617453894 ) ) ;
#1536 = CARTESIAN_POINT ( 'NONE',  ( -61.72498432675330093, -1.407454082783005989, 7.625138429757516434 ) ) ;
#1537 = CYLINDRICAL_SURFACE ( 'NONE', #6828, 0.5413385826771592857 ) ;
#1538 = ORIENTED_EDGE ( 'NONE', *, *, #5398, .T. ) ;
#1539 = CARTESIAN_POINT ( 'NONE',  ( -62.94201218842964352, -4.208110236220480971, 8.406205604313351287 ) ) ;
#1540 = CARTESIAN_POINT ( 'NONE',  ( -62.15709586793396113, -4.404960629921268911, 8.606826751327723457 ) ) ;
#1541 = DIRECTION ( 'NONE',  ( 0.000000000000000000, 0.000000000000000000, 1.000000000000000000 ) ) ;
#1542 = CARTESIAN_POINT ( 'NONE',  ( -61.83469231920782505, -1.481336058263765798, 7.490939352671807328 ) ) ;
#1543 = EDGE_LOOP ( 'NONE', ( #1412, #7008, #8209, #8595, #1445 ) ) ;
#1544 = FACE_OUTER_BOUND ( 'NONE', #6894, .T. ) ;
#1545 = ORIENTED_EDGE ( 'NONE', *, *, #2295, .T. ) ;
#1546 = CARTESIAN_POINT ( 'NONE',  ( -62.65819291314453920, -1.481336058263770905, 7.986455537222931333 ) ) ;
#1547 = CARTESIAN_POINT ( 'NONE',  ( -62.83077017848160040, -4.370560484266583501, 7.497377920184494116 ) ) ;
#1548 = FACE_OUTER_BOUND ( 'NONE', #8124, .T. ) ;
#1549 = LINE ( 'NONE', #4304, #2111 ) ;
#1550 = VECTOR ( 'NONE', #251, 39.37007874015748143 ) ;
#1551 = B_SPLINE_CURVE_WITH_KNOTS ( 'NONE', 3,
 ( #2460, #1241, #5217, #1858, #1762, #6571, #5256, #3910, #3774, #7762, #590, #5122, #7105, #1276, #5872, #7902, #6444, #451, #2549, #1899 ),
 .UNSPECIFIED., .F., .F.,
 ( 4, 2, 2, 2, 2, 2, 2, 2, 2, 4 ),
 ( 0.000000000000000000, 0.0009791333579871207195, 0.001958266715974241439, 0.002937400073961361942, 0.003916533431948482878, 0.004895666789935603815, 0.005874800147922723884, 0.006853933505909844820, 0.007343500184903413962, 0.007833066863896983104 ),
 .UNSPECIFIED. ) ;
#1552 = AXIS2_PLACEMENT_3D ( 'NONE', #3650, #5694, #6401 ) ;
#1553 = ORIENTED_EDGE ( 'NONE', *, *, #6307, .F. ) ;
#1554 = DIRECTION ( 'NONE',  ( 0.000000000000000000, 0.000000000000000000, -1.000000000000000000 ) ) ;
#1555 = ORIENTED_EDGE ( 'NONE', *, *, #8069, .F. ) ;
#1556 = CARTESIAN_POINT ( 'NONE',  ( -61.91604742540081219, -4.008692396076583897, 6.876794695214163866 ) ) ;
#1557 = CARTESIAN_POINT ( 'NONE',  ( -61.69082173153444160, -1.482581474689047774, 7.733449109625262885 ) ) ;
#1558 = CARTESIAN_POINT ( 'NONE',  ( -62.55356235717618318, -4.278729373877822262, 9.065177113896211836 ) ) ;
#1559 = DIRECTION ( 'NONE',  ( -0.8660254037844562491, 0.000000000000000000, 0.4999999999999695244 ) ) ;
#1560 = CIRCLE ( 'NONE', #7577, 0.1771653543307066259 ) ;
#1561 = EDGE_CURVE ( 'NONE', #411, #4835, #7843, .T. ) ;
#1562 = ORIENTED_EDGE ( 'NONE', *, *, #5032, .T. ) ;
#1563 = CARTESIAN_POINT ( 'NONE',  ( -62.60610429775260144, -1.336377492740392192, 8.149354222753022015 ) ) ;
#1564 = EDGE_CURVE ( 'NONE', #1157, #92, #2542, .T. ) ;
#1565 = ORIENTED_EDGE ( 'NONE', *, *, #3283, .F. ) ;
#1566 = DIRECTION ( 'NONE',  ( -0.000000000000000000, -1.000000000000000000, -0.000000000000000000 ) ) ;
#1567 = EDGE_CURVE ( 'NONE', #979, #8214, #1047, .T. ) ;
#1568 = EDGE_LOOP ( 'NONE', ( #8107, #5645, #6031, #4804 ) ) ;
#1569 = CARTESIAN_POINT ( 'NONE',  ( -62.84820893910343642, -4.218246279493990336, 7.108203596923974743 ) ) ;
#1570 = CARTESIAN_POINT ( 'NONE',  ( -62.99781152483390656, -4.377743985126761217, 7.143684687634081598 ) ) ;
#1571 = CIRCLE ( 'NONE', #7175, 0.5413385826771592857 ) ;
#1572 = DIRECTION ( 'NONE',  ( -0.000000000000000000, 1.000000000000000000, -0.000000000000000000 ) ) ;
#1573 = EDGE_CURVE ( 'NONE', #7858, #3654, #1599, .T. ) ;
#1574 = ADVANCED_FACE ( 'NONE', ( #1848 ), #3106, .F. ) ;
#1575 = VERTEX_POINT ( 'NONE', #1801 ) ;
#1576 = VECTOR ( 'NONE', #6239, 39.37007874015748143 ) ;
#1577 = CARTESIAN_POINT ( 'NONE',  ( -62.27688416241520031, -5.958110236220478306, 6.595149601627935176 ) ) ;
#1578 = AXIS2_PLACEMENT_3D ( 'NONE', #3159, #5169, #2409 ) ;
#1579 = CARTESIAN_POINT ( 'NONE',  ( -62.39745235650148913, -0.4126776965509287298, 7.370654576905983468 ) ) ;
#1580 = DIRECTION ( 'NONE',  ( -0.000000000000000000, 1.000000000000000000, -0.000000000000000000 ) ) ;
#1581 = ORIENTED_EDGE ( 'NONE', *, *, #7294, .F. ) ;
#1582 = B_SPLINE_CURVE_WITH_KNOTS ( 'NONE', 3,
 ( #905, #947, #817, #4836 ),
 .UNSPECIFIED., .F., .F.,
 ( 4, 4 ),
 ( 0.000000000000000000, 0.0008211405993301816629 ),
 .UNSPECIFIED. ) ;
#1583 = CARTESIAN_POINT ( 'NONE',  ( -63.02129848665591538, -4.221082593634073454, 8.419057080339708676 ) ) ;
#1584 = CARTESIAN_POINT ( 'NONE',  ( -61.80912333800013414, -5.958149606299221190, 8.197583695463849907 ) ) ;
#1585 = PLANE ( 'NONE',  #2812 ) ;
#1586 = EDGE_CURVE ( 'NONE', #3102, #472, #4465, .T. ) ;
#1587 = FACE_OUTER_BOUND ( 'NONE', #4223, .T. ) ;
#1588 = VERTEX_POINT ( 'NONE', #5723 ) ;
#1589 = VERTEX_POINT ( 'NONE', #6565 ) ;
#1590 = CIRCLE ( 'NONE', #4524, 0.5413385826771592857 ) ;
#1591 = CARTESIAN_POINT ( 'NONE',  ( -61.83469231920783926, -0.4192913385826831929, 7.436235428949770743 ) ) ;
#1592 = CONICAL_SURFACE ( 'NONE', #475, 0.5216535433070783601, 0.7853981633974604915 ) ;
#1593 = ADVANCED_FACE ( 'NONE', ( #3153 ), #4508, .F. ) ;
#1594 = ORIENTED_EDGE ( 'NONE', *, *, #4531, .F. ) ;
#1595 = CARTESIAN_POINT ( 'NONE',  ( -62.66772749738948534, -0.3996062992126024893, 8.029001341166443595 ) ) ;
#1596 = CARTESIAN_POINT ( 'NONE',  ( -62.82243022974680713, -4.345883739717986138, 7.495947182452502133 ) ) ;
#1597 = CARTESIAN_POINT ( 'NONE',  ( -62.05755329476612303, -1.482582146657627220, 8.342926389687077560 ) ) ;
#1598 = LINE ( 'NONE', #2861, #5321 ) ;
#1599 = B_SPLINE_CURVE_WITH_KNOTS ( 'NONE', 3,
 ( #5814, #8509, #7712, #7851 ),
 .UNSPECIFIED., .F., .F.,
 ( 4, 4 ),
 ( 2.372388754687153371E-06, 0.005608136317060986517 ),
 .UNSPECIFIED. ) ;
#1600 = ORIENTED_EDGE ( 'NONE', *, *, #5079, .F. ) ;
#1601 = CYLINDRICAL_SURFACE ( 'NONE', #6265, 0.6299842519685052711 ) ;
#1602 = ORIENTED_EDGE ( 'NONE', *, *, #8051, .T. ) ;
#1603 = CARTESIAN_POINT ( 'NONE',  ( -61.16782834501056954, -4.306318759417085751, 8.332566659682569821 ) ) ;
#1604 = DIRECTION ( 'NONE',  ( 1.000000000000000000, 0.000000000000000000, 0.000000000000000000 ) ) ;
#1605 = CARTESIAN_POINT ( 'NONE',  ( -61.67523000000000621, -5.958149606299221190, 7.857046014671682066 ) ) ;
#1606 = CARTESIAN_POINT ( 'NONE',  ( -63.06057633416516950, -4.002870303312498379, 7.402760835050561816 ) ) ;
#1607 = EDGE_CURVE ( 'NONE', #5469, #6211, #2931, .T. ) ;
#1608 = DIRECTION ( 'NONE',  ( 6.905230904187723560E-15, 0.000000000000000000, -1.000000000000000000 ) ) ;
#1609 = ORIENTED_EDGE ( 'NONE', *, *, #520, .F. ) ;
#1610 = FACE_OUTER_BOUND ( 'NONE', #1479, .T. ) ;
#1611 = EDGE_CURVE ( 'NONE', #898, #1134, #7753, .T. ) ;
#1612 = CIRCLE ( 'NONE', #494, 0.1620000001984054638 ) ;
#1613 = ORIENTED_EDGE ( 'NONE', *, *, #5397, .T. ) ;
#1614 = DIRECTION ( 'NONE',  ( -0.000000000000000000, 1.000000000000000000, -0.000000000000000000 ) ) ;
#1615 = CARTESIAN_POINT ( 'NONE',  ( -62.94597724945726469, -4.377743985125371218, 7.019009711811484031 ) ) ;
#1616 = LINE ( 'NONE', #3506, #105 ) ;
#1617 = EDGE_CURVE ( 'NONE', #5035, #5245, #143, .T. ) ;
#1618 = EDGE_LOOP ( 'NONE', ( #3884, #4933, #1279, #7347 ) ) ;
#1619 = CARTESIAN_POINT ( 'NONE',  ( -62.42523000000000621, -0.3996062992126024893, 8.290058716563899921 ) ) ;
#1620 = CIRCLE ( 'NONE', #6515, 0.5216535433070783601 ) ;
#1621 = CARTESIAN_POINT ( 'NONE',  ( -62.17522999999999911, -0.4192913385826831929, 7.857046014671676737 ) ) ;
#1622 = CARTESIAN_POINT ( 'NONE',  ( -62.17522999999999911, -3.595905511811027466, 7.857046014671676737 ) ) ;
#1623 = VERTEX_POINT ( 'NONE', #3421 ) ;
#1624 = CIRCLE ( 'NONE', #2036, 0.3071496062823699247 ) ;
#1625 = CARTESIAN_POINT ( 'NONE',  ( -62.66255651018270356, -5.958149606299221190, 7.968906966183590512 ) ) ;
#1626 = CARTESIAN_POINT ( 'NONE',  ( -62.67512168992058719, -1.482581474689078860, 7.863034657521965620 ) ) ;
#1627 = ORIENTED_EDGE ( 'NONE', *, *, #2610, .T. ) ;
#1628 = CARTESIAN_POINT ( 'NONE',  ( -61.69709382506101036, -0.4061132758059428638, 8.081480362180883503 ) ) ;
#1629 = VERTEX_POINT ( 'NONE', #1310 ) ;
#1630 = CARTESIAN_POINT ( 'NONE',  ( -62.60824270189221608, -1.481336058263770905, 7.607046014671670520 ) ) ;
#1631 = LOCAL_TIME ( 17, 57, 41.00000000000000000, #3953 ) ;
#1632 = VERTEX_POINT ( 'NONE', #2666 ) ;
#1633 = CARTESIAN_POINT ( 'NONE',  ( -62.69198602784074126, -4.230323299331565146, 7.471277161648739451 ) ) ;
#1634 = CARTESIAN_POINT ( 'NONE',  ( -61.07908488470201291, -4.404960629921268023, 7.535064104069427948 ) ) ;
#1635 = VERTEX_POINT ( 'NONE', #1439 ) ;
#1636 = CARTESIAN_POINT ( 'NONE',  ( -62.19951497675739205, -1.407454082783007543, 8.362923998104424328 ) ) ;
#1637 = EDGE_CURVE ( 'NONE', #6335, #5469, #1927, .T. ) ;
#1638 = EDGE_LOOP ( 'NONE', ( #3001, #8518, #6590, #2217 ) ) ;
#1639 = DIRECTION ( 'NONE',  ( -0.000000000000000000, 1.000000000000000000, -0.000000000000000000 ) ) ;
#1640 = VECTOR ( 'NONE', #6293, 39.37007874015748854 ) ;
#1641 = ORIENTED_EDGE ( 'NONE', *, *, #4932, .F. ) ;
#1642 = CARTESIAN_POINT ( 'NONE',  ( -61.31625275041461265, -4.208110236220480971, 8.246519074417216544 ) ) ;
#1643 = CIRCLE ( 'NONE', #2896, 0.6299842520964125114 ) ;
#1644 = CARTESIAN_POINT ( 'NONE',  ( -61.73775313900270589, -5.958110236220478306, 8.615967885197557408 ) ) ;
#1645 = CARTESIAN_POINT ( 'NONE',  ( -62.17523000004221245, -4.208110236220480971, 7.857046014521913868 ) ) ;
#1646 = CARTESIAN_POINT ( 'NONE',  ( -62.17522999999999911, -5.958110236220478306, 7.857046014671676737 ) ) ;
#1647 = VECTOR ( 'NONE', #114, 39.37007874015748143 ) ;
#1648 = DIRECTION ( 'NONE',  ( 1.000000000000000000, 6.123233995736766036E-17, 0.000000000000000000 ) ) ;
#1649 = VERTEX_POINT ( 'NONE', #42 ) ;
#1650 = CYLINDRICAL_SURFACE ( 'NONE', #4861, 0.5413385826771592857 ) ;
#1651 = ORIENTED_EDGE ( 'NONE', *, *, #7147, .T. ) ;
#1652 = CARTESIAN_POINT ( 'NONE',  ( -62.81094094925887106, -4.208110236220480971, 7.142958958855957441 ) ) ;
#1653 = VECTOR ( 'NONE', #8396, 39.37007874015748854 ) ;
#1654 = AXIS2_PLACEMENT_3D ( 'NONE', #7515, #6282, #2125 ) ;
#1655 = CARTESIAN_POINT ( 'NONE',  ( -62.94704125182294518, -4.391217077537168834, 7.018054124777716396 ) ) ;
#1656 = CARTESIAN_POINT ( 'NONE',  ( -61.41754283410144666, -3.990057508872996372, 7.306444968126593942 ) ) ;
#1657 = DIRECTION ( 'NONE',  ( 0.9610876741308366222, 0.000000000000000000, 0.2762435205281362771 ) ) ;
#1658 = ADVANCED_FACE ( 'NONE', ( #2710 ), #1969, .T. ) ;
#1659 = VERTEX_POINT ( 'NONE', #5374 ) ;
#1660 = CARTESIAN_POINT ( 'NONE',  ( -61.08758513588907846, -4.306318759418586772, 7.616200363270355211 ) ) ;
#1661 = CARTESIAN_POINT ( 'NONE',  ( -61.95520965326384299, -1.267487984742363905, 7.362436564583010323 ) ) ;
#1662 = CARTESIAN_POINT ( 'NONE',  ( -62.60119069648930434, -1.407454082783007543, 7.583075616153082343 ) ) ;
#1663 = VECTOR ( 'NONE', #5176, 39.37007874015748143 ) ;
#1664 = ORIENTED_EDGE ( 'NONE', *, *, #3757, .T. ) ;
#1665 = CIRCLE ( 'NONE', #3062, 0.5413385826771592857 ) ;
#1666 = LINE ( 'NONE', #5510, #5094 ) ;
#1667 = LINE ( 'NONE', #7624, #8404 ) ;
#1668 = EDGE_CURVE ( 'NONE', #5916, #5783, #3982, .T. ) ;
#1669 = DIRECTION ( 'NONE',  ( 1.000000000000000000, 0.000000000000000000, 0.000000000000000000 ) ) ;
#1670 = VERTEX_POINT ( 'NONE', #4633 ) ;
#1671 = CARTESIAN_POINT ( 'NONE',  ( -62.19938916373607896, -4.252829484539348393, 6.599094403842969747 ) ) ;
#1672 = ORIENTED_EDGE ( 'NONE', *, *, #6938, .F. ) ;
#1673 = EDGE_CURVE ( 'NONE', #7080, #6995, #7980, .T. ) ;
#1674 = ADVANCED_FACE ( 'NONE', ( #4070 ), #5419, .T. ) ;
#1675 = CARTESIAN_POINT ( 'NONE',  ( -62.12597933904437042, -4.002870303356051096, 8.850921021168250746 ) ) ;
#1676 = EDGE_CURVE ( 'NONE', #7364, #2752, #3634, .T. ) ;
#1677 = ORIENTED_EDGE ( 'NONE', *, *, #6641, .F. ) ;
#1678 = CARTESIAN_POINT ( 'NONE',  ( -61.93580793656645511, -1.482582146657630329, 8.295913444906631184 ) ) ;
#1679 = FACE_OUTER_BOUND ( 'NONE', #6317, .T. ) ;
#1680 = FACE_OUTER_BOUND ( 'NONE', #3128, .T. ) ;
#1681 = ORIENTED_EDGE ( 'NONE', *, *, #7713, .F. ) ;
#1682 = CARTESIAN_POINT ( 'NONE',  ( -62.67512168992058719, -1.482581474689079970, 7.851057371821378972 ) ) ;
#1683 = AXIS2_PLACEMENT_3D ( 'NONE', #1883, #1040, #6516 ) ;
#1684 = ORIENTED_EDGE ( 'NONE', *, *, #3124, .T. ) ;
#1685 = CARTESIAN_POINT ( 'NONE',  ( -62.51576768079218027, -1.481336058263765798, 8.223152676671539041 ) ) ;
#1686 = VERTEX_POINT ( 'NONE', #8066 ) ;
#1687 = DIRECTION ( 'NONE',  ( 0.000000000000000000, -1.000000000000000000, 0.000000000000000000 ) ) ;
#1688 = CARTESIAN_POINT ( 'NONE',  ( -62.25110580468815868, -4.211974820886103643, 6.875820652439676550 ) ) ;
#1689 = CYLINDRICAL_SURFACE ( 'NONE', #7704, 0.5413385826771592857 ) ;
#1690 = AXIS2_PLACEMENT_3D ( 'NONE', #7667, #2936, #4903 ) ;
#1691 = CARTESIAN_POINT ( 'NONE',  ( -62.52878339059326862, -0.3996062992126024893, 7.503492624078396567 ) ) ;
#1692 = VECTOR ( 'NONE', #4260, 39.37007874015748143 ) ;
#1693 = CARTESIAN_POINT ( 'NONE',  ( -63.12458435049281746, -4.155161941284037042, 7.108674506374954127 ) ) ;
#1694 = ORIENTED_EDGE ( 'NONE', *, *, #2521, .T. ) ;
#1695 = DIRECTION ( 'NONE',  ( 0.2588190451025598193, 0.000000000000000000, -0.9659258262890577651 ) ) ;
#1696 = ORIENTED_EDGE ( 'NONE', *, *, #8207, .T. ) ;
#1697 = CARTESIAN_POINT ( 'NONE',  ( -62.87402674133165448, -4.234122585695794250, 7.084380731584638546 ) ) ;
#1698 = EDGE_CURVE ( 'NONE', #3624, #2134, #1022, .T. ) ;
#1699 = CONICAL_SURFACE ( 'NONE', #3940, 0.5216535433070783601, 0.7853981633974604915 ) ;
#1700 = CARTESIAN_POINT ( 'NONE',  ( -62.87096798007192433, -4.231819538509851597, 7.087193007785389298 ) ) ;
#1701 = FACE_OUTER_BOUND ( 'NONE', #7485, .T. ) ;
#1702 = CARTESIAN_POINT ( 'NONE',  ( -62.54133666199987118, -1.481336058263765798, 7.516508333879497350 ) ) ;
#1703 = B_SPLINE_CURVE_WITH_KNOTS ( 'NONE', 3,
 ( #7797, #5201, #3759, #2353 ),
 .UNSPECIFIED., .F., .F.,
 ( 4, 4 ),
 ( 2.014298343063897415E-07, 0.0004597969392806484316 ),
 .UNSPECIFIED. ) ;
#1704 = EDGE_LOOP ( 'NONE', ( #6986, #641, #3733, #6277 ) ) ;
#1705 = CARTESIAN_POINT ( 'NONE',  ( -61.94105123596275320, -5.958149606299221190, 7.415276497305457681 ) ) ;
#1706 = B_SPLINE_CURVE_WITH_KNOTS ( 'NONE', 3,
 ( #5118, #5867, #2507, #4596 ),
 .UNSPECIFIED., .F., .F.,
 ( 4, 4 ),
 ( 0.000000000000000000, 0.0008211405993301699536 ),
 .UNSPECIFIED. ) ;
#1707 = CARTESIAN_POINT ( 'NONE',  ( -62.17522999999999911, -2.135639365734926187, 7.857046014671676737 ) ) ;
#1708 = FACE_OUTER_BOUND ( 'NONE', #751, .T. ) ;
#1709 = ORIENTED_EDGE ( 'NONE', *, *, #7896, .T. ) ;
#1710 = DIRECTION ( 'NONE',  ( 0.8660254037844492547, 0.000000000000000000, 0.4999999999999815703 ) ) ;
#1711 = FACE_OUTER_BOUND ( 'NONE', #2975, .T. ) ;
#1712 = VECTOR ( 'NONE', #4575, 39.37007874015748143 ) ;
#1713 = DIRECTION ( 'NONE',  ( 0.9704481013254734334, 0.000000000000000000, -0.2413099306572019376 ) ) ;
#1714 = FACE_OUTER_BOUND ( 'NONE', #8064, .T. ) ;
#1715 = VERTEX_POINT ( 'NONE', #788 ) ;
#1716 = EDGE_CURVE ( 'NONE', #8242, #898, #1590, .T. ) ;
#1717 = PLANE ( 'NONE',  #7388 ) ;
#1718 = EDGE_CURVE ( 'NONE', #6292, #8530, #2705, .T. ) ;
#1719 = ORIENTED_EDGE ( 'NONE', *, *, #9, .T. ) ;
#1720 = DIRECTION ( 'NONE',  ( 0.9998364899699180297, 0.000000000000000000, 0.01808295674479488621 ) ) ;
#1721 = ADVANCED_FACE ( 'NONE', ( #2053 ), #4239, .T. ) ;
#1722 = CARTESIAN_POINT ( 'NONE',  ( -63.12513003920745547, -5.958110236220478306, 7.148457468516403068 ) ) ;
#1723 = CARTESIAN_POINT ( 'NONE',  ( -61.15177415155827845, -4.242958277001886991, 7.589985368513485930 ) ) ;
#1724 = ORIENTED_EDGE ( 'NONE', *, *, #5359, .F. ) ;
#1725 = LINE ( 'NONE', #8342, #1136 ) ;
#1726 = EDGE_CURVE ( 'NONE', #3212, #6007, #8679, .T. ) ;
#1727 = EDGE_CURVE ( 'NONE', #3243, #2961, #5140, .T. ) ;
#1728 = AXIS2_PLACEMENT_3D ( 'NONE', #5460, #6167, #6912 ) ;
#1729 = EDGE_LOOP ( 'NONE', ( #5868, #2078, #5663, #6743, #8006 ) ) ;
#1730 = CARTESIAN_POINT ( 'NONE',  ( -62.17522999999999911, -0.3996062992126024893, 7.857046014671676737 ) ) ;
#1731 = ORIENTED_EDGE ( 'NONE', *, *, #5805, .F. ) ;
#1732 = CYLINDRICAL_SURFACE ( 'NONE', #4302, 0.3937007874015751585 ) ;
#1733 = CARTESIAN_POINT ( 'NONE',  ( -62.17522999992568344, -4.208110236220480971, 7.857046014731977834 ) ) ;
#1734 = DIRECTION ( 'NONE',  ( -1.000000000000000000, 0.000000000000000000, -3.635980405647387670E-14 ) ) ;
#1735 = CARTESIAN_POINT ( 'NONE',  ( -61.63687547790327415, -0.4192913385826831929, 7.800284499250324188 ) ) ;
#1736 = FACE_OUTER_BOUND ( 'NONE', #2225, .T. ) ;
#1737 = CARTESIAN_POINT ( 'NONE',  ( -63.13667775571052232, -5.958110236220480971, 8.370527938355994735 ) ) ;
#1738 = ORIENTED_EDGE ( 'NONE', *, *, #2141, .T. ) ;
#1739 = CARTESIAN_POINT ( 'NONE',  ( -62.17522999999999911, 57.93121849778213317, 7.857046014671676737 ) ) ;
#1740 = ORIENTED_EDGE ( 'NONE', *, *, #7298, .T. ) ;
#1741 = FACE_OUTER_BOUND ( 'NONE', #4152, .T. ) ;
#1742 = DIRECTION ( 'NONE',  ( -0.2413099306572087932, 0.000000000000000000, 0.9704481013254717681 ) ) ;
#1743 = FACE_OUTER_BOUND ( 'NONE', #4557, .T. ) ;
#1744 = CARTESIAN_POINT ( 'NONE',  ( -62.70152524772009173, -0.4061132758059443071, 7.901748255716412928 ) ) ;
#1745 = CARTESIAN_POINT ( 'NONE',  ( -61.26033591040314974, -4.302276525520922767, 8.406366591714421688 ) ) ;
#1746 = EDGE_CURVE ( 'NONE', #6698, #2968, #7366, .T. ) ;
#1747 = ORIENTED_EDGE ( 'NONE', *, *, #5398, .F. ) ;
#1748 = CYLINDRICAL_SURFACE ( 'NONE', #7076, 0.3937007874015751585 ) ;
#1749 = VERTEX_POINT ( 'NONE', #2759 ) ;
#1750 = CARTESIAN_POINT ( 'NONE',  ( -62.17522999999999911, -0.3996062992126024338, 7.679880660340970167 ) ) ;
#1751 = VERTEX_POINT ( 'NONE', #6126 ) ;
#1752 = CARTESIAN_POINT ( 'NONE',  ( -62.51576768079215896, -1.403543307086619674, 8.277856600393572961 ) ) ;
#1753 = AXIS2_PLACEMENT_3D ( 'NONE', #7005, #3676, #2901 ) ;
#1754 = LINE ( 'NONE', #4414, #4430 ) ;
#1755 = CONICAL_SURFACE ( 'NONE', #5386, 0.5216535433070783601, 0.7853981633974604915 ) ;
#1756 = LINE ( 'NONE', #584, #5389 ) ;
#1757 = ORIENTED_EDGE ( 'NONE', *, *, #4798, .T. ) ;
#1758 = DIRECTION ( 'NONE',  ( 0.000000000000000000, -1.000000000000000000, 0.000000000000000000 ) ) ;
#1759 = VERTEX_POINT ( 'NONE', #4024 ) ;
#1760 = DIRECTION ( 'NONE',  ( -2.597921877622866305E-14, 0.000000000000000000, -1.000000000000000000 ) ) ;
#1761 = ORIENTED_EDGE ( 'NONE', *, *, #8280, .F. ) ;
#1762 = CARTESIAN_POINT ( 'NONE',  ( -63.12660927906593145, -4.341397536456062412, 8.371980821561940900 ) ) ;
#1763 = VECTOR ( 'NONE', #8279, 39.37007874015748143 ) ;
#1764 = DIRECTION ( 'NONE',  ( 0.000000000000000000, 1.000000000000000000, 0.000000000000000000 ) ) ;
#1765 = CARTESIAN_POINT ( 'NONE',  ( -61.09197933962079929, -4.327920585148330446, 7.544746215490152785 ) ) ;
#1766 = CONICAL_SURFACE ( 'NONE', #2455, 0.5216535433070783601, 0.7853981633974604915 ) ;
#1767 = VERTEX_POINT ( 'NONE', #132 ) ;
#1768 = CARTESIAN_POINT ( 'NONE',  ( -63.21723726926133935, 57.93121849778213317, 8.576029308154756947 ) ) ;
#1769 = EDGE_CURVE ( 'NONE', #6058, #6706, #8147, .T. ) ;
#1770 = EDGE_CURVE ( 'NONE', #510, #6455, #4797, .T. ) ;
#1771 = EDGE_CURVE ( 'NONE', #6060, #8133, #917, .T. ) ;
#1772 = VERTEX_POINT ( 'NONE', #5629 ) ;
#1773 = CARTESIAN_POINT ( 'NONE',  ( -62.25376002172995271, -4.208110236220480971, 6.882203958008436651 ) ) ;
#1774 = AXIS2_PLACEMENT_3D ( 'NONE', #2439, #8628, #7840 ) ;
#1775 = ORIENTED_EDGE ( 'NONE', *, *, #2754, .F. ) ;
#1776 = LINE ( 'NONE', #462, #1201 ) ;
#1777 = DIRECTION ( 'NONE',  ( -0.000000000000000000, 1.000000000000000000, -0.000000000000000000 ) ) ;
#1778 = ORIENTED_EDGE ( 'NONE', *, *, #5503, .T. ) ;
#1779 = DIRECTION ( 'NONE',  ( 0.000000000000000000, 0.000000000000000000, 1.000000000000000000 ) ) ;
#1780 = PLANE ( 'NONE',  #6441 ) ;
#1781 = CARTESIAN_POINT ( 'NONE',  ( -61.94105123596275320, -0.3996062992126024893, 8.298815532037897569 ) ) ;
#1782 = CARTESIAN_POINT ( 'NONE',  ( -61.56065094666137583, -4.265927919890718734, 7.537446125462407664 ) ) ;
#1783 = CARTESIAN_POINT ( 'NONE',  ( -63.04992856547422519, -4.276336441854896364, 6.942627024704880689 ) ) ;
#1784 = TOROIDAL_SURFACE ( 'NONE', #4856, 0.08542106031500233676, 0.2374135853542876096 ) ;
#1785 = ORIENTED_EDGE ( 'NONE', *, *, #3020, .F. ) ;
#1786 = CARTESIAN_POINT ( 'NONE',  ( -62.17522999999999911, -1.931638615742792497, 8.132636565852779498 ) ) ;
#1787 = ORIENTED_EDGE ( 'NONE', *, *, #1198, .F. ) ;
#1788 = CARTESIAN_POINT ( 'NONE',  ( -62.90059135907928578, -4.234121377400722253, 7.149764670439448189 ) ) ;
#1789 = EDGE_CURVE ( 'NONE', #673, #1332, #4306, .T. ) ;
#1790 = LINE ( 'NONE', #5897, #656 ) ;
#1791 = CARTESIAN_POINT ( 'NONE',  ( -62.85461813887074101, -4.214383444087670405, 7.130515767803393246 ) ) ;
#1792 = CARTESIAN_POINT ( 'NONE',  ( -61.69226708685546612, -0.3996062992126024893, 7.727636492120415923 ) ) ;
#1793 = CIRCLE ( 'NONE', #2065, 0.5039999999999987823 ) ;
#1794 = CARTESIAN_POINT ( 'NONE',  ( -61.19046891051000614, -4.270835389110413161, 8.319178020195456824 ) ) ;
#1795 = EDGE_LOOP ( 'NONE', ( #439, #3049, #7977, #8353, #517 ) ) ;
#1796 = DIRECTION ( 'NONE',  ( 0.000000000000000000, 1.000000000000000000, 0.000000000000000000 ) ) ;
#1797 = VERTEX_POINT ( 'NONE', #6867 ) ;
#1798 = DIRECTION ( 'NONE',  ( 3.016455010302359939E-13, 0.000000000000000000, -1.000000000000000000 ) ) ;
#1799 = TOROIDAL_SURFACE ( 'NONE', #7257, 0.3071496062623911283, 0.1968503937007874127 ) ;
#1800 = ORIENTED_EDGE ( 'NONE', *, *, #6040, .T. ) ;
#1801 = CARTESIAN_POINT ( 'NONE',  ( -61.62950941612324840, -4.208110236220480971, 7.766693751876378116 ) ) ;
#1802 = DIRECTION ( 'NONE',  ( 1.000000000000000000, 6.123233995736766036E-17, 0.000000000000000000 ) ) ;
#1803 = AXIS2_PLACEMENT_3D ( 'NONE', #2448, #1045, #6431 ) ;
#1804 = VECTOR ( 'NONE', #415, 39.37007874015748143 ) ;
#1805 = FACE_OUTER_BOUND ( 'NONE', #6300, .T. ) ;
#1806 = EDGE_LOOP ( 'NONE', ( #5403, #873, #4518, #4990 ) ) ;
#1807 = AXIS2_PLACEMENT_3D ( 'NONE', #4314, #6989, #8389 ) ;
#1808 = CARTESIAN_POINT ( 'NONE',  ( -62.06336904848807023, -1.481336058263765798, 7.369719504488980277 ) ) ;
#1809 = VERTEX_POINT ( 'NONE', #1531 ) ;
#1810 = ADVANCED_FACE ( 'NONE', ( #2175 ), #8234, .T. ) ;
#1811 = DIRECTION ( 'NONE',  ( 1.000000000000000000, 0.000000000000000000, 1.224646799147353207E-16 ) ) ;
#1812 = ORIENTED_EDGE ( 'NONE', *, *, #5041, .F. ) ;
#1813 = DIRECTION ( 'NONE',  ( -0.000000000000000000, 1.000000000000000000, 1.982541115402063384E-16 ) ) ;
#1814 = EDGE_CURVE ( 'NONE', #335, #6272, #5873, .T. ) ;
#1815 = CARTESIAN_POINT ( 'NONE',  ( -62.17522999999999911, -0.3996062992126024893, 7.534211369002385084 ) ) ;
#1816 = CARTESIAN_POINT ( 'NONE',  ( -61.15779090770330839, -4.313793353948130793, 7.518339779411856050 ) ) ;
#1817 = ORIENTED_EDGE ( 'NONE', *, *, #8613, .F. ) ;
#1818 = DIRECTION ( 'NONE',  ( 0.000000000000000000, 0.000000000000000000, -1.000000000000000000 ) ) ;
#1819 = B_SPLINE_CURVE_WITH_KNOTS ( 'NONE', 3,
 ( #6507, #3045, #7176, #7834 ),
 .UNSPECIFIED., .F., .F.,
 ( 4, 4 ),
 ( 2.014298342924482674E-07, 0.0004597969392808996412 ),
 .UNSPECIFIED. ) ;
#1820 = ORIENTED_EDGE ( 'NONE', *, *, #4534, .F. ) ;
#1821 = DIRECTION ( 'NONE',  ( 0.8749252783170126113, 0.000000000000000000, -0.4842579450684293962 ) ) ;
#1822 = AXIS2_PLACEMENT_3D ( 'NONE', #6385, #2403, #5067 ) ;
#1823 = ORIENTED_EDGE ( 'NONE', *, *, #4954, .F. ) ;
#1824 = CARTESIAN_POINT ( 'NONE',  ( -61.67555699332463348, -5.958149606299221190, 7.838966014671679083 ) ) ;
#1825 = CARTESIAN_POINT ( 'NONE',  ( -62.46879382281899495, -0.3996062992126024893, 7.425835275964111304 ) ) ;
#1826 = VERTEX_POINT ( 'NONE', #4806 ) ;
#1827 = PLANE ( 'NONE',  #6278 ) ;
#1828 = DIRECTION ( 'NONE',  ( 6.123233995736766036E-17, -1.000000000000000000, 0.000000000000000000 ) ) ;
#1829 = CARTESIAN_POINT ( 'NONE',  ( -61.54798695287171029, -4.301443064572364250, 7.501948615182350899 ) ) ;
#1830 = ORIENTED_EDGE ( 'NONE', *, *, #5860, .T. ) ;
#1831 = CARTESIAN_POINT ( 'NONE',  ( -61.29172700356568271, -5.958110236220478306, 8.276458049455362342 ) ) ;
#1832 = VERTEX_POINT ( 'NONE', #176 ) ;
#1833 = CARTESIAN_POINT ( 'NONE',  ( -62.19125515077220712, -4.209440228692149510, 7.272914884187500206 ) ) ;
#1834 = DIRECTION ( 'NONE',  ( 1.000000000000000000, 0.000000000000000000, 0.000000000000000000 ) ) ;
#1835 = CARTESIAN_POINT ( 'NONE',  ( -62.96580607631675974, -4.289459419045358324, 7.084210800489196380 ) ) ;
#1836 = EDGE_CURVE ( 'NONE', #2750, #7949, #1178, .T. ) ;
#1837 = DIRECTION ( 'NONE',  ( -0.8749252783170160530, 0.000000000000000000, 0.4842579450684232900 ) ) ;
#1838 = CARTESIAN_POINT ( 'NONE',  ( -62.65319761351178585, -1.481336058263765798, 8.003834844062197362 ) ) ;
#1839 = CONICAL_SURFACE ( 'NONE', #5878, 0.5216535433070783601, 0.7853981633974604915 ) ;
#1840 = EDGE_CURVE ( 'NONE', #2159, #8564, #6294, .T. ) ;
#1841 = VERTEX_POINT ( 'NONE', #2926 ) ;
#1842 = CARTESIAN_POINT ( 'NONE',  ( -61.90973575736190782, -1.481336058263765798, 7.433356497305461552 ) ) ;
#1843 = ADVANCED_FACE ( 'NONE', ( #965 ), #3629, .F. ) ;
#1844 = ORIENTED_EDGE ( 'NONE', *, *, #3432, .F. ) ;
#1845 = DIRECTION ( 'NONE',  ( -0.000000000000000000, -1.000000000000000000, -0.000000000000000000 ) ) ;
#1846 = VECTOR ( 'NONE', #3609, 39.37007874015748143 ) ;
#1847 = ORIENTED_EDGE ( 'NONE', *, *, #5041, .T. ) ;
#1848 = FACE_OUTER_BOUND ( 'NONE', #4658, .T. ) ;
#1849 = EDGE_CURVE ( 'NONE', #3624, #5665, #8319, .T. ) ;
#1850 = CARTESIAN_POINT ( 'NONE',  ( -62.61307793466730232, -0.4192913385826831929, 7.538711839311114105 ) ) ;
#1851 = EDGE_CURVE ( 'NONE', #1534, #26, #879, .T. ) ;
#1852 = DIRECTION ( 'NONE',  ( 0.000000000000000000, 0.000000000000000000, -1.000000000000000000 ) ) ;
#1853 = ORIENTED_EDGE ( 'NONE', *, *, #2956, .T. ) ;
#1854 = CARTESIAN_POINT ( 'NONE',  ( -61.93933068735878322, -3.983565816450641339, 8.701042058810461555 ) ) ;
#1855 = ORIENTED_EDGE ( 'NONE', *, *, #4472, .F. ) ;
#1856 = CARTESIAN_POINT ( 'NONE',  ( -61.53496790055500298, -5.958110236220480971, 7.466451027467043922 ) ) ;
#1857 = ORIENTED_EDGE ( 'NONE', *, *, #5030, .F. ) ;
#1858 = CARTESIAN_POINT ( 'NONE',  ( -63.13040046572501751, -4.353925381920793924, 8.371430981295736373 ) ) ;
#1859 = FACE_OUTER_BOUND ( 'NONE', #6245, .T. ) ;
#1860 = CIRCLE ( 'NONE', #5479, 0.5039999999831531463 ) ;
#1861 = DIRECTION ( 'NONE',  ( 0.000000000000000000, -1.000000000000000000, 0.000000000000000000 ) ) ;
#1862 = ADVANCED_FACE ( 'NONE', ( #6204 ), #3332, .F. ) ;
#1863 = ORIENTED_EDGE ( 'NONE', *, *, #7790, .F. ) ;
#1864 = DIRECTION ( 'NONE',  ( 0.2413099306572019376, 0.000000000000000000, 0.9704481013254734334 ) ) ;
#1865 = ADVANCED_FACE ( 'NONE', ( #1743 ), #3752, .T. ) ;
#1866 = AXIS2_PLACEMENT_3D ( 'NONE', #5277, #5149, #6423 ) ;
#1867 = AXIS2_PLACEMENT_3D ( 'NONE', #6526, #1273, #6482 ) ;
#1868 = ORIENTED_EDGE ( 'NONE', *, *, #7533, .F. ) ;
#1869 = CARTESIAN_POINT ( 'NONE',  ( -61.63687547790328836, -1.403543307086619674, 7.913807530093044385 ) ) ;
#1870 = VERTEX_POINT ( 'NONE', #4403 ) ;
#1871 = CARTESIAN_POINT ( 'NONE',  ( -60.95856337342386411, -4.262686657360215570, 7.524408544564186840 ) ) ;
#1872 = ORIENTED_EDGE ( 'NONE', *, *, #5721, .T. ) ;
#1873 = DIRECTION ( 'NONE',  ( -0.000000000000000000, 1.000000000000000000, -0.000000000000000000 ) ) ;
#1874 = CARTESIAN_POINT ( 'NONE',  ( -61.08662429885202272, -4.125273117650335664, 7.388702722653825994 ) ) ;
#1875 = CARTESIAN_POINT ( 'NONE',  ( -62.17522999999999911, -4.278729374593168266, 7.857046014671676737 ) ) ;
#1876 = CARTESIAN_POINT ( 'NONE',  ( -61.90973575736190782, -1.481336058263765798, 7.433356497305461552 ) ) ;
#1877 = VERTEX_POINT ( 'NONE', #7841 ) ;
#1878 = CARTESIAN_POINT ( 'NONE',  ( -61.92523000000000621, -0.3996062992126024893, 7.424033312779459770 ) ) ;
#1879 = ORIENTED_EDGE ( 'NONE', *, *, #9, .F. ) ;
#1880 = CARTESIAN_POINT ( 'NONE',  ( -62.06942242236527818, -4.251793687224007634, 7.188348395530627322 ) ) ;
#1881 = LINE ( 'NONE', #3095, #39 ) ;
#1882 = CARTESIAN_POINT ( 'NONE',  ( -62.17522999999999911, -2.031771374660273022, 7.857046014671676737 ) ) ;
#1883 = CARTESIAN_POINT ( 'NONE',  ( -62.17522999999999911, -1.267487984742363905, 7.857046014671676737 ) ) ;
#1884 = CARTESIAN_POINT ( 'NONE',  ( -61.25815964160325677, -4.225373400293771731, 8.317596679096698864 ) ) ;
#1885 = EDGE_CURVE ( 'NONE', #7233, #1940, #4498, .T. ) ;
#1886 = ADVANCED_FACE ( 'NONE', ( #5196 ), #2440, .F. ) ;
#1887 = CARTESIAN_POINT ( 'NONE',  ( -62.65319761351178585, -5.958149606299221190, 8.003834844062206244 ) ) ;
#1888 = VERTEX_POINT ( 'NONE', #3887 ) ;
#1889 = DIRECTION ( 'NONE',  ( 6.123233995736766036E-17, -1.000000000000000000, -0.000000000000000000 ) ) ;
#1890 = ORIENTED_EDGE ( 'NONE', *, *, #442, .F. ) ;
#1891 = DIRECTION ( 'NONE',  ( -0.2588190451024862115, 0.000000000000000000, -0.9659258262890776381 ) ) ;
#1892 = PLANE ( 'NONE',  #4157 ) ;
#1893 = EDGE_CURVE ( 'NONE', #6438, #4820, #895, .T. ) ;
#1894 = CARTESIAN_POINT ( 'NONE',  ( -61.31625275041461265, -4.208110236220480971, 8.246519074417216544 ) ) ;
#1895 = DIRECTION ( 'NONE',  ( 0.000000000000000000, 0.000000000000000000, -1.000000000000000000 ) ) ;
#1896 = EDGE_LOOP ( 'NONE', ( #4019, #776, #1913, #1335 ) ) ;
#1897 = CARTESIAN_POINT ( 'NONE',  ( -62.17522999999999911, -5.958110236220478306, 7.857046014671676737 ) ) ;
#1898 = PLANE ( 'NONE',  #1489 ) ;
#1899 = CARTESIAN_POINT ( 'NONE',  ( -62.94201218842964352, -4.208110236220480971, 8.406205604313351287 ) ) ;
#1900 = SECURITY_CLASSIFICATION_LEVEL ( 'unclassified' ) ;
#1901 = CARTESIAN_POINT ( 'NONE',  ( -62.17522999999999911, -0.4192913385826831929, 7.857046014671676737 ) ) ;
#1902 = AXIS2_PLACEMENT_3D ( 'NONE', #1972, #4635, #7457 ) ;
#1903 = DIRECTION ( 'NONE',  ( 0.000000000000000000, 0.000000000000000000, -1.000000000000000000 ) ) ;
#1904 = ORIENTED_EDGE ( 'NONE', *, *, #4163, .T. ) ;
#1905 = DIRECTION ( 'NONE',  ( 0.000000000000000000, 0.000000000000000000, -1.000000000000000000 ) ) ;
#1906 = VECTOR ( 'NONE', #533, 39.37007874015748143 ) ;
#1907 = ORIENTED_EDGE ( 'NONE', *, *, #8527, .T. ) ;
#1908 = DIRECTION ( 'NONE',  ( 1.675808339056866668E-14, 0.000000000000000000, -1.000000000000000000 ) ) ;
#1909 = CARTESIAN_POINT ( 'NONE',  ( -61.64289148046093203, -0.4126776965509262873, 7.806300501807967862 ) ) ;
#1910 = CARTESIAN_POINT ( 'NONE',  ( -62.66983945008866641, -1.403543307086619674, 7.637025667935517070 ) ) ;
#1911 = APPROVAL_PERSON_ORGANIZATION ( #2236, #6826, #2187 ) ;
#1912 = CARTESIAN_POINT ( 'NONE',  ( -62.51576768079215896, -1.481336058263765798, 7.490939352671794893 ) ) ;
#1913 = ORIENTED_EDGE ( 'NONE', *, *, #2956, .F. ) ;
#1914 = CARTESIAN_POINT ( 'NONE',  ( -62.65819291314453920, -0.3996062992126024893, 7.986455537222931333 ) ) ;
#1915 = ORIENTED_EDGE ( 'NONE', *, *, #3264, .F. ) ;
#1916 = CARTESIAN_POINT ( 'NONE',  ( -62.86545692855864331, -4.218250182165624196, 7.151018063723004303 ) ) ;
#1917 = CYLINDRICAL_SURFACE ( 'NONE', #5982, 0.6299842519516617445 ) ;
#1918 = CARTESIAN_POINT ( 'NONE',  ( -62.17522999999999911, -1.403543307086619674, 7.857046014671676737 ) ) ;
#1919 = DIRECTION ( 'NONE',  ( -0.7071067811865719976, 0.000000000000000000, 0.7071067811865230368 ) ) ;
#1920 = LINE ( 'NONE', #8674, #7458 ) ;
#1921 = DIMENSIONAL_EXPONENTS ( 1.000000000000000000, 0.000000000000000000, 0.000000000000000000, 0.000000000000000000, 0.000000000000000000, 0.000000000000000000, 0.000000000000000000 ) ;
#1922 = EDGE_LOOP ( 'NONE', ( #5828, #3696, #2151, #2790 ) ) ;
#1923 = DIRECTION ( 'NONE',  ( -0.8568423215722124064, 0.000000000000000000, -0.5155785449014934629 ) ) ;
#1924 = ORIENTED_EDGE ( 'NONE', *, *, #1814, .F. ) ;
#1925 = B_SPLINE_CURVE_WITH_KNOTS ( 'NONE', 3,
 ( #511, #1251, #6545, #7909, #6583, #3836, #1115, #3084, #2558, #1208, #8537, #3738 ),
 .UNSPECIFIED., .F., .F.,
 ( 4, 2, 2, 2, 2, 4 ),
 ( 0.002464647253871626777, 0.003388321773252582318, 0.004311996292633537425, 0.006159345331395177023, 0.008006694370156816620, 0.009854043408918457952 ),
 .UNSPECIFIED. ) ;
#1926 = AXIS2_PLACEMENT_3D ( 'NONE', #8208, #7501, #1501 ) ;
#1927 = LINE ( 'NONE', #3372, #6004 ) ;
#1928 = TOROIDAL_SURFACE ( 'NONE', #8086, 0.9431496062835240668, 0.1968503937007874127 ) ;
#1929 = DIRECTION ( 'NONE',  ( 0.000000000000000000, 0.000000000000000000, -1.000000000000000000 ) ) ;
#1930 = AXIS2_PLACEMENT_3D ( 'NONE', #565, #2343, #3705 ) ;
#1931 = DIRECTION ( 'NONE',  ( 0.7071067811865719976, 0.000000000000000000, -0.7071067811865230368 ) ) ;
#1932 = AXIS2_PLACEMENT_3D ( 'NONE', #7967, #5316, #3316 ) ;
#1933 = CARTESIAN_POINT ( 'NONE',  ( -62.17522999999999911, -0.3996062992126024893, 7.357046014671677625 ) ) ;
#1934 = ORIENTED_EDGE ( 'NONE', *, *, #7676, .F. ) ;
#1935 = LINE ( 'NONE', #6821, #8225 ) ;
#1936 = ORIENTED_EDGE ( 'NONE', *, *, #7932, .F. ) ;
#1937 = DIRECTION ( 'NONE',  ( -0.9610876741308395088, 0.000000000000000000, 0.2762435205281262296 ) ) ;
#1938 = CARTESIAN_POINT ( 'NONE',  ( -62.61087592490196840, -0.4126776965509277861, 8.167162177709256454 ) ) ;
#1939 = AXIS2_PLACEMENT_3D ( 'NONE', #3080, #2375, #2516 ) ;
#1940 = VERTEX_POINT ( 'NONE', #3846 ) ;
#1941 = FACE_OUTER_BOUND ( 'NONE', #3971, .T. ) ;
#1942 = ADVANCED_FACE ( 'NONE', ( #3193 ), #6514, .T. ) ;
#1943 = EDGE_CURVE ( 'NONE', #1169, #3212, #7743, .T. ) ;
#1944 = EDGE_CURVE ( 'NONE', #1870, #459, #2432, .T. ) ;
#1945 = CARTESIAN_POINT ( 'NONE',  ( -62.15709586793396113, -4.404960629921268911, 8.606826751327723457 ) ) ;
#1946 = ORIENTED_EDGE ( 'NONE', *, *, #7666, .F. ) ;
#1947 = DIRECTION ( 'NONE',  ( 0.000000000000000000, 0.000000000000000000, -1.000000000000000000 ) ) ;
#1948 = ORIENTED_EDGE ( 'NONE', *, *, #4261, .T. ) ;
#1949 = CARTESIAN_POINT ( 'NONE',  ( -62.65319761351178585, -5.958149606299221190, 8.003834844062206244 ) ) ;
#1950 = AXIS2_PLACEMENT_3D ( 'NONE', #1646, #6287, #4923 ) ;
#1951 = DIRECTION ( 'NONE',  ( 0.000000000000000000, 0.000000000000000000, 1.000000000000000000 ) ) ;
#1952 = FACE_BOUND ( 'NONE', #1114, .T. ) ;
#1953 = EDGE_CURVE ( 'NONE', #4538, #7688, #7970, .T. ) ;
#1954 = CARTESIAN_POINT ( 'NONE',  ( -62.46959440769148131, -4.208110236220481859, 8.757577142835087258 ) ) ;
#1955 = ORIENTED_EDGE ( 'NONE', *, *, #7325, .T. ) ;
#1956 = CARTESIAN_POINT ( 'NONE',  ( -63.41363839889443454, -5.958110236220478306, 7.576966140508594627 ) ) ;
#1957 = ORIENTED_EDGE ( 'NONE', *, *, #1237, .T. ) ;
#1958 = CARTESIAN_POINT ( 'NONE',  ( -62.04582047744873563, -1.481336058263770905, 7.374083101527144635 ) ) ;
#1959 = CARTESIAN_POINT ( 'NONE',  ( -61.75154048263378570, -1.481336058263765798, 8.122540257309786682 ) ) ;
#1960 = DIRECTION ( 'NONE',  ( 0.2588190451025530470, 0.000000000000000000, 0.9659258262890595415 ) ) ;
#1961 = CARTESIAN_POINT ( 'NONE',  ( -62.07789893236579104, -0.3996062992126024893, 8.369539021958621205 ) ) ;
#1962 = CARTESIAN_POINT ( 'NONE',  ( -61.31264073855779628, -4.208110236220481859, 8.258240162921870464 ) ) ;
#1963 = LINE ( 'NONE', #741, #1150 ) ;
#1964 = ORIENTED_EDGE ( 'NONE', *, *, #681, .T. ) ;
#1965 = FACE_OUTER_BOUND ( 'NONE', #4707, .T. ) ;
#1966 = EDGE_CURVE ( 'NONE', #6296, #5273, #3934, .T. ) ;
#1967 = ORIENTED_EDGE ( 'NONE', *, *, #925, .T. ) ;
#1968 = VECTOR ( 'NONE', #4366, 39.37007874015748143 ) ;
#1969 = CYLINDRICAL_SURFACE ( 'NONE', #7425, 0.5413385826771592857 ) ;
#1970 = FACE_OUTER_BOUND ( 'NONE', #2357, .T. ) ;
#1971 = CIRCLE ( 'NONE', #8270, 0.9431496061008096676 ) ;
#1972 = CARTESIAN_POINT ( 'NONE',  ( -62.17522999999999911, -0.4192913385826831929, 7.857046014671676737 ) ) ;
#1973 = AXIS2_PLACEMENT_3D ( 'NONE', #5887, #3268, #19 ) ;
#1974 = FACE_OUTER_BOUND ( 'NONE', #4501, .T. ) ;
#1975 = ORIENTED_EDGE ( 'NONE', *, *, #2032, .T. ) ;
#1976 = ORIENTED_EDGE ( 'NONE', *, *, #4899, .F. ) ;
#1977 = CARTESIAN_POINT ( 'NONE',  ( -62.52878339059327573, -5.958149606299221190, 8.210599405264941808 ) ) ;
#1978 = CARTESIAN_POINT ( 'NONE',  ( -62.44445804368388764, -4.388797824595810582, 8.967326481092316115 ) ) ;
#1979 = CIRCLE ( 'NONE', #6873, 0.5039999998060856745 ) ;
#1980 = ORIENTED_EDGE ( 'NONE', *, *, #4938, .F. ) ;
#1981 = CARTESIAN_POINT ( 'NONE',  ( -62.28709095151190667, -0.3996062992126024893, 7.369719504488977613 ) ) ;
#1982 = EDGE_CURVE ( 'NONE', #4545, #4673, #4624, .T. ) ;
#1983 = EDGE_CURVE ( 'NONE', #7373, #4016, #6900, .T. ) ;
#1984 = CARTESIAN_POINT ( 'NONE',  ( -62.28709095151190667, -5.958149606299221190, 7.369719504488977613 ) ) ;
#1985 = ADVANCED_FACE ( 'NONE', ( #7399 ), #6726, .T. ) ;
#1986 = ORIENTED_EDGE ( 'NONE', *, *, #5609, .F. ) ;
#1987 = CARTESIAN_POINT ( 'NONE',  ( -62.54154094322755952, -4.278729373729899699, 9.068941680406643613 ) ) ;
#1988 = AXIS2_PLACEMENT_3D ( 'NONE', #2364, #6806, #3444 ) ;
#1989 = ORIENTED_EDGE ( 'NONE', *, *, #7283, .F. ) ;
#1990 = CARTESIAN_POINT ( 'NONE',  ( -63.10469285318313126, -4.341428264602799736, 8.499537946361902740 ) ) ;
#1991 = CARTESIAN_POINT ( 'NONE',  ( -62.60824270189222318, -0.3996062992126024893, 8.107046014671675849 ) ) ;
#1992 = ORIENTED_EDGE ( 'NONE', *, *, #3163, .T. ) ;
#1993 = DIRECTION ( 'NONE',  ( 0.4999999999999786282, 0.000000000000000000, -0.8660254037844509201 ) ) ;
#1994 = VECTOR ( 'NONE', #2715, 39.37007874015748143 ) ;
#1995 = EDGE_CURVE ( 'NONE', #4484, #1046, #3278, .T. ) ;
#1996 = CARTESIAN_POINT ( 'NONE',  ( -62.40246415729821194, -4.274782905749180628, 8.883329946795573306 ) ) ;
#1997 = ORIENTED_EDGE ( 'NONE', *, *, #8594, .F. ) ;
#1998 = DIRECTION ( 'NONE',  ( -0.000000000000000000, -1.000000000000000000, -0.000000000000000000 ) ) ;
#1999 = VERTEX_POINT ( 'NONE', #737 ) ;
#2000 = CARTESIAN_POINT ( 'NONE',  ( -62.39745235650148913, -0.4126776965509267314, 8.343437452437372670 ) ) ;
#2001 = CARTESIAN_POINT ( 'NONE',  ( -62.49356417536056085, -0.4192913385826831929, 8.294893949338987937 ) ) ;
#2002 = CARTESIAN_POINT ( 'NONE',  ( -61.08662429885202272, 57.93121849778213317, 7.388702722653825994 ) ) ;
#2003 = CARTESIAN_POINT ( 'NONE',  ( -61.73738206533270301, -0.4192913385826831929, 8.175380190032234040 ) ) ;
#2004 = DIRECTION ( 'NONE',  ( 6.123233995736766036E-17, -1.000000000000000000, 0.000000000000000000 ) ) ;
#2005 = ORIENTED_EDGE ( 'NONE', *, *, #2772, .F. ) ;
#2006 = CARTESIAN_POINT ( 'NONE',  ( -62.17522999999999911, -0.3996062992126024893, 7.857046014671676737 ) ) ;
#2007 = VECTOR ( 'NONE', #1960, 39.37007874015748854 ) ;
#2008 = ORIENTED_EDGE ( 'NONE', *, *, #3895, .T. ) ;
#2009 = FACE_OUTER_BOUND ( 'NONE', #8300, .T. ) ;
#2010 = AXIS2_PLACEMENT_3D ( 'NONE', #8658, #1327, #103 ) ;
#2011 = ORIENTED_EDGE ( 'NONE', *, *, #866, .F. ) ;
#2012 = DIRECTION ( 'NONE',  ( 6.123233995736766036E-17, -1.000000000000000000, -0.000000000000000000 ) ) ;
#2013 = LINE ( 'NONE', #747, #2482 ) ;
#2014 = EDGE_CURVE ( 'NONE', #7642, #2778, #4939, .T. ) ;
#2015 = CARTESIAN_POINT ( 'NONE',  ( -62.40388240780161766, -4.200544585417423704, 9.071912946338915873 ) ) ;
#2016 = CARTESIAN_POINT ( 'NONE',  ( -62.51576768079216606, -0.3996062992126024893, 8.223152676671547923 ) ) ;
#2017 = ORIENTED_EDGE ( 'NONE', *, *, #7938, .F. ) ;
#2018 = ORIENTED_EDGE ( 'NONE', *, *, #3942, .T. ) ;
#2019 = CARTESIAN_POINT ( 'NONE',  ( -62.26676806215592563, -4.404960629921268911, 6.720727052852275563 ) ) ;
#2020 = CARTESIAN_POINT ( 'NONE',  ( -62.80035706575460352, -4.247658429941473912, 8.102805713559909861 ) ) ;
#2021 = CARTESIAN_POINT ( 'NONE',  ( -62.38594717972096504, -4.338247612990718594, 8.917241029856645795 ) ) ;
#2022 = ORIENTED_EDGE ( 'NONE', *, *, #4660, .T. ) ;
#2023 = LINE ( 'NONE', #3346, #1414 ) ;
#2024 = TOROIDAL_SURFACE ( 'NONE', #919, 1.543053438884629092, 1.046990446758644833 ) ;
#2025 = PLANE ( 'NONE',  #6271 ) ;
#2026 = ORIENTED_EDGE ( 'NONE', *, *, #33, .T. ) ;
#2027 = CARTESIAN_POINT ( 'NONE',  ( -62.61699951736621017, -1.481336058263765798, 7.622867250634411285 ) ) ;
#2028 = DIRECTION ( 'NONE',  ( 0.000000000000000000, 0.000000000000000000, -1.000000000000000000 ) ) ;
#2029 = CIRCLE ( 'NONE', #1753, 0.03937007874015532871 ) ;
#2030 = DIRECTION ( 'NONE',  ( 6.123233995736766036E-17, -1.000000000000000000, 0.000000000000000000 ) ) ;
#2031 = CYLINDRICAL_SURFACE ( 'NONE', #8275, 0.5413385826771592857 ) ;
#2032 = EDGE_CURVE ( 'NONE', #4549, #3313, #4409, .T. ) ;
#2033 = EDGE_CURVE ( 'NONE', #4835, #7191, #8448, .T. ) ;
#2034 = VECTOR ( 'NONE', #5435, 39.37007874015748143 ) ;
#2035 = CARTESIAN_POINT ( 'NONE',  ( -61.69226708685546612, -0.3996062992126024893, 7.986455537222940215 ) ) ;
#2036 = AXIS2_PLACEMENT_3D ( 'NONE', #6388, #7099, #2408 ) ;
#2037 = ORIENTED_EDGE ( 'NONE', *, *, #2102, .T. ) ;
#2038 = CARTESIAN_POINT ( 'NONE',  ( -61.82167660940673670, -5.958149606299221190, 8.210599405264959572 ) ) ;
#2039 = ORIENTED_EDGE ( 'NONE', *, *, #7414, .F. ) ;
#2040 = DIRECTION ( 'NONE',  ( 6.123233995736766036E-17, -1.000000000000000000, 0.000000000000000000 ) ) ;
#2041 = CARTESIAN_POINT ( 'NONE',  ( -62.19756501204189902, -4.327920585190005553, 6.729897264376933919 ) ) ;
#2042 = DIRECTION ( 'NONE',  ( 0.000000000000000000, 0.000000000000000000, 1.000000000000000000 ) ) ;
#2043 = VECTOR ( 'NONE', #1796, 39.37007874015748143 ) ;
#2044 = CARTESIAN_POINT ( 'NONE',  ( -62.15715000000000856, -1.481336058263765798, 8.356719021347041476 ) ) ;
#2045 = AXIS2_PLACEMENT_3D ( 'NONE', #3215, #5874, #8567 ) ;
#2046 = CARTESIAN_POINT ( 'NONE',  ( -62.17522999999999911, -0.3996062992126024893, 7.857046014671676737 ) ) ;
#2047 = VERTEX_POINT ( 'NONE', #1519 ) ;
#2048 = CARTESIAN_POINT ( 'NONE',  ( -62.22459459465286358, -4.218250182165746764, 6.870916298405438383 ) ) ;
#2049 = EDGE_LOOP ( 'NONE', ( #3917, #8162, #2398, #1641 ) ) ;
#2050 = DIRECTION ( 'NONE',  ( -0.8660254037844232755, 0.000000000000000000, 0.5000000000000265343 ) ) ;
#2051 = EDGE_CURVE ( 'NONE', #5119, #2614, #6054, .T. ) ;
#2052 = ORIENTED_EDGE ( 'NONE', *, *, #1716, .T. ) ;
#2053 = FACE_OUTER_BOUND ( 'NONE', #2049, .T. ) ;
#2054 = LINE ( 'NONE', #7979, #4293 ) ;
#2055 = DIRECTION ( 'NONE',  ( 0.000000000000000000, 0.000000000000000000, -1.000000000000000000 ) ) ;
#2056 = CARTESIAN_POINT ( 'NONE',  ( -62.40222398365083478, -1.336377492739990513, 7.388462531862120208 ) ) ;
#2057 = VERTEX_POINT ( 'NONE', #1470 ) ;
#2058 = ORIENTED_EDGE ( 'NONE', *, *, #3433, .F. ) ;
#2059 = DIRECTION ( 'NONE',  ( 0.000000000000000000, -1.000000000000000000, 0.000000000000000000 ) ) ;
#2060 = CARTESIAN_POINT ( 'NONE',  ( -62.76453131363557247, -4.230323299369933565, 8.118920721698421161 ) ) ;
#2061 = CARTESIAN_POINT ( 'NONE',  ( -62.15715000000000856, -1.481336058263765798, 8.356719021347041476 ) ) ;
#2062 = EDGE_CURVE ( 'NONE', #1797, #2468, #7197, .T. ) ;
#2063 = APPLICATION_PROTOCOL_DEFINITION ( 'international standard', 'config_control_design', 1994, #5703 ) ;
#2064 = FACE_OUTER_BOUND ( 'NONE', #2835, .T. ) ;
#2065 = AXIS2_PLACEMENT_3D ( 'NONE', #8668, #2654, #8050 ) ;
#2066 = EDGE_CURVE ( 'NONE', #2067, #4800, #2869, .T. ) ;
#2067 = VERTEX_POINT ( 'NONE', #1558 ) ;
#2068 = CARTESIAN_POINT ( 'NONE',  ( -62.30463952255126969, -5.958149606299221190, 8.340008927816210615 ) ) ;
#2069 = ADVANCED_FACE ( 'NONE', ( #2257 ), #5632, .F. ) ;
#2070 = VECTOR ( 'NONE', #4890, 39.37007874015748143 ) ;
#2071 = EDGE_LOOP ( 'NONE', ( #2756, #2203, #5477, #3337 ) ) ;
#2072 = CARTESIAN_POINT ( 'NONE',  ( -61.98843425125826201, -0.4126776965509249551, 8.358111633840332289 ) ) ;
#2073 = DIRECTION ( 'NONE',  ( 0.000000000000000000, 0.000000000000000000, -1.000000000000000000 ) ) ;
#2074 = CARTESIAN_POINT ( 'NONE',  ( -62.10399158300340616, -3.993685432369294741, 8.817998700520121247 ) ) ;
#2075 = CARTESIAN_POINT ( 'NONE',  ( -61.74845069572258183, -1.482582146657578814, 8.117405326431956780 ) ) ;
#2076 = DIRECTION ( 'NONE',  ( 1.843389172962553240E-13, 0.000000000000000000, -1.000000000000000000 ) ) ;
#2077 = CIRCLE ( 'NONE', #8109, 0.5413385826771592857 ) ;
#2078 = ORIENTED_EDGE ( 'NONE', *, *, #7345, .T. ) ;
#2079 = DIRECTION ( 'NONE',  ( 0.000000000000000000, 0.000000000000000000, 1.000000000000000000 ) ) ;
#2080 = ORIENTED_EDGE ( 'NONE', *, *, #7781, .F. ) ;
#2081 = CARTESIAN_POINT ( 'NONE',  ( -61.25359373641595795, -4.341397536454635997, 8.423497235764290991 ) ) ;
#2082 = CARTESIAN_POINT ( 'NONE',  ( -62.13660164116045337, -0.3996062992126024893, 8.377267380186582457 ) ) ;
#2083 = CARTESIAN_POINT ( 'NONE',  ( -61.66115074172947175, -4.210396082041251375, 8.135043455168370130 ) ) ;
#2084 = CARTESIAN_POINT ( 'NONE',  ( -62.31625917134150683, -1.482582146657609234, 8.336669115252263396 ) ) ;
#2085 = ORIENTED_EDGE ( 'NONE', *, *, #3280, .F. ) ;
#2086 = FACE_OUTER_BOUND ( 'NONE', #2541, .T. ) ;
#2087 = ORIENTED_EDGE ( 'NONE', *, *, #2106, .T. ) ;
#2088 = CARTESIAN_POINT ( 'NONE',  ( -62.65336617493900206, -0.4061132758059463055, 8.081480362180890609 ) ) ;
#2089 = ORIENTED_EDGE ( 'NONE', *, *, #7938, .T. ) ;
#2090 = CARTESIAN_POINT ( 'NONE',  ( -62.49963410647362139, -4.248416241963330009, 8.869535265252853407 ) ) ;
#2091 = ADVANCED_FACE ( 'NONE', ( #164 ), #2248, .F. ) ;
#2092 = CARTESIAN_POINT ( 'NONE',  ( -62.60824270189221608, -1.481336058263770905, 7.607046014671670520 ) ) ;
#2093 = PLANE ( 'NONE',  #2769 ) ;
#2094 = EDGE_CURVE ( 'NONE', #4286, #3624, #7140, .T. ) ;
#2095 = EDGE_CURVE ( 'NONE', #7233, #8382, #3680, .T. ) ;
#2096 = VERTEX_POINT ( 'NONE', #6812 ) ;
#2097 = CARTESIAN_POINT ( 'NONE',  ( -62.17522999999999911, -0.3996062992126024893, 7.857046014671676737 ) ) ;
#2098 = AXIS2_PLACEMENT_3D ( 'NONE', #4328, #2927, #6168 ) ;
#2099 = CARTESIAN_POINT ( 'NONE',  ( -62.98020297462292660, -5.958110236220478306, 8.412476036601495011 ) ) ;
#2100 = EDGE_LOOP ( 'NONE', ( #1017, #5857, #3861 ) ) ;
#2101 = EDGE_LOOP ( 'NONE', ( #6841, #6818, #4333, #7446 ) ) ;
#2102 = EDGE_CURVE ( 'NONE', #1841, #6283, #3617, .T. ) ;
#2103 = B_SPLINE_CURVE_WITH_KNOTS ( 'NONE', 3,
 ( #8134, #2949, #6235, #4310 ),
 .UNSPECIFIED., .F., .F.,
 ( 4, 4 ),
 ( 2.014298343773405034E-07, 0.0004597969392810105009 ),
 .UNSPECIFIED. ) ;
#2104 = CARTESIAN_POINT ( 'NONE',  ( -62.95257995836347220, -4.208110236220480971, 8.412430755920123460 ) ) ;
#2105 = CARTESIAN_POINT ( 'NONE',  ( -62.89410106617665974, -4.370560484288662728, 8.062760511175484979 ) ) ;
#2106 = EDGE_CURVE ( 'NONE', #5245, #2933, #2668, .T. ) ;
#2107 = CARTESIAN_POINT ( 'NONE',  ( -62.38111527622179864, -4.391217077534814273, 8.927399566126993591 ) ) ;
#2108 = CYLINDRICAL_SURFACE ( 'NONE', #8413, 1.139999999845861867 ) ;
#2109 = B_SPLINE_CURVE_WITH_KNOTS ( 'NONE', 3,
 ( #357, #1626, #5511, #2186 ),
 .UNSPECIFIED., .F., .F.,
 ( 4, 4 ),
 ( 2.014298343233802695E-07, 0.0004597969392807079001 ),
 .UNSPECIFIED. ) ;
#2110 = CARTESIAN_POINT ( 'NONE',  ( -62.46879382281899495, -0.3996062992126024893, 8.288256753379245723 ) ) ;
#2111 = VECTOR ( 'NONE', #6805, 39.37007874015748854 ) ;
#2112 = EDGE_LOOP ( 'NONE', ( #1147, #5601, #1857, #8482 ) ) ;
#2113 = LINE ( 'NONE', #2643, #2034 ) ;
#2114 = ADVANCED_FACE ( 'NONE', ( #5578 ), #8307, .T. ) ;
#2115 = EDGE_LOOP ( 'NONE', ( #7983, #3083, #4772, #1066 ) ) ;
#2116 = PLANE ( 'NONE',  #2010 ) ;
#2117 = CYLINDRICAL_SURFACE ( 'NONE', #5661, 0.1620000000368199133 ) ;
#2118 = ORIENTED_EDGE ( 'NONE', *, *, #6727, .T. ) ;
#2119 = CARTESIAN_POINT ( 'NONE',  ( -62.25376002172995271, -5.958110236220478306, 6.882203958008436651 ) ) ;
#2120 = EDGE_CURVE ( 'NONE', #5062, #5456, #7604, .T. ) ;
#2121 = B_SPLINE_CURVE_WITH_KNOTS ( 'NONE', 3,
 ( #1052, #2825, #3528, #361, #8216, #7513, #6345, #4135, #773, #4341, #8374, #5486 ),
 .UNSPECIFIED., .F., .F.,
 ( 4, 2, 2, 2, 2, 4 ),
 ( 2.444158464112160004E-07, 0.001850241700103255399, 0.003700238984360099299, 0.004625237626488521575, 0.005550236268616943851, 0.007400233552873728554 ),
 .UNSPECIFIED. ) ;
#2122 = ORIENTED_EDGE ( 'NONE', *, *, #2923, .T. ) ;
#2123 = DIRECTION ( 'NONE',  ( 0.000000000000000000, 1.000000000000000000, 0.000000000000000000 ) ) ;
#2124 = ORIENTED_EDGE ( 'NONE', *, *, #820, .T. ) ;
#2125 = DIRECTION ( 'NONE',  ( 0.000000000000000000, 0.000000000000000000, 1.000000000000000000 ) ) ;
#2126 = ORIENTED_EDGE ( 'NONE', *, *, #937, .F. ) ;
#2127 = CARTESIAN_POINT ( 'NONE',  ( -61.28493840215893584, -4.234119594367742323, 8.340545982749697274 ) ) ;
#2128 = DIRECTION ( 'NONE',  ( 6.703233356227466672E-14, 0.000000000000000000, -1.000000000000000000 ) ) ;
#2129 = CARTESIAN_POINT ( 'NONE',  ( -62.17522999999999911, -3.988504844567673402, 7.857046014671676737 ) ) ;
#2130 = DIRECTION ( 'NONE',  ( 0.2588190451024760530, 0.000000000000000000, 0.9659258262890803026 ) ) ;
#2131 = VECTOR ( 'NONE', #8016, 39.37007874015748143 ) ;
#2132 = ORIENTED_EDGE ( 'NONE', *, *, #3856, .T. ) ;
#2133 = FACE_OUTER_BOUND ( 'NONE', #8673, .T. ) ;
#2134 = VERTEX_POINT ( 'NONE', #299 ) ;
#2135 = LINE ( 'NONE', #4234, #2070 ) ;
#2136 = VERTEX_POINT ( 'NONE', #954 ) ;
#2137 = PLANE ( 'NONE',  #1508 ) ;
#2138 = CARTESIAN_POINT ( 'NONE',  ( -61.67555699332463348, -1.481336058263765798, 7.875126014671685937 ) ) ;
#2139 = EDGE_CURVE ( 'NONE', #2572, #3724, #6286, .T. ) ;
#2140 = CARTESIAN_POINT ( 'NONE',  ( -62.17522999989427035, -4.208110236220480971, 7.857046014882461016 ) ) ;
#2141 = EDGE_CURVE ( 'NONE', #5401, #3612, #8130, .T. ) ;
#2142 = AXIS2_PLACEMENT_3D ( 'NONE', #5586, #8185, #8276 ) ;
#2143 = ORIENTED_EDGE ( 'NONE', *, *, #1769, .F. ) ;
#2144 = CARTESIAN_POINT ( 'NONE',  ( -61.15668679356627990, -4.234120806495908163, 7.638203845280298054 ) ) ;
#2145 = CARTESIAN_POINT ( 'NONE',  ( -62.60824270189221608, -0.3996062992126024893, 7.607046014671670520 ) ) ;
#2146 = ORIENTED_EDGE ( 'NONE', *, *, #6420, .T. ) ;
#2147 = CARTESIAN_POINT ( 'NONE',  ( -63.11720450543189287, -4.289459419006722563, 8.435810933715059079 ) ) ;
#2148 = DIRECTION ( 'NONE',  ( 0.000000000000000000, 1.000000000000000000, 0.000000000000000000 ) ) ;
#2149 = CARTESIAN_POINT ( 'NONE',  ( -62.44892889872622987, -4.213747115094145457, 8.794282417780348027 ) ) ;
#2150 = CARTESIAN_POINT ( 'NONE',  ( -62.53717639534670525, -1.482582146657647426, 7.512194810997773864 ) ) ;
#2151 = ORIENTED_EDGE ( 'NONE', *, *, #6121, .F. ) ;
#2152 = VERTEX_POINT ( 'NONE', #2831 ) ;
#2153 = CARTESIAN_POINT ( 'NONE',  ( -62.65653831881761704, -1.482581474689025569, 7.721879940038210322 ) ) ;
#2154 = EDGE_LOOP ( 'NONE', ( #4683, #915, #7379, #4080, #8600 ) ) ;
#2155 = CARTESIAN_POINT ( 'NONE',  ( -62.51239634763587816, -4.270335575092876645, 9.074877251127414723 ) ) ;
#2156 = ORIENTED_EDGE ( 'NONE', *, *, #6457, .T. ) ;
#2157 = DIRECTION ( 'NONE',  ( -0.8660254037844562491, 0.000000000000000000, 0.4999999999999695244 ) ) ;
#2158 = FACE_OUTER_BOUND ( 'NONE', #4462, .T. ) ;
#2159 = VERTEX_POINT ( 'NONE', #7645 ) ;
#2160 = CARTESIAN_POINT ( 'NONE',  ( -61.69726238648821237, -5.958149606299221190, 7.710257185281141012 ) ) ;
#2161 = CARTESIAN_POINT ( 'NONE',  ( -62.36939381702050156, -1.403543307086619674, 8.362365590044475994 ) ) ;
#2162 = ORIENTED_EDGE ( 'NONE', *, *, #1015, .F. ) ;
#2163 = CARTESIAN_POINT ( 'NONE',  ( -61.69226708685546612, -1.481336058263770905, 7.727636492120415923 ) ) ;
#2164 = VERTEX_POINT ( 'NONE', #4102 ) ;
#2165 = CARTESIAN_POINT ( 'NONE',  ( -61.18736971034124394, -4.274806385317729607, 8.321005392043094417 ) ) ;
#2166 = CARTESIAN_POINT ( 'NONE',  ( -62.13919451266762195, -4.404960629921268911, 6.767666871665956485 ) ) ;
#2167 = DIRECTION ( 'NONE',  ( 0.000000000000000000, 0.000000000000000000, 1.000000000000000000 ) ) ;
#2168 = CARTESIAN_POINT ( 'NONE',  ( -62.06336904848807023, -1.481336058263765798, 7.369719504488980277 ) ) ;
#2169 = CIRCLE ( 'NONE', #2872, 0.5413385826771592857 ) ;
#2170 = EDGE_LOOP ( 'NONE', ( #7911, #1967, #7302, #4682, #622 ) ) ;
#2171 = DIRECTION ( 'NONE',  ( -0.000000000000000000, 1.000000000000000000, -0.000000000000000000 ) ) ;
#2172 = ORIENTED_EDGE ( 'NONE', *, *, #6352, .F. ) ;
#2173 = CARTESIAN_POINT ( 'NONE',  ( -61.83469231920783926, -1.407454082783005544, 8.231927838956059063 ) ) ;
#2174 = EDGE_LOOP ( 'NONE', ( #2510, #3287, #5871, #7456, #293 ) ) ;
#2175 = FACE_OUTER_BOUND ( 'NONE', #5847, .T. ) ;
#2176 = CIRCLE ( 'NONE', #4690, 0.1620000001984054638 ) ;
#2177 = PLANE ( 'NONE',  #6956 ) ;
#2178 = ORIENTED_EDGE ( 'NONE', *, *, #2328, .T. ) ;
#2179 = CARTESIAN_POINT ( 'NONE',  ( -61.22660360979701721, -4.209697190732883954, 7.659795964098943699 ) ) ;
#2180 = DIRECTION ( 'NONE',  ( 0.000000000000000000, -1.000000000000000000, 0.000000000000000000 ) ) ;
#2181 = CARTESIAN_POINT ( 'NONE',  ( -62.13660164116045337, -0.3996062992126024893, 8.377267380186582457 ) ) ;
#2182 = AXIS2_PLACEMENT_3D ( 'NONE', #3238, #1300, #8586 ) ;
#2183 = VERTEX_POINT ( 'NONE', #6772 ) ;
#2184 = CARTESIAN_POINT ( 'NONE',  ( -62.95327355189946417, -4.208110231249652777, 8.407951960562931149 ) ) ;
#2185 = CARTESIAN_POINT ( 'NONE',  ( -62.17522999999999911, -0.3996062992126024893, 7.306061762703171425 ) ) ;
#2186 = CARTESIAN_POINT ( 'NONE',  ( -62.67490300667535763, -1.481336058263765798, 7.875126014671668173 ) ) ;
#2187 = APPROVAL_ROLE ( '' ) ;
#2188 = LINE ( 'NONE', #1142, #4000 ) ;
#2189 = ORIENTED_EDGE ( 'NONE', *, *, #3695, .F. ) ;
#2190 = PLANE ( 'NONE',  #5851 ) ;
#2191 = VERTEX_POINT ( 'NONE', #8177 ) ;
#2192 = CARTESIAN_POINT ( 'NONE',  ( -62.17522999999999911, -1.930537037140300782, 8.364027723312071672 ) ) ;
#2193 = EDGE_CURVE ( 'NONE', #5110, #2921, #3451, .T. ) ;
#2194 = CARTESIAN_POINT ( 'NONE',  ( -62.81104686622801125, -4.322691748904825992, 7.493973892374260259 ) ) ;
#2195 = VECTOR ( 'NONE', #8252, 39.37007874015748143 ) ;
#2196 = CARTESIAN_POINT ( 'NONE',  ( -61.65500863448509250, -0.3996062992126024893, 7.818417655832137214 ) ) ;
#2197 = CARTESIAN_POINT ( 'NONE',  ( -62.03420082865849139, -1.482582146657622779, 8.336669115252263396 ) ) ;
#2198 = EDGE_CURVE ( 'NONE', #7169, #2709, #8440, .T. ) ;
#2199 = EDGE_CURVE ( 'NONE', #49, #5401, #3256, .T. ) ;
#2201 = CARTESIAN_POINT ( 'NONE',  ( -62.26399294585504407, -0.4126776965509287298, 7.329712585137773573 ) ) ;
#2200 = VECTOR ( 'NONE', #1077, 39.37007874015748143 ) ;
#2202 = CIRCLE ( 'NONE', #7952, 0.1968503937007832216 ) ;
#2203 = ORIENTED_EDGE ( 'NONE', *, *, #8635, .T. ) ;
#2204 = DIRECTION ( 'NONE',  ( -0.5155785449014784749, 0.000000000000000000, -0.8568423215722213993 ) ) ;
#2205 = ORIENTED_EDGE ( 'NONE', *, *, #3340, .T. ) ;
#2206 = CARTESIAN_POINT ( 'NONE',  ( -62.02228602647226552, -4.097293596144144345, 6.707732512793327828 ) ) ;
#2207 = EDGE_CURVE ( 'NONE', #8061, #1042, #1029, .T. ) ;
#2208 = CARTESIAN_POINT ( 'NONE',  ( -62.24700387713151173, -4.214383444089534692, 6.864945740765262983 ) ) ;
#2209 = CARTESIAN_POINT ( 'NONE',  ( -62.06336904848809155, -1.481336058263765798, 8.344372524854378526 ) ) ;
#2210 = EDGE_CURVE ( 'NONE', #2778, #1236, #7555, .T. ) ;
#2211 = CARTESIAN_POINT ( 'NONE',  ( -61.75154048263378570, -5.958149606299221190, 8.122540257309786682 ) ) ;
#2212 = CIRCLE ( 'NONE', #269, 0.5509842519685053119 ) ;
#2213 = VECTOR ( 'NONE', #8614, 39.37007874015748143 ) ;
#2214 = VECTOR ( 'NONE', #2731, 39.37007874015748143 ) ;
#2215 = ORIENTED_EDGE ( 'NONE', *, *, #812, .T. ) ;
#2216 = CARTESIAN_POINT ( 'NONE',  ( -62.61307793466730232, -1.267487984742363905, 8.175380190032234040 ) ) ;
#2217 = ORIENTED_EDGE ( 'NONE', *, *, #4225, .F. ) ;
#2218 = DIRECTION ( 'NONE',  ( 9.912705577010456205E-17, 1.000000000000000000, -1.716930969985315204E-16 ) ) ;
#2219 = ORIENTED_EDGE ( 'NONE', *, *, #6997, .T. ) ;
#2220 = CARTESIAN_POINT ( 'NONE',  ( -61.47871389636257078, -3.987544811088473917, 7.282813928542473114 ) ) ;
#2221 = CARTESIAN_POINT ( 'NONE',  ( -63.00214707184619556, -4.404960629921268911, 7.068747453845750428 ) ) ;
#2222 = EDGE_CURVE ( 'NONE', #5064, #7525, #1971, .T. ) ;
#2223 = DIRECTION ( 'NONE',  ( 0.000000000000000000, 0.000000000000000000, -1.000000000000000000 ) ) ;
#2224 = ADVANCED_FACE ( 'NONE', ( #5915 ), #3932, .T. ) ;
#2225 = EDGE_LOOP ( 'NONE', ( #3112, #7385, #5818, #3468 ) ) ;
#2226 = CARTESIAN_POINT ( 'NONE',  ( -61.10132403820664138, -4.284820666763637043, 7.620624501315294452 ) ) ;
#2227 = B_SPLINE_CURVE_WITH_KNOTS ( 'NONE', 3,
 ( #6000, #5471, #1405, #7421, #6083, #2060, #625, #2020, #2771, #4735, #8156, #6745, #141, #4815, #5339, #7495, #1362, #755, #7464, #2105, #3295, #5427 ),
 .UNSPECIFIED., .F., .F.,
 ( 4, 2, 2, 2, 2, 2, 2, 2, 2, 2, 4 ),
 ( -1.679737591827171588E-05, 0.002622640430130593770, 0.003942359333155026450, 0.005262078236179458697, 0.005921937687691390326, 0.006581797139203321954, 0.007241656590715253583, 0.007901516042227186079, 0.008561375493739118575, 0.009221234945251049336, 0.01054095384827471310 ),
 .UNSPECIFIED. ) ;
#2228 = CARTESIAN_POINT ( 'NONE',  ( -62.51576768079216606, -5.958149606299221190, 8.223152676671547923 ) ) ;
#2229 = VECTOR ( 'NONE', #3899, 39.37007874015748143 ) ;
#2230 = DIRECTION ( 'NONE',  ( 0.000000000000000000, 0.000000000000000000, -1.000000000000000000 ) ) ;
#2231 = ORIENTED_EDGE ( 'NONE', *, *, #3548, .T. ) ;
#2232 = CARTESIAN_POINT ( 'NONE',  ( -63.05512550702988506, -4.236264588436383427, 8.424844696444152348 ) ) ;
#2233 = CARTESIAN_POINT ( 'NONE',  ( -62.17596293988756884, -4.312409390859754055, 8.584186072433102055 ) ) ;
#2234 = FACE_OUTER_BOUND ( 'NONE', #3773, .T. ) ;
#2235 = B_SPLINE_CURVE_WITH_KNOTS ( 'NONE', 3,
 ( #5488, #775, #3447, #160, #4179, #6105, #2787, #4792, #7475, #1466, #4138, #6808, #3697, #8386, #7165, #5829, #3734, #5784 ),
 .UNSPECIFIED., .F., .F.,
 ( 4, 2, 2, 2, 2, 2, 2, 2, 4 ),
 ( -1.483294210564258763E-05, 0.0009733137447625042279, 0.001961460431630651299, 0.002949607118498797937, 0.003937753805366944575, 0.004925900492235091646, 0.005914047179103237850, 0.006902193865971384922, 0.007890340552839531993 ),
 .UNSPECIFIED. ) ;
#2236 = PERSON_AND_ORGANIZATION ( #2462, #3721 ) ;
#2237 = CARTESIAN_POINT ( 'NONE',  ( -62.17522999999999911, -1.267487984742363905, 7.857046014671676737 ) ) ;
#2238 = ORIENTED_EDGE ( 'NONE', *, *, #3922, .F. ) ;
#2239 = ORIENTED_EDGE ( 'NONE', *, *, #4974, .F. ) ;
#2240 = B_SPLINE_CURVE_WITH_KNOTS ( 'NONE', 3,
 ( #3249, #5909, #8601, #7215, #2430, #2559, #7870, #512, #5050, #6458, #5092, #5137, #3133, #7733, #7830, #1252, #5228, #3087 ),
 .UNSPECIFIED., .F., .F.,
 ( 4, 2, 2, 2, 2, 2, 2, 2, 4 ),
 ( -1.483339182820269979E-05, 0.0009727327746684681772, 0.001960298941165138954, 0.002947865107661809623, 0.003935431274158481159, 0.004922997440655152261, 0.005910563607151822496, 0.006898129773648493598, 0.007885695940145164701 ),
 .UNSPECIFIED. ) ;
#2241 = DIRECTION ( 'NONE',  ( -0.000000000000000000, -1.000000000000000000, -0.000000000000000000 ) ) ;
#2242 = VERTEX_POINT ( 'NONE', #7073 ) ;
#2243 = DIRECTION ( 'NONE',  ( 0.000000000000000000, 0.000000000000000000, -1.000000000000000000 ) ) ;
#2244 = CARTESIAN_POINT ( 'NONE',  ( -63.02410167105040983, -3.983565816415135963, 7.639342790150354112 ) ) ;
#2245 = CARTESIAN_POINT ( 'NONE',  ( -61.94857245730410966, -0.3996062992126024893, 7.387206917124565564 ) ) ;
#2246 = DIRECTION ( 'NONE',  ( 0.8660254037844510311, 0.000000000000000000, 0.4999999999999786837 ) ) ;
#2247 = EDGE_CURVE ( 'NONE', #2251, #831, #858, .T. ) ;
#2248 = TOROIDAL_SURFACE ( 'NONE', #5731, 0.9431496061008086684, 0.1968503937007874127 ) ;
#2249 = EDGE_CURVE ( 'NONE', #8214, #7891, #3989, .T. ) ;
#2250 = TOROIDAL_SURFACE ( 'NONE', #8132, 0.1572834645669290710, 0.3937007874015748254 ) ;
#2251 = VERTEX_POINT ( 'NONE', #8390 ) ;
#2252 = DIRECTION ( 'NONE',  ( 0.000000000000000000, 0.000000000000000000, 1.000000000000000000 ) ) ;
#2253 = ORIENTED_EDGE ( 'NONE', *, *, #5718, .T. ) ;
#2254 = CARTESIAN_POINT ( 'NONE',  ( -61.14648002731913579, -4.379158360140040784, 8.345273974066033773 ) ) ;
#2255 = DIRECTION ( 'NONE',  ( 6.123233995736766036E-17, -1.000000000000000000, 0.000000000000000000 ) ) ;
#2256 = EDGE_CURVE ( 'NONE', #3265, #5156, #4604, .T. ) ;
#2257 = FACE_OUTER_BOUND ( 'NONE', #567, .T. ) ;
#2258 = DIRECTION ( 'NONE',  ( -0.7197777434736379876, 0.000000000000000000, 0.6942045807973308280 ) ) ;
#2259 = AXIS2_PLACEMENT_3D ( 'NONE', #98, #1657, #4161 ) ;
#2260 = ADVANCED_FACE ( 'NONE', ( #993 ), #1689, .T. ) ;
#2261 = ORIENTED_EDGE ( 'NONE', *, *, #551, .F. ) ;
#2262 = CARTESIAN_POINT ( 'NONE',  ( -62.17522999999999911, -4.278729374314155898, 7.857046014671676737 ) ) ;
#2263 = ORIENTED_EDGE ( 'NONE', *, *, #7583, .T. ) ;
#2264 = CARTESIAN_POINT ( 'NONE',  ( -61.83469231920783926, -1.336377492739988293, 8.250912536397384756 ) ) ;
#2265 = ORIENTED_EDGE ( 'NONE', *, *, #312, .F. ) ;
#2266 = DIRECTION ( 'NONE',  ( 0.000000000000000000, -1.000000000000000000, 0.000000000000000000 ) ) ;
#2267 = DIRECTION ( 'NONE',  ( 0.000000000000000000, 0.000000000000000000, -1.000000000000000000 ) ) ;
#2268 = AXIS2_PLACEMENT_3D ( 'NONE', #7974, #3324, #7318 ) ;
#2269 = DIRECTION ( 'NONE',  ( 1.000000000000000000, 0.000000000000000000, 0.000000000000000000 ) ) ;
#2270 = ORIENTED_EDGE ( 'NONE', *, *, #4163, .F. ) ;
#2271 = CIRCLE ( 'NONE', #7181, 0.3071496062992155607 ) ;
#2272 = CARTESIAN_POINT ( 'NONE',  ( -62.67015602364339344, -1.407454082783215377, 7.749572644301994551 ) ) ;
#2273 = VECTOR ( 'NONE', #4030, 39.37007874015748143 ) ;
#2274 = DIRECTION ( 'NONE',  ( 6.123233995736766036E-17, -1.000000000000000000, 0.000000000000000000 ) ) ;
#2275 = PLANE ( 'NONE',  #7264 ) ;
#2276 = ORIENTED_EDGE ( 'NONE', *, *, #1337, .F. ) ;
#2277 = CARTESIAN_POINT ( 'NONE',  ( -63.10374677592492532, -4.338247612988201496, 8.499008957766609029 ) ) ;
#2278 = CARTESIAN_POINT ( 'NONE',  ( -62.17977456056604524, -4.304382657493602160, 8.579645869438014216 ) ) ;
#2279 = ADVANCED_FACE ( 'NONE', ( #591 ), #1780, .F. ) ;
#2280 = CARTESIAN_POINT ( 'NONE',  ( -62.66255651018270356, -1.481336058263765798, 7.968906966183590512 ) ) ;
#2281 = DIRECTION ( 'NONE',  ( 6.123233995736766036E-17, -1.000000000000000000, 0.000000000000000000 ) ) ;
#2282 = ORIENTED_EDGE ( 'NONE', *, *, #5501, .F. ) ;
#2283 = AXIS2_PLACEMENT_3D ( 'NONE', #2129, #4796, #2167 ) ;
#2284 = CARTESIAN_POINT ( 'NONE',  ( -61.68062054991133181, -0.4192913385826831929, 8.077066361407828410 ) ) ;
#2285 = ORIENTED_EDGE ( 'NONE', *, *, #4775, .T. ) ;
#2286 = CARTESIAN_POINT ( 'NONE',  ( -62.00440042688150299, -1.336377492740391526, 8.348893558046329488 ) ) ;
#2287 = ORIENTED_EDGE ( 'NONE', *, *, #1607, .F. ) ;
#2288 = CARTESIAN_POINT ( 'NONE',  ( -62.73048937902076005, -4.247658429892420706, 7.479066253579819801 ) ) ;
#2289 = CYLINDRICAL_SURFACE ( 'NONE', #5813, 0.5413385826771592857 ) ;
#2290 = DIRECTION ( 'NONE',  ( 0.000000000000000000, 0.000000000000000000, -1.000000000000000000 ) ) ;
#2291 = ORIENTED_EDGE ( 'NONE', *, *, #2754, .T. ) ;
#2292 = DIRECTION ( 'NONE',  ( -0.8568423215722213993, 0.000000000000000000, 0.5155785449014784749 ) ) ;
#2293 = ORIENTED_EDGE ( 'NONE', *, *, #2502, .F. ) ;
#2294 = CARTESIAN_POINT ( 'NONE',  ( -62.17522999999999911, -2.135639365734934625, 7.857046014671676737 ) ) ;
#2295 = EDGE_CURVE ( 'NONE', #2242, #5315, #2996, .T. ) ;
#2296 = CARTESIAN_POINT ( 'NONE',  ( -62.98020297462292660, -4.208110236220480971, 8.412476036601495011 ) ) ;
#2297 = EDGE_CURVE ( 'NONE', #6776, #6311, #4440, .T. ) ;
#2298 = CARTESIAN_POINT ( 'NONE',  ( -62.31393566156402386, 57.93121849778213317, 9.033977852463827674 ) ) ;
#2299 = CARTESIAN_POINT ( 'NONE',  ( -62.32201882939053661, -0.3996062992126024893, 8.335013628183467915 ) ) ;
#2300 = CARTESIAN_POINT ( 'NONE',  ( -62.60515458118682375, -1.482581474689000478, 8.112178176474523994 ) ) ;
#2301 = ORIENTED_EDGE ( 'NONE', *, *, #5463, .F. ) ;
#2302 = DIRECTION ( 'NONE',  ( -0.7197777434736258861, 0.000000000000000000, -0.6942045807973433735 ) ) ;
#2303 = ORIENTED_EDGE ( 'NONE', *, *, #7629, .F. ) ;
#2304 = CARTESIAN_POINT ( 'NONE',  ( -62.00327467350523847, -0.3996062992126024893, 8.349543512061163852 ) ) ;
#2305 = CARTESIAN_POINT ( 'NONE',  ( -62.17522999999999911, -0.4192913385826831929, 7.857046014671676737 ) ) ;
#2306 = CARTESIAN_POINT ( 'NONE',  ( -61.94105123596275320, -5.958149606299221190, 7.415276497305457681 ) ) ;
#2307 = LINE ( 'NONE', #3472, #5467 ) ;
#2308 = EDGE_CURVE ( 'NONE', #6206, #6438, #3791, .T. ) ;
#2309 = EDGE_LOOP ( 'NONE', ( #8039, #6104, #4750 ) ) ;
#2310 = EDGE_CURVE ( 'NONE', #3654, #3666, #3039, .T. ) ;
#2311 = CARTESIAN_POINT ( 'NONE',  ( -61.06273608398334574, -4.391957921822303490, 7.608133808477016480 ) ) ;
#2312 = CONICAL_SURFACE ( 'NONE', #7922, 0.5216535433070783601, 0.7853981633974604915 ) ;
#2313 = DIRECTION ( 'NONE',  ( -0.000000000000000000, 1.000000000000000000, -0.000000000000000000 ) ) ;
#2314 = DIRECTION ( 'NONE',  ( 0.000000000000000000, 0.000000000000000000, 1.000000000000000000 ) ) ;
#2315 = ORIENTED_EDGE ( 'NONE', *, *, #2755, .F. ) ;
#2316 = CIRCLE ( 'NONE', #4834, 0.5216535433070783601 ) ;
#2317 = CARTESIAN_POINT ( 'NONE',  ( -62.65319761351178585, -0.3996062992126024893, 8.003834844062206244 ) ) ;
#2318 = DIRECTION ( 'NONE',  ( 0.000000000000000000, 0.000000000000000000, -1.000000000000000000 ) ) ;
#2319 = CARTESIAN_POINT ( 'NONE',  ( -61.83469231920783926, -1.267487984742363905, 7.436235428949777848 ) ) ;
#2320 = EDGE_LOOP ( 'NONE', ( #6306, #4871, #1747, #7674 ) ) ;
#2321 = DIRECTION ( 'NONE',  ( -0.000000000000000000, 1.000000000000000000, -0.000000000000000000 ) ) ;
#2322 = ORIENTED_EDGE ( 'NONE', *, *, #3340, .F. ) ;
#2323 = CARTESIAN_POINT ( 'NONE',  ( -61.83469231920783926, -0.4061132758059456949, 8.260802211017791663 ) ) ;
#2324 = FACE_OUTER_BOUND ( 'NONE', #6840, .T. ) ;
#2325 = B_SPLINE_CURVE_WITH_KNOTS ( 'NONE', 3,
 ( #2168, #4841, #2955, #8265 ),
 .UNSPECIFIED., .F., .F.,
 ( 4, 4 ),
 ( 2.372388754658261924E-06, 0.005608136317045270790 ),
 .UNSPECIFIED. ) ;
#2326 = DIRECTION ( 'NONE',  ( -0.9659258262890776381, 0.000000000000000000, 0.2588190451024862115 ) ) ;
#2327 = CARTESIAN_POINT ( 'NONE',  ( -61.68790348981730176, -5.958149606299221190, 7.745185063159765626 ) ) ;
#2328 = EDGE_CURVE ( 'NONE', #2136, #7738, #3789, .T. ) ;
#2329 = B_SPLINE_CURVE_WITH_KNOTS ( 'NONE', 3,
 ( #5047, #6454, #3179, #8535 ),
 .UNSPECIFIED., .F., .F.,
 ( 4, 4 ),
 ( 2.372388754738260374E-06, 0.005608136317061012538 ),
 .UNSPECIFIED. ) ;
#2330 = VERTEX_POINT ( 'NONE', #1116 ) ;
#2331 = DIRECTION ( 'NONE',  ( 1.982541115402063138E-16, 1.000000000000000000, 2.076601592374666518E-30 ) ) ;
#2332 = ORIENTED_EDGE ( 'NONE', *, *, #6274, .T. ) ;
#2333 = FACE_OUTER_BOUND ( 'NONE', #7741, .T. ) ;
#2334 = AXIS2_PLACEMENT_3D ( 'NONE', #3630, #8235, #4280 ) ;
#2335 = CARTESIAN_POINT ( 'NONE',  ( -61.67533831007941103, -1.482581474689079526, 7.851057371821390518 ) ) ;
#2336 = CARTESIAN_POINT ( 'NONE',  ( -62.17522999999999911, -2.135639365734926187, 7.942467074986678810 ) ) ;
#2337 = CARTESIAN_POINT ( 'NONE',  ( -62.05009914256508807, 57.93121849778213317, 6.678593605360312324 ) ) ;
#2338 = B_SPLINE_CURVE_WITH_KNOTS ( 'NONE', 3,
 ( #1054, #7759, #323, #6485 ),
 .UNSPECIFIED., .F., .F.,
 ( 4, 4 ),
 ( 3.688072698881871215E-17, 0.0008211405993301740735 ),
 .UNSPECIFIED. ) ;
#2339 = AXIS2_PLACEMENT_3D ( 'NONE', #7825, #4389, #8388 ) ;
#2340 = EDGE_CURVE ( 'NONE', #4034, #1420, #4391, .T. ) ;
#2341 = CARTESIAN_POINT ( 'NONE',  ( -63.11300938755643131, -4.200544668566994488, 7.051593652342477370 ) ) ;
#2342 = VERTEX_POINT ( 'NONE', #7289 ) ;
#2343 = DIRECTION ( 'NONE',  ( 0.4999999999999755196, 0.000000000000000000, -0.8660254037844528074 ) ) ;
#2344 = EDGE_LOOP ( 'NONE', ( #2008, #2124, #7682, #5311, #2215 ) ) ;
#2345 = CARTESIAN_POINT ( 'NONE',  ( -61.10519521052584935, -4.222594948828667150, 8.496093715355451437 ) ) ;
#2346 = CIRCLE ( 'NONE', #5286, 0.5216535433070783601 ) ;
#2347 = AXIS2_PLACEMENT_3D ( 'NONE', #1773, #4432, #6496 ) ;
#2348 = CARTESIAN_POINT ( 'NONE',  ( -62.84573524886317841, -4.217163321470493109, 7.110497620990597234 ) ) ;
#2349 = DIRECTION ( 'NONE',  ( 0.000000000000000000, -1.000000000000000000, 0.000000000000000000 ) ) ;
#2350 = CARTESIAN_POINT ( 'NONE',  ( -61.68273250261051999, -0.3996062992126024893, 8.029001341166452477 ) ) ;
#2351 = EDGE_CURVE ( 'NONE', #1629, #5795, #560, .T. ) ;
#2352 = ORIENTED_EDGE ( 'NONE', *, *, #5240, .T. ) ;
#2353 = CARTESIAN_POINT ( 'NONE',  ( -61.83469231920782505, -1.481336058263765798, 7.490939352671807328 ) ) ;
#2354 = DIRECTION ( 'NONE',  ( -0.9998364899699181407, 0.000000000000000000, 0.01808295674478790221 ) ) ;
#2355 = CARTESIAN_POINT ( 'NONE',  ( -62.57039642975526306, -0.3996062992126024893, 7.516508333879505344 ) ) ;
#2356 = ADVANCED_FACE ( 'NONE', ( #1277 ), #1318, .F. ) ;
#2357 = EDGE_LOOP ( 'NONE', ( #4008, #2897, #7611, #7489 ) ) ;
#2358 = VECTOR ( 'NONE', #2258, 39.37007874015748143 ) ;
#2359 = CARTESIAN_POINT ( 'NONE',  ( -62.16934949628548424, -4.329162343821227665, 8.592087590949015308 ) ) ;
#2360 = ADVANCED_FACE ( 'NONE', ( #716 ), #1839, .T. ) ;
#2361 = DIRECTION ( 'NONE',  ( -0.000000000000000000, -1.000000000000000000, -0.000000000000000000 ) ) ;
#2362 = ADVANCED_FACE ( 'NONE', ( #7465 ), #6617, .F. ) ;
#2363 = CARTESIAN_POINT ( 'NONE',  ( -61.73775313900270589, -3.983565816450640451, 8.615967885197557408 ) ) ;
#2364 = CARTESIAN_POINT ( 'NONE',  ( -62.60824270189221608, -5.958149606299221190, 7.607046014671670520 ) ) ;
#2365 = EDGE_CURVE ( 'NONE', #8469, #4298, #5681, .T. ) ;
#2366 = VERTEX_POINT ( 'NONE', #8199 ) ;
#2367 = PLANE ( 'NONE',  #530 ) ;
#2368 = ORIENTED_EDGE ( 'NONE', *, *, #4334, .F. ) ;
#2369 = CARTESIAN_POINT ( 'NONE',  ( -62.67202238068490772, -0.4061132758059444181, 8.036440297246691955 ) ) ;
#2370 = CARTESIAN_POINT ( 'NONE',  ( -62.27256106763421428, -0.3996062992126024893, 7.344553007384734933 ) ) ;
#2371 = DIRECTION ( 'NONE',  ( -6.123233995736766036E-17, 1.000000000000000000, -0.000000000000000000 ) ) ;
#2372 = CARTESIAN_POINT ( 'NONE',  ( -61.21722570565172106, -4.125273117735857475, 8.554638720984137024 ) ) ;
#2373 = AXIS2_PLACEMENT_3D ( 'NONE', #2306, #6333, #4851 ) ;
#2374 = ORIENTED_EDGE ( 'NONE', *, *, #413, .F. ) ;
#2375 = DIRECTION ( 'NONE',  ( 0.000000000000000000, -1.000000000000000000, 0.000000000000000000 ) ) ;
#2376 = EDGE_CURVE ( 'NONE', #4325, #3348, #2381, .T. ) ;
#2377 = VERTEX_POINT ( 'NONE', #4289 ) ;
#2378 = FACE_OUTER_BOUND ( 'NONE', #8267, .T. ) ;
#2379 = CARTESIAN_POINT ( 'NONE',  ( -62.22682803223830206, -4.217163321471318227, 6.873462985184785268 ) ) ;
#2380 = CARTESIAN_POINT ( 'NONE',  ( -62.49562054075092021, -5.958110236220478306, 7.124004473509751634 ) ) ;
#2381 = CIRCLE ( 'NONE', #994, 0.9152559055118133502 ) ;
#2382 = FACE_OUTER_BOUND ( 'NONE', #6784, .T. ) ;
#2383 = ADVANCED_FACE ( 'NONE', ( #1711 ), #1585, .T. ) ;
#2384 = DIRECTION ( 'NONE',  ( -0.000000000000000000, 1.000000000000000000, 1.982541115402063384E-16 ) ) ;
#2385 = B_SPLINE_CURVE_WITH_KNOTS ( 'NONE', 3,
 ( #6310, #4872, #2369, #1595 ),
 .UNSPECIFIED., .F., .F.,
 ( 4, 4 ),
 ( 7.263086457076873992E-17, 0.0008211405993301740735 ),
 .UNSPECIFIED. ) ;
#2386 = CIRCLE ( 'NONE', #3801, 0.3937007874015751585 ) ;
#2387 = CARTESIAN_POINT ( 'NONE',  ( -62.26399294585505118, -0.4126776965509273420, 8.384379444205579901 ) ) ;
#2388 = ORIENTED_EDGE ( 'NONE', *, *, #1586, .F. ) ;
#2389 = FACE_OUTER_BOUND ( 'NONE', #6314, .T. ) ;
#2390 = ORIENTED_EDGE ( 'NONE', *, *, #3924, .F. ) ;
#2391 = CARTESIAN_POINT ( 'NONE',  ( -61.99165455255239010, -4.404960629921268911, 7.129859618435438584 ) ) ;
#2392 = CIRCLE ( 'NONE', #7307, 0.1620000000156907038 ) ;
#2393 = CARTESIAN_POINT ( 'NONE',  ( -62.91823922825723514, -4.242958277029227787, 7.104237573303294084 ) ) ;
#2394 = CARTESIAN_POINT ( 'NONE',  ( -61.98106618297951087, -1.403543307086619674, 8.362365590044479546 ) ) ;
#2395 = CARTESIAN_POINT ( 'NONE',  ( -61.19742131274188779, -4.301422018555185467, 8.390057105709768592 ) ) ;
#2396 = VERTEX_POINT ( 'NONE', #4948 ) ;
#2397 = FACE_OUTER_BOUND ( 'NONE', #7876, .T. ) ;
#2398 = ORIENTED_EDGE ( 'NONE', *, *, #1049, .F. ) ;
#2399 = CARTESIAN_POINT ( 'NONE',  ( -62.17522999999999911, -1.572047244094489038, 7.857046014671676737 ) ) ;
#2400 = VECTOR ( 'NONE', #5685, 39.37007874015748143 ) ;
#2401 = ORIENTED_EDGE ( 'NONE', *, *, #3673, .F. ) ;
#2402 = ADVANCED_FACE ( 'NONE', ( #2234 ), #8370, .T. ) ;
#2403 = DIRECTION ( 'NONE',  ( 6.123233995736766036E-17, -1.000000000000000000, 0.000000000000000000 ) ) ;
#2404 = ADVANCED_FACE ( 'NONE', ( #6966 ), #2891, .F. ) ;
#2405 = DIRECTION ( 'NONE',  ( -0.000000000000000000, 1.000000000000000000, 1.982541115402063384E-16 ) ) ;
#2406 = ADVANCED_FACE ( 'NONE', ( #7544 ), #7295, .T. ) ;
#2407 = AXIS2_PLACEMENT_3D ( 'NONE', #5950, #8644, #5292 ) ;
#2408 = DIRECTION ( 'NONE',  ( 1.000000000000000000, 0.000000000000000000, 0.000000000000000000 ) ) ;
#2409 = DIRECTION ( 'NONE',  ( 0.000000000000000000, 0.000000000000000000, -1.000000000000000000 ) ) ;
#2410 = ORIENTED_EDGE ( 'NONE', *, *, #5721, .F. ) ;
#2411 = DIRECTION ( 'NONE',  ( 0.000000000000000000, -1.000000000000000000, 0.000000000000000000 ) ) ;
#2412 = VERTEX_POINT ( 'NONE', #2978 ) ;
#2413 = CARTESIAN_POINT ( 'NONE',  ( -61.92523000000000621, -1.481336058263770905, 8.290058716563899921 ) ) ;
#2414 = CARTESIAN_POINT ( 'NONE',  ( -62.70993149781265430, -0.4192913385826831929, 7.772537025020769264 ) ) ;
#2415 = CARTESIAN_POINT ( 'NONE',  ( -62.17522999999999911, -0.5246062992125997138, 7.857046014671676737 ) ) ;
#2416 = EDGE_LOOP ( 'NONE', ( #480, #1830, #258, #4216, #8189 ) ) ;
#2417 = FACE_OUTER_BOUND ( 'NONE', #2616, .T. ) ;
#2418 = ORIENTED_EDGE ( 'NONE', *, *, #8178, .F. ) ;
#2419 = VECTOR ( 'NONE', #1385, 39.37007874015748143 ) ;
#2420 = VECTOR ( 'NONE', #6146, 39.37007874015748143 ) ;
#2421 = ADVANCED_FACE ( 'NONE', ( #7584 ), #6923, .T. ) ;
#2422 = ORIENTED_EDGE ( 'NONE', *, *, #5376, .F. ) ;
#2423 = FACE_OUTER_BOUND ( 'NONE', #8652, .T. ) ;
#2424 = ORIENTED_EDGE ( 'NONE', *, *, #6917, .F. ) ;
#2425 = DIRECTION ( 'NONE',  ( 0.000000000000000000, 0.000000000000000000, -1.000000000000000000 ) ) ;
#2426 = ORIENTED_EDGE ( 'NONE', *, *, #1422, .F. ) ;
#2427 = FACE_OUTER_BOUND ( 'NONE', #8584, .T. ) ;
#2428 = B_SPLINE_CURVE_WITH_KNOTS ( 'NONE', 3,
 ( #3462, #5948, #4074, #4767 ),
 .UNSPECIFIED., .F., .F.,
 ( 4, 4 ),
 ( 2.014298343773405034E-07, 0.0004597969392810105009 ),
 .UNSPECIFIED. ) ;
#2429 = DIRECTION ( 'NONE',  ( 6.123233995736766036E-17, -1.000000000000000000, 0.000000000000000000 ) ) ;
#2430 = CARTESIAN_POINT ( 'NONE',  ( -62.26773283315269936, -4.218246279494116457, 6.854494846396393726 ) ) ;
#2431 = DIRECTION ( 'NONE',  ( 1.000000000000000000, 0.000000000000000000, 0.000000000000000000 ) ) ;
#2432 = B_SPLINE_CURVE_WITH_KNOTS ( 'NONE', 3,
 ( #7271, #6679, #3365, #5977, #5898, #2608, #6023, #646, #4584, #7314, #2701, #6555, #3318, #73, #8670, #2747, #4712, #8629, #29, #5278, #2083, #8054, #5366, #1301, #1260, #2657 ),
 .UNSPECIFIED., .F., .F.,
 ( 4, 2, 2, 2, 2, 2, 2, 2, 2, 2, 2, 2, 4 ),
 ( 0.000000000000000000, 0.001309646485606536350, 0.001964469728409803766, 0.002619292971213071398, 0.003274116214016339031, 0.003928939456819606664, 0.004583762699622874297, 0.005238585942426141930, 0.006548232428032583520, 0.007857878913639025978, 0.009167525399245469303, 0.009822348642048742140, 0.01047717188485201845 ),
 .UNSPECIFIED. ) ;
#2433 = B_SPLINE_CURVE_WITH_KNOTS ( 'NONE', 3,
 ( #4474, #1193, #2586, #5734 ),
 .UNSPECIFIED., .F., .F.,
 ( 4, 4 ),
 ( 0.000000000000000000, 0.0008211405993301780851 ),
 .UNSPECIFIED. ) ;
#2434 = PLANE ( 'NONE',  #4506 ) ;
#2435 = ORIENTED_EDGE ( 'NONE', *, *, #1982, .T. ) ;
#2436 = DIRECTION ( 'NONE',  ( 0.000000000000000000, -1.000000000000000000, 0.000000000000000000 ) ) ;
#2437 = EDGE_LOOP ( 'NONE', ( #2435, #8665, #2172, #3928 ) ) ;
#2438 = CARTESIAN_POINT ( 'NONE',  ( -61.04301962974733442, -4.275925364571244280, 8.421774114676480849 ) ) ;
#2439 = CARTESIAN_POINT ( 'NONE',  ( -62.60824270189222318, -5.958149606299221190, 8.107046014671675849 ) ) ;
#2440 = CYLINDRICAL_SURFACE ( 'NONE', #4375, 0.3228346456692918753 ) ;
#2441 = DIRECTION ( 'NONE',  ( -0.000000000000000000, 1.000000000000000000, -0.000000000000000000 ) ) ;
#2442 = CARTESIAN_POINT ( 'NONE',  ( -61.22225999641240435, -4.258772704666651698, 8.360594364109752874 ) ) ;
#2443 = EDGE_LOOP ( 'NONE', ( #745, #5264, #8444, #4085 ) ) ;
#2444 = CARTESIAN_POINT ( 'NONE',  ( -61.91537213736916101, -5.958110236220478306, 8.693599838821372217 ) ) ;
#2445 = B_SPLINE_CURVE_WITH_KNOTS ( 'NONE', 3,
 ( #3913, #5958, #3299, #4645 ),
 .UNSPECIFIED., .F., .F.,
 ( 4, 4 ),
 ( 2.372388754685037483E-06, 0.005608136317061068049 ),
 .UNSPECIFIED. ) ;
#2446 = VECTOR ( 'NONE', #4248, 39.37007874015748143 ) ;
#2447 = ORIENTED_EDGE ( 'NONE', *, *, #65, .T. ) ;
#2448 = CARTESIAN_POINT ( 'NONE',  ( -62.17522999999999911, -1.572047244094489038, 6.313992575787048089 ) ) ;
#2449 = ORIENTED_EDGE ( 'NONE', *, *, #1198, .T. ) ;
#2450 = CARTESIAN_POINT ( 'NONE',  ( -62.17522999999999911, -3.595905511811027466, 6.912360975301596433 ) ) ;
#2451 = AXIS2_PLACEMENT_3D ( 'NONE', #4956, #7019, #7059 ) ;
#2452 = DIRECTION ( 'NONE',  ( -0.7197777434736234436, 0.000000000000000000, -0.6942045807973457050 ) ) ;
#2453 = AXIS2_PLACEMENT_3D ( 'NONE', #1824, #4482, #8657 ) ;
#2454 = DIRECTION ( 'NONE',  ( -0.9610876741308385096, 0.000000000000000000, 0.2762435205281295603 ) ) ;
#2455 = AXIS2_PLACEMENT_3D ( 'NONE', #7389, #6715, #1419 ) ;
#2456 = FACE_OUTER_BOUND ( 'NONE', #5243, .T. ) ;
#2457 = ORIENTED_EDGE ( 'NONE', *, *, #3766, .F. ) ;
#2458 = DIRECTION ( 'NONE',  ( 1.000000000000000000, 0.000000000000000000, 0.000000000000000000 ) ) ;
#2459 = ORIENTED_EDGE ( 'NONE', *, *, #4601, .T. ) ;
#2460 = CARTESIAN_POINT ( 'NONE',  ( -63.13667775571052232, -4.404960629921268911, 8.370527938355994735 ) ) ;
#2461 = VECTOR ( 'NONE', #3675, 39.37007874015748854 ) ;
#2462 = PERSON ( 'UNSPECIFIED', 'UNSPECIFIED', 'UNSPECIFIED', ('UNSPECIFIED'), ('UNSPECIFIED'), ('UNSPECIFIED') ) ;
#2463 = CARTESIAN_POINT ( 'NONE',  ( -61.98843425125825490, -0.4126776965509295625, 7.355980395503022962 ) ) ;
#2464 = CARTESIAN_POINT ( 'NONE',  ( -61.17129828667302860, -4.226216439430748650, 7.642774837040039237 ) ) ;
#2465 = CIRCLE ( 'NONE', #1343, 0.2362204724409451007 ) ;
#2466 = ORIENTED_EDGE ( 'NONE', *, *, #5128, .F. ) ;
#2467 = CARTESIAN_POINT ( 'NONE',  ( -62.67522999999999911, -1.481336058263770905, 7.857046014671673184 ) ) ;
#2468 = VERTEX_POINT ( 'NONE', #5554 ) ;
#2469 = CARTESIAN_POINT ( 'NONE',  ( -62.51576768079216606, -1.407454082783216043, 8.231927838956025312 ) ) ;
#2470 = ADVANCED_FACE ( 'NONE', ( #931 ), #3720, .T. ) ;
#2471 = ORIENTED_EDGE ( 'NONE', *, *, #5441, .T. ) ;
#2472 = DIRECTION ( 'NONE',  ( 0.000000000000000000, 1.000000000000000000, 0.000000000000000000 ) ) ;
#2473 = DIRECTION ( 'NONE',  ( 0.000000000000000000, 0.000000000000000000, 1.000000000000000000 ) ) ;
#2474 = ORIENTED_EDGE ( 'NONE', *, *, #4394, .T. ) ;
#2475 = CARTESIAN_POINT ( 'NONE',  ( -61.85689582463945158, -1.267487984742363905, 8.294893949338987937 ) ) ;
#2476 = CARTESIAN_POINT ( 'NONE',  ( -62.20693506928920868, -4.045905497767603443, 8.949154870320644051 ) ) ;
#2477 = EDGE_CURVE ( 'NONE', #8572, #1999, #1667, .T. ) ;
#2478 = CARTESIAN_POINT ( 'NONE',  ( -61.59793208319518243, -4.217173188639991466, 7.650265044075782228 ) ) ;
#2479 = ADVANCED_FACE ( 'NONE', ( #6386 ), #3019, .F. ) ;
#2480 = CARTESIAN_POINT ( 'NONE',  ( -61.88166617718100326, -0.3996062992126024893, 8.288256753379245723 ) ) ;
#2481 = CIRCLE ( 'NONE', #6667, 1.046990446758644833 ) ;
#2482 = VECTOR ( 'NONE', #4675, 39.37007874015748143 ) ;
#2483 = ORIENTED_EDGE ( 'NONE', *, *, #431, .T. ) ;
#2484 = DIRECTION ( 'NONE',  ( -0.5000000000000386358, -0.000000000000000000, 0.8660254037844163921 ) ) ;
#2485 = ORIENTED_EDGE ( 'NONE', *, *, #287, .F. ) ;
#2486 = CARTESIAN_POINT ( 'NONE',  ( -62.88926439001774327, -4.228093406731873394, 7.150230579832265398 ) ) ;
#2487 = EDGE_CURVE ( 'NONE', #189, #6292, #5651, .T. ) ;
#2488 = CARTESIAN_POINT ( 'NONE',  ( -62.32201882939053661, -1.481336058263765798, 8.335013628183467915 ) ) ;
#2489 = CARTESIAN_POINT ( 'NONE',  ( -62.93071353922925226, -4.313793353956359766, 7.032757986827494534 ) ) ;
#2490 = CARTESIAN_POINT ( 'NONE',  ( -62.71358452209671697, -0.4192913385826831929, 7.913807530093039944 ) ) ;
#2491 = DIRECTION ( 'NONE',  ( 0.000000000000000000, 0.000000000000000000, 1.000000000000000000 ) ) ;
#2492 = ORIENTED_EDGE ( 'NONE', *, *, #7639, .T. ) ;
#2493 = DIRECTION ( 'NONE',  ( 0.000000000000000000, 1.000000000000000000, 0.000000000000000000 ) ) ;
#2494 = ORIENTED_EDGE ( 'NONE', *, *, #598, .F. ) ;
#2495 = DIRECTION ( 'NONE',  ( 0.000000000000000000, -1.000000000000000000, 0.000000000000000000 ) ) ;
#2496 = AXIS2_PLACEMENT_3D ( 'NONE', #1956, #3231, #2079 ) ;
#2497 = CONICAL_SURFACE ( 'NONE', #5287, 0.5216535433070783601, 0.7853981633974604915 ) ;
#2498 = ORIENTED_EDGE ( 'NONE', *, *, #7556, .T. ) ;
#2499 = EDGE_CURVE ( 'NONE', #1649, #5096, #2109, .T. ) ;
#2500 = CARTESIAN_POINT ( 'NONE',  ( -62.59604058572190155, -1.267487984742363905, 7.516508333879505344 ) ) ;
#2501 = CARTESIAN_POINT ( 'NONE',  ( -62.09072101034910673, -1.403543307086619674, 8.391747512484338145 ) ) ;
#2502 = EDGE_CURVE ( 'NONE', #3561, #3352, #6710, .T. ) ;
#2503 = VECTOR ( 'NONE', #3872, 39.37007874015748854 ) ;
#2504 = CARTESIAN_POINT ( 'NONE',  ( -62.23199151542136320, -1.267487984742363905, 7.318691492574958879 ) ) ;
#2505 = AXIS2_PLACEMENT_3D ( 'NONE', #4370, #2354, #7048 ) ;
#2506 = ORIENTED_EDGE ( 'NONE', *, *, #3197, .T. ) ;
#2507 = CARTESIAN_POINT ( 'NONE',  ( -62.22597551286371242, -0.4126776965509285078, 8.389384534210751809 ) ) ;
#2508 = ORIENTED_EDGE ( 'NONE', *, *, #8546, .F. ) ;
#2509 = DIRECTION ( 'NONE',  ( -0.6942045807973408200, 0.000000000000000000, 0.7197777434736284397 ) ) ;
#2510 = ORIENTED_EDGE ( 'NONE', *, *, #8266, .T. ) ;
#2511 = CARTESIAN_POINT ( 'NONE',  ( -61.90973575736190782, -0.3996062992126024893, 7.433356497305461552 ) ) ;
#2512 = LINE ( 'NONE', #1149, #131 ) ;
#2513 = CARTESIAN_POINT ( 'NONE',  ( -61.07340445555287545, -4.338247612987796487, 7.611607034031770525 ) ) ;
#2514 = PLANE ( 'NONE',  #6579 ) ;
#2515 = ORIENTED_EDGE ( 'NONE', *, *, #4132, .F. ) ;
#2516 = DIRECTION ( 'NONE',  ( 0.000000000000000000, 0.000000000000000000, -1.000000000000000000 ) ) ;
#2517 = ORIENTED_EDGE ( 'NONE', *, *, #7409, .F. ) ;
#2518 = LINE ( 'NONE', #1158, #6792 ) ;
#2519 = PLANE ( 'NONE',  #4996 ) ;
#2520 = VERTEX_POINT ( 'NONE', #2280 ) ;
#2521 = EDGE_CURVE ( 'NONE', #7736, #1588, #249, .T. ) ;
#2522 = DIRECTION ( 'NONE',  ( 1.000000000000000000, 0.000000000000000000, 1.224646799147353207E-16 ) ) ;
#2523 = CARTESIAN_POINT ( 'NONE',  ( -62.23089844440330864, -4.061328976912800037, 8.972024541425868804 ) ) ;
#2524 = CARTESIAN_POINT ( 'NONE',  ( -61.53496790055497456, -4.387501882885603166, 7.466451027467041257 ) ) ;
#2525 = ADVANCED_FACE ( 'NONE', ( #6524 ), #3765, .T. ) ;
#2526 = DIRECTION ( 'NONE',  ( 6.123233995736766036E-17, -1.000000000000000000, 0.000000000000000000 ) ) ;
#2527 = ORIENTED_EDGE ( 'NONE', *, *, #8312, .F. ) ;
#2528 = CARTESIAN_POINT ( 'NONE',  ( -63.02465437492901401, -3.988504844567673402, 7.516206457327312407 ) ) ;
#2529 = ADVANCED_FACE ( 'NONE', ( #5815 ), #5126, .F. ) ;
#2530 = ORIENTED_EDGE ( 'NONE', *, *, #2898, .T. ) ;
#2531 = CARTESIAN_POINT ( 'NONE',  ( -61.69350885553279085, -3.984220850775645140, 8.593204848411032160 ) ) ;
#2532 = FACE_OUTER_BOUND ( 'NONE', #7835, .T. ) ;
#2533 = CARTESIAN_POINT ( 'NONE',  ( -62.17522999999999911, -1.403543307086619674, 7.857046014671676737 ) ) ;
#2534 = FACE_OUTER_BOUND ( 'NONE', #7405, .T. ) ;
#2535 = CARTESIAN_POINT ( 'NONE',  ( -61.23393809585709135, -4.231819538505698475, 8.293731874549177263 ) ) ;
#2536 = VERTEX_POINT ( 'NONE', #1231 ) ;
#2537 = CARTESIAN_POINT ( 'NONE',  ( -62.28709095151192088, -5.958149606299221190, 8.344372524854376749 ) ) ;
#2538 = EDGE_LOOP ( 'NONE', ( #2162, #3475, #8219, #5313 ) ) ;
#2539 = DIRECTION ( 'NONE',  ( -1.401868266681933300E-16, 1.000000000000000000, -1.401868266681948091E-16 ) ) ;
#2540 = VECTOR ( 'NONE', #2648, 39.37007874015748854 ) ;
#2541 = EDGE_LOOP ( 'NONE', ( #2598, #7590, #391, #6849 ) ) ;
#2542 = LINE ( 'NONE', #7051, #5166 ) ;
#2543 = DIRECTION ( 'NONE',  ( -0.8749252783170057279, 0.000000000000000000, -0.4842579450684416642 ) ) ;
#2544 = DIRECTION ( 'NONE',  ( 1.000000000000000000, 0.000000000000000000, 1.224646799147353207E-16 ) ) ;
#2545 = FACE_OUTER_BOUND ( 'NONE', #3288, .T. ) ;
#2546 = ORIENTED_EDGE ( 'NONE', *, *, #602, .T. ) ;
#2547 = CARTESIAN_POINT ( 'NONE',  ( -62.51047397914447146, -4.306318759418146236, 8.919396922970676655 ) ) ;
#2548 = DIRECTION ( 'NONE',  ( -0.000000000000000000, 1.000000000000000000, 1.982541115402063384E-16 ) ) ;
#2549 = CARTESIAN_POINT ( 'NONE',  ( -62.94827566836175237, -4.208110236220480971, 8.404775064550660701 ) ) ;
#2550 = AXIS2_PLACEMENT_3D ( 'NONE', #6118, #256, #8181 ) ;
#2551 = CARTESIAN_POINT ( 'NONE',  ( -62.17523000002436362, -4.404960629921268911, 7.857046014726967620 ) ) ;
#2552 = ORIENTED_EDGE ( 'NONE', *, *, #6997, .F. ) ;
#2553 = CARTESIAN_POINT ( 'NONE',  ( -62.70993149781285325, -1.267487984741781704, 7.941555004322462530 ) ) ;
#2554 = DIRECTION ( 'NONE',  ( 0.000000000000000000, 1.000000000000000000, 0.000000000000000000 ) ) ;
#2555 = ORIENTED_EDGE ( 'NONE', *, *, #5748, .T. ) ;
#2556 = LINE ( 'NONE', #7907, #1050 ) ;
#2557 = ORIENTED_EDGE ( 'NONE', *, *, #1452, .T. ) ;
#2558 = CARTESIAN_POINT ( 'NONE',  ( -63.23215089595553451, -4.072394846603813789, 8.259633563283866664 ) ) ;
#2559 = CARTESIAN_POINT ( 'NONE',  ( -62.26771528229312480, -4.228091894681541341, 6.830691765800517068 ) ) ;
#2560 = CARTESIAN_POINT ( 'NONE',  ( -61.74221729810778214, -0.3996062992126024893, 8.107046014671675849 ) ) ;
#2561 = CARTESIAN_POINT ( 'NONE',  ( -61.29172700356568271, -4.404960629921268911, 8.276458049455362342 ) ) ;
#2562 = ORIENTED_EDGE ( 'NONE', *, *, #3325, .F. ) ;
#2563 = DIRECTION ( 'NONE',  ( 6.123233995736766036E-17, -1.000000000000000000, -0.000000000000000000 ) ) ;
#2564 = ADVANCED_FACE ( 'NONE', ( #5248 ), #4509, .T. ) ;
#2565 = ORIENTED_EDGE ( 'NONE', *, *, #3048, .T. ) ;
#2566 = CARTESIAN_POINT ( 'NONE',  ( -62.97310764703512120, -4.306287381549155135, 7.145577709193042359 ) ) ;
#2567 = CARTESIAN_POINT ( 'NONE',  ( -62.05009914256508807, -4.125273118033974562, 6.678593605360312324 ) ) ;
#2568 = CARTESIAN_POINT ( 'NONE',  ( -62.35903846406205986, -4.208172179212704478, 8.385041222016303308 ) ) ;
#2569 = CARTESIAN_POINT ( 'NONE',  ( -63.03233604439287774, -4.278729374593146950, 6.925335032328999496 ) ) ;
#2570 = CARTESIAN_POINT ( 'NONE',  ( -61.28752600732882883, -4.211974820880933557, 8.281948321603772811 ) ) ;
#2571 = DIRECTION ( 'NONE',  ( -0.000000000000000000, 1.000000000000000000, -0.000000000000000000 ) ) ;
#2572 = VERTEX_POINT ( 'NONE', #2577 ) ;
#2573 = LINE ( 'NONE', #5244, #7401 ) ;
#2574 = ORIENTED_EDGE ( 'NONE', *, *, #1140, .F. ) ;
#2575 = ADVANCED_FACE ( 'NONE', ( #6606 ), #1928, .F. ) ;
#2576 = DIRECTION ( 'NONE',  ( 1.000000000000000000, 0.000000000000000000, 0.000000000000000000 ) ) ;
#2577 = CARTESIAN_POINT ( 'NONE',  ( -62.31393566156402386, -4.125273117437417092, 9.033977852463827674 ) ) ;
#2578 = EDGE_CURVE ( 'NONE', #2876, #416, #1643, .T. ) ;
#2579 = EDGE_CURVE ( 'NONE', #472, #4770, #5827, .T. ) ;
#2580 = ADVANCED_FACE ( 'NONE', ( #487 ), #8412, .T. ) ;
#2581 = DIRECTION ( 'NONE',  ( -0.5155785449014934629, 0.000000000000000000, 0.8568423215722124064 ) ) ;
#2582 = CYLINDRICAL_SURFACE ( 'NONE', #7592, 0.3937007874015751585 ) ;
#2583 = VERTEX_POINT ( 'NONE', #3855 ) ;
#2584 = CYLINDRICAL_SURFACE ( 'NONE', #4155, 0.8759842516390078382 ) ;
#2585 = CARTESIAN_POINT ( 'NONE',  ( -62.00327467350521005, -0.3996062992126024893, 7.364548517282194062 ) ) ;
#2586 = CARTESIAN_POINT ( 'NONE',  ( -62.08646705414495415, -0.4126776965509287298, 8.384379444205581677 ) ) ;
#2587 = DIRECTION ( 'NONE',  ( 0.000000000000000000, 0.000000000000000000, 1.000000000000000000 ) ) ;
#2588 = CIRCLE ( 'NONE', #1330, 0.3937007874015751585 ) ;
#2589 = ORIENTED_EDGE ( 'NONE', *, *, #7136, .F. ) ;
#2590 = LINE ( 'NONE', #7207, #1141 ) ;
#2591 = CIRCLE ( 'NONE', #2268, 0.5039999999831531463 ) ;
#2592 = CARTESIAN_POINT ( 'NONE',  ( -62.17522999992568344, -4.404960629921268911, 7.857046014731977834 ) ) ;
#2593 = ORIENTED_EDGE ( 'NONE', *, *, #5415, .F. ) ;
#2594 = DIRECTION ( 'NONE',  ( 0.000000000000000000, 1.000000000000000000, 0.000000000000000000 ) ) ;
#2595 = ORIENTED_EDGE ( 'NONE', *, *, #1851, .F. ) ;
#2596 = DIRECTION ( 'NONE',  ( -0.000000000000000000, 1.000000000000000000, 0.000000000000000000 ) ) ;
#2597 = DIRECTION ( 'NONE',  ( 0.000000000000000000, -1.000000000000000000, 0.000000000000000000 ) ) ;
#2598 = ORIENTED_EDGE ( 'NONE', *, *, #4203, .F. ) ;
#2599 = CARTESIAN_POINT ( 'NONE',  ( -61.95520965326391405, -1.267487984741781704, 8.351655464760568748 ) ) ;
#2600 = ADVANCED_FACE ( 'NONE', ( #1094 ), #1892, .T. ) ;
#2601 = CARTESIAN_POINT ( 'NONE',  ( -62.45681327147688222, -4.210653008041809642, 8.780109946925671593 ) ) ;
#2602 = AXIS2_PLACEMENT_3D ( 'NONE', #6609, #2548, #6700 ) ;
#2603 = ORIENTED_EDGE ( 'NONE', *, *, #7462, .F. ) ;
#2604 = CARTESIAN_POINT ( 'NONE',  ( -61.73346048263378805, -1.481336058263765798, 7.622867250634420166 ) ) ;
#2605 = VERTEX_POINT ( 'NONE', #6434 ) ;
#2606 = CARTESIAN_POINT ( 'NONE',  ( -61.30848625002656860, -4.209698545954745796, 8.271212408243986403 ) ) ;
#2607 = DIRECTION ( 'NONE',  ( -0.000000000000000000, -1.000000000000000000, -0.000000000000000000 ) ) ;
#2608 = CARTESIAN_POINT ( 'NONE',  ( -61.64022713087662453, -4.322690840143700086, 8.356901772443015020 ) ) ;
#2609 = DIRECTION ( 'NONE',  ( -0.000000000000000000, 1.000000000000000000, -0.000000000000000000 ) ) ;
#2610 = EDGE_CURVE ( 'NONE', #3780, #979, #8393, .T. ) ;
#2611 = FACE_OUTER_BOUND ( 'NONE', #7720, .T. ) ;
#2612 = ORIENTED_EDGE ( 'NONE', *, *, #4299, .F. ) ;
#2613 = CARTESIAN_POINT ( 'NONE',  ( -62.13998822377097042, -4.379143949069931985, 6.768679387518365509 ) ) ;
#2614 = VERTEX_POINT ( 'NONE', #1270 ) ;
#2615 = CARTESIAN_POINT ( 'NONE',  ( -62.49562054074358031, -4.404960629921268911, 7.124004473387016034 ) ) ;
#2616 = EDGE_LOOP ( 'NONE', ( #1936, #4809, #6495, #6712 ) ) ;
#2617 = AXIS2_PLACEMENT_3D ( 'NONE', #1190, #4069, #1438 ) ;
#2618 = DIRECTION ( 'NONE',  ( -6.123233995736766036E-17, 1.000000000000000000, -0.000000000000000000 ) ) ;
#2619 = EDGE_CURVE ( 'NONE', #6128, #4241, #3279, .T. ) ;
#2620 = CARTESIAN_POINT ( 'NONE',  ( -62.17522999977387599, -5.958110236220480971, 7.857046014748070739 ) ) ;
#2621 = EDGE_CURVE ( 'NONE', #8382, #3070, #3944, .T. ) ;
#2622 = EDGE_CURVE ( 'NONE', #7599, #470, #1754, .T. ) ;
#2623 = AXIS2_PLACEMENT_3D ( 'NONE', #5327, #1306, #8018 ) ;
#2624 = CARTESIAN_POINT ( 'NONE',  ( -62.64986732635071576, -4.404960629921268911, 8.501033132745579479 ) ) ;
#2625 = CIRCLE ( 'NONE', #2904, 0.3071496064271185267 ) ;
#2626 = CARTESIAN_POINT ( 'NONE',  ( -62.32961834285122649, -1.407454082783215821, 7.374690820017648640 ) ) ;
#2627 = VERTEX_POINT ( 'NONE', #7098 ) ;
#2628 = B_SPLINE_CURVE_WITH_KNOTS ( 'NONE', 3,
 ( #6716, #2733, #5396, #1329 ),
 .UNSPECIFIED., .F., .F.,
 ( 4, 4 ),
 ( 2.775557561562891351E-17, 0.003044469765503985022 ),
 .UNSPECIFIED. ) ;
#2629 = ORIENTED_EDGE ( 'NONE', *, *, #520, .T. ) ;
#2630 = EDGE_CURVE ( 'NONE', #3387, #5245, #7805, .T. ) ;
#2631 = B_SPLINE_CURVE_WITH_KNOTS ( 'NONE', 3,
 ( #4811, #3986, #2056, #2765 ),
 .UNSPECIFIED., .F., .F.,
 ( 4, 4 ),
 ( 2.372388754655824587E-06, 0.005608136317061046365 ),
 .UNSPECIFIED. ) ;
#2632 = VERTEX_POINT ( 'NONE', #3814 ) ;
#2633 = CARTESIAN_POINT ( 'NONE',  ( -61.83469231920783926, -0.4126776965509271200, 7.444743341358073252 ) ) ;
#2634 = DIRECTION ( 'NONE',  ( 6.123233995736766036E-17, -1.000000000000000000, -0.000000000000000000 ) ) ;
#2635 = CIRCLE ( 'NONE', #7112, 0.5509842519685053119 ) ;
#2636 = AXIS2_PLACEMENT_3D ( 'NONE', #3127, #3915, #7255 ) ;
#2637 = DIRECTION ( 'NONE',  ( 0.000000000000000000, 0.000000000000000000, 1.000000000000000000 ) ) ;
#2638 = VERTEX_POINT ( 'NONE', #4808 ) ;
#2639 = FACE_OUTER_BOUND ( 'NONE', #8345, .T. ) ;
#2640 = CIRCLE ( 'NONE', #8664, 0.9431496062835243999 ) ;
#2641 = FACE_OUTER_BOUND ( 'NONE', #526, .T. ) ;
#2642 = ORIENTED_EDGE ( 'NONE', *, *, #7779, .T. ) ;
#2643 = CARTESIAN_POINT ( 'NONE',  ( -61.91537213736916101, 57.93121849778213317, 8.693599838821372217 ) ) ;
#2644 = VERTEX_POINT ( 'NONE', #707 ) ;
#2645 = FACE_OUTER_BOUND ( 'NONE', #2174, .T. ) ;
#2646 = CARTESIAN_POINT ( 'NONE',  ( -61.65500863448509250, -0.3996062992126024893, 7.895674373511227806 ) ) ;
#2647 = EDGE_LOOP ( 'NONE', ( #5700, #3188, #41 ) ) ;
#2648 = DIRECTION ( 'NONE',  ( -0.5155785449014754773, 0.000000000000000000, -0.8568423215722230646 ) ) ;
#2649 = B_SPLINE_CURVE_WITH_KNOTS ( 'NONE', 3,
 ( #8170, #5440, #1464, #7717 ),
 .UNSPECIFIED., .F., .F.,
 ( 4, 4 ),
 ( 2.014298343773405034E-07, 0.0004597969392807878058 ),
 .UNSPECIFIED. ) ;
#2650 = CARTESIAN_POINT ( 'NONE',  ( -61.67555699332463348, -0.3996062992126024893, 7.838966014671679083 ) ) ;
#2651 = EDGE_LOOP ( 'NONE', ( #1696, #6092, #5214, #1863 ) ) ;
#2652 = LINE ( 'NONE', #1914, #7113 ) ;
#2653 = VERTEX_POINT ( 'NONE', #6695 ) ;
#2654 = DIRECTION ( 'NONE',  ( -6.123233995736766036E-17, 1.000000000000000000, -0.000000000000000000 ) ) ;
#2655 = ADVANCED_FACE ( 'NONE', ( #5991 ), #2093, .T. ) ;
#2656 = CARTESIAN_POINT ( 'NONE',  ( -62.14007914203645555, -4.377743985127921178, 6.768795508022006580 ) ) ;
#2657 = CARTESIAN_POINT ( 'NONE',  ( -61.66302488115235292, -4.208110236220480971, 8.065900995537260698 ) ) ;
#2658 = CARTESIAN_POINT ( 'NONE',  ( -62.54133666199987829, -1.481336058263765798, 8.197583695463837472 ) ) ;
#2659 = DIRECTION ( 'NONE',  ( 0.9659258262890568769, 0.000000000000000000, 0.2588190451025632055 ) ) ;
#2660 = VERTEX_POINT ( 'NONE', #4150 ) ;
#2661 = ORIENTED_EDGE ( 'NONE', *, *, #4598, .T. ) ;
#2662 = CARTESIAN_POINT ( 'NONE',  ( -62.44072424263811172, -5.958149606299221190, 8.280735532037894586 ) ) ;
#2663 = ORIENTED_EDGE ( 'NONE', *, *, #8093, .F. ) ;
#2664 = FACE_OUTER_BOUND ( 'NONE', #1638, .T. ) ;
#2665 = ORIENTED_EDGE ( 'NONE', *, *, #6493, .T. ) ;
#2666 = CARTESIAN_POINT ( 'NONE',  ( -62.65319761351180006, -0.3996062992126024893, 7.710257185281141012 ) ) ;
#2667 = CARTESIAN_POINT ( 'NONE',  ( -62.68110798343273871, -1.407454082783218263, 7.881330991429050137 ) ) ;
#2668 = CIRCLE ( 'NONE', #4202, 0.5413385826771592857 ) ;
#2669 = LINE ( 'NONE', #8025, #1763 ) ;
#2670 = VECTOR ( 'NONE', #8129, 39.37007874015748143 ) ;
#2671 = DIRECTION ( 'NONE',  ( 0.000000000000000000, 1.000000000000000000, 0.000000000000000000 ) ) ;
#2672 = ORIENTED_EDGE ( 'NONE', *, *, #2340, .T. ) ;
#2673 = ADVANCED_FACE ( 'NONE', ( #1441 ), #4025, .T. ) ;
#2674 = EDGE_LOOP ( 'NONE', ( #7658, #3131, #2527, #5338 ) ) ;
#2675 = EDGE_CURVE ( 'NONE', #5096, #1274, #7872, .T. ) ;
#2676 = ADVANCED_FACE ( 'NONE', ( #1970 ), #5332, .F. ) ;
#2677 = ORIENTED_EDGE ( 'NONE', *, *, #1298, .T. ) ;
#2678 = FACE_OUTER_BOUND ( 'NONE', #4295, .T. ) ;
#2679 = DIRECTION ( 'NONE',  ( 0.000000000000000000, 0.000000000000000000, -1.000000000000000000 ) ) ;
#2680 = AXIS2_PLACEMENT_3D ( 'NONE', #144, #8362, #5473 ) ;
#2681 = ORIENTED_EDGE ( 'NONE', *, *, #3764, .T. ) ;
#2682 = CARTESIAN_POINT ( 'NONE',  ( -62.51576768079215896, -0.4126776965509283412, 7.444743341358060817 ) ) ;
#2683 = ORIENTED_EDGE ( 'NONE', *, *, #752, .T. ) ;
#2684 = LINE ( 'NONE', #630, #4029 ) ;
#2685 = ORIENTED_EDGE ( 'NONE', *, *, #2622, .F. ) ;
#2686 = LINE ( 'NONE', #4088, #3297 ) ;
#2687 = VECTOR ( 'NONE', #8580, 39.37007874015748854 ) ;
#2688 = DIRECTION ( 'NONE',  ( 0.000000000000000000, -1.000000000000000000, 0.000000000000000000 ) ) ;
#2689 = CARTESIAN_POINT ( 'NONE',  ( -62.17522999999999911, -1.930537037140300782, 7.857046014671676737 ) ) ;
#2690 = CARTESIAN_POINT ( 'NONE',  ( -61.74221729810778214, -0.3996062992126024893, 7.607046014671679401 ) ) ;
#2691 = ADVANCED_FACE ( 'NONE', ( #6648 ), #619, .F. ) ;
#2692 = VECTOR ( 'NONE', #3575, 39.37007874015748143 ) ;
#2693 = VECTOR ( 'NONE', #2671, 39.37007874015748143 ) ;
#2694 = ORIENTED_EDGE ( 'NONE', *, *, #4807, .T. ) ;
#2695 = CARTESIAN_POINT ( 'NONE',  ( -62.39879674456424397, -4.284792400618122166, 8.890763118918865615 ) ) ;
#2696 = ORIENTED_EDGE ( 'NONE', *, *, #791, .F. ) ;
#2697 = CYLINDRICAL_SURFACE ( 'NONE', #7256, 0.3937007874015751585 ) ;
#2698 = ORIENTED_EDGE ( 'NONE', *, *, #1407, .F. ) ;
#2699 = CARTESIAN_POINT ( 'NONE',  ( -61.30650343760531484, -4.210653008041743028, 8.277343911337904814 ) ) ;
#2700 = FACE_OUTER_BOUND ( 'NONE', #1204, .T. ) ;
#2701 = CARTESIAN_POINT ( 'NONE',  ( -61.64502114081710715, -4.276692197518094929, 8.318153188277378263 ) ) ;
#2702 = DIRECTION ( 'NONE',  ( 1.716930969985311753E-16, 1.000000000000000000, 9.912705577010516602E-17 ) ) ;
#2703 = CARTESIAN_POINT ( 'NONE',  ( -62.49562054074358031, -4.208110236220480971, 7.124004473387016034 ) ) ;
#2704 = CARTESIAN_POINT ( 'NONE',  ( -62.23286303441125966, -4.214448757707185855, 6.880322907226120499 ) ) ;
#2705 = CIRCLE ( 'NONE', #191, 0.5413385826771592857 ) ;
#2706 = ORIENTED_EDGE ( 'NONE', *, *, #7409, .T. ) ;
#2707 = B_SPLINE_CURVE_WITH_KNOTS ( 'NONE', 3,
 ( #4454, #5931, #4583, #5799 ),
 .UNSPECIFIED., .F., .F.,
 ( 4, 4 ),
 ( 2.372388754658269547E-06, 0.005608136317045262116 ),
 .UNSPECIFIED. ) ;
#2708 = CARTESIAN_POINT ( 'NONE',  ( -62.65819291314453920, -0.3996062992126024893, 7.986455537222931333 ) ) ;
#2709 = VERTEX_POINT ( 'NONE', #6783 ) ;
#2710 = FACE_OUTER_BOUND ( 'NONE', #764, .T. ) ;
#2711 = DIRECTION ( 'NONE',  ( 0.2588190451025429439, 0.000000000000000000, 0.9659258262890624280 ) ) ;
#2712 = EDGE_CURVE ( 'NONE', #3392, #2778, #658, .T. ) ;
#2713 = EDGE_CURVE ( 'NONE', #4277, #2752, #2013, .T. ) ;
#2714 = CARTESIAN_POINT ( 'NONE',  ( -62.38517011087898823, -4.185417757946752637, 9.067005080291973940 ) ) ;
#2715 = DIRECTION ( 'NONE',  ( 6.123233995736766036E-17, -1.000000000000000000, -0.000000000000000000 ) ) ;
#2716 = ORIENTED_EDGE ( 'NONE', *, *, #2328, .F. ) ;
#2717 = ORIENTED_EDGE ( 'NONE', *, *, #1015, .T. ) ;
#2718 = EDGE_LOOP ( 'NONE', ( #515, #6799, #3687, #4717 ) ) ;
#2719 = CARTESIAN_POINT ( 'NONE',  ( -61.83469231920783216, -0.3996062992126024893, 7.461879584916413677 ) ) ;
#2720 = CARTESIAN_POINT ( 'NONE',  ( -62.50492249636923958, -4.270835389111820923, 8.893686382090120190 ) ) ;
#2721 = PERSON_AND_ORGANIZATION ( #2462, #3721 ) ;
#2722 = ORIENTED_EDGE ( 'NONE', *, *, #955, .F. ) ;
#2723 = DIRECTION ( 'NONE',  ( 6.123233995736766036E-17, -1.000000000000000000, 0.000000000000000000 ) ) ;
#2724 = AXIS2_PLACEMENT_3D ( 'NONE', #943, #6312, #985 ) ;
#2725 = ORIENTED_EDGE ( 'NONE', *, *, #7422, .T. ) ;
#2726 = VERTEX_POINT ( 'NONE', #5461 ) ;
#2727 = VECTOR ( 'NONE', #3470, 39.37007874015748143 ) ;
#2728 = CARTESIAN_POINT ( 'NONE',  ( -62.64986732611936304, 57.93121849778213317, 8.501033132774455936 ) ) ;
#2729 = VERTEX_POINT ( 'NONE', #7412 ) ;
#2730 = CARTESIAN_POINT ( 'NONE',  ( -61.75154048263378570, -5.958149606299221190, 7.591551772033569456 ) ) ;
#2731 = DIRECTION ( 'NONE',  ( -5.131193983648496488E-17, 1.000000000000000000, 1.914987665046788927E-16 ) ) ;
#2732 = CARTESIAN_POINT ( 'NONE',  ( -62.36939381702049445, -0.4192913385826831929, 7.351726439298874816 ) ) ;
#2733 = CARTESIAN_POINT ( 'NONE',  ( -63.09397112196332813, -3.990057508870239911, 8.039161649790198538 ) ) ;
#2734 = AXIS2_PLACEMENT_3D ( 'NONE', #2779, #6713, #61 ) ;
#2735 = EDGE_CURVE ( 'NONE', #2968, #4188, #4726, .T. ) ;
#2736 = CARTESIAN_POINT ( 'NONE',  ( -62.26676806215592563, -5.958110236220480971, 6.720727052852275563 ) ) ;
#2737 = CIRCLE ( 'NONE', #6089, 0.1968503937007832216 ) ;
#2738 = ORIENTED_EDGE ( 'NONE', *, *, #1851, .T. ) ;
#2739 = FACE_OUTER_BOUND ( 'NONE', #121, .T. ) ;
#2740 = B_SPLINE_CURVE_WITH_KNOTS ( 'NONE', 3,
 ( #4748, #7435, #4573, #1421 ),
 .UNSPECIFIED., .F., .F.,
 ( 4, 4 ),
 ( 1.051334025010954055E-16, 0.0008211405993301476190 ),
 .UNSPECIFIED. ) ;
#2741 = ORIENTED_EDGE ( 'NONE', *, *, #3020, .T. ) ;
#2742 = CARTESIAN_POINT ( 'NONE',  ( -61.73346048263378805, -0.3996062992126024893, 7.622867250634420166 ) ) ;
#2743 = ADVANCED_FACE ( 'NONE', ( #8111 ), #7324, .T. ) ;
#2744 = CARTESIAN_POINT ( 'NONE',  ( -62.18395145424459258, -4.253190375691577430, 6.823176168924522500 ) ) ;
#2745 = EDGE_CURVE ( 'NONE', #4325, #3448, #4305, .T. ) ;
#2746 = B_SPLINE_CURVE_WITH_KNOTS ( 'NONE', 3,
 ( #8639, #2799, #5455, #6601 ),
 .UNSPECIFIED., .F., .F.,
 ( 4, 4 ),
 ( 2.014298341918386733E-07, 0.0004597969392806957028 ),
 .UNSPECIFIED. ) ;
#2747 = CARTESIAN_POINT ( 'NONE',  ( -61.65222695547784326, -4.236371131843948312, 8.252546078974827282 ) ) ;
#2748 = CARTESIAN_POINT ( 'NONE',  ( -62.30463952255126259, -5.958149606299221190, 7.374083101527142858 ) ) ;
#2749 = EDGE_CURVE ( 'NONE', #4034, #5252, #808, .T. ) ;
#2750 = VERTEX_POINT ( 'NONE', #7454 ) ;
#2751 = CARTESIAN_POINT ( 'NONE',  ( -62.18779955386950320, -4.248409013188411798, 6.827812557102372004 ) ) ;
#2752 = VERTEX_POINT ( 'NONE', #3373 ) ;
#2753 = DIRECTION ( 'NONE',  ( 1.000000000000000000, 0.000000000000000000, -2.242650509742816212E-14 ) ) ;
#2754 = EDGE_CURVE ( 'NONE', #2412, #946, #2054, .T. ) ;
#2755 = EDGE_CURVE ( 'NONE', #7334, #6007, #3037, .T. ) ;
#2756 = ORIENTED_EDGE ( 'NONE', *, *, #1668, .F. ) ;
#2757 = CARTESIAN_POINT ( 'NONE',  ( -62.51564779251741300, -4.379158360140406714, 8.943696267863332494 ) ) ;
#2758 = CC_DESIGN_APPROVAL ( #2816, ( #4702 ) ) ;
#2759 = CARTESIAN_POINT ( 'NONE',  ( -61.66991042462719719, -0.4192913385826831929, 8.051209831692174745 ) ) ;
#2760 = CARTESIAN_POINT ( 'NONE',  ( -61.73346048263378805, -5.958149606299221190, 8.091224778708927090 ) ) ;
#2761 = ORIENTED_EDGE ( 'NONE', *, *, #6486, .F. ) ;
#2762 = B_SPLINE_CURVE_WITH_KNOTS ( 'NONE', 3,
 ( #3191, #4496, #2531, #5099, #8544, #3140 ),
 .UNSPECIFIED., .F., .F.,
 ( 4, 2, 4 ),
 ( 0.000000000000000000, 0.001876713925793171631, 0.003753427851586343261 ),
 .UNSPECIFIED. ) ;
#2763 = CARTESIAN_POINT ( 'NONE',  ( -62.31393566156402386, -4.125273117437417092, 9.033977852463827674 ) ) ;
#2764 = ADVANCED_FACE ( 'NONE', ( #5290 ), #133, .F. ) ;
#2765 = CARTESIAN_POINT ( 'NONE',  ( -62.39525034673609838, -1.267487984741781704, 7.362436564582787391 ) ) ;
#2766 = VERTEX_POINT ( 'NONE', #6955 ) ;
#2767 = AXIS2_PLACEMENT_3D ( 'NONE', #5869, #6780, #834 ) ;
#2768 = ORIENTED_EDGE ( 'NONE', *, *, #6593, .F. ) ;
#2769 = AXIS2_PLACEMENT_3D ( 'NONE', #8680, #3422, #790 ) ;
#2770 = LINE ( 'NONE', #185, #239 ) ;
#2771 = CARTESIAN_POINT ( 'NONE',  ( -62.80724291436047224, -4.251793687249126208, 8.099762774046400438 ) ) ;
#2772 = EDGE_CURVE ( 'NONE', #111, #1465, #1616, .T. ) ;
#2773 = CARTESIAN_POINT ( 'NONE',  ( -62.44445804309110315, -4.404960629921268911, 8.967326486010634312 ) ) ;
#2774 = CARTESIAN_POINT ( 'NONE',  ( -61.63687547790328836, -1.267487984742363905, 7.800284499250320636 ) ) ;
#2775 = PLANE ( 'NONE',  #3599 ) ;
#2776 = TOROIDAL_SURFACE ( 'NONE', #4586, 1.543053438884629092, 1.046990446758644833 ) ;
#2777 = AXIS2_PLACEMENT_3D ( 'NONE', #6189, #2864, #862 ) ;
#2778 = VERTEX_POINT ( 'NONE', #7653 ) ;
#2779 = CARTESIAN_POINT ( 'NONE',  ( -62.17523000002436362, -4.404960629921268911, 7.857046014726967620 ) ) ;
#2780 = CARTESIAN_POINT ( 'NONE',  ( -61.90973575736190782, -1.481336058263765798, 8.280735532037903468 ) ) ;
#2781 = CARTESIAN_POINT ( 'NONE',  ( -61.22082732489887746, -4.404960629921268911, 7.643505543097480093 ) ) ;
#2782 = ORIENTED_EDGE ( 'NONE', *, *, #3109, .T. ) ;
#2783 = FACE_OUTER_BOUND ( 'NONE', #1729, .T. ) ;
#2784 = DIRECTION ( 'NONE',  ( -0.000000000000000000, 1.000000000000000000, -0.000000000000000000 ) ) ;
#2785 = AXIS2_PLACEMENT_3D ( 'NONE', #8472, #6396, #5037 ) ;
#2786 = ORIENTED_EDGE ( 'NONE', *, *, #8465, .T. ) ;
#2787 = CARTESIAN_POINT ( 'NONE',  ( -61.20002570886958182, -4.234121377401587338, 7.582505322942034276 ) ) ;
#2788 = ADVANCED_FACE ( 'NONE', ( #918 ), #2177, .T. ) ;
#2789 = AXIS2_PLACEMENT_3D ( 'NONE', #3194, #1222, #5758 ) ;
#2790 = ORIENTED_EDGE ( 'NONE', *, *, #5328, .F. ) ;
#2791 = CARTESIAN_POINT ( 'NONE',  ( -61.27760376831879086, -4.248407087465748688, 8.360774839417675963 ) ) ;
#2792 = EDGE_CURVE ( 'NONE', #8640, #7546, #3487, .T. ) ;
#2793 = CARTESIAN_POINT ( 'NONE',  ( -62.20434399023454830, -4.231819538510229961, 6.847446119659799102 ) ) ;
#2794 = CARTESIAN_POINT ( 'NONE',  ( -61.74221729810778214, -5.958149606299221190, 7.607046014671679401 ) ) ;
#2795 = DIRECTION ( 'NONE',  ( 0.000000000000000000, -1.000000000000000000, 0.000000000000000000 ) ) ;
#2796 = VERTEX_POINT ( 'NONE', #5543 ) ;
#2797 = CARTESIAN_POINT ( 'NONE',  ( -62.17522999999999911, -1.267487984742363905, 7.857046014671676737 ) ) ;
#2798 = ORIENTED_EDGE ( 'NONE', *, *, #598, .T. ) ;
#2799 = CARTESIAN_POINT ( 'NONE',  ( -61.74530541881318157, -1.482581474689051326, 7.601913852868836585 ) ) ;
#2800 = VERTEX_POINT ( 'NONE', #7574 ) ;
#2801 = DIRECTION ( 'NONE',  ( 0.000000000000000000, -1.000000000000000000, 0.000000000000000000 ) ) ;
#2802 = CARTESIAN_POINT ( 'NONE',  ( -62.94704125205773693, -4.404960629921268911, 7.018054124993707177 ) ) ;
#2803 = CARTESIAN_POINT ( 'NONE',  ( -62.17522999992568344, -4.208110236220480971, 7.857046014731977834 ) ) ;
#2804 = ORIENTED_EDGE ( 'NONE', *, *, #4131, .T. ) ;
#2805 = ORIENTED_EDGE ( 'NONE', *, *, #4771, .F. ) ;
#2806 = DIRECTION ( 'NONE',  ( 1.000000000000000000, 0.000000000000000000, 0.000000000000000000 ) ) ;
#2807 = CIRCLE ( 'NONE', #5009, 0.1771653543307066259 ) ;
#2808 = DIRECTION ( 'NONE',  ( -0.000000000000000000, -1.000000000000000000, -0.000000000000000000 ) ) ;
#2809 = ORIENTED_EDGE ( 'NONE', *, *, #4560, .F. ) ;
#2810 = CARTESIAN_POINT ( 'NONE',  ( -63.14609127189154236, -4.342593609819099143, 8.441033670983623338 ) ) ;
#2811 = CARTESIAN_POINT ( 'NONE',  ( -62.60644073870756188, -0.3996062992126024893, 8.150609837490678800 ) ) ;
#2812 = AXIS2_PLACEMENT_3D ( 'NONE', #230, #1048, #4249 ) ;
#2813 = CARTESIAN_POINT ( 'NONE',  ( -62.40024493836279618, -4.280635515778961953, 8.887823391397265738 ) ) ;
#2814 = DIRECTION ( 'NONE',  ( 0.5155785449014874677, 0.000000000000000000, -0.8568423215722160702 ) ) ;
#2815 = CIRCLE ( 'NONE', #1272, 0.3071496061053024529 ) ;
#2816 = APPROVAL ( #4738, 'UNSPECIFIED' ) ;
#2817 = CARTESIAN_POINT ( 'NONE',  ( -61.83469231920782505, -1.481336058263765798, 7.490939352671807328 ) ) ;
#2818 = VECTOR ( 'NONE', #5429, 39.37007874015748143 ) ;
#2819 = ORIENTED_EDGE ( 'NONE', *, *, #7065, .T. ) ;
#2820 = CARTESIAN_POINT ( 'NONE',  ( -61.73672281121039873, -3.983565816460565401, 7.098719004109276476 ) ) ;
#2821 = DIRECTION ( 'NONE',  ( 0.8568423215722250630, 0.000000000000000000, -0.5155785449014725907 ) ) ;
#2822 = CARTESIAN_POINT ( 'NONE',  ( -62.08687394127439063, -4.162235639581934876, 6.646271471870546677 ) ) ;
#2823 = EDGE_LOOP ( 'NONE', ( #8080, #1160, #1145, #7309 ) ) ;
#2824 = CARTESIAN_POINT ( 'NONE',  ( -62.51576768079215896, -1.267487984741781704, 7.436235428949546034 ) ) ;
#2825 = CARTESIAN_POINT ( 'NONE',  ( -63.12435834127942513, -4.110654968055465375, 7.168323794737419874 ) ) ;
#2826 = ORIENTED_EDGE ( 'NONE', *, *, #2477, .T. ) ;
#2827 = PLANE ( 'NONE',  #6691 ) ;
#2828 = EDGE_LOOP ( 'NONE', ( #6742, #6462, #7441, #3684 ) ) ;
#2829 = FACE_OUTER_BOUND ( 'NONE', #6757, .T. ) ;
#2830 = CARTESIAN_POINT ( 'NONE',  ( -62.26739248837358787, -4.270835389120287928, 6.773151891699671800 ) ) ;
#2831 = CARTESIAN_POINT ( 'NONE',  ( -61.73346048263379515, -1.481336058263765798, 8.091224778708935972 ) ) ;
#2832 = CARTESIAN_POINT ( 'NONE',  ( -61.92523000000000621, -0.3996062992126024893, 7.424033312779459770 ) ) ;
#2833 = VECTOR ( 'NONE', #1304, 39.37007874015748854 ) ;
#2834 = CARTESIAN_POINT ( 'NONE',  ( -63.23335261771133275, -4.274288149318346441, 8.549898170546660126 ) ) ;
#2835 = EDGE_LOOP ( 'NONE', ( #4580, #5582, #4129, #1672 ) ) ;
#2836 = CARTESIAN_POINT ( 'NONE',  ( -62.25376002172995271, 57.93121849778213317, 6.882203958008436651 ) ) ;
#2837 = ORIENTED_EDGE ( 'NONE', *, *, #172, .F. ) ;
#2838 = DIRECTION ( 'NONE',  ( -0.000000000000000000, 1.000000000000000000, -0.000000000000000000 ) ) ;
#2839 = CARTESIAN_POINT ( 'NONE',  ( -62.25376002172938428, -4.276097405777580462, 6.594219705995071124 ) ) ;
#2840 = CARTESIAN_POINT ( 'NONE',  ( -61.63687547790327415, -0.4192913385826831929, 7.800284499250324188 ) ) ;
#2841 = AXIS2_PLACEMENT_3D ( 'NONE', #2305, #4237, #2267 ) ;
#2842 = ORIENTED_EDGE ( 'NONE', *, *, #5347, .F. ) ;
#2843 = CARTESIAN_POINT ( 'NONE',  ( -62.55356235717618318, -5.958110236220478306, 9.065177113896211836 ) ) ;
#2844 = CARTESIAN_POINT ( 'NONE',  ( -61.88166617718100326, -0.3996062992126024893, 8.288256753379245723 ) ) ;
#2845 = ADVANCED_FACE ( 'NONE', ( #6250 ), #3467, .T. ) ;
#2846 = ORIENTED_EDGE ( 'NONE', *, *, #5376, .T. ) ;
#2847 = CARTESIAN_POINT ( 'NONE',  ( -63.02402811105697111, -4.226216439430558580, 8.389101453830480892 ) ) ;
#2848 = CARTESIAN_POINT ( 'NONE',  ( -61.73738206533270301, -0.4192913385826831929, 8.175380190032234040 ) ) ;
#2849 = ADVANCED_FACE ( 'NONE', ( #1701 ), #3187, .T. ) ;
#2850 = EDGE_CURVE ( 'NONE', #8520, #5035, #665, .T. ) ;
#2851 = CARTESIAN_POINT ( 'NONE',  ( -62.51591266401671732, -4.391217077535893409, 8.944950110485741845 ) ) ;
#2852 = DIRECTION ( 'NONE',  ( 0.000000000000000000, 0.000000000000000000, -1.000000000000000000 ) ) ;
#2853 = EDGE_LOOP ( 'NONE', ( #887, #5391, #2805, #4914 ) ) ;
#2854 = CARTESIAN_POINT ( 'NONE',  ( -62.44072424263810461, -0.3996062992126024893, 7.433356497305461552 ) ) ;
#2855 = EDGE_CURVE ( 'NONE', #7143, #1155, #7947, .T. ) ;
#2856 = EDGE_LOOP ( 'NONE', ( #3969, #1529, #8283, #7698 ) ) ;
#2857 = CARTESIAN_POINT ( 'NONE',  ( -61.92523000000000621, -1.481336058263770905, 8.290058716563899921 ) ) ;
#2858 = CARTESIAN_POINT ( 'NONE',  ( -62.81899799866134515, -4.337908358711204393, 7.495355924340966425 ) ) ;
#2859 = B_SPLINE_CURVE_WITH_KNOTS ( 'NONE', 3,
 ( #1302, #3975, #6637, #2003 ),
 .UNSPECIFIED., .F., .F.,
 ( 4, 4 ),
 ( 0.000000000000000000, 0.0008211405993300072148 ),
 .UNSPECIFIED. ) ;
#2860 = CARTESIAN_POINT ( 'NONE',  ( -62.83736281095315235, -5.958110236220478306, 7.137279288285492740 ) ) ;
#2861 = CARTESIAN_POINT ( 'NONE',  ( -62.27688416241520031, 57.93121849778213317, 6.595149601627935176 ) ) ;
#2862 = DIRECTION ( 'NONE',  ( -5.131193983648496488E-17, 1.000000000000000000, 1.914987665046788927E-16 ) ) ;
#2863 = ORIENTED_EDGE ( 'NONE', *, *, #1637, .T. ) ;
#2864 = DIRECTION ( 'NONE',  ( 0.000000000000000000, -1.000000000000000000, 0.000000000000000000 ) ) ;
#2865 = ORIENTED_EDGE ( 'NONE', *, *, #8465, .F. ) ;
#2866 = AXIS2_PLACEMENT_3D ( 'NONE', #5036, #1720, #3604 ) ;
#2867 = CARTESIAN_POINT ( 'NONE',  ( -61.94669142138827311, -4.031377476854414610, 6.814017795212881090 ) ) ;
#2868 = LINE ( 'NONE', #4226, #2969 ) ;
#2869 = LINE ( 'NONE', #6193, #8308 ) ;
#2870 = EDGE_CURVE ( 'NONE', #7992, #1046, #5545, .T. ) ;
#2871 = PLANE ( 'NONE',  #6304 ) ;
#2872 = AXIS2_PLACEMENT_3D ( 'NONE', #3263, #4610, #6621 ) ;
#2873 = CARTESIAN_POINT ( 'NONE',  ( -63.26367893601339176, -4.222594954902572972, 8.464199483589222694 ) ) ;
#2874 = ORIENTED_EDGE ( 'NONE', *, *, #1668, .T. ) ;
#2875 = FACE_OUTER_BOUND ( 'NONE', #7285, .T. ) ;
#2876 = VERTEX_POINT ( 'NONE', #2965 ) ;
#2878 = VECTOR ( 'NONE', #6829, 39.37007874015748143 ) ;
#2877 = CARTESIAN_POINT ( 'NONE',  ( -61.58068206771152830, -3.983565816460565401, 7.213725592346872162 ) ) ;
#2879 = CARTESIAN_POINT ( 'NONE',  ( -62.27688416241520031, -4.278729374646271566, 6.595149601627935176 ) ) ;
#2880 = CIRCLE ( 'NONE', #1206, 0.9431496061450787005 ) ;
#2881 = CARTESIAN_POINT ( 'NONE',  ( -62.61699951736621728, -5.958149606299221190, 7.622867250634411285 ) ) ;
#2882 = ORIENTED_EDGE ( 'NONE', *, *, #4981, .T. ) ;
#2883 = CARTESIAN_POINT ( 'NONE',  ( -61.10920015710491526, -4.274806385319203983, 7.623151530524395980 ) ) ;
#2884 = DIRECTION ( 'NONE',  ( 1.000000000000000000, 0.000000000000000000, 0.000000000000000000 ) ) ;
#2885 = CARTESIAN_POINT ( 'NONE',  ( -63.44491474628637206, -5.958110236220478306, 7.856183801707287806 ) ) ;
#2886 = ORIENTED_EDGE ( 'NONE', *, *, #883, .F. ) ;
#2887 = EDGE_CURVE ( 'NONE', #7955, #2729, #267, .T. ) ;
#2888 = CARTESIAN_POINT ( 'NONE',  ( -63.03501216148600150, -4.231819538506925937, 8.387059417091357716 ) ) ;
#2889 = CARTESIAN_POINT ( 'NONE',  ( -62.16185266756807692, -4.356402788624853528, 8.601090441064490832 ) ) ;
#2890 = EDGE_CURVE ( 'NONE', #5413, #1575, #7684, .T. ) ;
#2891 = PLANE ( 'NONE',  #7002 ) ;
#2892 = APPROVAL_STATUS ( 'not_yet_approved' ) ;
#2893 = ADVANCED_FACE ( 'NONE', ( #5588 ), #6825, .T. ) ;
#2894 = DIRECTION ( 'NONE',  ( 0.000000000000000000, -1.000000000000000000, 0.000000000000000000 ) ) ;
#2895 = AXIS2_PLACEMENT_3D ( 'NONE', #2899, #896, #5559 ) ;
#2896 = AXIS2_PLACEMENT_3D ( 'NONE', #5725, #582, #5862 ) ;
#2897 = ORIENTED_EDGE ( 'NONE', *, *, #5998, .T. ) ;
#2898 = EDGE_CURVE ( 'NONE', #920, #5252, #4320, .T. ) ;
#2899 = CARTESIAN_POINT ( 'NONE',  ( -62.44072424263810461, -5.958149606299221190, 7.433356497305461552 ) ) ;
#2900 = ORIENTED_EDGE ( 'NONE', *, *, #4183, .F. ) ;
#2901 = DIRECTION ( 'NONE',  ( 0.000000000000000000, 0.000000000000000000, -1.000000000000000000 ) ) ;
#2902 = ADVANCED_FACE ( 'NONE', ( #3671 ), #881, .T. ) ;
#2903 = DIRECTION ( 'NONE',  ( 1.000000000000000000, 0.000000000000000000, 0.000000000000000000 ) ) ;
#2904 = AXIS2_PLACEMENT_3D ( 'NONE', #8332, #8248, #1669 ) ;
#2905 = CARTESIAN_POINT ( 'NONE',  ( -62.17522999999999911, -0.3996062992126024893, 7.857046014671676737 ) ) ;
#2906 = EDGE_LOOP ( 'NONE', ( #2178, #774, #2301, #3614, #4495 ) ) ;
#2907 = CYLINDRICAL_SURFACE ( 'NONE', #5459, 0.5039999999999987823 ) ;
#2908 = AXIS2_PLACEMENT_3D ( 'NONE', #3002, #6994, #5583 ) ;
#2909 = CIRCLE ( 'NONE', #7816, 0.3071496062623946255 ) ;
#2910 = VERTEX_POINT ( 'NONE', #347 ) ;
#2911 = CARTESIAN_POINT ( 'NONE',  ( -62.67629561916866265, -0.4126776965509301176, 7.670250265929927203 ) ) ;
#2912 = ORIENTED_EDGE ( 'NONE', *, *, #3115, .T. ) ;
#2913 = DIRECTION ( 'NONE',  ( 0.5000000000000294209, 0.000000000000000000, 0.8660254037844217212 ) ) ;
#2914 = DIRECTION ( 'NONE',  ( -0.000000000000000000, 1.000000000000000000, -0.000000000000000000 ) ) ;
#2915 = DIRECTION ( 'NONE',  ( 6.123233995736766036E-17, -1.000000000000000000, 0.000000000000000000 ) ) ;
#2916 = CARTESIAN_POINT ( 'NONE',  ( -62.32201882939053661, -0.3996062992126024893, 7.379078401159886447 ) ) ;
#2917 = CIRCLE ( 'NONE', #1803, 1.046990446758644833 ) ;
#2918 = VECTOR ( 'NONE', #8435, 39.37007874015748854 ) ;
#2919 = AXIS2_PLACEMENT_3D ( 'NONE', #3266, #2596, #4485 ) ;
#2920 = DIRECTION ( 'NONE',  ( 0.9659258262890785263, 0.000000000000000000, -0.2588190451024828809 ) ) ;
#2921 = VERTEX_POINT ( 'NONE', #8359 ) ;
#2922 = CARTESIAN_POINT ( 'NONE',  ( -61.64052850218735102, -0.4192913385826831929, 7.941555004322587763 ) ) ;
#2923 = EDGE_CURVE ( 'NONE', #6211, #5315, #557, .T. ) ;
#2924 = ORIENTED_EDGE ( 'NONE', *, *, #6765, .F. ) ;
#2925 = CARTESIAN_POINT ( 'NONE',  ( -62.94704125205773693, -4.404960629921268911, 7.018054124993710730 ) ) ;
#2926 = CARTESIAN_POINT ( 'NONE',  ( -61.75441941427787640, -1.267487984741781704, 7.516508333879518666 ) ) ;
#2927 = DIRECTION ( 'NONE',  ( 6.123233995736766036E-17, -1.000000000000000000, 0.000000000000000000 ) ) ;
#2928 = ORIENTED_EDGE ( 'NONE', *, *, #687, .T. ) ;
#2929 = CARTESIAN_POINT ( 'NONE',  ( -62.17522999999999911, -0.4192913385826831929, 7.857046014671676737 ) ) ;
#2930 = PLANE ( 'NONE',  #7410 ) ;
#2931 = CIRCLE ( 'NONE', #1822, 1.139999999801592834 ) ;
#2932 = FACE_OUTER_BOUND ( 'NONE', #3698, .T. ) ;
#2933 = VERTEX_POINT ( 'NONE', #2840 ) ;
#2934 = CARTESIAN_POINT ( 'NONE',  ( -62.30463952255126969, -5.958149606299221190, 8.340008927816210615 ) ) ;
#2935 = LINE ( 'NONE', #1584, #2446 ) ;
#2936 = DIRECTION ( 'NONE',  ( -0.4999999999999816258, 0.000000000000000000, 0.8660254037844493658 ) ) ;
#2937 = CALENDAR_DATE ( 2025, 8, 12 ) ;
#2938 = CARTESIAN_POINT ( 'NONE',  ( -61.69726238648821237, -5.958149606299221190, 7.710257185281141012 ) ) ;
#2939 = ORIENTED_EDGE ( 'NONE', *, *, #4807, .F. ) ;
#2940 = ADVANCED_FACE ( 'NONE', ( #5502 ), #8187, .F. ) ;
#2941 = EDGE_CURVE ( 'NONE', #2134, #5505, #7793, .T. ) ;
#2942 = CYLINDRICAL_SURFACE ( 'NONE', #1085, 0.2879842521624130791 ) ;
#2943 = ORIENTED_EDGE ( 'NONE', *, *, #4203, .T. ) ;
#2944 = CARTESIAN_POINT ( 'NONE',  ( -62.02844117060947582, -5.958149606299221190, 8.335013628183469692 ) ) ;
#2945 = CARTESIAN_POINT ( 'NONE',  ( -62.94754497714851738, -4.208110236220479194, 8.409464414579941760 ) ) ;
#2946 = CYLINDRICAL_SURFACE ( 'NONE', #1001, 0.2879842521669108146 ) ;
#2947 = AXIS2_PLACEMENT_3D ( 'NONE', #594, #1197, #3259 ) ;
#2948 = ORIENTED_EDGE ( 'NONE', *, *, #5463, .T. ) ;
#2949 = CARTESIAN_POINT ( 'NONE',  ( -62.16924135714970134, -1.482581474689054435, 7.357154324751083330 ) ) ;
#2950 = ORIENTED_EDGE ( 'NONE', *, *, #3869, .F. ) ;
#2951 = DIRECTION ( 'NONE',  ( 0.000000000000000000, 0.000000000000000000, -1.000000000000000000 ) ) ;
#2952 = CARTESIAN_POINT ( 'NONE',  ( -61.93047047188225918, -1.482581474689044443, 7.421132790634565879 ) ) ;
#2953 = DIRECTION ( 'NONE',  ( 6.123233995736766036E-17, -1.000000000000000000, 0.000000000000000000 ) ) ;
#2954 = EDGE_CURVE ( 'NONE', #6928, #1870, #7701, .T. ) ;
#2955 = CARTESIAN_POINT ( 'NONE',  ( -62.07724897835093714, -1.336377492740389750, 7.345678760761012782 ) ) ;
#2956 = EDGE_CURVE ( 'NONE', #3221, #7736, #888, .T. ) ;
#2957 = B_SPLINE_CURVE_WITH_KNOTS ( 'NONE', 3,
 ( #7438, #6390, #2201, #4878 ),
 .UNSPECIFIED., .F., .F.,
 ( 4, 4 ),
 ( 0.000000000000000000, 0.0008211405993301780851 ),
 .UNSPECIFIED. ) ;
#2958 = CARTESIAN_POINT ( 'NONE',  ( -61.68338245662530284, -1.336377492739990069, 8.027875587790274992 ) ) ;
#2959 = ORIENTED_EDGE ( 'NONE', *, *, #3922, .T. ) ;
#2960 = PLANE ( 'NONE',  #3610 ) ;
#2961 = VERTEX_POINT ( 'NONE', #3710 ) ;
#2962 = CARTESIAN_POINT ( 'NONE',  ( -62.17522999999999911, -3.988504844567673402, 7.857046014671676737 ) ) ;
#2963 = CARTESIAN_POINT ( 'NONE',  ( -62.94183503898376131, -4.351317466151742863, 7.022734933165001969 ) ) ;
#2964 = AXIS2_PLACEMENT_3D ( 'NONE', #3136, #6366, #1648 ) ;
#2965 = CARTESIAN_POINT ( 'NONE',  ( -63.25836515215287648, -5.958110236220478306, 8.337905717537260841 ) ) ;
#2966 = CARTESIAN_POINT ( 'NONE',  ( -62.17522999999999911, -1.572047244094489038, 9.400099453556306273 ) ) ;
#2967 = PRODUCT_DEFINITION ( 'UNKNOWN', '', #4702, #7174 ) ;
#2968 = VERTEX_POINT ( 'NONE', #1792 ) ;
#2969 = VECTOR ( 'NONE', #5656, 39.37007874015748143 ) ;
#2970 = CARTESIAN_POINT ( 'NONE',  ( -62.68054957537280103, -1.267487984742363905, 8.051209831692165864 ) ) ;
#2971 = EDGE_CURVE ( 'NONE', #5132, #6135, #2807, .T. ) ;
#2972 = CIRCLE ( 'NONE', #3402, 0.5216535433070783601 ) ;
#2973 = CARTESIAN_POINT ( 'NONE',  ( -62.32201882939053661, -0.3996062992126024893, 7.379078401159886447 ) ) ;
#2974 = CARTESIAN_POINT ( 'NONE',  ( -62.66162143776568882, -0.4126776965509277861, 7.634823658170186711 ) ) ;
#2975 = EDGE_LOOP ( 'NONE', ( #5901, #4098, #3863, #1989, #490 ) ) ;
#2976 = ADVANCED_FACE ( 'NONE', ( #2534 ), #7746, .F. ) ;
#2977 = DIRECTION ( 'NONE',  ( 0.000000000000000000, 1.000000000000000000, 0.000000000000000000 ) ) ;
#2978 = CARTESIAN_POINT ( 'NONE',  ( -62.32201882939052240, -1.481336058263765798, 7.379078401159882006 ) ) ;
#2979 = EDGE_CURVE ( 'NONE', #1465, #537, #4542, .T. ) ;
#2980 = CARTESIAN_POINT ( 'NONE',  ( -62.02844117060946161, -5.958149606299221190, 7.379078401159887335 ) ) ;
#2981 = ORIENTED_EDGE ( 'NONE', *, *, #2295, .F. ) ;
#2982 = CARTESIAN_POINT ( 'NONE',  ( -61.94105123596274609, -1.481336058263765798, 7.415276497305466563 ) ) ;
#2983 = ORIENTED_EDGE ( 'NONE', *, *, #8195, .F. ) ;
#2984 = CARTESIAN_POINT ( 'NONE',  ( -62.57039642975527016, -0.3996062992126024893, 8.197583695463837472 ) ) ;
#2985 = PLANE ( 'NONE',  #897 ) ;
#2986 = ADVANCED_FACE ( 'NONE', ( #6556 ), #8126, .F. ) ;
#2987 = CARTESIAN_POINT ( 'NONE',  ( -61.14533399504300348, -4.391217077535116253, 7.500171118720239782 ) ) ;
#2988 = ORIENTED_EDGE ( 'NONE', *, *, #6108, .F. ) ;
#2989 = CARTESIAN_POINT ( 'NONE',  ( -61.38621036026246003, -4.031377474669182170, 8.576480339219319404 ) ) ;
#2990 = ORIENTED_EDGE ( 'NONE', *, *, #6630, .T. ) ;
#2991 = CYLINDRICAL_SURFACE ( 'NONE', #2347, 0.1620000000448624800 ) ;
#2992 = ORIENTED_EDGE ( 'NONE', *, *, #6686, .T. ) ;
#2993 = CARTESIAN_POINT ( 'NONE',  ( -61.18024789962770882, -4.284820666762046315, 8.325212402583987981 ) ) ;
#2994 = EDGE_CURVE ( 'NONE', #1274, #3221, #5060, .T. ) ;
#2995 = CARTESIAN_POINT ( 'NONE',  ( -62.17522999999999911, -0.5639763779527527943, 7.857046014671676737 ) ) ;
#2996 = LINE ( 'NONE', #375, #7568 ) ;
#2997 = CARTESIAN_POINT ( 'NONE',  ( -61.92523000000000621, -1.481336058263770905, 7.424033312779459770 ) ) ;
#2998 = EDGE_CURVE ( 'NONE', #1623, #1751, #3490, .T. ) ;
#2999 = CARTESIAN_POINT ( 'NONE',  ( -62.40940876403726634, -1.481336058263765798, 8.298815532037894016 ) ) ;
#3000 = EDGE_CURVE ( 'NONE', #5119, #6058, #4339, .T. ) ;
#3001 = ORIENTED_EDGE ( 'NONE', *, *, #708, .T. ) ;
#3002 = CARTESIAN_POINT ( 'NONE',  ( -62.42523000000000621, -5.958149606299221190, 8.290058716563899921 ) ) ;
#3003 = EDGE_CURVE ( 'NONE', #2961, #5129, #3754, .T. ) ;
#3004 = ORIENTED_EDGE ( 'NONE', *, *, #431, .F. ) ;
#3005 = CARTESIAN_POINT ( 'NONE',  ( -61.17962618356266802, -4.154964824867734663, 8.542435704572714172 ) ) ;
#3006 = B_SPLINE_CURVE_WITH_KNOTS ( 'NONE', 3,
 ( #152, #3307, #5394, #7433 ),
 .UNSPECIFIED., .F., .F.,
 ( 4, 4 ),
 ( 2.989366980140357042E-16, 0.0008211405993301741819 ),
 .UNSPECIFIED. ) ;
#3007 = CARTESIAN_POINT ( 'NONE',  ( -62.17522999999999911, -1.403543307086619674, 7.857046014671676737 ) ) ;
#3008 = VECTOR ( 'NONE', #793, 39.37007874015748143 ) ;
#3009 = CARTESIAN_POINT ( 'NONE',  ( -62.98020297462292660, -5.958110236220480971, 8.412476036601495011 ) ) ;
#3010 = FACE_OUTER_BOUND ( 'NONE', #2154, .T. ) ;
#3011 = EDGE_CURVE ( 'NONE', #5387, #2067, #134, .T. ) ;
#3012 = ORIENTED_EDGE ( 'NONE', *, *, #559, .F. ) ;
#3013 = CARTESIAN_POINT ( 'NONE',  ( -62.61699951736621728, -5.958149606299221190, 8.091224778708935972 ) ) ;
#3014 = CARTESIAN_POINT ( 'NONE',  ( -62.39966434750920854, -0.4061132758059452508, 7.378909839732677334 ) ) ;
#3015 = DIRECTION ( 'NONE',  ( 0.000000000000000000, -1.000000000000000000, 0.000000000000000000 ) ) ;
#3016 = ORIENTED_EDGE ( 'NONE', *, *, #438, .F. ) ;
#3017 = CIRCLE ( 'NONE', #6229, 0.5039999999551352250 ) ;
#3018 = LINE ( 'NONE', #4201, #6217 ) ;
#3019 = CYLINDRICAL_SURFACE ( 'NONE', #5684, 0.3937007874015751585 ) ;
#3020 = EDGE_CURVE ( 'NONE', #6464, #1186, #572, .T. ) ;
#3021 = CARTESIAN_POINT ( 'NONE',  ( -62.41998952811774615, -1.482581474689096845, 7.421132790634565879 ) ) ;
#3022 = CARTESIAN_POINT ( 'NONE',  ( -62.66255651018270356, -5.958149606299221190, 7.745185063159756744 ) ) ;
#3023 = VERTEX_POINT ( 'NONE', #3054 ) ;
#3024 = CYLINDRICAL_SURFACE ( 'NONE', #6389, 0.1620000000156907038 ) ;
#3025 = EDGE_CURVE ( 'NONE', #80, #6128, #5714, .T. ) ;
#3026 = EDGE_LOOP ( 'NONE', ( #6346, #842, #615, #3674 ) ) ;
#3027 = CARTESIAN_POINT ( 'NONE',  ( -62.65963826846556373, -1.482581474689047996, 7.980642919718080819 ) ) ;
#3028 = CARTESIAN_POINT ( 'NONE',  ( -61.38020213269656011, -4.404960629921268911, 7.946100437918881987 ) ) ;
#3029 = CARTESIAN_POINT ( 'NONE',  ( -61.66935201656726662, -1.407454082783215821, 7.832761037914314883 ) ) ;
#3030 = EDGE_LOOP ( 'NONE', ( #7460, #7798, #4733, #1594 ) ) ;
#3031 = PLANE ( 'NONE',  #1552 ) ;
#3032 = VERTEX_POINT ( 'NONE', #3098 ) ;
#3033 = CARTESIAN_POINT ( 'NONE',  ( -61.75441941427810377, -1.403543307086619674, 8.197583695463841025 ) ) ;
#3034 = AXIS2_PLACEMENT_3D ( 'NONE', #5644, #2321, #5033 ) ;
#3035 = ORIENTED_EDGE ( 'NONE', *, *, #8211, .T. ) ;
#3036 = CARTESIAN_POINT ( 'NONE',  ( -61.31346951385168609, 57.93121849778213317, 6.924592818244164505 ) ) ;
#3037 = CIRCLE ( 'NONE', #3881, 0.7499999998945467983 ) ;
#3038 = DIRECTION ( 'NONE',  ( 1.000000000000000000, 0.000000000000000000, 0.000000000000000000 ) ) ;
#3039 = LINE ( 'NONE', #5704, #4486 ) ;
#3040 = CARTESIAN_POINT ( 'NONE',  ( -62.31393566156402386, -4.125273117437417092, 9.033977852463827674 ) ) ;
#3041 = CARTESIAN_POINT ( 'NONE',  ( -61.77147380365389751, -0.4061132758059442516, 8.197583695463849907 ) ) ;
#3042 = VECTOR ( 'NONE', #4097, 39.37007874015748143 ) ;
#3043 = VECTOR ( 'NONE', #6107, 39.37007874015748143 ) ;
#3044 = EDGE_CURVE ( 'NONE', #4123, #2191, #5899, .T. ) ;
#3045 = CARTESIAN_POINT ( 'NONE',  ( -61.73931677596288381, -1.482581474689000700, 8.101805542789426440 ) ) ;
#3046 = ORIENTED_EDGE ( 'NONE', *, *, #5504, .F. ) ;
#3047 = FACE_OUTER_BOUND ( 'NONE', #6470, .T. ) ;
#3048 = EDGE_CURVE ( 'NONE', #3466, #6114, #3926, .T. ) ;
#3049 = ORIENTED_EDGE ( 'NONE', *, *, #4022, .T. ) ;
#3050 = CARTESIAN_POINT ( 'NONE',  ( -62.00066316393443344, -4.345883739736732920, 7.136777367533503558 ) ) ;
#3051 = AXIS2_PLACEMENT_3D ( 'NONE', #7142, #3716, #5810 ) ;
#3052 = AXIS2_PLACEMENT_3D ( 'NONE', #606, #1998, #4657 ) ;
#3053 = CARTESIAN_POINT ( 'NONE',  ( -62.81043440543659528, -4.208110236220481859, 7.143435103766487160 ) ) ;
#3054 = CARTESIAN_POINT ( 'NONE',  ( -63.13914609356205432, -4.002870303309150835, 8.104187513396798437 ) ) ;
#3055 = CARTESIAN_POINT ( 'NONE',  ( -61.66386274608933604, -1.336377492740390416, 7.955027036320739597 ) ) ;
#3056 = B_SPLINE_CURVE_WITH_KNOTS ( 'NONE', 3,
 ( #6465, #5896, #5798, #3885, #1916, #2486, #1788, #4452, #5147, #3844, #7129, #2566, #3094, #1126, #518, #1218, #1038, #5056 ),
 .UNSPECIFIED., .F., .F.,
 ( 4, 2, 2, 2, 2, 2, 2, 2, 4 ),
 ( -1.483294210931753324E-05, 0.0009733137447850442490, 0.001961460431679406136, 0.002949607118573767915, 0.003937753805468129260, 0.004925900492362490606, 0.005914047179256852818, 0.006902193866151215031, 0.007890340553045577243 ),
 .UNSPECIFIED. ) ;
#3057 = ORIENTED_EDGE ( 'NONE', *, *, #4863, .F. ) ;
#3058 = PLANE ( 'NONE',  #7369 ) ;
#3059 = DIRECTION ( 'NONE',  ( 1.000000000000000000, 0.000000000000000000, 0.000000000000000000 ) ) ;
#3060 = DIRECTION ( 'NONE',  ( 0.000000000000000000, 0.000000000000000000, -1.000000000000000000 ) ) ;
#3061 = VERTEX_POINT ( 'NONE', #1174 ) ;
#3062 = AXIS2_PLACEMENT_3D ( 'NONE', #4585, #2795, #5978 ) ;
#3063 = DIRECTION ( 'NONE',  ( 0.000000000000000000, -1.000000000000000000, 0.000000000000000000 ) ) ;
#3064 = CARTESIAN_POINT ( 'NONE',  ( -62.17522999992568344, -4.404960629921268911, 7.857046014731977834 ) ) ;
#3065 = B_SPLINE_CURVE_WITH_KNOTS ( 'NONE', 3,
 ( #7190, #6381, #1434, #2704, #2048, #8593, #6599, #2751, #4627, #3242, #8636, #700, #5983, #8103, #7927, #2613, #5242, #5369 ),
 .UNSPECIFIED., .F., .F.,
 ( 4, 2, 2, 2, 2, 2, 2, 2, 4 ),
 ( -1.483294210830142236E-05, 0.0009733137447817129294, 0.001961460431671727383, 0.002949607118561741945, 0.003937753805451756073, 0.004925900492341770201, 0.005914047179231785197, 0.006902193866121799325, 0.007890340553011812585 ),
 .UNSPECIFIED. ) ;
#3066 = B_SPLINE_CURVE_WITH_KNOTS ( 'NONE', 3,
 ( #4187, #123, #2958, #4232 ),
 .UNSPECIFIED., .F., .F.,
 ( 4, 4 ),
 ( 2.372388754705110893E-06, 0.005608136317061068049 ),
 .UNSPECIFIED. ) ;
#3067 = B_SPLINE_CURVE_WITH_KNOTS ( 'NONE', 3,
 ( #3788, #8576, #599, #5227 ),
 .UNSPECIFIED., .F., .F.,
 ( 4, 4 ),
 ( 2.014298342818534470E-07, 0.0004597969392805639722 ),
 .UNSPECIFIED. ) ;
#3068 = CARTESIAN_POINT ( 'NONE',  ( -62.17522999999999911, -1.403543307086619674, 7.857046014671676737 ) ) ;
#3069 = LINE ( 'NONE', #7898, #4513 ) ;
#3070 = VERTEX_POINT ( 'NONE', #8589 ) ;
#3071 = CARTESIAN_POINT ( 'NONE',  ( -62.89677961600493461, -5.958110236220480971, 8.061658211741868030 ) ) ;
#3072 = ORIENTED_EDGE ( 'NONE', *, *, #7601, .T. ) ;
#3073 = CARTESIAN_POINT ( 'NONE',  ( -61.74435570224736836, -1.336377492739989403, 8.149354222753126820 ) ) ;
#3074 = DIRECTION ( 'NONE',  ( 0.2588190451025598193, 0.000000000000000000, -0.9659258262890577651 ) ) ;
#3075 = CARTESIAN_POINT ( 'NONE',  ( -61.24243866849477058, -4.208110232483925017, 7.660197184716670549 ) ) ;
#3076 = ORIENTED_EDGE ( 'NONE', *, *, #5945, .T. ) ;
#3077 = CARTESIAN_POINT ( 'NONE',  ( -62.17522999999999911, -0.3996062992126024893, 7.857046014671676737 ) ) ;
#3078 = VECTOR ( 'NONE', #478, 39.37007874015748143 ) ;
#3079 = ORIENTED_EDGE ( 'NONE', *, *, #2051, .T. ) ;
#3080 = CARTESIAN_POINT ( 'NONE',  ( -62.17522999999999911, -0.4192913385826831929, 7.857046014671676737 ) ) ;
#3081 = ORIENTED_EDGE ( 'NONE', *, *, #1607, .T. ) ;
#3082 = CARTESIAN_POINT ( 'NONE',  ( -62.17522999999999911, -0.3996062992126024893, 7.857046014671676737 ) ) ;
#3083 = ORIENTED_EDGE ( 'NONE', *, *, #5127, .F. ) ;
#3084 = CARTESIAN_POINT ( 'NONE',  ( -63.22353986353382993, -4.061054793277621755, 8.239754756805702129 ) ) ;
#3085 = CARTESIAN_POINT ( 'NONE',  ( -62.19331000000000387, -0.3996062992126024893, 8.356719021347041476 ) ) ;
#3086 = AXIS2_PLACEMENT_3D ( 'NONE', #1605, #823, #5533 ) ;
#3087 = CARTESIAN_POINT ( 'NONE',  ( -62.26676806215592563, -4.404960629921268911, 6.720727052852275563 ) ) ;
#3088 = DIRECTION ( 'NONE',  ( -0.000000000000000000, 1.000000000000000000, -0.000000000000000000 ) ) ;
#3089 = AXIS2_PLACEMENT_3D ( 'NONE', #3839, #2384, #5051 ) ;
#3090 = FACE_OUTER_BOUND ( 'NONE', #1435, .T. ) ;
#3091 = VERTEX_POINT ( 'NONE', #3847 ) ;
#3092 = DIRECTION ( 'NONE',  ( 0.9659258262890578761, -0.000000000000000000, 0.2588190451025598748 ) ) ;
#3093 = ORIENTED_EDGE ( 'NONE', *, *, #6661, .T. ) ;
#3094 = CARTESIAN_POINT ( 'NONE',  ( -62.97918751684770200, -4.317610764841250059, 7.145129647011983387 ) ) ;
#3095 = CARTESIAN_POINT ( 'NONE',  ( -61.92523000000000621, -5.958149606299221190, 8.290058716563899921 ) ) ;
#3096 = CIRCLE ( 'NONE', #8004, 1.046990446758645943 ) ;
#3097 = DIRECTION ( 'NONE',  ( 0.000000000000000000, 0.000000000000000000, 1.000000000000000000 ) ) ;
#3098 = CARTESIAN_POINT ( 'NONE',  ( -62.44072424263811172, -0.3996062992126024893, 8.280735532037894586 ) ) ;
#3099 = CARTESIAN_POINT ( 'NONE',  ( -61.25794606151644928, -4.313793353945411191, 8.412468733596336179 ) ) ;
#3100 = ORIENTED_EDGE ( 'NONE', *, *, #1191, .T. ) ;
#3101 = DIRECTION ( 'NONE',  ( -0.000000000000000000, 1.000000000000000000, -0.000000000000000000 ) ) ;
#3102 = VERTEX_POINT ( 'NONE', #2569 ) ;
#3103 = CARTESIAN_POINT ( 'NONE',  ( -62.30463952255126969, -1.481336058263770905, 8.340008927816210615 ) ) ;
#3104 = VECTOR ( 'NONE', #2862, 39.37007874015748143 ) ;
#3105 = ORIENTED_EDGE ( 'NONE', *, *, #1617, .T. ) ;
#3106 = PLANE ( 'NONE',  #3767 ) ;
#3107 = DIRECTION ( 'NONE',  ( -0.9659258262890766389, 0.000000000000000000, -0.2588190451024895422 ) ) ;
#3108 = CIRCLE ( 'NONE', #8019, 0.5216535433070783601 ) ;
#3109 = EDGE_CURVE ( 'NONE', #1454, #5193, #6925, .T. ) ;
#3110 = LINE ( 'NONE', #8462, #1906 ) ;
#3111 = DIRECTION ( 'NONE',  ( -0.000000000000000000, 1.000000000000000000, -0.000000000000000000 ) ) ;
#3112 = ORIENTED_EDGE ( 'NONE', *, *, #3914, .T. ) ;
#3113 = ADVANCED_FACE ( 'NONE', ( #4062 ), #780, .F. ) ;
#3114 = CARTESIAN_POINT ( 'NONE',  ( -61.91537213736916101, -3.983565816450640451, 8.693599838821372217 ) ) ;
#3115 = EDGE_CURVE ( 'NONE', #1588, #1715, #6187, .T. ) ;
#3116 = ORIENTED_EDGE ( 'NONE', *, *, #5726, .T. ) ;
#3117 = CARTESIAN_POINT ( 'NONE',  ( -62.99924072846518186, -4.404960629921268911, 7.143567358502282083 ) ) ;
#3118 = CARTESIAN_POINT ( 'NONE',  ( -61.78006357024474227, -0.3996062992126024893, 7.516508333879514225 ) ) ;
#3119 = CARTESIAN_POINT ( 'NONE',  ( -61.17004313668520865, -4.280635515780347511, 7.536525979454643753 ) ) ;
#3120 = EDGE_LOOP ( 'NONE', ( #2706, #4793, #5733, #2768, #623 ) ) ;
#3121 = CARTESIAN_POINT ( 'NONE',  ( -62.30463952255126259, -1.481336058263770905, 7.374083101527142858 ) ) ;
#3122 = EDGE_CURVE ( 'NONE', #1294, #1629, #6409, .T. ) ;
#3123 = VECTOR ( 'NONE', #4663, 39.37007874015748143 ) ;
#3124 = EDGE_CURVE ( 'NONE', #5143, #5001, #8631, .T. ) ;
#3125 = AXIS2_PLACEMENT_3D ( 'NONE', #3028, #541, #4426 ) ;
#3126 = ORIENTED_EDGE ( 'NONE', *, *, #5328, .T. ) ;
#3127 = CARTESIAN_POINT ( 'NONE',  ( -62.17522999999999911, -0.4192913385826831929, 7.857046014671676737 ) ) ;
#3128 = EDGE_LOOP ( 'NONE', ( #1296, #6981, #5603, #3246 ) ) ;
#3129 = FACE_OUTER_BOUND ( 'NONE', #973, .T. ) ;
#3130 = CARTESIAN_POINT ( 'NONE',  ( -62.17522999999999911, -5.958149606299221190, 7.357046014671677625 ) ) ;
#3131 = ORIENTED_EDGE ( 'NONE', *, *, #4706, .F. ) ;
#3132 = DIRECTION ( 'NONE',  ( 6.123233995736766036E-17, -1.000000000000000000, 0.000000000000000000 ) ) ;
#3133 = CARTESIAN_POINT ( 'NONE',  ( -62.26704230817870922, -4.317644521022153015, 6.740770961565527131 ) ) ;
#3134 = DIRECTION ( 'NONE',  ( -0.000000000000000000, -1.000000000000000000, -0.000000000000000000 ) ) ;
#3135 = EDGE_CURVE ( 'NONE', #8382, #5795, #1665, .T. ) ;
#3136 = CARTESIAN_POINT ( 'NONE',  ( -62.64986732635071576, -4.404960629921268911, 8.501033132745579479 ) ) ;
#3137 = ORIENTED_EDGE ( 'NONE', *, *, #3942, .F. ) ;
#3138 = CARTESIAN_POINT ( 'NONE',  ( -62.40940876403725213, -5.958149606299221190, 7.415276497305457681 ) ) ;
#3139 = ORIENTED_EDGE ( 'NONE', *, *, #4970, .T. ) ;
#3140 = CARTESIAN_POINT ( 'NONE',  ( -61.59823592595105879, -3.988504844567673402, 8.567518541295084944 ) ) ;
#3141 = EDGE_CURVE ( 'NONE', #2396, #8385, #5279, .T. ) ;
#3142 = CARTESIAN_POINT ( 'NONE',  ( -62.30463952255126969, -0.3996062992126024893, 8.340008927816210615 ) ) ;
#3143 = CARTESIAN_POINT ( 'NONE',  ( -62.17522999999999911, -0.3996062992126024893, 7.857046014671676737 ) ) ;
#3144 = DIRECTION ( 'NONE',  ( -5.131193983648362135E-17, 1.000000000000000000, -1.914987665046792378E-16 ) ) ;
#3145 = CARTESIAN_POINT ( 'NONE',  ( -61.17749034605087388, -4.404960629921268911, 8.413572786333533671 ) ) ;
#3146 = B_SPLINE_CURVE_WITH_KNOTS ( 'NONE', 3,
 ( #7310, #6059, #4579, #3929 ),
 .UNSPECIFIED., .F., .F.,
 ( 4, 4 ),
 ( 2.372388754605069949E-06, 0.005608136317060995191 ),
 .UNSPECIFIED. ) ;
#3147 = EDGE_LOOP ( 'NONE', ( #8611, #4975, #936, #926, #7866, #539, #5343, #5864, #5649 ) ) ;
#3148 = DIRECTION ( 'NONE',  ( 0.000000000000000000, 0.000000000000000000, 1.000000000000000000 ) ) ;
#3149 = VECTOR ( 'NONE', #1937, 39.37007874015748143 ) ;
#3150 = VERTEX_POINT ( 'NONE', #7272 ) ;
#3151 = CARTESIAN_POINT ( 'NONE',  ( -62.59604058572190155, -1.403543307086619674, 7.516508333879505344 ) ) ;
#3152 = ORIENTED_EDGE ( 'NONE', *, *, #1317, .T. ) ;
#3153 = FACE_OUTER_BOUND ( 'NONE', #8407, .T. ) ;
#3154 = AXIS2_PLACEMENT_3D ( 'NONE', #1007, #224, #2884 ) ;
#3155 = CARTESIAN_POINT ( 'NONE',  ( -61.73738206533268880, -0.4192913385826831929, 7.538711839311114993 ) ) ;
#3156 = TOROIDAL_SURFACE ( 'NONE', #8065, 0.5531496063287971721, 0.1968503937007874127 ) ;
#3157 = CARTESIAN_POINT ( 'NONE',  ( -62.19951497675737073, -1.407454082783215821, 7.351168031238946021 ) ) ;
#3158 = AXIS2_PLACEMENT_3D ( 'NONE', #2860, #6891, #3566 ) ;
#3159 = CARTESIAN_POINT ( 'NONE',  ( -62.17522999999999911, 57.93121849778213317, 7.857046014671676737 ) ) ;
#3160 = ORIENTED_EDGE ( 'NONE', *, *, #8195, .T. ) ;
#3161 = ADVANCED_FACE ( 'NONE', ( #3411 ), #4013, .F. ) ;
#3162 = DIRECTION ( 'NONE',  ( -0.2762435205281429940, 0.000000000000000000, 0.9610876741308346238 ) ) ;
#3163 = EDGE_CURVE ( 'NONE', #3453, #3882, #6112, .T. ) ;
#3164 = B_SPLINE_CURVE_WITH_KNOTS ( 'NONE', 3,
 ( #7449, #2088, #1394, #6777 ),
 .UNSPECIFIED., .F., .F.,
 ( 4, 4 ),
 ( 0.000000000000000000, 0.0008211405993299590762 ),
 .UNSPECIFIED. ) ;
#3165 = ORIENTED_EDGE ( 'NONE', *, *, #4566, .T. ) ;
#3166 = CARTESIAN_POINT ( 'NONE',  ( -62.17522999999999911, -1.403543307086619674, 7.857046014671676737 ) ) ;
#3167 = B_SPLINE_CURVE_WITH_KNOTS ( 'NONE', 3,
 ( #2413, #7243, #7859, #5778 ),
 .UNSPECIFIED., .F., .F.,
 ( 4, 4 ),
 ( 2.014298343917072939E-07, 0.0004597969392808586042 ),
 .UNSPECIFIED. ) ;
#3168 = CARTESIAN_POINT ( 'NONE',  ( -62.40940876403725213, -0.3996062992126024893, 7.415276497305457681 ) ) ;
#3169 = CARTESIAN_POINT ( 'NONE',  ( -61.06939288930858822, -4.351317466148354463, 7.610302117167790925 ) ) ;
#3170 = CIRCLE ( 'NONE', #3586, 0.5413385826771592857 ) ;
#3171 = DIRECTION ( 'NONE',  ( 1.000000000000000000, 0.000000000000000000, 0.000000000000000000 ) ) ;
#3172 = EDGE_CURVE ( 'NONE', #7191, #7268, #117, .T. ) ;
#3173 = ORIENTED_EDGE ( 'NONE', *, *, #2621, .F. ) ;
#3174 = ADVANCED_FACE ( 'NONE', ( #4625 ), #5407, .F. ) ;
#3175 = FACE_OUTER_BOUND ( 'NONE', #6906, .T. ) ;
#3176 = LOCAL_TIME ( 17, 57, 41.00000000000000000, #8034 ) ;
#3177 = ORIENTED_EDGE ( 'NONE', *, *, #1885, .T. ) ;
#3178 = CARTESIAN_POINT ( 'NONE',  ( -60.94254209614380358, -4.278729374244396588, 7.568332759109294372 ) ) ;
#3179 = CARTESIAN_POINT ( 'NONE',  ( -62.46753820808145008, -1.336377492739990736, 8.287920312424311930 ) ) ;
#3180 = B_SPLINE_CURVE_WITH_KNOTS ( 'NONE', 3,
 ( #6196, #207, #5619, #824 ),
 .UNSPECIFIED., .F., .F.,
 ( 4, 4 ),
 ( 2.372388754640552159E-06, 0.005608136317061056773 ),
 .UNSPECIFIED. ) ;
#3181 = ORIENTED_EDGE ( 'NONE', *, *, #7986, .F. ) ;
#3182 = DIRECTION ( 'NONE',  ( 0.000000000000000000, -1.000000000000000000, 0.000000000000000000 ) ) ;
#3183 = LINE ( 'NONE', #1781, #4969 ) ;
#3184 = FACE_BOUND ( 'NONE', #3906, .T. ) ;
#3185 = DIRECTION ( 'NONE',  ( -1.000000000000000000, -0.000000000000000000, -0.000000000000000000 ) ) ;
#3186 = CIRCLE ( 'NONE', #5272, 0.6299842519516617445 ) ;
#3187 = TOROIDAL_SURFACE ( 'NONE', #7804, 0.8858267716535430658, 0.3937007874015748254 ) ;
#3188 = ORIENTED_EDGE ( 'NONE', *, *, #4771, .T. ) ;
#3189 = DIRECTION ( 'NONE',  ( -0.000000000000000000, 1.000000000000000000, 1.982541115402063384E-16 ) ) ;
#3190 = ORIENTED_EDGE ( 'NONE', *, *, #2199, .T. ) ;
#3191 = CARTESIAN_POINT ( 'NONE',  ( -61.73775313900270589, -3.983565816450640451, 8.615967885197557408 ) ) ;
#3192 = CARTESIAN_POINT ( 'NONE',  ( -62.17522999999999911, -0.3996062992126024893, 7.357046014671677625 ) ) ;
#3193 = FACE_OUTER_BOUND ( 'NONE', #7266, .T. ) ;
#3194 = CARTESIAN_POINT ( 'NONE',  ( -61.90973575736190782, -5.958149606299221190, 7.433356497305461552 ) ) ;
#3195 = AXIS2_PLACEMENT_3D ( 'NONE', #7083, #6632, #1297 ) ;
#3196 = DIRECTION ( 'NONE',  ( -0.000000000000000000, 1.000000000000000000, -0.000000000000000000 ) ) ;
#3197 = EDGE_CURVE ( 'NONE', #6060, #189, #4206, .T. ) ;
#3198 = VERTEX_POINT ( 'NONE', #1961 ) ;
#3199 = CARTESIAN_POINT ( 'NONE',  ( -62.17522999999999911, -0.3996062992126024893, 7.581455463490573976 ) ) ;
#3200 = ORIENTED_EDGE ( 'NONE', *, *, #4926, .T. ) ;
#3201 = FACE_OUTER_BOUND ( 'NONE', #7587, .T. ) ;
#3202 = AXIS2_PLACEMENT_3D ( 'NONE', #3138, #3092, #1695 ) ;
#3203 = ORIENTED_EDGE ( 'NONE', *, *, #1944, .T. ) ;
#3204 = CARTESIAN_POINT ( 'NONE',  ( -61.83469231920783926, -1.267487984741781704, 8.277856600393818098 ) ) ;
#3205 = DIRECTION ( 'NONE',  ( 1.000000000000000000, 6.123233995736766036E-17, 0.000000000000000000 ) ) ;
#3206 = CARTESIAN_POINT ( 'NONE',  ( -61.68062054991133891, -1.403543307086619674, 7.637025667935517070 ) ) ;
#3207 = AXIS2_PLACEMENT_3D ( 'NONE', #8522, #1764, #5779 ) ;
#3208 = ORIENTED_EDGE ( 'NONE', *, *, #3781, .T. ) ;
#3209 = CARTESIAN_POINT ( 'NONE',  ( -62.17522999999999911, -1.403543307086619674, 7.857046014671676737 ) ) ;
#3210 = EDGE_LOOP ( 'NONE', ( #7941, #4609, #3532, #1459 ) ) ;
#3211 = PLANE ( 'NONE',  #4576 ) ;
#3212 = VERTEX_POINT ( 'NONE', #8671 ) ;
#3213 = CARTESIAN_POINT ( 'NONE',  ( -62.94704125205773693, -4.404960629921268911, 7.018054124993710730 ) ) ;
#3214 = CARTESIAN_POINT ( 'NONE',  ( -62.70256342953390316, -0.4126776965509266759, 7.768283068816623782 ) ) ;
#3215 = CARTESIAN_POINT ( 'NONE',  ( -62.60824270189222318, -5.958149606299221190, 8.107046014671675849 ) ) ;
#3216 = VERTEX_POINT ( 'NONE', #3935 ) ;
#3217 = FACE_OUTER_BOUND ( 'NONE', #3026, .T. ) ;
#3218 = EDGE_CURVE ( 'NONE', #3061, #8645, #854, .T. ) ;
#3219 = ORIENTED_EDGE ( 'NONE', *, *, #2713, .T. ) ;
#3220 = DIRECTION ( 'NONE',  ( -0.000000000000000000, 1.000000000000000000, -0.000000000000000000 ) ) ;
#3221 = VERTEX_POINT ( 'NONE', #611 ) ;
#3222 = CARTESIAN_POINT ( 'NONE',  ( -61.08662429885202272, -4.125273117650335664, 7.388702722653825994 ) ) ;
#3223 = ORIENTED_EDGE ( 'NONE', *, *, #1676, .F. ) ;
#3224 = DIRECTION ( 'NONE',  ( 6.123233995736766036E-17, -1.000000000000000000, 0.000000000000000000 ) ) ;
#3225 = CARTESIAN_POINT ( 'NONE',  ( -61.95300764349850908, -0.4126776965509271200, 7.370654576905987021 ) ) ;
#3226 = LINE ( 'NONE', #729, #3518 ) ;
#3227 = AXIS2_PLACEMENT_3D ( 'NONE', #6426, #5198, #7185 ) ;
#3228 = EDGE_CURVE ( 'NONE', #5062, #1143, #5727, .T. ) ;
#3229 = CARTESIAN_POINT ( 'NONE',  ( -62.43033450416955787, -4.228091726887729607, 8.828822659303330767 ) ) ;
#3230 = EDGE_LOOP ( 'NONE', ( #5961, #6709, #2401, #6622 ) ) ;
#3231 = DIRECTION ( 'NONE',  ( -0.000000000000000000, 1.000000000000000000, -0.000000000000000000 ) ) ;
#3232 = ORIENTED_EDGE ( 'NONE', *, *, #976, .T. ) ;
#3233 = CARTESIAN_POINT ( 'NONE',  ( -61.80912333800013414, -1.481336058263765798, 7.516508333879509784 ) ) ;
#3234 = EDGE_CURVE ( 'NONE', #5528, #1420, #2859, .T. ) ;
#3235 = VECTOR ( 'NONE', #116, 39.37007874015748143 ) ;
#3236 = EDGE_CURVE ( 'NONE', #6500, #510, #7315, .T. ) ;
#3237 = EDGE_CURVE ( 'NONE', #6971, #2726, #956, .T. ) ;
#3238 = CARTESIAN_POINT ( 'NONE',  ( -62.17522999999999911, -3.983565816450640451, 7.857046014671676737 ) ) ;
#3239 = CARTESIAN_POINT ( 'NONE',  ( -62.34304105120203587, -4.208700983284971997, 8.400559140835810013 ) ) ;
#3240 = DIRECTION ( 'NONE',  ( -0.4842579450684232900, 0.000000000000000000, -0.8749252783170160530 ) ) ;
#3241 = CARTESIAN_POINT ( 'NONE',  ( -61.18792304265052451, -4.327920585153337107, 8.401277702322820673 ) ) ;
#3242 = CARTESIAN_POINT ( 'NONE',  ( -62.16976378369366074, -4.274784751994293863, 6.805919555360636863 ) ) ;
#3243 = VERTEX_POINT ( 'NONE', #3536 ) ;
#3244 = DIRECTION ( 'NONE',  ( 3.351616678113733336E-14, 0.000000000000000000, -1.000000000000000000 ) ) ;
#3245 = VECTOR ( 'NONE', #3827, 39.37007874015748143 ) ;
#3246 = ORIENTED_EDGE ( 'NONE', *, *, #6914, .F. ) ;
#3247 = LINE ( 'NONE', #5163, #7354 ) ;
#3248 = DIRECTION ( 'NONE',  ( 0.000000000000000000, -1.000000000000000000, 0.000000000000000000 ) ) ;
#3249 = CARTESIAN_POINT ( 'NONE',  ( -62.26742506121524201, -4.208110236220480971, 6.918413365338945908 ) ) ;
#3250 = DIRECTION ( 'NONE',  ( -0.000000000000000000, -1.000000000000000000, -0.000000000000000000 ) ) ;
#3251 = VERTEX_POINT ( 'NONE', #7480 ) ;
#3252 = CARTESIAN_POINT ( 'NONE',  ( -62.50180313793151043, -4.256678440038964339, 8.879407130920990099 ) ) ;
#3253 = CARTESIAN_POINT ( 'NONE',  ( -61.74221729810778214, -0.3996062992126024893, 8.107046014671675849 ) ) ;
#3254 = CARTESIAN_POINT ( 'NONE',  ( -62.49562054075092021, -4.404960629921268911, 7.124004473509751634 ) ) ;
#3255 = EDGE_CURVE ( 'NONE', #6464, #6769, #7605, .T. ) ;
#3256 = LINE ( 'NONE', #6411, #6861 ) ;
#3257 = AXIS2_PLACEMENT_3D ( 'NONE', #378, #2526, #5052 ) ;
#3258 = COORDINATED_UNIVERSAL_TIME_OFFSET ( 6, 0, .BEHIND. ) ;
#3259 = DIRECTION ( 'NONE',  ( 0.000000000000000000, 0.000000000000000000, -1.000000000000000000 ) ) ;
#3260 = B_SPLINE_CURVE_WITH_KNOTS ( 'NONE', 3,
 ( #7965, #69, #732, #1333 ),
 .UNSPECIFIED., .F., .F.,
 ( 4, 4 ),
 ( 2.372388754671351548E-06, 0.005608136317061004732 ),
 .UNSPECIFIED. ) ;
#3261 = CARTESIAN_POINT ( 'NONE',  ( -61.90973575736190782, -5.958149606299221190, 7.433356497305461552 ) ) ;
#3262 = ORIENTED_EDGE ( 'NONE', *, *, #8266, .F. ) ;
#3263 = CARTESIAN_POINT ( 'NONE',  ( -62.17522999999999911, -1.267487984742363905, 7.857046014671676737 ) ) ;
#3264 = EDGE_CURVE ( 'NONE', #946, #4041, #5494, .T. ) ;
#3265 = VERTEX_POINT ( 'NONE', #4799 ) ;
#3266 = CARTESIAN_POINT ( 'NONE',  ( -62.17522999999999911, -0.5246062992125997138, 0.000000000000000000 ) ) ;
#3267 = DIRECTION ( 'NONE',  ( 6.123233995736766036E-17, -1.000000000000000000, 0.000000000000000000 ) ) ;
#3268 = DIRECTION ( 'NONE',  ( -0.000000000000000000, 1.000000000000000000, 1.982541115402063384E-16 ) ) ;
#3269 = AXIS2_PLACEMENT_3D ( 'NONE', #3007, #4456, #3097 ) ;
#3270 = LINE ( 'NONE', #7346, #3529 ) ;
#3271 = ORIENTED_EDGE ( 'NONE', *, *, #4667, .T. ) ;
#3272 = DIRECTION ( 'NONE',  ( -0.6942045807973308280, 0.000000000000000000, -0.7197777434736379876 ) ) ;
#3273 = EDGE_CURVE ( 'NONE', #2605, #4945, #4936, .T. ) ;
#3274 = ORIENTED_EDGE ( 'NONE', *, *, #3945, .T. ) ;
#3275 = CARTESIAN_POINT ( 'NONE',  ( -62.17522999999999911, -1.267487984742363905, 7.857046014671676737 ) ) ;
#3276 = FACE_OUTER_BOUND ( 'NONE', #6474, .T. ) ;
#3277 = B_SPLINE_CURVE_WITH_KNOTS ( 'NONE', 3,
 ( #7079, #2387, #1075, #3743 ),
 .UNSPECIFIED., .F., .F.,
 ( 4, 4 ),
 ( 1.040834085586188103E-17, 0.0008211405993301476190 ),
 .UNSPECIFIED. ) ;
#3278 = LINE ( 'NONE', #2002, #3123 ) ;
#3279 = B_SPLINE_CURVE_WITH_KNOTS ( 'NONE', 3,
 ( #3155, #5068, #8511, #7281 ),
 .UNSPECIFIED., .F., .F.,
 ( 4, 4 ),
 ( 3.029564307160309228E-17, 0.0008211405993301529316 ),
 .UNSPECIFIED. ) ;
#3280 = EDGE_CURVE ( 'NONE', #628, #5456, #5708, .T. ) ;
#3281 = DIRECTION ( 'NONE',  ( 1.000000000000000000, 0.000000000000000000, 4.335420911161236290E-14 ) ) ;
#3282 = CARTESIAN_POINT ( 'NONE',  ( -61.24981773185806588, -4.404960629921268911, 8.432943233919797166 ) ) ;
#3283 = EDGE_CURVE ( 'NONE', #1215, #1588, #165, .T. ) ;
#3284 = VERTEX_POINT ( 'NONE', #1606 ) ;
#3285 = CARTESIAN_POINT ( 'NONE',  ( -62.09072101034909963, -1.403543307086619674, 7.322344516859019770 ) ) ;
#3286 = EDGE_CURVE ( 'NONE', #6698, #3603, #8402, .T. ) ;
#3287 = ORIENTED_EDGE ( 'NONE', *, *, #7842, .T. ) ;
#3288 = EDGE_LOOP ( 'NONE', ( #6531, #1103, #4644, #4802 ) ) ;
#3289 = CARTESIAN_POINT ( 'NONE',  ( -62.17522999999999911, 57.93121849778213317, 7.857046014671676737 ) ) ;
#3290 = DIRECTION ( 'NONE',  ( 1.000000000000000000, 0.000000000000000000, 0.000000000000000000 ) ) ;
#3291 = CARTESIAN_POINT ( 'NONE',  ( -62.17522999999999911, -0.3996062992126024893, 7.857046014671676737 ) ) ;
#3292 = DIRECTION ( 'NONE',  ( 0.2762435205281362771, 0.000000000000000000, -0.9610876741308366222 ) ) ;
#3293 = VERTEX_POINT ( 'NONE', #4271 ) ;
#3294 = DIRECTION ( 'NONE',  ( 0.01808295674479139248, 0.000000000000000000, -0.9998364899699180297 ) ) ;
#3295 = CARTESIAN_POINT ( 'NONE',  ( -62.89677961600491329, -4.387501882890285643, 8.061658211741864477 ) ) ;
#3296 = CARTESIAN_POINT ( 'NONE',  ( -62.60866393389425610, -0.4061132758059428638, 8.158906914882564365 ) ) ;
#3297 = VECTOR ( 'NONE', #3480, 39.37007874015748143 ) ;
#3298 = ORIENTED_EDGE ( 'NONE', *, *, #5609, .T. ) ;
#3299 = CARTESIAN_POINT ( 'NONE',  ( -62.27321102164899713, -1.336377492739989181, 7.345678760760917747 ) ) ;
#3300 = VERTEX_POINT ( 'NONE', #7565 ) ;
#3301 = ORIENTED_EDGE ( 'NONE', *, *, #3815, .F. ) ;
#3302 = EDGE_CURVE ( 'NONE', #6975, #1227, #8309, .T. ) ;
#3303 = CONICAL_SURFACE ( 'NONE', #1057, 0.5216535433070783601, 0.7853981633974604915 ) ;
#3304 = FACE_OUTER_BOUND ( 'NONE', #3419, .T. ) ;
#3305 = EDGE_LOOP ( 'NONE', ( #1437, #2483, #2555, #7580, #4388, #2725, #6539, #100, #1907, #6993, #8295, #1740, #7240, #6237, #3590, #2018, #342, #7899, #990, #7758, #3512, #5745, #5496, #714, #4895 ) ) ;
#3306 = DIRECTION ( 'NONE',  ( -0.7197777434736234436, 0.000000000000000000, -0.6942045807973457050 ) ) ;
#3307 = CARTESIAN_POINT ( 'NONE',  ( -61.64789657046609506, -0.4126776965509254547, 7.945808960526723475 ) ) ;
#3308 = CARTESIAN_POINT ( 'NONE',  ( -61.38020213269656011, -5.958110236220480971, 7.946100437918881987 ) ) ;
#3309 = ORIENTED_EDGE ( 'NONE', *, *, #7673, .F. ) ;
#3310 = LINE ( 'NONE', #1910, #7445 ) ;
#3311 = CARTESIAN_POINT ( 'NONE',  ( -62.52008120367389665, -1.482582146657649869, 7.495099619324969709 ) ) ;
#3312 = AXIS2_PLACEMENT_3D ( 'NONE', #668, #2059, #1 ) ;
#3313 = VERTEX_POINT ( 'NONE', #4185 ) ;
#3314 = CARTESIAN_POINT ( 'NONE',  ( -62.54133666199987118, -1.481336058263765798, 7.516508333879497350 ) ) ;
#3315 = ORIENTED_EDGE ( 'NONE', *, *, #7009, .T. ) ;
#3316 = DIRECTION ( 'NONE',  ( 0.000000000000000000, 0.000000000000000000, -1.000000000000000000 ) ) ;
#3317 = CARTESIAN_POINT ( 'NONE',  ( -62.26731048176225869, -4.280635515794979362, 6.764574760298865286 ) ) ;
#3318 = CARTESIAN_POINT ( 'NONE',  ( -61.64740804028082266, -4.260911531558863707, 8.297588147925896607 ) ) ;
#3319 = CARTESIAN_POINT ( 'NONE',  ( -62.17522999999999911, -1.481336058263770905, 8.357046014671675849 ) ) ;
#3320 = FACE_OUTER_BOUND ( 'NONE', #2538, .T. ) ;
#3321 = ADVANCED_FACE ( 'NONE', ( #7521 ), #252, .F. ) ;
#3322 = AXIS2_PLACEMENT_3D ( 'NONE', #4466, #7852, #8599 ) ;
#3323 = EDGE_CURVE ( 'NONE', #5688, #2159, #3180, .T. ) ;
#3324 = DIRECTION ( 'NONE',  ( -6.123233995736766036E-17, 1.000000000000000000, -0.000000000000000000 ) ) ;
#3325 = EDGE_CURVE ( 'NONE', #5938, #2876, #3662, .T. ) ;
#3326 = ORIENTED_EDGE ( 'NONE', *, *, #6860, .F. ) ;
#3327 = DIRECTION ( 'NONE',  ( 3.991251773527437763E-14, 0.000000000000000000, -1.000000000000000000 ) ) ;
#3328 = ORIENTED_EDGE ( 'NONE', *, *, #3172, .F. ) ;
#3329 = AXIS2_PLACEMENT_3D ( 'NONE', #1101, #2411, #406 ) ;
#3330 = CARTESIAN_POINT ( 'NONE',  ( -62.17522999999999911, -0.3996062992126024893, 7.857046014671676737 ) ) ;
#3331 = CARTESIAN_POINT ( 'NONE',  ( -62.67490300667535763, -1.481336058263765798, 7.875126014671668173 ) ) ;
#3332 =( BOUNDED_SURFACE ( )  B_SPLINE_SURFACE ( 3, 2, ( 
 ( #4893, #2221, #2802 ),
 ( #4978, #7573, #1655 ),
 ( #1570, #7613, #1615 ),
 ( #4279, #6954, #2963 ),
 ( #4327, #3668, #6332 ),
 ( #6998, #5852, #2489 ),
 ( #6424, #1835, #5151 ),
 ( #383, #5058, #7131 ),
 ( #5713, #5800, #7224 ),
 ( #8548, #2393, #8498 ),
 ( #7041, #1039, #7085 ),
 ( #346, #8452, #1700 ),
 ( #4364, #521, #7883 ),
 ( #8399, #1791, #2348 ),
 ( #428, #5014, #5757 ),
 ( #7745, #6374, #3708 ),
 ( #1082, #3802, #3053 ),
 ( #1128, #6467, #7700 ) ),
 .UNSPECIFIED., .F., .F., .F. ) 
 B_SPLINE_SURFACE_WITH_KNOTS ( ( 4, 2, 2, 2, 2, 2, 2, 2, 4 ),
 ( 3, 3 ),
 ( 0.000000000000000000, 0.0001826799222877547842, 0.0003653598445755095684, 0.0005480397668632643526, 0.0007307196891510191368, 0.0009133996114387739210, 0.001096079533726528705, 0.001278759456014283598, 0.001461439378302038274 ),
 ( 0.000000000000000000, 1.000000000000000000 ),
 .UNSPECIFIED. ) 
 GEOMETRIC_REPRESENTATION_ITEM ( )  RATIONAL_B_SPLINE_SURFACE ( (
 ( 1.000000000000000000, 0.9077309140325295900, 1.000000000000000000),
 ( 1.000000000000000000, 0.9077313986894255393, 1.000000000000000000),
 ( 1.000000000000000000, 0.9090499562301438408, 1.000000000000000000),
 ( 1.000000000000000000, 0.9140299216623081202, 1.000000000000000000),
 ( 1.000000000000000000, 0.9177545021031540129, 1.000000000000000000),
 ( 1.000000000000000000, 0.9267632206446624332, 1.000000000000000000),
 ( 1.000000000000000000, 0.9320524482433706348, 1.000000000000000000),
 ( 1.000000000000000000, 0.9435597177315190320, 1.000000000000000000),
 ( 1.000000000000000000, 0.9496014804331627257, 1.000000000000000000),
 ( 1.000000000000000000, 0.9615176568297851833, 1.000000000000000000),
 ( 1.000000000000000000, 0.9674521051215122514, 1.000000000000000000),
 ( 1.000000000000000000, 0.9781888576981915273, 1.000000000000000000),
 ( 1.000000000000000000, 0.9830256175113329942, 1.000000000000000000),
 ( 1.000000000000000000, 0.9911566989180817799, 1.000000000000000000),
 ( 1.000000000000000000, 0.9944235497376266997, 1.000000000000000000),
 ( 1.000000000000000000, 0.9988256192752599238, 1.000000000000000000),
 ( 1.000000000000000000, 0.9999998433027295075, 1.000000000000000000),
 ( 1.000000000000000000, 1.000000000000000000, 1.000000000000000000) ) ) 
 REPRESENTATION_ITEM ( '' )  SURFACE ( )  );
#3333 = AXIS2_PLACEMENT_3D ( 'NONE', #4107, #702, #3456 ) ;
#3334 = CARTESIAN_POINT ( 'NONE',  ( -62.17522999999999911, -0.3996062992126024893, 7.857046014671676737 ) ) ;
#3335 = CIRCLE ( 'NONE', #8233, 0.5359758013495269369 ) ;
#3336 = CARTESIAN_POINT ( 'NONE',  ( -61.67523000000000621, -0.3996062992126024893, 7.857046014671682066 ) ) ;
#3337 = ORIENTED_EDGE ( 'NONE', *, *, #940, .T. ) ;
#3338 = FACE_OUTER_BOUND ( 'NONE', #6787, .T. ) ;
#3339 = LINE ( 'NONE', #1977, #1323 ) ;
#3340 = EDGE_CURVE ( 'NONE', #2627, #2330, #2325, .T. ) ;
#3341 = CARTESIAN_POINT ( 'NONE',  ( -62.45163353292599595, -4.267983533048570699, 8.908839528342115344 ) ) ;
#3342 = AXIS2_PLACEMENT_3D ( 'NONE', #841, #7708, #8193 ) ;
#3343 = CIRCLE ( 'NONE', #4455, 0.8759842516390078382 ) ;
#3344 =( LENGTH_UNIT ( ) NAMED_UNIT ( * ) SI_UNIT ( $, .METRE. ) );
#3345 = ORIENTED_EDGE ( 'NONE', *, *, #1698, .F. ) ;
#3346 = CARTESIAN_POINT ( 'NONE',  ( -62.71358452209671697, -1.403543307086619674, 7.800284499250311754 ) ) ;
#3347 = AXIS2_PLACEMENT_3D ( 'NONE', #3353, #4090, #2028 ) ;
#3348 = VERTEX_POINT ( 'NONE', #3495 ) ;
#3349 = CARTESIAN_POINT ( 'NONE',  ( -62.70993149781266141, -1.403543307086619674, 7.941555004322567335 ) ) ;
#3350 = ORIENTED_EDGE ( 'NONE', *, *, #822, .T. ) ;
#3351 = CARTESIAN_POINT ( 'NONE',  ( -62.62547567324666886, -1.407454082783218929, 7.625138429757498670 ) ) ;
#3352 = VERTEX_POINT ( 'NONE', #4318 ) ;
#3353 = CARTESIAN_POINT ( 'NONE',  ( -62.17522999999999911, -0.4192913385826831929, 7.857046014671676737 ) ) ;
#3354 = DIRECTION ( 'NONE',  ( 1.000000000000000000, 0.000000000000000000, 0.000000000000000000 ) ) ;
#3355 = ORIENTED_EDGE ( 'NONE', *, *, #8157, .T. ) ;
#3356 = LINE ( 'NONE', #7306, #8566 ) ;
#3357 = AXIS2_PLACEMENT_3D ( 'NONE', #8598, #581, #2576 ) ;
#3358 = CARTESIAN_POINT ( 'NONE',  ( -62.64986732611936304, -5.958110236220478306, 8.501033132774455936 ) ) ;
#3359 = ORIENTED_EDGE ( 'NONE', *, *, #3670, .T. ) ;
#3360 = DIRECTION ( 'NONE',  ( 0.000000000000000000, 0.000000000000000000, -1.000000000000000000 ) ) ;
#3361 = EDGE_CURVE ( 'NONE', #8363, #5373, #355, .T. ) ;
#3362 = VERTEX_POINT ( 'NONE', #6991 ) ;
#3363 = CARTESIAN_POINT ( 'NONE',  ( -61.25029775723835712, -4.379143505772208123, 8.431749561105677415 ) ) ;
#3364 = FACE_OUTER_BOUND ( 'NONE', #6520, .T. ) ;
#3365 = CARTESIAN_POINT ( 'NONE',  ( -61.63764049616149521, -4.370560068752080696, 8.376749302884908488 ) ) ;
#3366 = DIRECTION ( 'NONE',  ( 6.123233995736766036E-17, -1.000000000000000000, 0.000000000000000000 ) ) ;
#3367 = ORIENTED_EDGE ( 'NONE', *, *, #8250, .T. ) ;
#3368 = DIRECTION ( 'NONE',  ( 5.131193983648629608E-17, 1.000000000000000000, -1.914987665046785229E-16 ) ) ;
#3369 = ORIENTED_EDGE ( 'NONE', *, *, #3122, .F. ) ;
#3370 = CARTESIAN_POINT ( 'NONE',  ( -62.17522999999999911, -0.3996062992126024893, 8.357046014671675849 ) ) ;
#3371 = ORIENTED_EDGE ( 'NONE', *, *, #1637, .F. ) ;
#3372 = CARTESIAN_POINT ( 'NONE',  ( -62.51591266371249134, -4.208110236220480971, 8.944950110581011415 ) ) ;
#3373 = CARTESIAN_POINT ( 'NONE',  ( -62.17522999999999911, -4.208110236220480971, 7.416101132781918182 ) ) ;
#3374 = B_SPLINE_CURVE_WITH_KNOTS ( 'NONE', 3,
 ( #6627, #640, #3311, #1912 ),
 .UNSPECIFIED., .F., .F.,
 ( 4, 4 ),
 ( 2.014298343064307432E-07, 0.0004597969392809236021 ),
 .UNSPECIFIED. ) ;
#3375 = VECTOR ( 'NONE', #3951, 39.37007874015748143 ) ;
#3376 = CARTESIAN_POINT ( 'NONE',  ( -61.92523000000000621, -1.481336058263770905, 8.290058716563899921 ) ) ;
#3377 = VECTOR ( 'NONE', #3134, 39.37007874015748143 ) ;
#3378 = CARTESIAN_POINT ( 'NONE',  ( -62.17522999999999911, -0.3996062992126024338, 7.857046014671676737 ) ) ;
#3379 = ORIENTED_EDGE ( 'NONE', *, *, #7583, .F. ) ;
#3380 = EDGE_LOOP ( 'NONE', ( #6560, #654, #5182, #6816 ) ) ;
#3381 = B_SPLINE_CURVE_WITH_KNOTS ( 'NONE', 3,
 ( #4783, #1987, #7469, #2155, #1458, #805, #4825, #1504, #4169, #6844, #6181, #2015, #2714, #4677, #5333, #2763 ),
 .UNSPECIFIED., .F., .F.,
 ( 4, 2, 2, 2, 2, 2, 2, 4 ),
 ( 2.049575160127580294E-07, 0.0009389508128002467318, 0.001408323740442357121, 0.001877696668084467401, 0.002816442523368668013, 0.003755188378652868624, 0.005632680089220741190, 0.007510171799788614190 ),
 .UNSPECIFIED. ) ;
#3382 = EDGE_LOOP ( 'NONE', ( #4688, #2683, #7114, #2574, #4516 ) ) ;
#3383 = FACE_OUTER_BOUND ( 'NONE', #2112, .T. ) ;
#3384 = CARTESIAN_POINT ( 'NONE',  ( -62.41248142694136902, -4.253190375684453350, 8.863363400678235138 ) ) ;
#3385 = AXIS2_PLACEMENT_3D ( 'NONE', #348, #4084, #6750 ) ;
#3386 = MECHANICAL_CONTEXT ( 'NONE', #5703, 'mechanical' ) ;
#3387 = VERTEX_POINT ( 'NONE', #910 ) ;
#3388 = ADVANCED_FACE ( 'NONE', ( #6158 ), #2871, .F. ) ;
#3389 = EDGE_CURVE ( 'NONE', #5638, #8145, #6078, .T. ) ;
#3390 = EDGE_CURVE ( 'NONE', #6372, #4165, #6505, .T. ) ;
#3391 = CARTESIAN_POINT ( 'NONE',  ( -62.32201882939053661, -0.3996062992126024893, 8.335013628183467915 ) ) ;
#3392 = VERTEX_POINT ( 'NONE', #6325 ) ;
#3393 = PLANE ( 'NONE',  #8191 ) ;
#3394 = VECTOR ( 'NONE', #1346, 39.37007874015748143 ) ;
#3395 = ORIENTED_EDGE ( 'NONE', *, *, #6121, .T. ) ;
#3396 = CARTESIAN_POINT ( 'NONE',  ( -62.96432348611760688, -4.209697190732883954, 8.419301366525063557 ) ) ;
#3397 = DIRECTION ( 'NONE',  ( -0.000000000000000000, -1.000000000000000000, -0.000000000000000000 ) ) ;
#3398 = ADVANCED_FACE ( 'NONE', ( #8349 ), #8392, .F. ) ;
#3399 = CARTESIAN_POINT ( 'NONE',  ( -61.74530541881318157, -1.482581474689004475, 8.112178176474522218 ) ) ;
#3400 = ADVANCED_FACE ( 'NONE', ( #3184, #6413 ), #8442, .T. ) ;
#3401 = VECTOR ( 'NONE', #5318, 39.37007874015748143 ) ;
#3402 = AXIS2_PLACEMENT_3D ( 'NONE', #447, #3111, #8517 ) ;
#3403 = ORIENTED_EDGE ( 'NONE', *, *, #8450, .T. ) ;
#3404 = LINE ( 'NONE', #4617, #6603 ) ;
#3405 = ORIENTED_EDGE ( 'NONE', *, *, #3141, .T. ) ;
#3406 = FACE_OUTER_BOUND ( 'NONE', #5324, .T. ) ;
#3407 = ORIENTED_EDGE ( 'NONE', *, *, #3325, .T. ) ;
#3408 = CARTESIAN_POINT ( 'NONE',  ( -62.02844117060947582, -0.3996062992126024893, 8.335013628183469692 ) ) ;
#3409 = CARTESIAN_POINT ( 'NONE',  ( -62.19213350526514716, -4.404960629921268911, 6.714714742099410216 ) ) ;
#3410 = CARTESIAN_POINT ( 'NONE',  ( -62.17522999999999911, -0.4192913385826831929, 7.857046014671676737 ) ) ;
#3411 = FACE_OUTER_BOUND ( 'NONE', #5997, .T. ) ;
#3412 = DIRECTION ( 'NONE',  ( 0.000000000000000000, 0.000000000000000000, -1.000000000000000000 ) ) ;
#3413 = EDGE_CURVE ( 'NONE', #135, #1670, #7734, .T. ) ;
#3414 = DIRECTION ( 'NONE',  ( 0.000000000000000000, 1.000000000000000000, 0.000000000000000000 ) ) ;
#3415 = AXIS2_PLACEMENT_3D ( 'NONE', #4840, #7479, #6854 ) ;
#3416 = ORIENTED_EDGE ( 'NONE', *, *, #3522, .T. ) ;
#3417 = CARTESIAN_POINT ( 'NONE',  ( -62.17522999999999911, -2.135639365734934625, 8.179880660340968390 ) ) ;
#3418 = ADVANCED_FACE ( 'NONE', ( #1736 ), #7693, .T. ) ;
#3419 = EDGE_LOOP ( 'NONE', ( #2786, #6544, #4522, #3379 ) ) ;
#3420 = CARTESIAN_POINT ( 'NONE',  ( -62.17522999999999911, 57.93121849778213317, 7.857046014671676737 ) ) ;
#3421 = CARTESIAN_POINT ( 'NONE',  ( -62.25973898965077780, -1.267487984741781704, 7.322344516858820818 ) ) ;
#3422 = DIRECTION ( 'NONE',  ( -0.9659258262890596525, 0.000000000000000000, 0.2588190451025531025 ) ) ;
#3423 = CARTESIAN_POINT ( 'NONE',  ( -62.15714999999999435, -0.3996062992126024893, 7.357373007996311998 ) ) ;
#3424 = LINE ( 'NONE', #7492, #3817 ) ;
#3425 = ORIENTED_EDGE ( 'NONE', *, *, #1189, .T. ) ;
#3426 = ORIENTED_EDGE ( 'NONE', *, *, #1943, .T. ) ;
#3427 = ORIENTED_EDGE ( 'NONE', *, *, #655, .F. ) ;
#3428 = DIRECTION ( 'NONE',  ( -0.2762435205281429940, 0.000000000000000000, 0.9610876741308346238 ) ) ;
#3429 = CARTESIAN_POINT ( 'NONE',  ( -62.46010630688137155, -4.225373400291741355, 8.842931629819471340 ) ) ;
#3430 = PERSON_AND_ORGANIZATION_ROLE ( 'creator' ) ;
#3431 = LINE ( 'NONE', #3517, #7163 ) ;
#3432 = EDGE_CURVE ( 'NONE', #2342, #6620, #6503, .T. ) ;
#3433 = EDGE_CURVE ( 'NONE', #5077, #4147, #1387, .T. ) ;
#3434 = CARTESIAN_POINT ( 'NONE',  ( -62.47709090021088940, -0.4061132758059457504, 8.290479948565939949 ) ) ;
#3435 = ORIENTED_EDGE ( 'NONE', *, *, #1746, .T. ) ;
#3436 = CARTESIAN_POINT ( 'NONE',  ( -61.80912333800013414, -0.3996062992126024893, 7.516508333879509784 ) ) ;
#3437 = PLANE ( 'NONE',  #6901 ) ;
#3438 = CARTESIAN_POINT ( 'NONE',  ( -61.99165455255239010, -5.958110236220480971, 7.129859618435438584 ) ) ;
#3439 = ORIENTED_EDGE ( 'NONE', *, *, #7045, .F. ) ;
#3440 = CARTESIAN_POINT ( 'NONE',  ( -62.21293918505691778, -1.336377492739991402, 8.376348206403960717 ) ) ;
#3441 = EDGE_CURVE ( 'NONE', #6272, #3102, #13, .T. ) ;
#3442 = AXIS2_PLACEMENT_3D ( 'NONE', #8113, #620, #6785 ) ;
#3443 = ORIENTED_EDGE ( 'NONE', *, *, #7510, .F. ) ;
#3444 = DIRECTION ( 'NONE',  ( -0.4842579450684386111, 0.000000000000000000, 0.8749252783170076153 ) ) ;
#3445 = VECTOR ( 'NONE', #6584, 39.37007874015748143 ) ;
#3446 = ORIENTED_EDGE ( 'NONE', *, *, #3673, .T. ) ;
#3447 = CARTESIAN_POINT ( 'NONE',  ( -61.23831346194535286, -4.209388813365356974, 7.644828220815617748 ) ) ;
#3448 = VERTEX_POINT ( 'NONE', #5749 ) ;
#3449 = CARTESIAN_POINT ( 'NONE',  ( -62.02844117060946161, -1.481336058263765798, 7.379078401159887335 ) ) ;
#3450 = CARTESIAN_POINT ( 'NONE',  ( -62.26769490423593822, -4.231819538511545353, 6.823520383312962956 ) ) ;
#3451 = LINE ( 'NONE', #2794, #6020 ) ;
#3452 = CARTESIAN_POINT ( 'NONE',  ( -62.68772300728694802, -0.3996062992126024893, 7.954377082305895463 ) ) ;
#3453 = VERTEX_POINT ( 'NONE', #4533 ) ;
#3454 = DIRECTION ( 'NONE',  ( 1.000000000000000000, 0.000000000000000000, 0.000000000000000000 ) ) ;
#3455 = ORIENTED_EDGE ( 'NONE', *, *, #8326, .T. ) ;
#3456 = DIRECTION ( 'NONE',  ( -1.675808339056866668E-14, 0.000000000000000000, -1.000000000000000000 ) ) ;
#3457 = ORIENTED_EDGE ( 'NONE', *, *, #7892, .T. ) ;
#3458 = DIRECTION ( 'NONE',  ( 0.000000000000000000, 0.000000000000000000, -1.000000000000000000 ) ) ;
#3459 = DIRECTION ( 'NONE',  ( 0.000000000000000000, 1.000000000000000000, 0.000000000000000000 ) ) ;
#3460 = DIRECTION ( 'NONE',  ( -0.000000000000000000, 1.000000000000000000, -0.000000000000000000 ) ) ;
#3461 = ORIENTED_EDGE ( 'NONE', *, *, #4932, .T. ) ;
#3462 = CARTESIAN_POINT ( 'NONE',  ( -62.17522999999999911, -1.481336058263770905, 8.357046014671675849 ) ) ;
#3463 = LINE ( 'NONE', #6133, #5342 ) ;
#3464 = ORIENTED_EDGE ( 'NONE', *, *, #8480, .T. ) ;
#3465 = VECTOR ( 'NONE', #6165, 39.37007874015748854 ) ;
#3466 = VERTEX_POINT ( 'NONE', #3702 ) ;
#3467 = CONICAL_SURFACE ( 'NONE', #2334, 0.5216535433070783601, 0.7853981633974604915 ) ;
#3468 = ORIENTED_EDGE ( 'NONE', *, *, #4311, .F. ) ;
#3469 = CARTESIAN_POINT ( 'NONE',  ( -63.11354205651502269, -4.404960629921268911, 8.504479782737169202 ) ) ;
#3470 = DIRECTION ( 'NONE',  ( -0.000000000000000000, -1.000000000000000000, -0.000000000000000000 ) ) ;
#3471 = CARTESIAN_POINT ( 'NONE',  ( -62.44316930166872481, -4.217163321469071136, 8.804836319985726689 ) ) ;
#3472 = CARTESIAN_POINT ( 'NONE',  ( -62.60824270189221608, -0.3996062992126024893, 7.607046014671670520 ) ) ;
#3473 = VECTOR ( 'NONE', #2218, 39.37007874015748143 ) ;
#3474 = CIRCLE ( 'NONE', #4023, 0.5509842519685053119 ) ;
#3475 = ORIENTED_EDGE ( 'NONE', *, *, #1983, .F. ) ;
#3476 = DIRECTION ( 'NONE',  ( -0.000000000000000000, 1.000000000000000000, -0.000000000000000000 ) ) ;
#3477 = AXIS2_PLACEMENT_3D ( 'NONE', #6962, #8282, #273 ) ;
#3478 = AXIS2_PLACEMENT_3D ( 'NONE', #5086, #7770, #1821 ) ;
#3479 = ORIENTED_EDGE ( 'NONE', *, *, #5025, .T. ) ;
#3480 = DIRECTION ( 'NONE',  ( -0.000000000000000000, -1.000000000000000000, -0.000000000000000000 ) ) ;
#3481 = ORIENTED_EDGE ( 'NONE', *, *, #6214, .F. ) ;
#3482 = CARTESIAN_POINT ( 'NONE',  ( -62.17522999999999911, -0.4192913385826831929, 7.857046014671676737 ) ) ;
#3483 = CARTESIAN_POINT ( 'NONE',  ( -61.14931907843568837, -4.351317466146886304, 7.505949917922807302 ) ) ;
#3484 = CARTESIAN_POINT ( 'NONE',  ( -62.17522999999999911, -0.3996062992126024338, 8.034211369002383307 ) ) ;
#3485 = B_SPLINE_CURVE_WITH_KNOTS ( 'NONE', 3,
 ( #6331, #345, #3005, #6866, #5666, #2345, #5013, #7699, #5755, #5235, #5848, #6553, #2438, #7742, #7789, #473 ),
 .UNSPECIFIED., .F., .F.,
 ( 4, 2, 2, 2, 2, 2, 2, 4 ),
 ( 2.535894090451494070E-07, 0.001870369954267760496, 0.003740486319126475577, 0.004675544501555647936, 0.005610602683984819428, 0.006545660866413990919, 0.007013189957628570594, 0.007480719048843149400 ),
 .UNSPECIFIED. ) ;
#3486 = CARTESIAN_POINT ( 'NONE',  ( -62.23928423408988664, -4.272108579161135289, 6.594501022394577028 ) ) ;
#3487 = B_SPLINE_CURVE_WITH_KNOTS ( 'NONE', 3,
 ( #7532, #217, #1656, #966 ),
 .UNSPECIFIED., .F., .F.,
 ( 4, 4 ),
 ( 0.000000000000000000, 0.003044469779547235092 ),
 .UNSPECIFIED. ) ;
#3488 = ORIENTED_EDGE ( 'NONE', *, *, #5470, .F. ) ;
#3489 = CARTESIAN_POINT ( 'NONE',  ( -62.68054957537280103, -0.4192913385826831929, 7.662882197651172511 ) ) ;
#3490 = CIRCLE ( 'NONE', #1683, 0.5413385826771592857 ) ;
#3491 = EDGE_LOOP ( 'NONE', ( #4178, #183, #5487, #8503 ) ) ;
#3492 = CARTESIAN_POINT ( 'NONE',  ( -61.95079565249080389, -0.4061132758059459724, 8.335182189610678805 ) ) ;
#3493 = FACE_OUTER_BOUND ( 'NONE', #2100, .T. ) ;
#3494 = CARTESIAN_POINT ( 'NONE',  ( -62.25376002172995271, -5.958110236220480971, 6.882203958008436651 ) ) ;
#3495 = CARTESIAN_POINT ( 'NONE',  ( -62.17522999999999911, -3.988504844567673402, 6.941790109159863498 ) ) ;
#3496 = EDGE_CURVE ( 'NONE', #1575, #1809, #4727, .T. ) ;
#3497 = ORIENTED_EDGE ( 'NONE', *, *, #974, .F. ) ;
#3498 = FACE_OUTER_BOUND ( 'NONE', #6358, .T. ) ;
#3499 = EDGE_CURVE ( 'NONE', #4668, #4549, #4489, .T. ) ;
#3500 = ADVANCED_FACE ( 'NONE', ( #6585 ), #2031, .T. ) ;
#3501 = ORIENTED_EDGE ( 'NONE', *, *, #1059, .T. ) ;
#3502 = DIRECTION ( 'NONE',  ( 0.6942045807973331595, 0.000000000000000000, 0.7197777434736355451 ) ) ;
#3503 = ORIENTED_EDGE ( 'NONE', *, *, #845, .T. ) ;
#3504 = CARTESIAN_POINT ( 'NONE',  ( -61.45534209729812858, -3.988504844567673402, 7.291842706013859754 ) ) ;
#3505 = DIRECTION ( 'NONE',  ( 0.000000000000000000, 1.000000000000000000, 0.000000000000000000 ) ) ;
#3506 = CARTESIAN_POINT ( 'NONE',  ( -61.69726238648821237, -5.958149606299221190, 8.003834844062215126 ) ) ;
#3507 = EDGE_CURVE ( 'NONE', #2921, #6041, #8043, .T. ) ;
#3508 = ORIENTED_EDGE ( 'NONE', *, *, #3815, .T. ) ;
#3509 = DIRECTION ( 'NONE',  ( 0.9610876741308405080, 0.000000000000000000, -0.2762435205281228989 ) ) ;
#3510 = VECTOR ( 'NONE', #8453, 39.37007874015748854 ) ;
#3511 = CARTESIAN_POINT ( 'NONE',  ( -63.25836515215287648, -4.125273117626846009, 8.337905717537260841 ) ) ;
#3512 = ORIENTED_EDGE ( 'NONE', *, *, #7419, .T. ) ;
#3513 = CARTESIAN_POINT ( 'NONE',  ( -63.02405699997084554, -4.231819538508204914, 8.453885786260684654 ) ) ;
#3514 = PLANE ( 'NONE',  #3984 ) ;
#3515 = AXIS2_PLACEMENT_3D ( 'NONE', #279, #5597, #6341 ) ;
#3516 = CARTESIAN_POINT ( 'NONE',  ( -62.47114957790042666, -4.208110234522889570, 8.763291419113629743 ) ) ;
#3517 = CARTESIAN_POINT ( 'NONE',  ( -62.60824270189222318, -5.958149606299221190, 8.107046014671675849 ) ) ;
#3518 = VECTOR ( 'NONE', #1374, 39.37007874015748143 ) ;
#3519 = FACE_OUTER_BOUND ( 'NONE', #2344, .T. ) ;
#3520 = ORIENTED_EDGE ( 'NONE', *, *, #5570, .F. ) ;
#3521 = CARTESIAN_POINT ( 'NONE',  ( -62.60824270189221608, -5.958149606299221190, 7.607046014671670520 ) ) ;
#3522 = EDGE_CURVE ( 'NONE', #8336, #184, #8173, .T. ) ;
#3523 = ORIENTED_EDGE ( 'NONE', *, *, #3124, .F. ) ;
#3524 = CARTESIAN_POINT ( 'NONE',  ( -61.83289758646898093, -3.987544811088474361, 7.021770197942510450 ) ) ;
#3525 = CARTESIAN_POINT ( 'NONE',  ( -62.32201882939053661, -5.958149606299221190, 8.335013628183467915 ) ) ;
#3526 = CARTESIAN_POINT ( 'NONE',  ( -61.14533399468615471, -4.404960629921268911, 7.500171118908190770 ) ) ;
#3527 = CARTESIAN_POINT ( 'NONE',  ( -62.04582047744874274, -1.481336058263770905, 8.340008927816212392 ) ) ;
#3528 = CARTESIAN_POINT ( 'NONE',  ( -63.12262397155184601, -4.097277323413280214, 7.188701462059064795 ) ) ;
#3529 = VECTOR ( 'NONE', #4703, 39.37007874015748854 ) ;
#3530 = VERTEX_POINT ( 'NONE', #2560 ) ;
#3531 = FACE_OUTER_BOUND ( 'NONE', #5546, .T. ) ;
#3532 = ORIENTED_EDGE ( 'NONE', *, *, #6021, .F. ) ;
#3533 = LINE ( 'NONE', #6191, #8515 ) ;
#3534 = CARTESIAN_POINT ( 'NONE',  ( -61.93580793656644801, -1.482582146657619671, 7.418178584436732947 ) ) ;
#3535 = DIRECTION ( 'NONE',  ( 0.000000000000000000, 0.000000000000000000, -1.000000000000000000 ) ) ;
#3536 = CARTESIAN_POINT ( 'NONE',  ( -62.60824270189221608, -1.481336058263770905, 7.607046014671670520 ) ) ;
#3537 = CIRCLE ( 'NONE', #8297, 0.1771653543307066259 ) ;
#3538 = EDGE_CURVE ( 'NONE', #3540, #6455, #3310, .T. ) ;
#3539 = CARTESIAN_POINT ( 'NONE',  ( -62.17522999999999911, -0.5246062992125997138, 8.034211369002383307 ) ) ;
#3540 = VERTEX_POINT ( 'NONE', #5309 ) ;
#3541 = CARTESIAN_POINT ( 'NONE',  ( -63.07901429371967339, -3.988504844567673402, 8.001501277642224963 ) ) ;
#3542 = EDGE_CURVE ( 'NONE', #5077, #7827, #3356, .T. ) ;
#3543 = ORIENTED_EDGE ( 'NONE', *, *, #2855, .T. ) ;
#3544 = CARTESIAN_POINT ( 'NONE',  ( -61.54257068348263005, -3.984220850784007784, 7.245713634675626125 ) ) ;
#3545 = EDGE_CURVE ( 'NONE', #2377, #6406, #760, .T. ) ;
#3546 = CARTESIAN_POINT ( 'NONE',  ( -61.83469231920783926, -1.403543307086619674, 8.277856600393581843 ) ) ;
#3547 = DIRECTION ( 'NONE',  ( 0.000000000000000000, 1.000000000000000000, 0.000000000000000000 ) ) ;
#3548 = EDGE_CURVE ( 'NONE', #396, #8047, #6053, .T. ) ;
#3549 = AXIS2_PLACEMENT_3D ( 'NONE', #3410, #7353, #571 ) ;
#3550 = VECTOR ( 'NONE', #238, 39.37007874015748854 ) ;
#3551 = ORIENTED_EDGE ( 'NONE', *, *, #4336, .F. ) ;
#3552 = CARTESIAN_POINT ( 'NONE',  ( -62.12448448713628579, -0.4126776965509285078, 7.324707495132602553 ) ) ;
#3553 = ADVANCED_FACE ( 'NONE', ( #5968 ), #7912, .T. ) ;
#3554 = DIRECTION ( 'NONE',  ( 0.000000000000000000, 0.000000000000000000, -1.000000000000000000 ) ) ;
#3555 = CARTESIAN_POINT ( 'NONE',  ( -62.57039642975527016, -0.3996062992126024893, 8.197583695463837472 ) ) ;
#3556 = EDGE_LOOP ( 'NONE', ( #6796, #5084, #5797, #3664, #5875 ) ) ;
#3557 = CARTESIAN_POINT ( 'NONE',  ( -63.06622682335805763, -4.253190375685529823, 8.381533938210003143 ) ) ;
#3558 = CARTESIAN_POINT ( 'NONE',  ( -62.15770574876970755, -4.385202912815512555, 8.606090024747777179 ) ) ;
#3559 = DIRECTION ( 'NONE',  ( 0.8568423215722250630, 0.000000000000000000, -0.5155785449014724797 ) ) ;
#3560 = DIRECTION ( 'NONE',  ( 6.123233995736766036E-17, -1.000000000000000000, 0.000000000000000000 ) ) ;
#3561 = VERTEX_POINT ( 'NONE', #4004 ) ;
#3562 = CARTESIAN_POINT ( 'NONE',  ( -62.49356417536056085, -0.4192913385826831929, 8.294893949338987937 ) ) ;
#3563 = VERTEX_POINT ( 'NONE', #4651 ) ;
#3564 = CARTESIAN_POINT ( 'NONE',  ( -61.66991042462719719, -1.403543307086619674, 7.662882197651181393 ) ) ;
#3565 = CARTESIAN_POINT ( 'NONE',  ( -63.02078762599682449, -3.987544811082342822, 7.540961417862916072 ) ) ;
#3566 = DIRECTION ( 'NONE',  ( 0.000000000000000000, 0.000000000000000000, -1.000000000000000000 ) ) ;
#3567 = CARTESIAN_POINT ( 'NONE',  ( -61.63725583125381746, -5.958110236220478306, 8.379620213774657600 ) ) ;
#3568 = EDGE_CURVE ( 'NONE', #2183, #3948, #3226, .T. ) ;
#3569 = VECTOR ( 'NONE', #6340, 39.37007874015748143 ) ;
#3570 = ORIENTED_EDGE ( 'NONE', *, *, #1200, .F. ) ;
#3571 = CARTESIAN_POINT ( 'NONE',  ( -61.53964092859187218, -5.958110236220478306, 6.757897875738163584 ) ) ;
#3572 = ORIENTED_EDGE ( 'NONE', *, *, #2954, .F. ) ;
#3573 = CIRCLE ( 'NONE', #2451, 0.5413385826771592857 ) ;
#3574 = CARTESIAN_POINT ( 'NONE',  ( -61.24014142242823056, -4.228090218630788044, 8.290126842721255329 ) ) ;
#3575 = DIRECTION ( 'NONE',  ( 0.000000000000000000, 1.000000000000000000, 0.000000000000000000 ) ) ;
#3576 = CARTESIAN_POINT ( 'NONE',  ( -61.69392168118238828, -1.482581474689050438, 7.721879940038220091 ) ) ;
#3577 = VECTOR ( 'NONE', #3306, 39.37007874015748854 ) ;
#3578 = CIRCLE ( 'NONE', #7078, 0.1620000000156896214 ) ;
#3579 = VERTEX_POINT ( 'NONE', #7391 ) ;
#3580 = CYLINDRICAL_SURFACE ( 'NONE', #4219, 0.5039999999831531463 ) ;
#3581 = EDGE_LOOP ( 'NONE', ( #5028, #3636, #3190, #1738 ) ) ;
#3582 = CARTESIAN_POINT ( 'NONE',  ( -63.06976628310671629, -3.987544811082344154, 7.978215356614132503 ) ) ;
#3583 = ORIENTED_EDGE ( 'NONE', *, *, #7305, .T. ) ;
#3584 = DIRECTION ( 'NONE',  ( 0.000000000000000000, 0.000000000000000000, -1.000000000000000000 ) ) ;
#3585 = CARTESIAN_POINT ( 'NONE',  ( -62.21385835883954485, -0.3996062992126024893, 7.336824649156771017 ) ) ;
#3586 = AXIS2_PLACEMENT_3D ( 'NONE', #498, #1861, #6534 ) ;
#3587 = DIRECTION ( 'NONE',  ( 0.000000000000000000, 0.000000000000000000, -1.000000000000000000 ) ) ;
#3588 = ADVANCED_FACE ( 'NONE', ( #6626 ), #7343, .T. ) ;
#3589 = EDGE_CURVE ( 'NONE', #7722, #3023, #2628, .T. ) ;
#3590 = ORIENTED_EDGE ( 'NONE', *, *, #3280, .T. ) ;
#3591 = CARTESIAN_POINT ( 'NONE',  ( -62.65319761351178585, -1.481336058263765798, 8.003834844062197362 ) ) ;
#3592 = DIRECTION ( 'NONE',  ( 0.6942045807973331595, 0.000000000000000000, 0.7197777434736355451 ) ) ;
#3593 = CARTESIAN_POINT ( 'NONE',  ( -62.57898619634611492, -0.4061132758059456949, 8.197583695463837472 ) ) ;
#3594 = ORIENTED_EDGE ( 'NONE', *, *, #7666, .T. ) ;
#3595 = CARTESIAN_POINT ( 'NONE',  ( -62.98390019529526285, -4.213747115096074580, 8.430716243490707029 ) ) ;
#3596 = DIRECTION ( 'NONE',  ( -0.8660254037844198338, 0.000000000000000000, -0.5000000000000324185 ) ) ;
#3597 = CARTESIAN_POINT ( 'NONE',  ( -62.47281482132223118, -4.208110236220480971, 8.752017775881935080 ) ) ;
#3598 = CARTESIAN_POINT ( 'NONE',  ( -62.64986732635071576, -4.404960629921268911, 8.501033132745579479 ) ) ;
#3599 = AXIS2_PLACEMENT_3D ( 'NONE', #2068, #4743, #7428 ) ;
#3600 = VERTEX_POINT ( 'NONE', #4051 ) ;
#3601 = CARTESIAN_POINT ( 'NONE',  ( -62.83736281095315235, 57.93121849778213317, 7.137279288285492740 ) ) ;
#3602 = EDGE_CURVE ( 'NONE', #2468, #2729, #2740, .T. ) ;
#3603 = VERTEX_POINT ( 'NONE', #8088 ) ;
#3604 = DIRECTION ( 'NONE',  ( 0.01808295674479488621, 0.000000000000000000, -0.9998364899699180297 ) ) ;
#3605 = ORIENTED_EDGE ( 'NONE', *, *, #7779, .F. ) ;
#3606 = CARTESIAN_POINT ( 'NONE',  ( -62.94201218842964352, -4.208110236220480971, 8.406205604313351287 ) ) ;
#3607 = CIRCLE ( 'NONE', #7530, 0.5413385826771592857 ) ;
#3608 = CYLINDRICAL_SURFACE ( 'NONE', #8491, 0.5413385826771592857 ) ;
#3609 = DIRECTION ( 'NONE',  ( 0.000000000000000000, 1.000000000000000000, 0.000000000000000000 ) ) ;
#3610 = AXIS2_PLACEMENT_3D ( 'NONE', #5626, #2302, #4973 ) ;
#3611 = CIRCLE ( 'NONE', #2636, 0.5413385826771592857 ) ;
#3612 = VERTEX_POINT ( 'NONE', #7263 ) ;
#3613 = CARTESIAN_POINT ( 'NONE',  ( -62.52878339059327573, -0.3996062992126024893, 8.210599405264941808 ) ) ;
#3614 = ORIENTED_EDGE ( 'NONE', *, *, #3764, .F. ) ;
#3615 = CARTESIAN_POINT ( 'NONE',  ( -62.59891951736621252, -1.481336058263765798, 7.591551772033561463 ) ) ;
#3616 = CARTESIAN_POINT ( 'NONE',  ( -61.69726238648821237, -0.3996062992126024893, 7.710257185281141012 ) ) ;
#3617 = LINE ( 'NONE', #6240, #1550 ) ;
#3618 = CARTESIAN_POINT ( 'NONE',  ( -62.61699951736621728, -5.958149606299221190, 8.091224778708935972 ) ) ;
#3619 = ADVANCED_FACE ( 'NONE', ( #1952, #4093 ), #5925, .F. ) ;
#3620 = AXIS2_PLACEMENT_3D ( 'NONE', #8571, #5223, #4823 ) ;
#3621 = CIRCLE ( 'NONE', #8532, 0.5413385826771592857 ) ;
#3622 = CARTESIAN_POINT ( 'NONE',  ( -62.59891951736621962, -1.481336058263765798, 8.122540257309777800 ) ) ;
#3623 = EDGE_CURVE ( 'NONE', #1134, #3150, #4613, .T. ) ;
#3624 = VERTEX_POINT ( 'NONE', #2599 ) ;
#3625 = DIRECTION ( 'NONE',  ( 0.000000000000000000, -1.000000000000000000, 0.000000000000000000 ) ) ;
#3626 = ORIENTED_EDGE ( 'NONE', *, *, #2712, .F. ) ;
#3627 = DIRECTION ( 'NONE',  ( 0.8749252783170126113, 0.000000000000000000, -0.4842579450684293962 ) ) ;
#3628 = ADVANCED_FACE ( 'NONE', ( #2783 ), #6148, .T. ) ;
#3629 = CYLINDRICAL_SURFACE ( 'NONE', #2142, 0.1771653543307066259 ) ;
#3630 = CARTESIAN_POINT ( 'NONE',  ( -62.17522999999999911, -0.3996062992126024893, 7.857046014671676737 ) ) ;
#3631 = ORIENTED_EDGE ( 'NONE', *, *, #2630, .F. ) ;
#3632 = CARTESIAN_POINT ( 'NONE',  ( -62.67490300667535763, -1.481336058263765798, 7.838966014671670202 ) ) ;
#3633 = CARTESIAN_POINT ( 'NONE',  ( -61.73346048263378805, -1.481336058263765798, 7.622867250634420166 ) ) ;
#3634 = CIRCLE ( 'NONE', #1110, 0.4409448818897589439 ) ;
#3635 = CARTESIAN_POINT ( 'NONE',  ( -62.17522999999999911, -1.572047244094489038, 7.857046014671676737 ) ) ;
#3636 = ORIENTED_EDGE ( 'NONE', *, *, #772, .T. ) ;
#3637 = EDGE_LOOP ( 'NONE', ( #8486, #5879, #6931, #295, #2352 ) ) ;
#3638 = DIRECTION ( 'NONE',  ( 0.5000000000000325295, 0.000000000000000000, -0.8660254037844199448 ) ) ;
#3639 = DIRECTION ( 'NONE',  ( -0.8749252783170142767, 0.000000000000000000, 0.4842579450684264541 ) ) ;
#3640 = CARTESIAN_POINT ( 'NONE',  ( -62.54133666199987829, -0.3996062992126024893, 8.197583695463837472 ) ) ;
#3641 = ORIENTED_EDGE ( 'NONE', *, *, #3000, .F. ) ;
#3642 = VERTEX_POINT ( 'NONE', #5439 ) ;
#3643 = CARTESIAN_POINT ( 'NONE',  ( -62.17522999999999911, -4.208110236220480971, 8.297990896561435292 ) ) ;
#3644 = ORIENTED_EDGE ( 'NONE', *, *, #8069, .T. ) ;
#3645 = CARTESIAN_POINT ( 'NONE',  ( -62.02844117060948292, -1.481336058263765798, 8.335013628183473244 ) ) ;
#3646 = EDGE_CURVE ( 'NONE', #7160, #3893, #198, .T. ) ;
#3647 = DIRECTION ( 'NONE',  ( 6.123233995736766036E-17, -1.000000000000000000, -0.000000000000000000 ) ) ;
#3648 = DIRECTION ( 'NONE',  ( -0.000000000000000000, 1.000000000000000000, 1.982541115402063384E-16 ) ) ;
#3649 = ORIENTED_EDGE ( 'NONE', *, *, #2193, .F. ) ;
#3650 = CARTESIAN_POINT ( 'NONE',  ( -62.65819291314453920, -5.958149606299221190, 7.986455537222931333 ) ) ;
#3651 = ADVANCED_FACE ( 'NONE', ( #242 ), #2907, .F. ) ;
#3652 = EDGE_CURVE ( 'NONE', #4323, #1759, #1549, .T. ) ;
#3653 = VECTOR ( 'NONE', #1993, 39.37007874015748854 ) ;
#3654 = VERTEX_POINT ( 'NONE', #2824 ) ;
#3655 = CARTESIAN_POINT ( 'NONE',  ( -62.51576768079215896, -1.267487984742363905, 8.277856600393572961 ) ) ;
#3656 = EDGE_LOOP ( 'NONE', ( #3712, #5584, #1176, #66 ) ) ;
#3657 = CARTESIAN_POINT ( 'NONE',  ( -61.15408423889586231, -4.341428264601645992, 8.340738491903096019 ) ) ;
#3658 = EDGE_CURVE ( 'NONE', #6272, #4770, #1598, .T. ) ;
#3659 = DIRECTION ( 'NONE',  ( 1.000000000000000000, 0.000000000000000000, 0.000000000000000000 ) ) ;
#3660 = CARTESIAN_POINT ( 'NONE',  ( -62.17522999999999911, -0.3996062992126024893, 8.357046014671675849 ) ) ;
#3661 = EDGE_CURVE ( 'NONE', #4770, #6952, #4768, .T. ) ;
#3662 = LINE ( 'NONE', #4230, #157 ) ;
#3663 = CARTESIAN_POINT ( 'NONE',  ( -63.07477515663001810, -4.259821540516669280, 6.974186496071936858 ) ) ;
#3664 = ORIENTED_EDGE ( 'NONE', *, *, #4929, .F. ) ;
#3665 = CARTESIAN_POINT ( 'NONE',  ( -61.75441941427810377, -0.4192913385826831929, 8.197583695463849907 ) ) ;
#3666 = VERTEX_POINT ( 'NONE', #7472 ) ;
#3667 = DIRECTION ( 'NONE',  ( 0.000000000000000000, -1.000000000000000000, 0.000000000000000000 ) ) ;
#3668 = CARTESIAN_POINT ( 'NONE',  ( -62.98731488995038319, -4.327920585182241986, 7.075073323660395097 ) ) ;
#3669 = AXIS2_PLACEMENT_3D ( 'NONE', #830, #2920, #8268 ) ;
#3670 = EDGE_CURVE ( 'NONE', #1294, #3265, #5569, .T. ) ;
#3671 = FACE_OUTER_BOUND ( 'NONE', #3556, .T. ) ;
#3672 = CARTESIAN_POINT ( 'NONE',  ( -61.68030397635661188, -1.407454082783214711, 7.964519385041362476 ) ) ;
#3673 = EDGE_CURVE ( 'NONE', #461, #5612, #7509, .T. ) ;
#3674 = ORIENTED_EDGE ( 'NONE', *, *, #5860, .F. ) ;
#3675 = DIRECTION ( 'NONE',  ( 0.8749252783170091696, 0.000000000000000000, 0.4842579450684355580 ) ) ;
#3676 = DIRECTION ( 'NONE',  ( 1.000000000000000000, 0.000000000000000000, 1.224646799147353207E-16 ) ) ;
#3677 = CARTESIAN_POINT ( 'NONE',  ( -62.64506909754710762, -0.3996062992126024893, 7.630388471975769527 ) ) ;
#3678 = ORIENTED_EDGE ( 'NONE', *, *, #6528, .F. ) ;
#3679 = CARTESIAN_POINT ( 'NONE',  ( -62.23550365846203647, -4.239273147040769629, 8.514797268004171471 ) ) ;
#3680 = B_SPLINE_CURVE_WITH_KNOTS ( 'NONE', 3,
 ( #2209, #8138, #6946, #5618 ),
 .UNSPECIFIED., .F., .F.,
 ( 4, 4 ),
 ( 2.372388754705100305E-06, 0.005608136317060989119 ),
 .UNSPECIFIED. ) ;
#3681 = DIRECTION ( 'NONE',  ( -0.9659258262890586533, 0.000000000000000000, -0.2588190451025563776 ) ) ;
#3682 = CARTESIAN_POINT ( 'NONE',  ( -62.17522999999999911, -4.208110236220480971, 7.857046014671676737 ) ) ;
#3683 = CARTESIAN_POINT ( 'NONE',  ( -62.25376002172938428, -4.276097405777580462, 6.594219705995071124 ) ) ;
#3684 = ORIENTED_EDGE ( 'NONE', *, *, #1068, .F. ) ;
#3685 = DIRECTION ( 'NONE',  ( -0.000000000000000000, 1.000000000000000000, -0.000000000000000000 ) ) ;
#3686 = B_SPLINE_CURVE_WITH_KNOTS ( 'NONE', 3,
 ( #1876, #4535, #563, #3879 ),
 .UNSPECIFIED., .F., .F.,
 ( 4, 4 ),
 ( 2.372388754636011639E-06, 0.005608136317060989987 ),
 .UNSPECIFIED. ) ;
#3687 = ORIENTED_EDGE ( 'NONE', *, *, #8251, .F. ) ;
#3688 = CARTESIAN_POINT ( 'NONE',  ( -62.17522999999999911, -0.5246062992125997138, 7.620825542230731386 ) ) ;
#3689 = ORIENTED_EDGE ( 'NONE', *, *, #4263, .F. ) ;
#3690 = DIRECTION ( 'NONE',  ( 0.5155785449014725907, 0.000000000000000000, 0.8568423215722250630 ) ) ;
#3691 = CARTESIAN_POINT ( 'NONE',  ( -61.33913432634641794, -4.002870303394284512, 7.317456188132769768 ) ) ;
#3692 = ORIENTED_EDGE ( 'NONE', *, *, #4457, .F. ) ;
#3693 = CARTESIAN_POINT ( 'NONE',  ( -62.67501137519384002, -1.482582146657654310, 7.844957888714134242 ) ) ;
#3694 = ADVANCED_FACE ( 'NONE', ( #6893 ), #8258, .F. ) ;
#3695 = EDGE_CURVE ( 'NONE', #6090, #673, #8604, .T. ) ;
#3696 = ORIENTED_EDGE ( 'NONE', *, *, #8527, .F. ) ;
#3697 = CARTESIAN_POINT ( 'NONE',  ( -61.15671358201490193, -4.317610764842827464, 7.516756565351309760 ) ) ;
#3698 = EDGE_LOOP ( 'NONE', ( #1192, #7476, #3481, #2466, #938 ) ) ;
#3699 = CARTESIAN_POINT ( 'NONE',  ( -62.34718532649477396, -0.3996062992126024893, 8.349543512061160300 ) ) ;
#3700 = DIRECTION ( 'NONE',  ( 0.000000000000000000, 0.000000000000000000, 1.000000000000000000 ) ) ;
#3701 = DIRECTION ( 'NONE',  ( -0.7071067811865719976, 0.000000000000000000, 0.7071067811865230368 ) ) ;
#3702 = CARTESIAN_POINT ( 'NONE',  ( -62.17522999999999911, -1.572047244094489038, 8.353109006797660996 ) ) ;
#3703 = CARTESIAN_POINT ( 'NONE',  ( -61.75441941427810377, -1.267487984742363905, 8.197583695463841025 ) ) ;
#3704 = ORIENTED_EDGE ( 'NONE', *, *, #6630, .F. ) ;
#3705 = DIRECTION ( 'NONE',  ( -0.8660254037844526964, 0.000000000000000000, -0.4999999999999754641 ) ) ;
#3706 = ORIENTED_EDGE ( 'NONE', *, *, #6291, .T. ) ;
#3707 = CARTESIAN_POINT ( 'NONE',  ( -62.02170782515136693, -4.301443064568561958, 7.152802487989430524 ) ) ;
#3708 = CARTESIAN_POINT ( 'NONE',  ( -62.81932355949759028, -4.209241314188575167, 7.135103797005173831 ) ) ;
#3709 = AXIS2_PLACEMENT_3D ( 'NONE', #1249, #7773, #1947 ) ;
#3710 = CARTESIAN_POINT ( 'NONE',  ( -62.61699951736621017, -1.481336058263765798, 7.622867250634411285 ) ) ;
#3711 = CARTESIAN_POINT ( 'NONE',  ( -62.17522999999999911, -1.481336058263770905, 7.357046014671677625 ) ) ;
#3712 = ORIENTED_EDGE ( 'NONE', *, *, #7066, .F. ) ;
#3713 = DIRECTION ( 'NONE',  ( 0.7071067811865155983, 0.000000000000000000, 0.7071067811865794361 ) ) ;
#3714 = VECTOR ( 'NONE', #7230, 39.37007874015748143 ) ;
#3715 = CARTESIAN_POINT ( 'NONE',  ( -62.65319761351180006, -5.958149606299221190, 7.710257185281141012 ) ) ;
#3716 = DIRECTION ( 'NONE',  ( 6.123233995736766036E-17, -1.000000000000000000, -0.000000000000000000 ) ) ;
#3717 = ORIENTED_EDGE ( 'NONE', *, *, #6075, .F. ) ;
#3718 = AXIS2_PLACEMENT_3D ( 'NONE', #2905, #6184, #5567 ) ;
#3719 = CYLINDRICAL_SURFACE ( 'NONE', #4467, 0.2755905511811025943 ) ;
#3720 = PLANE ( 'NONE',  #3515 ) ;
#3721 = ORGANIZATION ( 'UNSPECIFIED', 'UNSPECIFIED', '' ) ;
#3722 = DIRECTION ( 'NONE',  ( -0.000000000000000000, -1.000000000000000000, -0.000000000000000000 ) ) ;
#3723 = VECTOR ( 'NONE', #7920, 39.37007874015748143 ) ;
#3724 = VERTEX_POINT ( 'NONE', #108 ) ;
#3725 = CARTESIAN_POINT ( 'NONE',  ( -62.59891951736621252, -0.3996062992126024893, 8.122540257309786682 ) ) ;
#3726 = VERTEX_POINT ( 'NONE', #3484 ) ;
#3727 = CARTESIAN_POINT ( 'NONE',  ( -62.04582047744873563, -0.3996062992126024893, 7.374083101527144635 ) ) ;
#3728 = VERTEX_POINT ( 'NONE', #154 ) ;
#3729 = CARTESIAN_POINT ( 'NONE',  ( -61.68934962498460095, -1.482582146657595246, 7.974722719905553703 ) ) ;
#3730 = CARTESIAN_POINT ( 'NONE',  ( -62.67490300667535763, -5.958149606299221190, 7.838966014671670202 ) ) ;
#3731 = CARTESIAN_POINT ( 'NONE',  ( -61.21551570797092978, -4.211974820880785231, 7.639080818732114864 ) ) ;
#3732 = CARTESIAN_POINT ( 'NONE',  ( -62.17522999999999911, -0.4192913385826831929, 7.857046014671676737 ) ) ;
#3733 = ORIENTED_EDGE ( 'NONE', *, *, #7924, .F. ) ;
#3734 = CARTESIAN_POINT ( 'NONE',  ( -61.14533399468616892, -4.391950050297067421, 7.500171118908192547 ) ) ;
#3735 = TOROIDAL_SURFACE ( 'NONE', #2767, 0.3071496062823685924, 0.1968503937007874127 ) ;
#3736 = EDGE_LOOP ( 'NONE', ( #2557, #3852, #6010, #2457 ) ) ;
#3737 = CARTESIAN_POINT ( 'NONE',  ( -62.17522999999999911, -5.958149606299221190, 7.357046014671677625 ) ) ;
#3738 = CARTESIAN_POINT ( 'NONE',  ( -63.25836515215287648, -4.125273117626846009, 8.337905717537260841 ) ) ;
#3739 = CARTESIAN_POINT ( 'NONE',  ( -61.73738206533270301, -1.403543307086619674, 8.175380190032234040 ) ) ;
#3740 = CARTESIAN_POINT ( 'NONE',  ( -61.83469231920783926, -0.3996062992126024893, 8.223152676671562133 ) ) ;
#3741 = CARTESIAN_POINT ( 'NONE',  ( -61.61253123901354911, -4.209440228692106878, 7.699451320139624855 ) ) ;
#3742 = VECTOR ( 'NONE', #1566, 39.37007874015748143 ) ;
#3743 = CARTESIAN_POINT ( 'NONE',  ( -62.27256106763421428, -0.3996062992126024893, 8.369539021958617653 ) ) ;
#3744 = VECTOR ( 'NONE', #609, 39.37007874015748143 ) ;
#3745 = VERTEX_POINT ( 'NONE', #902 ) ;
#3746 = FACE_OUTER_BOUND ( 'NONE', #504, .T. ) ;
#3747 = ORIENTED_EDGE ( 'NONE', *, *, #2365, .T. ) ;
#3748 = CARTESIAN_POINT ( 'NONE',  ( -62.22058265389900100, -4.208110236220480971, 7.291508049938095759 ) ) ;
#3749 = VECTOR ( 'NONE', #1845, 39.37007874015748143 ) ;
#3750 = CARTESIAN_POINT ( 'NONE',  ( -62.99429342166813228, -4.217163321469842074, 8.436741541530658139 ) ) ;
#3751 = AXIS2_PLACEMENT_3D ( 'NONE', #1247, #5918, #4693 ) ;
#3752 = CYLINDRICAL_SURFACE ( 'NONE', #3269, 0.5413385826771592857 ) ;
#3753 = ADVANCED_FACE ( 'NONE', ( #290 ), #2946, .T. ) ;
#3754 = LINE ( 'NONE', #6468, #1968 ) ;
#3755 = AXIS2_PLACEMENT_3D ( 'NONE', #7214, #7170, #1779 ) ;
#3756 = CARTESIAN_POINT ( 'NONE',  ( -61.15501539508698414, -4.338247612985457025, 8.340183659260253179 ) ) ;
#3757 = EDGE_CURVE ( 'NONE', #1877, #725, #7341, .T. ) ;
#3758 = VERTEX_POINT ( 'NONE', #3567 ) ;
#3759 = CARTESIAN_POINT ( 'NONE',  ( -61.83037879632610867, -1.482582146657613009, 7.495099619324981255 ) ) ;
#3760 = ADVANCED_FACE ( 'NONE', ( #6231 ), #4915, .T. ) ;
#3761 = ORIENTED_EDGE ( 'NONE', *, *, #1567, .T. ) ;
#3762 = CARTESIAN_POINT ( 'NONE',  ( -62.04582047744873563, -0.3996062992126024893, 7.374083101527144635 ) ) ;
#3763 = ORIENTED_EDGE ( 'NONE', *, *, #6914, .T. ) ;
#3764 = EDGE_CURVE ( 'NONE', #2644, #7429, #4194, .T. ) ;
#3765 = CYLINDRICAL_SURFACE ( 'NONE', #6668, 0.5413385826771592857 ) ;
#3766 = EDGE_CURVE ( 'NONE', #1649, #4722, #5444, .T. ) ;
#3767 = AXIS2_PLACEMENT_3D ( 'NONE', #7803, #1891, #7234 ) ;
#3768 = CARTESIAN_POINT ( 'NONE',  ( -61.70664651719054206, -1.336377492740394635, 8.084039998322534615 ) ) ;
#3769 = ORIENTED_EDGE ( 'NONE', *, *, #5074, .F. ) ;
#3770 = LINE ( 'NONE', #5072, #2693 ) ;
#3771 = ORIENTED_EDGE ( 'NONE', *, *, #6056, .T. ) ;
#3772 = CARTESIAN_POINT ( 'NONE',  ( -61.73346048263378805, -0.3996062992126024893, 8.091224778708927090 ) ) ;
#3773 = EDGE_LOOP ( 'NONE', ( #1924, #3152, #10, #5226 ) ) ;
#3774 = CARTESIAN_POINT ( 'NONE',  ( -63.08826373213869232, -4.274782905749655804, 8.377875618063640673 ) ) ;
#3775 = CARTESIAN_POINT ( 'NONE',  ( -62.17522999999999911, -1.267487984742363905, 7.857046014671676737 ) ) ;
#3776 = CARTESIAN_POINT ( 'NONE',  ( -61.16086075229733154, -4.236264588435970424, 7.596918208126183458 ) ) ;
#3777 = ADVANCED_FACE ( 'NONE', ( #4960 ), #3031, .F. ) ;
#3778 = ORIENTED_EDGE ( 'NONE', *, *, #811, .F. ) ;
#3779 = DIRECTION ( 'NONE',  ( 0.000000000000000000, -1.000000000000000000, 0.000000000000000000 ) ) ;
#3780 = VERTEX_POINT ( 'NONE', #330 ) ;
#3781 = EDGE_CURVE ( 'NONE', #5387, #8074, #4350, .T. ) ;
#3782 = ORIENTED_EDGE ( 'NONE', *, *, #3441, .F. ) ;
#3783 = CYLINDRICAL_SURFACE ( 'NONE', #964, 0.5413385826771592857 ) ;
#3784 = ORIENTED_EDGE ( 'NONE', *, *, #5085, .F. ) ;
#3785 = CARTESIAN_POINT ( 'NONE',  ( -61.98106618297951798, -0.4192913385826831929, 8.362365590044483099 ) ) ;
#3786 = DIRECTION ( 'NONE',  ( -0.01808295674479139248, 0.000000000000000000, 0.9998364899699180297 ) ) ;
#3787 = ORIENTED_EDGE ( 'NONE', *, *, #8546, .T. ) ;
#3788 = CARTESIAN_POINT ( 'NONE',  ( -62.30463952255126259, -1.481336058263770905, 7.374083101527142858 ) ) ;
#3789 = LINE ( 'NONE', #3085, #1131 ) ;
#3790 = B_SPLINE_CURVE_WITH_KNOTS ( 'NONE', 3,
 ( #2999, #5793, #7695, #4321 ),
 .UNSPECIFIED., .F., .F.,
 ( 4, 4 ),
 ( 2.372388754608581324E-06, 0.005608136317045279463 ),
 .UNSPECIFIED. ) ;
#3791 = CIRCLE ( 'NONE', #4902, 0.2374135853542873320 ) ;
#3792 = CARTESIAN_POINT ( 'NONE',  ( -61.31541823617701681, -4.008384207466757942, 7.319005502866485102 ) ) ;
#3793 = CARTESIAN_POINT ( 'NONE',  ( -61.75441941427810377, -0.4192913385826831929, 8.197583695463849907 ) ) ;
#3794 = LINE ( 'NONE', #1166, #603 ) ;
#3795 = ORIENTED_EDGE ( 'NONE', *, *, #4868, .T. ) ;
#3796 = CARTESIAN_POINT ( 'NONE',  ( -62.60824270189222318, -0.3996062992126024893, 8.107046014671675849 ) ) ;
#3797 = ORIENTED_EDGE ( 'NONE', *, *, #1893, .F. ) ;
#3798 = CARTESIAN_POINT ( 'NONE',  ( -61.88292179191866893, -1.336377492740393302, 8.287920312424285285 ) ) ;
#3799 = B_SPLINE_CURVE_WITH_KNOTS ( 'NONE', 3,
 ( #4864, #5773, #3768, #7716 ),
 .UNSPECIFIED., .F., .F.,
 ( 4, 4 ),
 ( 2.372388754629323890E-06, 0.005608136317045235228 ),
 .UNSPECIFIED. ) ;
#3800 = LINE ( 'NONE', #3142, #3744 ) ;
#3801 = AXIS2_PLACEMENT_3D ( 'NONE', #7993, #3868, #4689 ) ;
#3802 = CARTESIAN_POINT ( 'NONE',  ( -62.81210175333361434, -4.208110239380157047, 7.147649440185009695 ) ) ;
#3803 = CARTESIAN_POINT ( 'NONE',  ( -61.73738206533268880, -1.403543307086619674, 7.538711839311114105 ) ) ;
#3804 = CARTESIAN_POINT ( 'NONE',  ( -61.20660646397806914, -4.253190375687192493, 8.309692259318572027 ) ) ;
#3805 = EDGE_CURVE ( 'NONE', #1575, #8271, #2815, .T. ) ;
#3806 = VERTEX_POINT ( 'NONE', #1021 ) ;
#3807 = EDGE_CURVE ( 'NONE', #8194, #4188, #6354, .T. ) ;
#3808 = LINE ( 'NONE', #5158, #4692 ) ;
#3809 = ORIENTED_EDGE ( 'NONE', *, *, #5074, .T. ) ;
#3810 = CARTESIAN_POINT ( 'NONE',  ( -62.17522999999999911, -0.3996062992126024893, 7.857046014671676737 ) ) ;
#3811 = AXIS2_PLACEMENT_3D ( 'NONE', #8394, #3185, #7737 ) ;
#3812 = ORIENTED_EDGE ( 'NONE', *, *, #384, .F. ) ;
#3813 = FACE_OUTER_BOUND ( 'NONE', #7540, .T. ) ;
#3814 = CARTESIAN_POINT ( 'NONE',  ( -62.68772300728694802, -0.3996062992126024893, 7.759714947037442911 ) ) ;
#3815 = EDGE_CURVE ( 'NONE', #6046, #5741, #7994, .T. ) ;
#3816 = AXIS2_PLACEMENT_3D ( 'NONE', #2995, #2914, #3700 ) ;
#3817 = VECTOR ( 'NONE', #1444, 39.37007874015748143 ) ;
#3818 = ADVANCED_FACE ( 'NONE', ( #5040 ), #5650, .F. ) ;
#3819 = CARTESIAN_POINT ( 'NONE',  ( -61.68790348981730176, -1.481336058263765798, 7.745185063159765626 ) ) ;
#3820 = DIRECTION ( 'NONE',  ( 0.2413099306572155101, 0.000000000000000000, -0.9704481013254701027 ) ) ;
#3821 = ORIENTED_EDGE ( 'NONE', *, *, #5300, .F. ) ;
#3822 = DIRECTION ( 'NONE',  ( 0.000000000000000000, 1.000000000000000000, 0.000000000000000000 ) ) ;
#3823 = ORIENTED_EDGE ( 'NONE', *, *, #3135, .F. ) ;
#3824 = DIRECTION ( 'NONE',  ( 0.000000000000000000, -1.000000000000000000, 0.000000000000000000 ) ) ;
#3825 = CARTESIAN_POINT ( 'NONE',  ( -62.17522999999999911, -1.267487984742363905, 7.857046014671676737 ) ) ;
#3826 = LINE ( 'NONE', #8525, #4696 ) ;
#3827 = DIRECTION ( 'NONE',  ( -0.000000000000000000, -1.000000000000000000, -0.000000000000000000 ) ) ;
#3828 = EDGE_LOOP ( 'NONE', ( #4195, #492, #4704, #587 ) ) ;
#3829 = VECTOR ( 'NONE', #1482, 39.37007874015748143 ) ;
#3830 = ORIENTED_EDGE ( 'NONE', *, *, #5355, .F. ) ;
#3831 = DIRECTION ( 'NONE',  ( -0.000000000000000000, 1.000000000000000000, -0.000000000000000000 ) ) ;
#3832 = ORIENTED_EDGE ( 'NONE', *, *, #5310, .T. ) ;
#3833 = CARTESIAN_POINT ( 'NONE',  ( -61.94332241508584502, -1.407454082783217819, 7.406800341425003431 ) ) ;
#3834 = DIRECTION ( 'NONE',  ( -0.000000000000000000, 1.000000000000000000, -0.000000000000000000 ) ) ;
#3835 = ORIENTED_EDGE ( 'NONE', *, *, #4392, .F. ) ;
#3836 = CARTESIAN_POINT ( 'NONE',  ( -63.19278822108645954, -4.031377474570350117, 8.180639904486959324 ) ) ;
#3837 = CARTESIAN_POINT ( 'NONE',  ( -61.22440924907200355, -4.041016567760435940, 7.335577665106657541 ) ) ;
#3838 = EDGE_CURVE ( 'NONE', #637, #4298, #1725, .T. ) ;
#3839 = CARTESIAN_POINT ( 'NONE',  ( -62.17522999999999911, -1.403543307086619674, 7.857046014671676737 ) ) ;
#3840 = CARTESIAN_POINT ( 'NONE',  ( -61.85689582463944447, -0.4192913385826831929, 8.294893949338989714 ) ) ;
#3841 = ORIENTED_EDGE ( 'NONE', *, *, #8637, .T. ) ;
#3842 = CARTESIAN_POINT ( 'NONE',  ( -61.73775313900270589, 57.93121849778213317, 8.615967885197557408 ) ) ;
#3843 = ORIENTED_EDGE ( 'NONE', *, *, #655, .T. ) ;
#3844 = CARTESIAN_POINT ( 'NONE',  ( -62.95040248749230472, -4.274784751993877308, 7.147113392863925441 ) ) ;
#3845 = DIRECTION ( 'NONE',  ( 0.000000000000000000, 1.000000000000000000, 0.000000000000000000 ) ) ;
#3846 = CARTESIAN_POINT ( 'NONE',  ( -62.06336904848809155, -0.3996062992126024893, 8.344372524854378526 ) ) ;
#3847 = CARTESIAN_POINT ( 'NONE',  ( -62.39525034673615522, -0.4192913385826831929, 7.362436564583005882 ) ) ;
#3848 = CARTESIAN_POINT ( 'NONE',  ( -61.27906683225172912, -4.245277145001599806, 8.356783314327916656 ) ) ;
#3849 = LINE ( 'NONE', #1887, #7782 ) ;
#3850 = ORIENTED_EDGE ( 'NONE', *, *, #4598, .F. ) ;
#3851 = DIRECTION ( 'NONE',  ( -0.000000000000000000, 1.000000000000000000, -0.000000000000000000 ) ) ;
#3852 = ORIENTED_EDGE ( 'NONE', *, *, #3652, .T. ) ;
#3853 = FACE_OUTER_BOUND ( 'NONE', #93, .T. ) ;
#3854 = EDGE_CURVE ( 'NONE', #5143, #2183, #6414, .T. ) ;
#3855 = CARTESIAN_POINT ( 'NONE',  ( -62.23199151542136320, -0.4192913385826831929, 8.395400536768395483 ) ) ;
#3856 = EDGE_CURVE ( 'NONE', #3666, #8214, #5189, .T. ) ;
#3857 = CIRCLE ( 'NONE', #3442, 0.5359758013495269369 ) ;
#3858 = CARTESIAN_POINT ( 'NONE',  ( -62.65819291314453920, -5.958149606299221190, 7.986455537222931333 ) ) ;
#3859 = CIRCLE ( 'NONE', #84, 0.5413385826771592857 ) ;
#3860 = DIRECTION ( 'NONE',  ( -0.9704481013254701027, 0.000000000000000000, -0.2413099306572155101 ) ) ;
#3861 = ORIENTED_EDGE ( 'NONE', *, *, #4970, .F. ) ;
#3862 = LINE ( 'NONE', #1480, #4292 ) ;
#3863 = ORIENTED_EDGE ( 'NONE', *, *, #4940, .F. ) ;
#3864 = CARTESIAN_POINT ( 'NONE',  ( -62.30463952255126259, -0.3996062992126024893, 7.374083101527142858 ) ) ;
#3865 = CARTESIAN_POINT ( 'NONE',  ( -61.99583571742496702, -0.4061132758059444181, 7.360253633986773458 ) ) ;
#3866 = CARTESIAN_POINT ( 'NONE',  ( -61.18510786574253757, -4.253190375685560909, 7.559353084770515707 ) ) ;
#3867 = EDGE_LOOP ( 'NONE', ( #4741, #436, #5160, #8180 ) ) ;
#3868 = DIRECTION ( 'NONE',  ( -0.000000000000000000, 1.000000000000000000, -0.000000000000000000 ) ) ;
#3869 = EDGE_CURVE ( 'NONE', #2729, #6145, #6025, .T. ) ;
#3870 = ADVANCED_FACE ( 'NONE', ( #2417 ), #2250, .T. ) ;
#3871 = EDGE_LOOP ( 'NONE', ( #1132, #6699, #1026, #3274 ) ) ;
#3872 = DIRECTION ( 'NONE',  ( 0.7197777434736283286, 0.000000000000000000, 0.6942045807973407090 ) ) ;
#3873 = EDGE_LOOP ( 'NONE', ( #3371, #2118, #1872, #3594 ) ) ;
#3874 = CARTESIAN_POINT ( 'NONE',  ( -61.00879817554405093, -4.200544580201386324, 7.447631337665800544 ) ) ;
#3875 = ORIENTED_EDGE ( 'NONE', *, *, #5148, .T. ) ;
#3876 = CARTESIAN_POINT ( 'NONE',  ( -62.17522999999999911, -0.3996062992126024893, 7.857046014671676737 ) ) ;
#3877 = LINE ( 'NONE', #3740, #1061 ) ;
#3878 = CARTESIAN_POINT ( 'NONE',  ( -61.59292465327158084, -4.220695813411575514, 7.634114179552331514 ) ) ;
#3879 = CARTESIAN_POINT ( 'NONE',  ( -61.85689582463923131, -1.267487984741781704, 7.419198080004311358 ) ) ;
#3880 = AXIS2_PLACEMENT_3D ( 'NONE', #981, #5687, #7811 ) ;
#3881 = AXIS2_PLACEMENT_3D ( 'NONE', #2620, #4072, #6127 ) ;
#3882 = VERTEX_POINT ( 'NONE', #7764 ) ;
#3883 = CYLINDRICAL_SURFACE ( 'NONE', #6264, 1.265984251679795225 ) ;
#3884 = ORIENTED_EDGE ( 'NONE', *, *, #8229, .F. ) ;
#3885 = CARTESIAN_POINT ( 'NONE',  ( -62.85293700129626160, -4.214448757707113913, 7.151338698858198839 ) ) ;
#3886 = PLANE ( 'NONE',  #1774 ) ;
#3887 = CARTESIAN_POINT ( 'NONE',  ( -61.75154048263377859, -1.481336058263765798, 7.591551772033578338 ) ) ;
#3888 = CARTESIAN_POINT ( 'NONE',  ( -61.69726238648821237, -0.3996062992126024893, 8.003834844062215126 ) ) ;
#3889 = CIRCLE ( 'NONE', #4862, 0.5413385826771592857 ) ;
#3890 = CARTESIAN_POINT ( 'NONE',  ( -61.23622666702367923, -4.242958277004839296, 8.343929987693952555 ) ) ;
#3891 = ORIENTED_EDGE ( 'NONE', *, *, #2578, .F. ) ;
#3892 = DIRECTION ( 'NONE',  ( -0.2762435205281228434, 0.000000000000000000, -0.9610876741308403970 ) ) ;
#3893 = VERTEX_POINT ( 'NONE', #1152 ) ;
#3894 = LINE ( 'NONE', #8458, #3749 ) ;
#3895 = EDGE_CURVE ( 'NONE', #8436, #36, #6492, .T. ) ;
#3896 = VECTOR ( 'NONE', #4067, 39.37007874015748143 ) ;
#3897 = AXIS2_PLACEMENT_3D ( 'NONE', #3571, #1639, #2252 ) ;
#3898 = ORIENTED_EDGE ( 'NONE', *, *, #3805, .T. ) ;
#3899 = DIRECTION ( 'NONE',  ( -9.912705577010218314E-17, 1.000000000000000000, -1.716930969985329256E-16 ) ) ;
#3900 = DIRECTION ( 'NONE',  ( 0.4842579450684417197, 0.000000000000000000, -0.8749252783170058390 ) ) ;
#3901 = B_SPLINE_CURVE_WITH_KNOTS ( 'NONE', 3,
 ( #1080, #6422, #3798, #7839 ),
 .UNSPECIFIED., .F., .F.,
 ( 4, 4 ),
 ( 2.372388754649393489E-06, 0.005608136317045212677 ),
 .UNSPECIFIED. ) ;
#3902 = CARTESIAN_POINT ( 'NONE',  ( -62.17522999999999911, -2.135639365734926187, 7.771624954356674664 ) ) ;
#3903 = TOROIDAL_SURFACE ( 'NONE', #2785, 0.5531496061937564157, 0.1968503937007874127 ) ;
#3904 = ADVANCED_FACE ( 'NONE', ( #8526 ), #2514, .F. ) ;
#3905 = PLANE ( 'NONE',  #1867 ) ;
#3906 = EDGE_LOOP ( 'NONE', ( #6625, #864 ) ) ;
#3907 = VECTOR ( 'NONE', #7000, 39.37007874015748854 ) ;
#3908 = FACE_OUTER_BOUND ( 'NONE', #7502, .T. ) ;
#3909 = ORIENTED_EDGE ( 'NONE', *, *, #3441, .T. ) ;
#3910 = CARTESIAN_POINT ( 'NONE',  ( -63.09644936015180150, -4.284792400618663955, 8.376572752758120188 ) ) ;
#3911 = APPROVAL_ROLE ( '' ) ;
#3912 = B_SPLINE_CURVE_WITH_KNOTS ( 'NONE', 3,
 ( #6285, #2952, #3534, #4965 ),
 .UNSPECIFIED., .F., .F.,
 ( 4, 4 ),
 ( 2.014298342813282336E-07, 0.0004597969392806663751 ),
 .UNSPECIFIED. ) ;
#3913 = CARTESIAN_POINT ( 'NONE',  ( -62.28709095151190667, -1.481336058263765798, 7.369719504488977613 ) ) ;
#3914 = EDGE_CURVE ( 'NONE', #4066, #682, #2023, .T. ) ;
#3915 = DIRECTION ( 'NONE',  ( 0.000000000000000000, -1.000000000000000000, 0.000000000000000000 ) ) ;
#3916 = ADVANCED_FACE ( 'NONE', ( #2639 ), #6729, .T. ) ;
#3917 = ORIENTED_EDGE ( 'NONE', *, *, #6220, .F. ) ;
#3918 = CARTESIAN_POINT ( 'NONE',  ( -60.96087867648822822, -4.259821508109228994, 7.519446762531095452 ) ) ;
#3919 = ORIENTED_EDGE ( 'NONE', *, *, #4438, .T. ) ;
#3920 = DIRECTION ( 'NONE',  ( 0.000000000000000000, 0.000000000000000000, -1.000000000000000000 ) ) ;
#3921 = CARTESIAN_POINT ( 'NONE',  ( -61.25136930826641901, -4.208110236220480971, 7.667276149373861927 ) ) ;
#3922 = EDGE_CURVE ( 'NONE', #7569, #8410, #307, .T. ) ;
#3923 = CARTESIAN_POINT ( 'NONE',  ( -62.52008120367388955, -1.482582146657648758, 8.218992410018376660 ) ) ;
#3924 = EDGE_CURVE ( 'NONE', #2520, #4478, #4423, .T. ) ;
#3925 = B_SPLINE_CURVE_WITH_KNOTS ( 'NONE', 3,
 ( #6980, #8257, #2822, #6279, #289, #986, #5522, #4830 ),
 .UNSPECIFIED., .F., .F.,
 ( 4, 2, 2, 4 ),
 ( 3.464720371288036770E-07, 0.002323561086879190069, 0.003485168394299993991, 0.004646775701720799213 ),
 .UNSPECIFIED. ) ;
#3926 = CIRCLE ( 'NONE', #7990, 1.046990446758645943 ) ;
#3927 = DIRECTION ( 'NONE',  ( 6.123233995736766036E-17, -1.000000000000000000, 0.000000000000000000 ) ) ;
#3928 = ORIENTED_EDGE ( 'NONE', *, *, #5165, .F. ) ;
#3929 = CARTESIAN_POINT ( 'NONE',  ( -62.68054957537291472, -1.267487984741781704, 7.662882197650979776 ) ) ;
#3930 = ORIENTED_EDGE ( 'NONE', *, *, #4719, .T. ) ;
#3931 = CARTESIAN_POINT ( 'NONE',  ( -61.30054783637083204, -4.214447582406011250, 8.295491787295302899 ) ) ;
#3932 = TOROIDAL_SURFACE ( 'NONE', #4759, 0.8858267716535430658, 0.3937007874015748254 ) ;
#3933 = FACE_OUTER_BOUND ( 'NONE', #3120, .T. ) ;
#3934 = LINE ( 'NONE', #5319, #2007 ) ;
#3935 = CARTESIAN_POINT ( 'NONE',  ( -61.78006357024474227, -0.3996062992126024893, 7.516508333879514225 ) ) ;
#3936 = CARTESIAN_POINT ( 'NONE',  ( -61.30557772601887478, -4.208110236220482747, 8.252558455845433016 ) ) ;
#3937 = CARTESIAN_POINT ( 'NONE',  ( -62.42523000000000621, -1.481336058263770905, 8.290058716563899921 ) ) ;
#3938 = ORIENTED_EDGE ( 'NONE', *, *, #7806, .F. ) ;
#3939 = CARTESIAN_POINT ( 'NONE',  ( -61.63725583125381746, -4.208110236220480971, 8.379620213774657600 ) ) ;
#3940 = AXIS2_PLACEMENT_3D ( 'NONE', #8612, #5344, #5876 ) ;
#3941 = ORIENTED_EDGE ( 'NONE', *, *, #442, .T. ) ;
#3942 = EDGE_CURVE ( 'NONE', #5456, #7992, #2386, .T. ) ;
#3943 = CARTESIAN_POINT ( 'NONE',  ( -61.03523000017850109, -4.208110236220480971, 7.857046014726967620 ) ) ;
#3944 = LINE ( 'NONE', #2501, #6252 ) ;
#3945 = EDGE_CURVE ( 'NONE', #3726, #6049, #1560, .T. ) ;
#3946 = LINE ( 'NONE', #7370, #3008 ) ;
#3947 = CARTESIAN_POINT ( 'NONE',  ( -61.91537213736916101, -3.983565816450640451, 8.693599838821372217 ) ) ;
#3948 = VERTEX_POINT ( 'NONE', #1981 ) ;
#3949 = CYLINDRICAL_SURFACE ( 'NONE', #2602, 0.5413385826771592857 ) ;
#3950 = CARTESIAN_POINT ( 'NONE',  ( -61.63687547790311783, -1.267487984741781704, 7.913807530093201592 ) ) ;
#3951 = DIRECTION ( 'NONE',  ( -1.000000000000000000, 0.000000000000000000, -3.635980405647387670E-14 ) ) ;
#3952 = AXIS2_PLACEMENT_3D ( 'NONE', #2262, #2171, #1608 ) ;
#3953 = COORDINATED_UNIVERSAL_TIME_OFFSET ( 6, 0, .BEHIND. ) ;
#3954 = ORIENTED_EDGE ( 'NONE', *, *, #5838, .T. ) ;
#3955 = CARTESIAN_POINT ( 'NONE',  ( -62.60824270189221608, -0.3996062992126024893, 7.607046014671670520 ) ) ;
#3956 = DIRECTION ( 'NONE',  ( 1.000000000000000000, 0.000000000000000000, 3.834172622739463916E-15 ) ) ;
#3957 = VERTEX_POINT ( 'NONE', #7246 ) ;
#3958 = CARTESIAN_POINT ( 'NONE',  ( -61.83469231920783926, -1.481336058263765798, 8.223152676671562133 ) ) ;
#3959 = ORIENTED_EDGE ( 'NONE', *, *, #8059, .T. ) ;
#3960 = EDGE_CURVE ( 'NONE', #906, #92, #2392, .T. ) ;
#3961 = CARTESIAN_POINT ( 'NONE',  ( -61.14537988139105096, -5.958110236220480971, 8.345931208611505170 ) ) ;
#3962 = DIRECTION ( 'NONE',  ( 0.000000000000000000, 1.000000000000000000, 0.000000000000000000 ) ) ;
#3963 = CARTESIAN_POINT ( 'NONE',  ( -62.51576768079216606, -0.4061132758059442516, 8.260802211017773899 ) ) ;
#3964 = ADVANCED_FACE ( 'NONE', ( #546 ), #4523, .T. ) ;
#3965 = ADVANCED_FACE ( 'NONE', ( #3217 ), #1699, .T. ) ;
#3966 = VECTOR ( 'NONE', #3505, 39.37007874015748143 ) ;
#3967 = AXIS2_PLACEMENT_3D ( 'NONE', #4347, #3690, #2821 ) ;
#3968 = CARTESIAN_POINT ( 'NONE',  ( -61.63687547790328836, -0.4192913385826831929, 7.913807530093044385 ) ) ;
#3969 = ORIENTED_EDGE ( 'NONE', *, *, #300, .T. ) ;
#3970 = CARTESIAN_POINT ( 'NONE',  ( -61.59823592595105879, -3.988504844567673402, 8.567518541295084944 ) ) ;
#3971 = EDGE_LOOP ( 'NONE', ( #3298, #7037, #643, #281 ) ) ;
#3972 = CARTESIAN_POINT ( 'NONE',  ( -62.46749986408380551, -5.958110236220480971, 8.790353212545978678 ) ) ;
#3973 = CARTESIAN_POINT ( 'NONE',  ( -62.13919451238230351, -4.391217077536620828, 6.767666871951345087 ) ) ;
#3974 = DIRECTION ( 'NONE',  ( 0.9610876741308415072, 0.000000000000000000, -0.2762435205281195127 ) ) ;
#3975 = CARTESIAN_POINT ( 'NONE',  ( -61.74179606610574211, -0.4061132758059455838, 8.158906914882566142 ) ) ;
#3976 = DIRECTION ( 'NONE',  ( 0.000000000000000000, 0.000000000000000000, 1.000000000000000000 ) ) ;
#3977 = DIRECTION ( 'NONE',  ( 0.000000000000000000, 0.000000000000000000, -1.000000000000000000 ) ) ;
#3978 = ORIENTED_EDGE ( 'NONE', *, *, #8198, .F. ) ;
#3979 = FACE_OUTER_BOUND ( 'NONE', #6562, .T. ) ;
#3980 = EDGE_CURVE ( 'NONE', #8530, #2047, #2590, .T. ) ;
#3981 = ORIENTED_EDGE ( 'NONE', *, *, #3542, .T. ) ;
#3982 = LINE ( 'NONE', #3943, #8678 ) ;
#3983 = CARTESIAN_POINT ( 'NONE',  ( -62.04582047744873563, -5.958149606299221190, 7.374083101527144635 ) ) ;
#3984 = AXIS2_PLACEMENT_3D ( 'NONE', #1625, #3638, #3596 ) ;
#3985 = DIRECTION ( 'NONE',  ( -6.123233995736766036E-17, 1.000000000000000000, -0.000000000000000000 ) ) ;
#3986 = CARTESIAN_POINT ( 'NONE',  ( -62.40713758491416741, -1.407454082783007099, 7.406800341424979450 ) ) ;
#3987 = ORIENTED_EDGE ( 'NONE', *, *, #4174, .T. ) ;
#3988 = AXIS2_PLACEMENT_3D ( 'NONE', #6255, #5548, #4943 ) ;
#3989 = B_SPLINE_CURVE_WITH_KNOTS ( 'NONE', 3,
 ( #5257, #419, #8648, #6990 ),
 .UNSPECIFIED., .F., .F.,
 ( 4, 4 ),
 ( 6.938893903906773088E-18, 0.0008211405993301742904 ),
 .UNSPECIFIED. ) ;
#3990 = PLANE ( 'NONE',  #6377 ) ;
#3991 = CARTESIAN_POINT ( 'NONE',  ( -62.42523000000000621, -5.958149606299221190, 8.290058716563899921 ) ) ;
#3992 = CARTESIAN_POINT ( 'NONE',  ( -62.44567515903015931, -4.342593609817945399, 8.957260815392295683 ) ) ;
#3993 = AXIS2_PLACEMENT_3D ( 'NONE', #2624, #3985, #7282 ) ;
#3994 = VERTEX_POINT ( 'NONE', #3955 ) ;
#3995 = DIRECTION ( 'NONE',  ( 1.000000000000000000, 0.000000000000000000, 0.000000000000000000 ) ) ;
#3996 = ORIENTED_EDGE ( 'NONE', *, *, #883, .T. ) ;
#3997 = DIRECTION ( 'NONE',  ( 6.123233995736766036E-17, -1.000000000000000000, 0.000000000000000000 ) ) ;
#3998 = ORIENTED_EDGE ( 'NONE', *, *, #3264, .T. ) ;
#3999 = PLANE ( 'NONE',  #5801 ) ;
#4000 = VECTOR ( 'NONE', #2581, 39.37007874015748143 ) ;
#4001 = ORIENTED_EDGE ( 'NONE', *, *, #5766, .T. ) ;
#4002 = CARTESIAN_POINT ( 'NONE',  ( -63.07816503505907235, -4.284820666763607733, 8.484642596151555693 ) ) ;
#4003 = DIRECTION ( 'NONE',  ( 1.000000000000000000, 0.000000000000000000, 0.000000000000000000 ) ) ;
#4004 = CARTESIAN_POINT ( 'NONE',  ( -62.60644073870756188, -0.3996062992126024893, 7.563482191852678227 ) ) ;
#4005 = CARTESIAN_POINT ( 'NONE',  ( -62.15714999999999435, -5.958149606299221190, 8.356719021347041476 ) ) ;
#4006 = ORIENTED_EDGE ( 'NONE', *, *, #4450, .T. ) ;
#4007 = LINE ( 'NONE', #6721, #3042 ) ;
#4008 = ORIENTED_EDGE ( 'NONE', *, *, #7962, .T. ) ;
#4009 = CARTESIAN_POINT ( 'NONE',  ( -62.17522999999999911, -1.267487984742363905, 7.857046014671676737 ) ) ;
#4010 = CARTESIAN_POINT ( 'NONE',  ( -61.21722570565172106, -5.958110236220478306, 8.554638720984137024 ) ) ;
#4011 = B_SPLINE_CURVE_WITH_KNOTS ( 'NONE', 3,
 ( #1451, #3672, #3055, #4817 ),
 .UNSPECIFIED., .F., .F.,
 ( 4, 4 ),
 ( 2.372388754620469432E-06, 0.005608136317045288137 ),
 .UNSPECIFIED. ) ;
#4012 = CARTESIAN_POINT ( 'NONE',  ( -62.31686093422527506, -4.210856968012863355, 8.426794051169558486 ) ) ;
#4013 = CYLINDRICAL_SURFACE ( 'NONE', #150, 1.139999999801592834 ) ;
#4014 = CARTESIAN_POINT ( 'NONE',  ( -62.39525034673615522, -1.403543307086619674, 7.362436564583005882 ) ) ;
#4015 = AXIS2_PLACEMENT_3D ( 'NONE', #1897, #2801, #3458 ) ;
#4016 = VERTEX_POINT ( 'NONE', #5221 ) ;
#4017 = AXIS2_PLACEMENT_3D ( 'NONE', #3983, #7488, #8023 ) ;
#4018 = DIRECTION ( 'NONE',  ( 0.000000000000000000, 0.000000000000000000, 1.000000000000000000 ) ) ;
#4019 = ORIENTED_EDGE ( 'NONE', *, *, #3115, .F. ) ;
#4020 = LINE ( 'NONE', #4761, #6397 ) ;
#4021 = ORIENTED_EDGE ( 'NONE', *, *, #801, .T. ) ;
#4022 = EDGE_CURVE ( 'NONE', #1503, #3666, #5993, .T. ) ;
#4023 = AXIS2_PLACEMENT_3D ( 'NONE', #296, #4920, #2951 ) ;
#4024 = CARTESIAN_POINT ( 'NONE',  ( -62.67490300667535763, -0.3996062992126024893, 7.838966014671670202 ) ) ;
#4025 = PLANE ( 'NONE',  #7096 ) ;
#4026 = EDGE_CURVE ( 'NONE', #284, #1134, #5043, .T. ) ;
#4027 = EDGE_CURVE ( 'NONE', #1826, #1325, #7946, .T. ) ;
#4028 = DIRECTION ( 'NONE',  ( 6.123233995736766036E-17, -1.000000000000000000, 0.000000000000000000 ) ) ;
#4029 = VECTOR ( 'NONE', #8038, 39.37007874015748143 ) ;
#4030 = DIRECTION ( 'NONE',  ( -0.01808295674478091822, 0.000000000000000000, -0.9998364899699182518 ) ) ;
#4031 = ORIENTED_EDGE ( 'NONE', *, *, #3044, .T. ) ;
#4032 = ORIENTED_EDGE ( 'NONE', *, *, #2619, .T. ) ;
#4033 = EDGE_CURVE ( 'NONE', #2183, #1623, #2445, .T. ) ;
#4034 = VERTEX_POINT ( 'NONE', #5261 ) ;
#4035 = CARTESIAN_POINT ( 'NONE',  ( -62.66111037501539727, -1.482582146657603461, 7.739369309437774014 ) ) ;
#4036 = ADVANCED_FACE ( 'NONE', ( #1941 ), #4607, .F. ) ;
#4037 = CARTESIAN_POINT ( 'NONE',  ( -62.39347669484718040, -4.302276525522030326, 8.901628549119026346 ) ) ;
#4038 = CIRCLE ( 'NONE', #5986, 0.3937007874015751585 ) ;
#4039 = VECTOR ( 'NONE', #234, 39.37007874015748143 ) ;
#4040 = CARTESIAN_POINT ( 'NONE',  ( 0.000000000000000000, 0.000000000000000000, 0.000000000000000000 ) ) ;
#4041 = VERTEX_POINT ( 'NONE', #7335 ) ;
#4042 = CARTESIAN_POINT ( 'NONE',  ( -62.17522999999999911, -0.5246062992125997138, 7.857046014671676737 ) ) ;
#4043 = AXIS2_PLACEMENT_3D ( 'NONE', #1621, #7707, #8365 ) ;
#4044 = AXIS2_PLACEMENT_3D ( 'NONE', #2296, #953, #3038 ) ;
#4045 = DIRECTION ( 'NONE',  ( 0.000000000000000000, 1.000000000000000000, 0.000000000000000000 ) ) ;
#4046 = VERTEX_POINT ( 'NONE', #6658 ) ;
#4047 = DIRECTION ( 'NONE',  ( 0.2588190451024963146, 0.000000000000000000, -0.9659258262890748625 ) ) ;
#4048 = EDGE_CURVE ( 'NONE', #1087, #7493, #4210, .T. ) ;
#4049 = CARTESIAN_POINT ( 'NONE',  ( -63.05511254882833327, -4.256678440039323164, 8.471601924963017893 ) ) ;
#4050 = FACE_OUTER_BOUND ( 'NONE', #545, .T. ) ;
#4051 = CARTESIAN_POINT ( 'NONE',  ( -63.05121404966129717, -3.983565816415135963, 7.856451154564531691 ) ) ;
#4052 = ADVANCED_FACE ( 'NONE', ( #3010 ), #7498, .T. ) ;
#4053 = ORIENTED_EDGE ( 'NONE', *, *, #1698, .T. ) ;
#4054 = TOROIDAL_SURFACE ( 'NONE', #8549, 0.5069817086403950457, 0.2313937795744913373 ) ;
#4055 = LINE ( 'NONE', #5891, #2687 ) ;
#4056 = ORIENTED_EDGE ( 'NONE', *, *, #1337, .T. ) ;
#4057 = CARTESIAN_POINT ( 'NONE',  ( -62.65653831881761704, -1.482581474689051326, 7.992212089305123612 ) ) ;
#4058 = ORIENTED_EDGE ( 'NONE', *, *, #6021, .T. ) ;
#4059 = DIRECTION ( 'NONE',  ( 0.000000000000000000, -1.000000000000000000, 0.000000000000000000 ) ) ;
#4060 = CARTESIAN_POINT ( 'NONE',  ( -62.21562933951136642, -4.258772704704944623, 6.779975607709116225 ) ) ;
#4061 = CARTESIAN_POINT ( 'NONE',  ( -62.17522999999999911, -0.5639763779527527943, 7.857046014671676737 ) ) ;
#4062 = FACE_OUTER_BOUND ( 'NONE', #2906, .T. ) ;
#4063 = DIRECTION ( 'NONE',  ( -0.8749252783170160530, 0.000000000000000000, 0.4842579450684232900 ) ) ;
#4064 = ORIENTED_EDGE ( 'NONE', *, *, #6324, .T. ) ;
#4065 = LINE ( 'NONE', #77, #2131 ) ;
#4066 = VERTEX_POINT ( 'NONE', #6175 ) ;
#4067 = DIRECTION ( 'NONE',  ( -0.9998364899699180297, 0.000000000000000000, -0.01808295674479139248 ) ) ;
#4068 = ORIENTED_EDGE ( 'NONE', *, *, #1390, .F. ) ;
#4069 = DIRECTION ( 'NONE',  ( 0.000000000000000000, -1.000000000000000000, 0.000000000000000000 ) ) ;
#4070 = FACE_OUTER_BOUND ( 'NONE', #941, .T. ) ;
#4071 = ADVANCED_FACE ( 'NONE', ( #1494 ), #7715, .T. ) ;
#4072 = DIRECTION ( 'NONE',  ( 6.123233995736766036E-17, -1.000000000000000000, 0.000000000000000000 ) ) ;
#4073 = EDGE_CURVE ( 'NONE', #537, #1749, #5159, .T. ) ;
#4074 = CARTESIAN_POINT ( 'NONE',  ( -62.18731812595754604, -1.482582146657630995, 8.356827389865511435 ) ) ;
#4075 = AXIS2_PLACEMENT_3D ( 'NONE', #3077, #8431, #1818 ) ;
#4076 = CARTESIAN_POINT ( 'NONE',  ( -62.17522999999999911, 57.93121849778213317, 7.857046014671676737 ) ) ;
#4077 = EDGE_LOOP ( 'NONE', ( #2498, #2992, #23, #4156, #2474 ) ) ;
#4078 = EDGE_LOOP ( 'NONE', ( #2981, #6430, #4762, #2122 ) ) ;
#4079 = ADVANCED_FACE ( 'NONE', ( #5016 ), #8161, .F. ) ;
#4080 = ORIENTED_EDGE ( 'NONE', *, *, #5397, .F. ) ;
#4081 = CARTESIAN_POINT ( 'NONE',  ( -62.04582047744873563, -0.3996062992126024893, 7.374083101527144635 ) ) ;
#4082 = CARTESIAN_POINT ( 'NONE',  ( -62.46472958065329095, -4.214383444080608498, 8.808678525241306900 ) ) ;
#4083 = DATE_AND_TIME ( #6002, #3176 ) ;
#4084 = DIRECTION ( 'NONE',  ( -0.9704481013254743216, 0.000000000000000000, 0.2413099306571985514 ) ) ;
#4085 = ORIENTED_EDGE ( 'NONE', *, *, #1073, .F. ) ;
#4086 = DIRECTION ( 'NONE',  ( -0.000000000000000000, 1.000000000000000000, -0.000000000000000000 ) ) ;
#4087 = ORIENTED_EDGE ( 'NONE', *, *, #2198, .T. ) ;
#4088 = CARTESIAN_POINT ( 'NONE',  ( -61.90730276946889177, 57.93121849778213317, 6.898699440940924354 ) ) ;
#4089 = CIRCLE ( 'NONE', #8289, 0.4960629921259842590 ) ;
#4090 = DIRECTION ( 'NONE',  ( 0.000000000000000000, -1.000000000000000000, 0.000000000000000000 ) ) ;
#4091 = CARTESIAN_POINT ( 'NONE',  ( -62.70993149781265430, -0.4192913385826831929, 7.772537025020769264 ) ) ;
#4092 = ORIENTED_EDGE ( 'NONE', *, *, #7187, .T. ) ;
#4093 = FACE_OUTER_BOUND ( 'NONE', #3305, .T. ) ;
#4094 = VECTOR ( 'NONE', #3292, 39.37007874015748854 ) ;
#4095 = CARTESIAN_POINT ( 'NONE',  ( -62.40940876403725213, -5.958149606299221190, 7.415276497305457681 ) ) ;
#4096 = ORIENTED_EDGE ( 'NONE', *, *, #6717, .T. ) ;
#4097 = DIRECTION ( 'NONE',  ( -0.8568423215722213993, 0.000000000000000000, 0.5155785449014784749 ) ) ;
#4098 = ORIENTED_EDGE ( 'NONE', *, *, #1836, .T. ) ;
#4099 = DIRECTION ( 'NONE',  ( -0.000000000000000000, 1.000000000000000000, -0.000000000000000000 ) ) ;
#4100 = ADVANCED_FACE ( 'NONE', ( #6793 ), #2108, .F. ) ;
#4101 = CARTESIAN_POINT ( 'NONE',  ( -62.15695147066247017, -4.302276525531149254, 6.790064202605151422 ) ) ;
#4102 = CARTESIAN_POINT ( 'NONE',  ( -61.06273608398331731, -4.404960629921268911, 7.608133808477015592 ) ) ;
#4103 = CARTESIAN_POINT ( 'NONE',  ( -62.17522999977387599, -4.208110236220480971, 7.857046014748070739 ) ) ;
#4104 = CARTESIAN_POINT ( 'NONE',  ( -63.26801984113032518, -4.200250175610117154, 8.434666248213883222 ) ) ;
#4105 = B_SPLINE_CURVE_WITH_KNOTS ( 'NONE', 3,
 ( #6739, #1312, #136, #4113 ),
 .UNSPECIFIED., .F., .F.,
 ( 4, 4 ),
 ( 2.014298343916365667E-07, 0.0004597969392806263681 ),
 .UNSPECIFIED. ) ;
#4106 = VERTEX_POINT ( 'NONE', #2774 ) ;
#4107 = CARTESIAN_POINT ( 'NONE',  ( -62.17522999999999911, -0.3996062992126024893, 7.857046014671676737 ) ) ;
#4108 = ORIENTED_EDGE ( 'NONE', *, *, #1237, .F. ) ;
#4109 = DIRECTION ( 'NONE',  ( 0.2413099306572188962, 0.000000000000000000, -0.9704481013254692146 ) ) ;
#4110 = CARTESIAN_POINT ( 'NONE',  ( -62.17522999999999911, -1.267487984742363905, 7.857046014671676737 ) ) ;
#4111 = DIRECTION ( 'NONE',  ( 6.123233995736766036E-17, -1.000000000000000000, -0.000000000000000000 ) ) ;
#4112 = EDGE_LOOP ( 'NONE', ( #4930, #3315, #1014, #2492 ) ) ;
#4113 = CARTESIAN_POINT ( 'NONE',  ( -62.44072424263809751, -1.481336058263765798, 7.433356497305457111 ) ) ;
#4114 = DIRECTION ( 'NONE',  ( -0.000000000000000000, 1.000000000000000000, -0.000000000000000000 ) ) ;
#4115 = VERTEX_POINT ( 'NONE', #3711 ) ;
#4116 = ORIENTED_EDGE ( 'NONE', *, *, #3568, .F. ) ;
#4117 = EDGE_CURVE ( 'NONE', #1589, #6570, #7153, .T. ) ;
#4118 = CARTESIAN_POINT ( 'NONE',  ( -63.13667775571052232, -4.404960629921268911, 8.370527938356000064 ) ) ;
#4119 = DIRECTION ( 'NONE',  ( 0.8749252783170091696, 0.000000000000000000, 0.4842579450684355580 ) ) ;
#4120 = CARTESIAN_POINT ( 'NONE',  ( -62.41714526824424070, -4.245277145002505748, 8.854203371599554728 ) ) ;
#4121 = DIRECTION ( 'NONE',  ( -1.000000000000000000, 0.000000000000000000, 0.000000000000000000 ) ) ;
#4122 = DIRECTION ( 'NONE',  ( 0.000000000000000000, 0.000000000000000000, 1.000000000000000000 ) ) ;
#4123 = VERTEX_POINT ( 'NONE', #4367 ) ;
#4124 = CARTESIAN_POINT ( 'NONE',  ( -61.84843978029844180, -3.988504844567673402, 7.002118225392573336 ) ) ;
#4125 = AXIS2_PLACEMENT_3D ( 'NONE', #8672, #7316, #2659 ) ;
#4126 = EDGE_CURVE ( 'NONE', #2638, #8446, #3431, .T. ) ;
#4127 = DIRECTION ( 'NONE',  ( 0.000000000000000000, 0.000000000000000000, -1.000000000000000000 ) ) ;
#4128 = CARTESIAN_POINT ( 'NONE',  ( -62.17522999999999911, -5.958110236220478306, 7.857046014671676737 ) ) ;
#4129 = ORIENTED_EDGE ( 'NONE', *, *, #8335, .F. ) ;
#4130 = CARTESIAN_POINT ( 'NONE',  ( -61.73346048263378805, -5.958149606299221190, 7.622867250634420166 ) ) ;
#4131 = EDGE_CURVE ( 'NONE', #3806, #5046, #1041, .T. ) ;
#4132 = EDGE_CURVE ( 'NONE', #1767, #6652, #4011, .T. ) ;
#4133 = ADVANCED_FACE ( 'NONE', ( #2064 ), #871, .T. ) ;
#4134 = CIRCLE ( 'NONE', #366, 0.5413385826771592857 ) ;
#4135 = CARTESIAN_POINT ( 'NONE',  ( -63.09570231873434665, -4.031754725283417606, 7.316127711148806334 ) ) ;
#4136 = CIRCLE ( 'NONE', #368, 1.265984251797293236 ) ;
#4137 = ORIENTED_EDGE ( 'NONE', *, *, #3545, .F. ) ;
#4138 = CARTESIAN_POINT ( 'NONE',  ( -61.16822059174404558, -4.284794199887323352, 7.533800803788032852 ) ) ;
#4139 = ORIENTED_EDGE ( 'NONE', *, *, #1191, .F. ) ;
#4140 = CARTESIAN_POINT ( 'NONE',  ( -61.29375583882251988, -4.209697190732817340, 8.259293343917613939 ) ) ;
#4141 = DIRECTION ( 'NONE',  ( 0.7071067811865155983, 0.000000000000000000, 0.7071067811865794361 ) ) ;
#4142 = DIRECTION ( 'NONE',  ( 0.2588190451025564331, 0.000000000000000000, -0.9659258262890587643 ) ) ;
#4143 = ORIENTED_EDGE ( 'NONE', *, *, #2365, .F. ) ;
#4144 = CARTESIAN_POINT ( 'NONE',  ( -63.26659679136919578, -4.154964826692970625, 8.376569369583213742 ) ) ;
#4145 = ORIENTED_EDGE ( 'NONE', *, *, #4073, .F. ) ;
#4146 = CARTESIAN_POINT ( 'NONE',  ( -61.85689582463944447, -1.403543307086619674, 7.419198080004372642 ) ) ;
#4147 = VERTEX_POINT ( 'NONE', #1410 ) ;
#4148 = FACE_OUTER_BOUND ( 'NONE', #4699, .T. ) ;
#4149 = DIRECTION ( 'NONE',  ( -0.000000000000000000, 1.000000000000000000, -0.000000000000000000 ) ) ;
#4150 = CARTESIAN_POINT ( 'NONE',  ( -62.65819291314453920, -1.481336058263770905, 7.986455537222931333 ) ) ;
#4151 = EDGE_CURVE ( 'NONE', #7483, #7761, #1979, .T. ) ;
#4152 = EDGE_LOOP ( 'NONE', ( #2282, #1188, #2261, #1497 ) ) ;
#4153 = CARTESIAN_POINT ( 'NONE',  ( -61.20218798856467401, -4.214444128720915117, 7.652340065486054499 ) ) ;
#4154 = DIRECTION ( 'NONE',  ( 0.000000000000000000, 0.000000000000000000, -1.000000000000000000 ) ) ;
#4155 = AXIS2_PLACEMENT_3D ( 'NONE', #3420, #5253, #5912 ) ;
#4156 = ORIENTED_EDGE ( 'NONE', *, *, #1033, .F. ) ;
#4157 = AXIS2_PLACEMENT_3D ( 'NONE', #4552, #3107, #5115 ) ;
#4158 = CARTESIAN_POINT ( 'NONE',  ( -63.05154491456106314, -4.253190375690549807, 8.469575481430556607 ) ) ;
#4159 = DIRECTION ( 'NONE',  ( -0.000000000000000000, 1.000000000000000000, 1.982541115402063384E-16 ) ) ;
#4160 = CARTESIAN_POINT ( 'NONE',  ( -62.46666563552455642, -4.208110236220481859, 8.762629941514799015 ) ) ;
#4161 = DIRECTION ( 'NONE',  ( 0.2762435205281362771, 0.000000000000000000, -0.9610876741308366222 ) ) ;
#4162 = AXIS2_PLACEMENT_3D ( 'NONE', #2615, #7976, #5285 ) ;
#4163 = EDGE_CURVE ( 'NONE', #1294, #3466, #3096, .T. ) ;
#4164 = DIRECTION ( 'NONE',  ( 0.000000000000000000, 0.000000000000000000, -1.000000000000000000 ) ) ;
#4165 = VERTEX_POINT ( 'NONE', #800 ) ;
#4166 = DIRECTION ( 'NONE',  ( 0.8568423215722160702, 0.000000000000000000, 0.5155785449014874677 ) ) ;
#4167 = AXIS2_PLACEMENT_3D ( 'NONE', #6831, #4332, #8241 ) ;
#4168 = ORIENTED_EDGE ( 'NONE', *, *, #7948, .T. ) ;
#4169 = CARTESIAN_POINT ( 'NONE',  ( -62.46348939086423968, -4.243999677516732127, 9.078491956335883017 ) ) ;
#4170 = ORIENTED_EDGE ( 'NONE', *, *, #2712, .T. ) ;
#4171 = CARTESIAN_POINT ( 'NONE',  ( -62.79078906331154997, -4.294806932522575948, 7.490388360829394188 ) ) ;
#4172 = FACE_OUTER_BOUND ( 'NONE', #731, .T. ) ;
#4173 = DIRECTION ( 'NONE',  ( -0.000000000000000000, -1.000000000000000000, -0.000000000000000000 ) ) ;
#4174 = EDGE_CURVE ( 'NONE', #3994, #5530, #2307, .T. ) ;
#4175 = ADVANCED_FACE ( 'NONE', ( #4980 ), #6334, .F. ) ;
#4176 = ADVANCED_FACE ( 'NONE', ( #759 ), #4459, .F. ) ;
#4177 = LINE ( 'NONE', #8089, #2400 ) ;
#4178 = ORIENTED_EDGE ( 'NONE', *, *, #1771, .T. ) ;
#4179 = CARTESIAN_POINT ( 'NONE',  ( -61.21867839452735183, -4.218250182165914630, 7.612305935694354986 ) ) ;
#4180 = ORIENTED_EDGE ( 'NONE', *, *, #1561, .F. ) ;
#4181 = CARTESIAN_POINT ( 'NONE',  ( -62.17522999999999911, -1.267487984742363905, 7.857046014671676737 ) ) ;
#4182 = CARTESIAN_POINT ( 'NONE',  ( -62.26772934193439824, -4.217163321471221415, 6.857868520598289663 ) ) ;
#4183 = EDGE_CURVE ( 'NONE', #1888, #6041, #6598, .T. ) ;
#4184 = CARTESIAN_POINT ( 'NONE',  ( -61.95520965326391405, -1.267487984741781704, 8.351655464760568748 ) ) ;
#4185 = CARTESIAN_POINT ( 'NONE',  ( -62.36984293683018166, -4.208110236220480971, 8.374830034919913402 ) ) ;
#4186 = ORIENTED_EDGE ( 'NONE', *, *, #4297, .F. ) ;
#4187 = CARTESIAN_POINT ( 'NONE',  ( -61.69726238648821237, -1.481336058263765798, 8.003834844062215126 ) ) ;
#4188 = VERTEX_POINT ( 'NONE', #524 ) ;
#4189 = CARTESIAN_POINT ( 'NONE',  ( -61.75441941427810377, -0.4192913385826831929, 7.516508333879518666 ) ) ;
#4190 = EDGE_LOOP ( 'NONE', ( #1196, #6481, #4865, #6657 ) ) ;
#4191 = DIRECTION ( 'NONE',  ( 0.000000000000000000, 0.000000000000000000, -1.000000000000000000 ) ) ;
#4192 = CARTESIAN_POINT ( 'NONE',  ( -62.22597551286371242, -0.4126776965509266759, 7.324707495132604329 ) ) ;
#4193 = CARTESIAN_POINT ( 'NONE',  ( -62.06336904848807734, -0.3996062992126024893, 7.369719504488978501 ) ) ;
#4194 = B_SPLINE_CURVE_WITH_KNOTS ( 'NONE', 3,
 ( #7637, #1636, #3440, #4998 ),
 .UNSPECIFIED., .F., .F.,
 ( 4, 4 ),
 ( 2.372388754674148450E-06, 0.005608136317061023814 ),
 .UNSPECIFIED. ) ;
#4195 = ORIENTED_EDGE ( 'NONE', *, *, #7787, .F. ) ;
#4196 = CARTESIAN_POINT ( 'NONE',  ( -62.41998952811775325, -1.482581474689002254, 8.292959238708794700 ) ) ;
#4197 = CARTESIAN_POINT ( 'NONE',  ( -61.70664651719044258, -1.336377492739989181, 7.630052031020840175 ) ) ;
#4198 = CARTESIAN_POINT ( 'NONE',  ( -62.17522999999999911, -1.403543307086619674, 7.857046014671676737 ) ) ;
#4199 = VERTEX_POINT ( 'NONE', #1838 ) ;
#4200 = CARTESIAN_POINT ( 'NONE',  ( -62.94201218842964352, -4.208110236220480971, 8.406205604313351287 ) ) ;
#4201 = CARTESIAN_POINT ( 'NONE',  ( -62.67522999999999911, -5.958149606299221190, 7.857046014671673184 ) ) ;
#4202 = AXIS2_PLACEMENT_3D ( 'NONE', #7564, #4922, #3535 ) ;
#4203 = EDGE_CURVE ( 'NONE', #6788, #1265, #1472, .T. ) ;
#4204 = CARTESIAN_POINT ( 'NONE',  ( -62.60866393389425610, -0.4061132758059455838, 7.555185114460789109 ) ) ;
#4205 = VECTOR ( 'NONE', #8139, 39.37007874015748854 ) ;
#4206 = B_SPLINE_CURVE_WITH_KNOTS ( 'NONE', 3,
 ( #8100, #6597, #2084, #4756 ),
 .UNSPECIFIED., .F., .F.,
 ( 4, 4 ),
 ( 2.014298342818534470E-07, 0.0004597969392808001115 ),
 .UNSPECIFIED. ) ;
#4207 = CARTESIAN_POINT ( 'NONE',  ( -61.68273250261051999, -0.3996062992126024893, 7.685090688176894780 ) ) ;
#4208 = ORIENTED_EDGE ( 'NONE', *, *, #4242, .F. ) ;
#4209 = DIRECTION ( 'NONE',  ( 0.000000000000000000, 0.000000000000000000, -1.000000000000000000 ) ) ;
#4210 = CIRCLE ( 'NONE', #6449, 0.2362204724409451007 ) ;
#4211 = ORIENTED_EDGE ( 'NONE', *, *, #8157, .F. ) ;
#4212 = CARTESIAN_POINT ( 'NONE',  ( -61.69082173153444160, -1.482581474689023571, 7.980642919718093253 ) ) ;
#4213 = B_SPLINE_CURVE_WITH_KNOTS ( 'NONE', 3,
 ( #6042, #2633, #51, #2719 ),
 .UNSPECIFIED., .F., .F.,
 ( 4, 4 ),
 ( 1.452617291415574479E-16, 0.0008211405993301521726 ),
 .UNSPECIFIED. ) ;
#4214 = LINE ( 'NONE', #6934, #7622 ) ;
#4215 = DIRECTION ( 'NONE',  ( 0.000000000000000000, 0.000000000000000000, -1.000000000000000000 ) ) ;
#4216 = ORIENTED_EDGE ( 'NONE', *, *, #3109, .F. ) ;
#4217 = CARTESIAN_POINT ( 'NONE',  ( -62.17522999999999911, -5.958149606299221190, 8.357046014671675849 ) ) ;
#4218 = B_SPLINE_CURVE_WITH_KNOTS ( 'NONE', 3,
 ( #1685, #2469, #5130, #3655 ),
 .UNSPECIFIED., .F., .F.,
 ( 4, 4 ),
 ( 2.372388754633637406E-06, 0.005608136317045252575 ),
 .UNSPECIFIED. ) ;
#4219 = AXIS2_PLACEMENT_3D ( 'NONE', #6244, #6817, #3454 ) ;
#4220 = ORIENTED_EDGE ( 'NONE', *, *, #1030, .T. ) ;
#4221 = DIRECTION ( 'NONE',  ( -0.000000000000000000, 1.000000000000000000, -0.000000000000000000 ) ) ;
#4222 = ADVANCED_FACE ( 'NONE', ( #7886 ), #8423, .F. ) ;
#4223 = EDGE_LOOP ( 'NONE', ( #3497, #7058, #6016, #6119, #7796 ) ) ;
#4224 = CARTESIAN_POINT ( 'NONE',  ( -61.98251056680157234, -4.061054798214676076, 6.757828662675753328 ) ) ;
#4225 = EDGE_CURVE ( 'NONE', #8645, #7126, #6645, .T. ) ;
#4226 = CARTESIAN_POINT ( 'NONE',  ( -61.14537988139105096, -4.208110236220480971, 8.345931208611505170 ) ) ;
#4227 = ADVANCED_FACE ( 'NONE', ( #3320 ), #8622, .F. ) ;
#4228 = DIRECTION ( 'NONE',  ( -0.000000000000000000, -1.000000000000000000, -0.000000000000000000 ) ) ;
#4229 = B_SPLINE_CURVE_WITH_KNOTS ( 'NONE', 3,
 ( #1735, #1909, #5747, #4532 ),
 .UNSPECIFIED., .F., .F.,
 ( 4, 4 ),
 ( 7.376145397762520929E-17, 0.0008211405993300809406 ),
 .UNSPECIFIED. ) ;
#4230 = CARTESIAN_POINT ( 'NONE',  ( -63.25836515215287648, 57.93121849778213317, 8.337905717537260841 ) ) ;
#4231 = VECTOR ( 'NONE', #8547, 39.37007874015748143 ) ;
#4232 = CARTESIAN_POINT ( 'NONE',  ( -61.66991042462708350, -1.267487984741781704, 8.051209831692366592 ) ) ;
#4233 = ORIENTED_EDGE ( 'NONE', *, *, #8178, .T. ) ;
#4234 = CARTESIAN_POINT ( 'NONE',  ( -62.67490300667535763, -5.958149606299221190, 7.875126014671677055 ) ) ;
#4235 = ORIENTED_EDGE ( 'NONE', *, *, #6319, .T. ) ;
#4236 = CARTESIAN_POINT ( 'NONE',  ( -62.89733573071827522, -4.256680352360863395, 7.063043362442559037 ) ) ;
#4237 = DIRECTION ( 'NONE',  ( 0.000000000000000000, -1.000000000000000000, 0.000000000000000000 ) ) ;
#4238 = DIRECTION ( 'NONE',  ( -0.000000000000000000, 1.000000000000000000, -0.000000000000000000 ) ) ;
#4239 = CONICAL_SURFACE ( 'NONE', #474, 0.5216535433070783601, 0.7853981633974604915 ) ;
#4240 = AXIS2_PLACEMENT_3D ( 'NONE', #767, #5437, #4786 ) ;
#4241 = VERTEX_POINT ( 'NONE', #5368 ) ;
#4242 = EDGE_CURVE ( 'NONE', #8469, #3362, #5981, .T. ) ;
#4243 = DIRECTION ( 'NONE',  ( 1.000000000000000000, 6.123233995736766036E-17, 0.000000000000000000 ) ) ;
#4244 = DIRECTION ( 'NONE',  ( 0.000000000000000000, -1.000000000000000000, 0.000000000000000000 ) ) ;
#4245 = DIRECTION ( 'NONE',  ( 0.000000000000000000, 0.000000000000000000, -1.000000000000000000 ) ) ;
#4246 = EDGE_LOOP ( 'NONE', ( #4857, #5454, #4068, #3057, #2694 ) ) ;
#4247 = CARTESIAN_POINT ( 'NONE',  ( -62.94704125205773693, -5.958110236220480971, 7.018054124993710730 ) ) ;
#4248 = DIRECTION ( 'NONE',  ( 0.000000000000000000, 1.000000000000000000, 0.000000000000000000 ) ) ;
#4249 = DIRECTION ( 'NONE',  ( -0.7071067811865719976, 0.000000000000000000, -0.7071067811865230368 ) ) ;
#4250 = CARTESIAN_POINT ( 'NONE',  ( -62.06336904848807734, -0.3996062992126024893, 7.369719504488978501 ) ) ;
#4251 = ORIENTED_EDGE ( 'NONE', *, *, #4444, .T. ) ;
#4252 = ORIENTED_EDGE ( 'NONE', *, *, #6138, .T. ) ;
#4253 = CC_DESIGN_DATE_AND_TIME_ASSIGNMENT ( #4605, #7291, ( #6094 ) ) ;
#4254 = CARTESIAN_POINT ( 'NONE',  ( -62.12597933904437042, -5.958110236220478306, 8.850921021168250746 ) ) ;
#4255 = ORIENTED_EDGE ( 'NONE', *, *, #3838, .F. ) ;
#4256 = DIRECTION ( 'NONE',  ( 1.914987665046794350E-16, 1.000000000000000000, -5.131193983648295575E-17 ) ) ;
#4257 = CARTESIAN_POINT ( 'NONE',  ( -62.73787783032528864, -4.251793687198131444, 7.480510268584395384 ) ) ;
#4258 = DIRECTION ( 'NONE',  ( 0.000000000000000000, -1.000000000000000000, 0.000000000000000000 ) ) ;
#4259 = ORIENTED_EDGE ( 'NONE', *, *, #7066, .T. ) ;
#4260 = DIRECTION ( 'NONE',  ( -0.000000000000000000, 1.000000000000000000, -0.000000000000000000 ) ) ;
#4261 = EDGE_CURVE ( 'NONE', #5988, #5643, #503, .T. ) ;
#4262 = VECTOR ( 'NONE', #8030, 39.37007874015748143 ) ;
#4263 = EDGE_CURVE ( 'NONE', #5046, #5540, #8057, .T. ) ;
#4264 = ORIENTED_EDGE ( 'NONE', *, *, #2310, .T. ) ;
#4265 = DIRECTION ( 'NONE',  ( -0.000000000000000000, -1.000000000000000000, -0.000000000000000000 ) ) ;
#4266 = EDGE_LOOP ( 'NONE', ( #7202, #313, #8533, #4186, #4372 ) ) ;
#4267 = AXIS2_PLACEMENT_3D ( 'NONE', #2192, #7549, #4993 ) ;
#4268 = CARTESIAN_POINT ( 'NONE',  ( -61.23034910630916272, -4.234120806495075051, 8.295819595562219817 ) ) ;
#4269 = CARTESIAN_POINT ( 'NONE',  ( -61.38020213269656011, -4.208110236220480971, 7.946100437918881987 ) ) ;
#4270 = CARTESIAN_POINT ( 'NONE',  ( -61.38020213274774051, -4.404960629921268911, 7.946100437890495805 ) ) ;
#4271 = CARTESIAN_POINT ( 'NONE',  ( -62.40940876403725213, -0.3996062992126024893, 7.415276497305457681 ) ) ;
#4272 =( BOUNDED_SURFACE ( )  B_SPLINE_SURFACE ( 3, 2, ( 
 ( #3526, #1634, #4303 ),
 ( #2987, #5606, #8299 ),
 ( #5648, #4997, #809 ),
 ( #3483, #153, #3169 ),
 ( #5824, #1765, #2513 ),
 ( #1816, #4349, #5177 ),
 ( #6447, #4427, #7109 ),
 ( #3119, #8429, #1106 ),
 ( #1195, #5039, #7724 ),
 ( #3866, #1723, #5693 ),
 ( #6353, #3776, #455 ),
 ( #7817, #5780, #4383 ),
 ( #7061, #410, #2464 ),
 ( #7022, #7763, #1020 ),
 ( #1060, #3731, #7861 ),
 ( #5124, #4521, #6399 ),
 ( #7205, #3075, #8381 ),
 ( #8473, #4476, #5081 ) ),
 .UNSPECIFIED., .F., .F., .F. ) 
 B_SPLINE_SURFACE_WITH_KNOTS ( ( 4, 2, 2, 2, 2, 2, 2, 2, 4 ),
 ( 3, 3 ),
 ( 0.000000000000000000, 0.0001826799213424790797, 0.0003653598426849581594, 0.0005480397640274371849, 0.0007307196853699163188, 0.0009133996067123953443, 0.001096079528054874370, 0.001278759449397353504, 0.001461439370739832638 ),
 ( 0.000000000000000000, 1.000000000000000000 ),
 .UNSPECIFIED. ) 
 GEOMETRIC_REPRESENTATION_ITEM ( )  RATIONAL_B_SPLINE_SURFACE ( (
 ( 1.000000000000000000, 0.9077309138922401432, 1.000000000000000000),
 ( 1.000000000000000000, 0.9077313985492931891, 1.000000000000000000),
 ( 1.000000000000000000, 0.9090499560923726019, 1.000000000000000000),
 ( 1.000000000000000000, 0.9140299215350777828, 1.000000000000000000),
 ( 1.000000000000000000, 0.9177545019833364126, 1.000000000000000000),
 ( 1.000000000000000000, 0.9267632205415781144, 1.000000000000000000),
 ( 1.000000000000000000, 0.9320524481500140901, 1.000000000000000000),
 ( 1.000000000000000000, 0.9435597176586485446, 1.000000000000000000),
 ( 1.000000000000000000, 0.9496014803705584706, 1.000000000000000000),
 ( 1.000000000000000000, 0.9615176567838202848, 1.000000000000000000),
 ( 1.000000000000000000, 0.9674521050845460435, 1.000000000000000000),
 ( 1.000000000000000000, 0.9781888576756904152, 1.000000000000000000),
 ( 1.000000000000000000, 0.9830256174939990821, 1.000000000000000000),
 ( 1.000000000000000000, 0.9911566989106139758, 1.000000000000000000),
 ( 1.000000000000000000, 0.9944235497329777518, 1.000000000000000000),
 ( 1.000000000000000000, 0.9988256192742964723, 1.000000000000000000),
 ( 1.000000000000000000, 0.9999998433028209899, 1.000000000000000000),
 ( 1.000000000000000000, 1.000000000000000000, 1.000000000000000000) ) ) 
 REPRESENTATION_ITEM ( '' )  SURFACE ( )  );
#4273 = CIRCLE ( 'NONE', #3993, 0.5039999999631777916 ) ;
#4274 = DIRECTION ( 'NONE',  ( -1.843389172962553240E-13, 0.000000000000000000, -1.000000000000000000 ) ) ;
#4275 = ORIENTED_EDGE ( 'NONE', *, *, #7344, .F. ) ;
#4276 = DIRECTION ( 'NONE',  ( 0.000000000000000000, 0.000000000000000000, -1.000000000000000000 ) ) ;
#4277 = VERTEX_POINT ( 'NONE', #32 ) ;
#4278 = CARTESIAN_POINT ( 'NONE',  ( -62.91080467512389163, -4.274808227529551807, 7.050783252512113464 ) ) ;
#4279 = CARTESIAN_POINT ( 'NONE',  ( -62.99224359984147981, -4.351317466150355528, 7.144129142765478946 ) ) ;
#4280 = DIRECTION ( 'NONE',  ( 0.000000000000000000, 0.000000000000000000, -1.000000000000000000 ) ) ;
#4281 = ORIENTED_EDGE ( 'NONE', *, *, #5695, .F. ) ;
#4282 = DIRECTION ( 'NONE',  ( 0.000000000000000000, 0.000000000000000000, -1.000000000000000000 ) ) ;
#4283 = PLANE ( 'NONE',  #2505 ) ;
#4284 = CARTESIAN_POINT ( 'NONE',  ( -62.58753267331361769, -0.4126776965509283412, 8.197583695463832143 ) ) ;
#4285 = ADVANCED_FACE ( 'NONE', ( #2611 ), #740, .F. ) ;
#4286 = VERTEX_POINT ( 'NONE', #5322 ) ;
#4287 = CARTESIAN_POINT ( 'NONE',  ( -62.17522999999999911, -1.403543307086619674, 7.857046014671676737 ) ) ;
#4288 = EDGE_CURVE ( 'NONE', #2342, #1167, #4665, .T. ) ;
#4289 = CARTESIAN_POINT ( 'NONE',  ( -62.52878339059327573, -1.481336058263770905, 8.210599405264941808 ) ) ;
#4290 = EDGE_CURVE ( 'NONE', #8112, #3091, #7356, .T. ) ;
#4291 = DIRECTION ( 'NONE',  ( 1.000000000000000000, 0.000000000000000000, 0.000000000000000000 ) ) ;
#4292 = VECTOR ( 'NONE', #1238, 39.37007874015748143 ) ;
#4293 = VECTOR ( 'NONE', #1398, 39.37007874015748143 ) ;
#4294 = EDGE_CURVE ( 'NONE', #6114, #6706, #2588, .T. ) ;
#4295 = EDGE_LOOP ( 'NONE', ( #7918, #6754, #703, #6604 ) ) ;
#4296 = CARTESIAN_POINT ( 'NONE',  ( -61.70539090245289060, -0.3996062992126024893, 8.083703557367577730 ) ) ;
#4297 = EDGE_CURVE ( 'NONE', #3023, #416, #75, .T. ) ;
#4299 = EDGE_CURVE ( 'NONE', #2660, #6098, #1776, .T. ) ;
#4298 = VERTEX_POINT ( 'NONE', #8534 ) ;
#4300 = CARTESIAN_POINT ( 'NONE',  ( -61.82167660940673670, -1.481336058263770905, 8.210599405264959572 ) ) ;
#4301 = CARTESIAN_POINT ( 'NONE',  ( -62.77261645298773374, -4.276693375059506863, 7.487083720025881739 ) ) ;
#4302 = AXIS2_PLACEMENT_3D ( 'NONE', #3036, #8484, #2473 ) ;
#4303 = CARTESIAN_POINT ( 'NONE',  ( -61.06273608398331731, -4.404960629921268911, 7.608133808477016480 ) ) ;
#4304 = CARTESIAN_POINT ( 'NONE',  ( -62.67522999999999911, -0.3996062992126024893, 7.857046014671673184 ) ) ;
#4305 = B_SPLINE_CURVE_WITH_KNOTS ( 'NONE', 3,
 ( #5420, #4765, #43, #1311 ),
 .UNSPECIFIED., .F., .F.,
 ( 4, 4 ),
 ( 5.551115123125782702E-17, 0.003044469776901322089 ),
 .UNSPECIFIED. ) ;
#4306 = B_SPLINE_CURVE_WITH_KNOTS ( 'NONE', 3,
 ( #2138, #7531, #4935, #215 ),
 .UNSPECIFIED., .F., .F.,
 ( 4, 4 ),
 ( 2.372388754674158191E-06, 0.005608136317061085396 ),
 .UNSPECIFIED. ) ;
#4307 = VECTOR ( 'NONE', #4721, 39.37007874015748143 ) ;
#4308 = VECTOR ( 'NONE', #4962, 39.37007874015748854 ) ;
#4309 = ORIENTED_EDGE ( 'NONE', *, *, #8096, .T. ) ;
#4310 = CARTESIAN_POINT ( 'NONE',  ( -62.15714999999999435, -1.481336058263765798, 7.357373007996311998 ) ) ;
#4311 = EDGE_CURVE ( 'NONE', #4066, #2396, #8478, .T. ) ;
#4312 = ORIENTED_EDGE ( 'NONE', *, *, #5462, .T. ) ;
#4313 = CARTESIAN_POINT ( 'NONE',  ( -61.91152999527633227, -4.005612544341407677, 6.887661285080060480 ) ) ;
#4314 = CARTESIAN_POINT ( 'NONE',  ( -62.17523000002436362, -4.208110236220480971, 7.857046014726967620 ) ) ;
#4315 = B_SPLINE_CURVE_WITH_KNOTS ( 'NONE', 3,
 ( #8262, #4313, #1556, #8220, #7600, #2867, #4882, #4224, #336, #2206, #5575, #8305 ),
 .UNSPECIFIED., .F., .F.,
 ( 4, 2, 2, 2, 2, 4 ),
 ( 0.002464647260626242741, 0.003388321838459235763, 0.004311996416292228351, 0.006159345571957859644, 0.008006694727623490937, 0.009854043883289120495 ),
 .UNSPECIFIED. ) ;
#4316 = DIRECTION ( 'NONE',  ( 0.000000000000000000, 0.000000000000000000, -1.000000000000000000 ) ) ;
#4317 = ADVANCED_FACE ( 'NONE', ( #3129 ), #7824, .T. ) ;
#4318 = CARTESIAN_POINT ( 'NONE',  ( -62.61307793466730232, -0.4192913385826831929, 7.538711839311114105 ) ) ;
#4319 = AXIS2_PLACEMENT_3D ( 'NONE', #5080, #2180, #6337 ) ;
#4320 = B_SPLINE_CURVE_WITH_KNOTS ( 'NONE', 3,
 ( #6868, #4979, #177, #1003 ),
 .UNSPECIFIED., .F., .F.,
 ( 4, 4 ),
 ( 2.372388754672466667E-06, 0.005608136317045288137 ),
 .UNSPECIFIED. ) ;
#4321 = CARTESIAN_POINT ( 'NONE',  ( -62.39525034673615522, -1.267487984742363905, 8.351655464760350256 ) ) ;
#4322 = AXIS2_PLACEMENT_3D ( 'NONE', #5934, #2609, #7971 ) ;
#4323 = VERTEX_POINT ( 'NONE', #7259 ) ;
#4324 = DIRECTION ( 'NONE',  ( -0.000000000000000000, 1.000000000000000000, 1.982541115402063384E-16 ) ) ;
#4325 = VERTEX_POINT ( 'NONE', #7167 ) ;
#4326 = CARTESIAN_POINT ( 'NONE',  ( -62.83903472230568354, -4.214445300688525187, 7.116716947632446555 ) ) ;
#4327 = CARTESIAN_POINT ( 'NONE',  ( -62.98802722622723849, -4.338247612996160463, 7.144462075877529017 ) ) ;
#4328 = CARTESIAN_POINT ( 'NONE',  ( -62.17522999989427035, -4.208110236220480971, 7.857046014882461016 ) ) ;
#4329 = DIRECTION ( 'NONE',  ( 0.000000000000000000, 1.000000000000000000, 0.000000000000000000 ) ) ;
#4330 = ORIENTED_EDGE ( 'NONE', *, *, #7673, .T. ) ;
#4331 = LINE ( 'NONE', #8281, #6276 ) ;
#4332 = DIRECTION ( 'NONE',  ( -6.123233995736766036E-17, 1.000000000000000000, -0.000000000000000000 ) ) ;
#4333 = ORIENTED_EDGE ( 'NONE', *, *, #1165, .T. ) ;
#4334 = EDGE_CURVE ( 'NONE', #8603, #7015, #7365, .T. ) ;
#4335 = CARTESIAN_POINT ( 'NONE',  ( -61.74221729810778214, -5.958149606299221190, 8.107046014671675849 ) ) ;
#4336 = EDGE_CURVE ( 'NONE', #6510, #6443, #6085, .T. ) ;
#4337 = DIRECTION ( 'NONE',  ( 0.000000000000000000, 1.000000000000000000, 0.000000000000000000 ) ) ;
#4338 = B_SPLINE_CURVE_WITH_KNOTS ( 'NONE', 3,
 ( #558, #3225, #6412, #5886 ),
 .UNSPECIFIED., .F., .F.,
 ( 4, 4 ),
 ( 2.514331927660294784E-16, 0.0008211405993300786637 ),
 .UNSPECIFIED. ) ;
#4339 = CIRCLE ( 'NONE', #6856, 0.3937007874015751585 ) ;
#4340 = FACE_OUTER_BOUND ( 'NONE', #1137, .T. ) ;
#4341 = CARTESIAN_POINT ( 'NONE',  ( -63.08024641469577887, -4.015221814623417984, 7.359866912536960903 ) ) ;
#4342 = ORIENTED_EDGE ( 'NONE', *, *, #4742, .F. ) ;
#4343 = AXIS2_PLACEMENT_3D ( 'NONE', #2380, #5091, #4316 ) ;
#4344 = CARTESIAN_POINT ( 'NONE',  ( -62.66255651018270356, -5.958149606299221190, 7.968906966183590512 ) ) ;
#4345 = ORIENTED_EDGE ( 'NONE', *, *, #1392, .F. ) ;
#4346 = CARTESIAN_POINT ( 'NONE',  ( -61.83469231920783926, -0.4192913385826831929, 8.277856600393581843 ) ) ;
#4347 = CARTESIAN_POINT ( 'NONE',  ( -61.92523000000000621, -5.958149606299221190, 8.290058716563899921 ) ) ;
#4348 = AXIS2_PLACEMENT_3D ( 'NONE', #1875, #3088, #7035 ) ;
#4349 = CARTESIAN_POINT ( 'NONE',  ( -61.10372479345605257, -4.301422018549449611, 7.553587213021416780 ) ) ;
#4350 = LINE ( 'NONE', #1768, #3245 ) ;
#4351 = VECTOR ( 'NONE', #5825, 39.37007874015748143 ) ;
#4352 = ORIENTED_EDGE ( 'NONE', *, *, #6457, .F. ) ;
#4353 = LINE ( 'NONE', #5181, #2918 ) ;
#4354 = ORIENTED_EDGE ( 'NONE', *, *, #1726, .T. ) ;
#4355 = DIRECTION ( 'NONE',  ( 0.000000000000000000, 0.000000000000000000, -1.000000000000000000 ) ) ;
#4356 = CARTESIAN_POINT ( 'NONE',  ( -62.25908030674813887, -4.208110236220481859, 6.909424727047729142 ) ) ;
#4357 = DIRECTION ( 'NONE',  ( -1.401868266681933300E-16, 1.000000000000000000, -1.401868266681948091E-16 ) ) ;
#4358 = DIRECTION ( 'NONE',  ( 0.7197777434736331026, 0.000000000000000000, -0.6942045807973357130 ) ) ;
#4359 = DIRECTION ( 'NONE',  ( 1.982541115402063138E-16, 1.000000000000000000, 2.076601592374666518E-30 ) ) ;
#4360 = ORIENTED_EDGE ( 'NONE', *, *, #5323, .T. ) ;
#4361 = DIRECTION ( 'NONE',  ( 0.2588190451024963146, 0.000000000000000000, -0.9659258262890748625 ) ) ;
#4362 = ORIENTED_EDGE ( 'NONE', *, *, #124, .F. ) ;
#4363 = CARTESIAN_POINT ( 'NONE',  ( -62.92763153588821723, -4.306320303744180400, 7.035540169601086191 ) ) ;
#4364 = CARTESIAN_POINT ( 'NONE',  ( -62.88527349210158235, -4.226216439431799365, 7.150378155372913547 ) ) ;
#4365 = AXIS2_PLACEMENT_3D ( 'NONE', #2006, #4757, #3977 ) ;
#4366 = DIRECTION ( 'NONE',  ( 0.000000000000000000, 1.000000000000000000, 0.000000000000000000 ) ) ;
#4367 = CARTESIAN_POINT ( 'NONE',  ( -62.36939381702049445, -1.267487984742363905, 7.351726439298875704 ) ) ;
#4368 = ORIENTED_EDGE ( 'NONE', *, *, #5175, .F. ) ;
#4369 = CARTESIAN_POINT ( 'NONE',  ( -62.17522999989427035, -5.958110236220480971, 7.857046014882461016 ) ) ;
#4370 = CARTESIAN_POINT ( 'NONE',  ( -62.67522999999999911, -5.958149606299221190, 7.857046014671673184 ) ) ;
#4371 = DIRECTION ( 'NONE',  ( 0.9610876741308356230, 0.000000000000000000, 0.2762435205281396078 ) ) ;
#4372 = ORIENTED_EDGE ( 'NONE', *, *, #3589, .F. ) ;
#4373 = CARTESIAN_POINT ( 'NONE',  ( -62.51576768079215896, -0.3996062992126024893, 7.461879584916404795 ) ) ;
#4374 = CARTESIAN_POINT ( 'NONE',  ( -61.92523000000000621, -0.3996062992126024893, 8.290058716563899921 ) ) ;
#4375 = AXIS2_PLACEMENT_3D ( 'NONE', #3143, #5101, #7792 ) ;
#4376 = CARTESIAN_POINT ( 'NONE',  ( -62.17522999999999911, -1.267487984742363905, 7.857046014671676737 ) ) ;
#4377 = CARTESIAN_POINT ( 'NONE',  ( -61.98106618297951798, -0.4192913385826831929, 8.362365590044483099 ) ) ;
#4378 = ORIENTED_EDGE ( 'NONE', *, *, #2954, .T. ) ;
#4379 = CARTESIAN_POINT ( 'NONE',  ( -62.89677961600493461, -4.404960629921268911, 8.061658211741868030 ) ) ;
#4380 = ORIENTED_EDGE ( 'NONE', *, *, #6076, .F. ) ;
#4381 = CARTESIAN_POINT ( 'NONE',  ( -62.69453219173228575, -1.336377492739993622, 7.819336829614742967 ) ) ;
#4382 = FACE_OUTER_BOUND ( 'NONE', #4077, .T. ) ;
#4383 = CARTESIAN_POINT ( 'NONE',  ( -61.16064874887857883, -4.231819538507749279, 7.639445753121590243 ) ) ;
#4384 = DIRECTION ( 'NONE',  ( 0.000000000000000000, -1.000000000000000000, 0.000000000000000000 ) ) ;
#4385 = ORIENTED_EDGE ( 'NONE', *, *, #2487, .T. ) ;
#4386 = CARTESIAN_POINT ( 'NONE',  ( -62.64506909754710762, -0.3996062992126024893, 7.630388471975769527 ) ) ;
#4387 = EDGE_CURVE ( 'NONE', #3348, #2653, #7491, .T. ) ;
#4388 = ORIENTED_EDGE ( 'NONE', *, *, #5884, .T. ) ;
#4389 = DIRECTION ( 'NONE',  ( 6.123233995736766036E-17, -1.000000000000000000, -0.000000000000000000 ) ) ;
#4390 = CARTESIAN_POINT ( 'NONE',  ( -62.38111527656378996, -4.404960629921268911, 8.927399566342559822 ) ) ;
#4391 = LINE ( 'NONE', #3739, #5596 ) ;
#4392 = EDGE_CURVE ( 'NONE', #7374, #1009, #5889, .T. ) ;
#4393 = CARTESIAN_POINT ( 'NONE',  ( -61.16151989019310520, -4.072612487624598820, 7.354917658051532747 ) ) ;
#4394 = EDGE_CURVE ( 'NONE', #4722, #1759, #2518, .T. ) ;
#4395 = CARTESIAN_POINT ( 'NONE',  ( -61.62161033064386118, -4.208110236220480971, 7.732968156913547553 ) ) ;
#4396 = CARTESIAN_POINT ( 'NONE',  ( -63.11811521567245364, -4.185417828549254260, 7.070252923562247993 ) ) ;
#4397 = ORIENTED_EDGE ( 'NONE', *, *, #2887, .T. ) ;
#4398 = CARTESIAN_POINT ( 'NONE',  ( -62.66983945008867352, -0.4192913385826831929, 7.637025667935508189 ) ) ;
#4399 = VERTEX_POINT ( 'NONE', #3958 ) ;
#4400 = CARTESIAN_POINT ( 'NONE',  ( -62.02623424794784768, -4.294806932550531364, 7.156224310022509805 ) ) ;
#4401 = EDGE_CURVE ( 'NONE', #8291, #4484, #358, .T. ) ;
#4402 = CARTESIAN_POINT ( 'NONE',  ( -63.00123887402200040, -4.217163321469796777, 8.393522735919718869 ) ) ;
#4403 = CARTESIAN_POINT ( 'NONE',  ( -61.63725583125381746, -4.404960629921268911, 8.379620213774657600 ) ) ;
#4404 = AXIS2_PLACEMENT_3D ( 'NONE', #2046, #699, #4626 ) ;
#4405 = CARTESIAN_POINT ( 'NONE',  ( -62.69545136551489861, -0.3996062992126024893, 7.895674373511218924 ) ) ;
#4406 = CARTESIAN_POINT ( 'NONE',  ( -61.28633384842409981, -4.231819538504348444, 8.336632507251865221 ) ) ;
#4407 = VERTEX_POINT ( 'NONE', #8573 ) ;
#4408 = FACE_OUTER_BOUND ( 'NONE', #7390, .T. ) ;
#4409 = B_SPLINE_CURVE_WITH_KNOTS ( 'NONE', 3,
 ( #8099, #6063, #4755, #1339, #7443, #4012, #1429, #3239, #8587, #2568, #5237, #7921 ),
 .UNSPECIFIED., .F., .F.,
 ( 4, 2, 2, 2, 2, 4 ),
 ( 0.005979587630453466092, 0.007103983693332770882, 0.008228379756212076540, 0.009352775819091380463, 0.009914973850531035027, 0.01047717188197068786 ),
 .UNSPECIFIED. ) ;
#4410 = ORIENTED_EDGE ( 'NONE', *, *, #6342, .T. ) ;
#4411 = LINE ( 'NONE', #3762, #8238 ) ;
#4412 = ORIENTED_EDGE ( 'NONE', *, *, #1430, .F. ) ;
#4413 = CARTESIAN_POINT ( 'NONE',  ( -62.60824270189221608, -5.958149606299221190, 7.607046014671670520 ) ) ;
#4414 = CARTESIAN_POINT ( 'NONE',  ( -61.80912333800013414, -5.958149606299221190, 7.516508333879509784 ) ) ;
#4415 = B_SPLINE_CURVE_WITH_KNOTS ( 'NONE', 3,
 ( #1542, #6882, #1012, #2319 ),
 .UNSPECIFIED., .F., .F.,
 ( 4, 4 ),
 ( 2.372388754633647994E-06, 0.005608136317045249973 ),
 .UNSPECIFIED. ) ;
#4416 = EDGE_CURVE ( 'NONE', #1454, #8061, #2556, .T. ) ;
#4417 = CARTESIAN_POINT ( 'NONE',  ( -62.29290670523388229, -1.482582146657613231, 8.342926389687077560 ) ) ;
#4418 = CLOSED_SHELL ( 'NONE', ( #5894, #1478, #1843, #8063, #4493, #5241, #8024, #7566, #175, #2743, #3870, #4582, #2402, #5200, #6612, #1499, #5308, #903, #8420, #1886, #8003, #1942, #1347, #6484, #11, #7801, #2525, #8158, #1658, #1985, #3588, #8574, #1199, #5992, #3500, #6371, #3418, #7857, #8583, #4867, #1865, #6881, #5669, #2260, #2406, #7940, #8471, #4133, #5576, #2845, #6100, #8545, #3965, #1721, #666, #6904, #5034, #6755, #4654, #4510, #8467, #2360, #569, #4685, #7638, #8502, #6415, #3619, #7913, #1498, #7562, #501, #4227, #7278, #3400, #3651, #8315, #4100, #706, #2356, #2691, #3398, #6857, #2764, #7339, #5994, #7879, #6102, #390, #3161, #4813, #199, #1593, #5672, #6435, #7159, #7032, #7381, #3760, #7189, #5617, #6360, #158, #1674, #6633, #3753, #8104, #7025, #6762, #5768, #6326, #20, #5210, #4052, #4847, #3113, #6110, #3916, #5412, #488, #2849, #2224, #5888, #4176, #7878, #4822, #2479, #5673, #6594, #2986, #828, #86, #6259, #2091, #1862, #2362, #2575, #5222, #291, #2529, #7455, #753, #4574, #4222, #2069, #4723, #8591, #4071, #670, #7216, #58, #1810, #3388, #6116, #1447, #2673, #4819, #6602, #6646, #6132, #220, #263, #2114, #4317, #5863, #7296, #7384, #2893, #659, #2940, #735, #5846, #4543, #4036, #3964, #2421, #168, #4079, #5202, #6210, #840, #1102, #930, #547, #3818, #5657, #6370, #2470, #5208, #7133, #5480, #2788, #2279, #219, #7413, #932, #1574, #6269, #1307, #2655, #1366, #3777, #8186, #583, #3321, #8634, #125, #2600, #3174, #6367, #2580, #7247, #2976, #6262, #2564, #2902, #6494, #4175, #4818, #3628, #4285, #2404, #1406, #4494, #7042, #3904, #3553, #6506, #6419, #6869, #6751, #7162, #8045, #2676, #5640, #6972, #717, #7934, #7895, #2383, #6530, #3694 ) ) ;
#4419 = ORIENTED_EDGE ( 'NONE', *, *, #7668, .F. ) ;
#4420 = CARTESIAN_POINT ( 'NONE',  ( -61.96213028678563717, -3.984220850775643363, 8.710611244602718628 ) ) ;
#4421 = VERTEX_POINT ( 'NONE', #6453 ) ;
#4422 = DIRECTION ( 'NONE',  ( 0.000000000000000000, 1.000000000000000000, 0.000000000000000000 ) ) ;
#4423 = B_SPLINE_CURVE_WITH_KNOTS ( 'NONE', 3,
 ( #6006, #1365, #5917, #2553 ),
 .UNSPECIFIED., .F., .F.,
 ( 4, 4 ),
 ( 2.372388754694069395E-06, 0.005608136317061055906 ),
 .UNSPECIFIED. ) ;
#4424 = VERTEX_POINT ( 'NONE', #4569 ) ;
#4425 = LINE ( 'NONE', #8607, #7357 ) ;
#4426 = DIRECTION ( 'NONE',  ( 1.000000000000000000, 6.123233995736766036E-17, 0.000000000000000000 ) ) ;
#4427 = CARTESIAN_POINT ( 'NONE',  ( -61.11064703350883320, -4.289459419005624774, 7.558804656102877217 ) ) ;
#4428 = ORIENTED_EDGE ( 'NONE', *, *, #7713, .T. ) ;
#4429 = CARTESIAN_POINT ( 'NONE',  ( -61.43256702895993726, -4.015513516369671798, 8.574014116830726451 ) ) ;
#4430 = VECTOR ( 'NONE', #6476, 39.37007874015748143 ) ;
#4431 = EDGE_LOOP ( 'NONE', ( #275, #877, #3778, #2424 ) ) ;
#4432 = DIRECTION ( 'NONE',  ( 6.123233995736766036E-17, -1.000000000000000000, -0.000000000000000000 ) ) ;
#4433 = AXIS2_PLACEMENT_3D ( 'NONE', #6910, #2266, #4892 ) ;
#4434 = ORIENTED_EDGE ( 'NONE', *, *, #2256, .T. ) ;
#4435 = CARTESIAN_POINT ( 'NONE',  ( -60.97329708806106652, -4.243999679683902571, 7.495963001768553902 ) ) ;
#4436 = CARTESIAN_POINT ( 'NONE',  ( -62.67522999999999911, -0.3996062992126024893, 7.857046014671673184 ) ) ;
#4437 = ORIENTED_EDGE ( 'NONE', *, *, #56, .F. ) ;
#4438 = EDGE_CURVE ( 'NONE', #2910, #4277, #6933, .T. ) ;
#4439 = DIRECTION ( 'NONE',  ( 0.000000000000000000, 0.000000000000000000, -1.000000000000000000 ) ) ;
#4440 = LINE ( 'NONE', #7691, #720 ) ;
#4441 = DIRECTION ( 'NONE',  ( 1.000000000000000000, 0.000000000000000000, 0.000000000000000000 ) ) ;
#4442 = CARTESIAN_POINT ( 'NONE',  ( -61.55398625822552106, -4.282455868797234722, 7.518632227060968454 ) ) ;
#4443 = EDGE_CURVE ( 'NONE', #6500, #3540, #2169, .T. ) ;
#4444 = EDGE_CURVE ( 'NONE', #2536, #2709, #1112, .T. ) ;
#4445 = CONICAL_SURFACE ( 'NONE', #5979, 0.5216535433070783601, 0.7853981633974604915 ) ;
#4446 = CIRCLE ( 'NONE', #6681, 0.9152559055118133502 ) ;
#4447 = CARTESIAN_POINT ( 'NONE',  ( -62.17522999999999911, -0.4192913385826831929, 7.857046014671676737 ) ) ;
#4448 = EDGE_LOOP ( 'NONE', ( #4031, #6198, #1915, #1775, #1309 ) ) ;
#4449 = CARTESIAN_POINT ( 'NONE',  ( -63.04305864619328048, -3.993685432363636156, 7.438263950574945049 ) ) ;
#4450 = EDGE_CURVE ( 'NONE', #5505, #7516, #6948, .T. ) ;
#4451 = ORIENTED_EDGE ( 'NONE', *, *, #1726, .F. ) ;
#4452 = CARTESIAN_POINT ( 'NONE',  ( -62.92208419382784967, -4.248409013188030769, 7.148746419215358472 ) ) ;
#4453 = TOROIDAL_SURFACE ( 'NONE', #5560, 0.9446850393700801929, 0.3937007874015748254 ) ;
#4454 = CARTESIAN_POINT ( 'NONE',  ( -62.28709095151192798, -1.481336058263765798, 8.344372524854374973 ) ) ;
#4455 = AXIS2_PLACEMENT_3D ( 'NONE', #5262, #3220, #6711 ) ;
#4456 = DIRECTION ( 'NONE',  ( -0.000000000000000000, 1.000000000000000000, 1.982541115402063384E-16 ) ) ;
#4457 = EDGE_CURVE ( 'NONE', #5614, #5916, #7914, .T. ) ;
#4458 = CIRCLE ( 'NONE', #6195, 0.5413385826771592857 ) ;
#4459 = CYLINDRICAL_SURFACE ( 'NONE', #5329, 0.3937007874015751585 ) ;
#4460 = ORIENTED_EDGE ( 'NONE', *, *, #4033, .F. ) ;
#4461 = LINE ( 'NONE', #1705, #4832 ) ;
#4462 = EDGE_LOOP ( 'NONE', ( #4145, #1488, #6684, #5275 ) ) ;
#4463 = CYLINDRICAL_SURFACE ( 'NONE', #3051, 0.5039999999551352250 ) ;
#4464 = ORIENTED_EDGE ( 'NONE', *, *, #551, .T. ) ;
#4465 = LINE ( 'NONE', #485, #286 ) ;
#4466 = CARTESIAN_POINT ( 'NONE',  ( -62.17522999999999911, -0.3996062992126024893, 7.857046014671676737 ) ) ;
#4467 = AXIS2_PLACEMENT_3D ( 'NONE', #5861, #8411, #1093 ) ;
#4468 = PLANE ( 'NONE',  #7925 ) ;
#4469 = CARTESIAN_POINT ( 'NONE',  ( -62.04569352754232625, -3.988504844567673402, 8.763088880587783791 ) ) ;
#4470 = ORIENTED_EDGE ( 'NONE', *, *, #3413, .F. ) ;
#4471 = CYLINDRICAL_SURFACE ( 'NONE', #3034, 0.2755905511811025943 ) ;
#4472 = EDGE_CURVE ( 'NONE', #1143, #4325, #6101, .T. ) ;
#4473 = VERTEX_POINT ( 'NONE', #6050 ) ;
#4474 = CARTESIAN_POINT ( 'NONE',  ( -62.07789893236579104, -0.3996062992126024893, 8.369539021958621205 ) ) ;
#4475 = DIRECTION ( 'NONE',  ( 0.000000000000000000, 0.000000000000000000, -1.000000000000000000 ) ) ;
#4476 = CARTESIAN_POINT ( 'NONE',  ( -61.25136930826641901, -4.208110236220480971, 7.667276149373861927 ) ) ;
#4477 = CARTESIAN_POINT ( 'NONE',  ( -61.38020213274774051, -4.208110236220480971, 7.946100437890495805 ) ) ;
#4478 = VERTEX_POINT ( 'NONE', #4695 ) ;
#4479 = B_SPLINE_CURVE_WITH_KNOTS ( 'NONE', 3,
 ( #352, #3014, #1579, #885 ),
 .UNSPECIFIED., .F., .F.,
 ( 4, 4 ),
 ( 0.000000000000000000, 0.0008211405993301759167 ),
 .UNSPECIFIED. ) ;
#4480 = LINE ( 'NONE', #7728, #6830 ) ;
#4481 = ORIENTED_EDGE ( 'NONE', *, *, #8322, .F. ) ;
#4482 = DIRECTION ( 'NONE',  ( 0.7071067811865645591, 0.000000000000000000, 0.7071067811865304753 ) ) ;
#4483 = DIRECTION ( 'NONE',  ( -0.9998364899699180297, 0.000000000000000000, 0.01808295674479139248 ) ) ;
#4484 = VERTEX_POINT ( 'NONE', #4745 ) ;
#4485 = DIRECTION ( 'NONE',  ( 0.000000000000000000, 0.000000000000000000, 1.000000000000000000 ) ) ;
#4486 = VECTOR ( 'NONE', #4357, 39.37007874015748143 ) ;
#4487 = CARTESIAN_POINT ( 'NONE',  ( -62.17572687759875549, -4.027370759773046593, 8.916009732925074260 ) ) ;
#4488 = CARTESIAN_POINT ( 'NONE',  ( -61.53597820356708326, -4.370560484279599756, 7.469165614186466406 ) ) ;
#4489 = CIRCLE ( 'NONE', #7996, 0.1968503937007832216 ) ;
#4490 = CARTESIAN_POINT ( 'NONE',  ( -62.40188754269590277, -0.3996062992126024893, 8.326885112218789686 ) ) ;
#4491 = EDGE_LOOP ( 'NONE', ( #850, #482, #5844, #4547, #8677 ) ) ;
#4492 = CARTESIAN_POINT ( 'NONE',  ( -62.68054957537291472, -1.267487984741781704, 7.662882197650979776 ) ) ;
#4493 = ADVANCED_FACE ( 'NONE', ( #7338 ), #7067, .F. ) ;
#4494 = ADVANCED_FACE ( 'NONE', ( #149 ), #3393, .T. ) ;
#4495 = ORIENTED_EDGE ( 'NONE', *, *, #7251, .T. ) ;
#4496 = CARTESIAN_POINT ( 'NONE',  ( -61.71601793554259530, -3.983565816450641339, 8.603438731733751510 ) ) ;
#4497 = DIRECTION ( 'NONE',  ( 0.8660254037844579145, 0.000000000000000000, -0.4999999999999665268 ) ) ;
#4498 = LINE ( 'NONE', #477, #52 ) ;
#4499 = DIRECTION ( 'NONE',  ( 0.000000000000000000, 0.000000000000000000, 1.000000000000000000 ) ) ;
#4500 = CARTESIAN_POINT ( 'NONE',  ( -61.25035284492819443, -4.377743985124013193, 8.431612804234378089 ) ) ;
#4501 = EDGE_LOOP ( 'NONE', ( #4180, #2146, #555, #7193 ) ) ;
#4502 = ORIENTED_EDGE ( 'NONE', *, *, #6885, .T. ) ;
#4503 = CARTESIAN_POINT ( 'NONE',  ( -61.67555699332463348, -0.3996062992126024893, 7.875126014671685937 ) ) ;
#4504 = ORIENTED_EDGE ( 'NONE', *, *, #6795, .F. ) ;
#4505 = CARTESIAN_POINT ( 'NONE',  ( -61.67523000000000621, -1.481336058263770905, 7.857046014671682066 ) ) ;
#4506 = AXIS2_PLACEMENT_3D ( 'NONE', #422, #7784, #5190 ) ;
#4507 = ORIENTED_EDGE ( 'NONE', *, *, #1716, .F. ) ;
#4508 = CYLINDRICAL_SURFACE ( 'NONE', #3357, 0.7499999998708474225 ) ;
#4509 = PLANE ( 'NONE',  #4577 ) ;
#4510 = ADVANCED_FACE ( 'NONE', ( #8083 ), #2312, .T. ) ;
#4511 = EDGE_CURVE ( 'NONE', #3448, #6876, #2686, .T. ) ;
#4512 = VECTOR ( 'NONE', #7969, 39.37007874015748143 ) ;
#4513 = VECTOR ( 'NONE', #7199, 39.37007874015748143 ) ;
#4514 = LINE ( 'NONE', #3206, #5113 ) ;
#4515 = CYLINDRICAL_SURFACE ( 'NONE', #1578, 1.265984251872430022 ) ;
#4516 = ORIENTED_EDGE ( 'NONE', *, *, #2622, .T. ) ;
#4517 = CARTESIAN_POINT ( 'NONE',  ( -62.17522999999999911, -2.031771374660273022, 7.857046014671676737 ) ) ;
#4518 = ORIENTED_EDGE ( 'NONE', *, *, #4678, .F. ) ;
#4519 = CARTESIAN_POINT ( 'NONE',  ( -61.95520965326384299, -1.403543307086619674, 7.362436564583010323 ) ) ;
#4520 = CARTESIAN_POINT ( 'NONE',  ( -61.76292732668639474, -0.4126776965509283412, 7.516508333879514225 ) ) ;
#4521 = CARTESIAN_POINT ( 'NONE',  ( -61.23350100442877419, -4.208859885724260508, 7.653158682045350325 ) ) ;
#4522 = ORIENTED_EDGE ( 'NONE', *, *, #1982, .F. ) ;
#4523 = PLANE ( 'NONE',  #21 ) ;
#4524 = AXIS2_PLACEMENT_3D ( 'NONE', #6647, #7978, #7323 ) ;
#4525 = ORIENTED_EDGE ( 'NONE', *, *, #5452, .F. ) ;
#4526 = DIRECTION ( 'NONE',  ( -6.123233995736766036E-17, 1.000000000000000000, -0.000000000000000000 ) ) ;
#4527 = ORIENTED_EDGE ( 'NONE', *, *, #4777, .F. ) ;
#4528 = CARTESIAN_POINT ( 'NONE',  ( -60.96810206323232251, -4.250727194411640042, 7.505011221871732197 ) ) ;
#4529 = ORIENTED_EDGE ( 'NONE', *, *, #3234, .T. ) ;
#4530 = CARTESIAN_POINT ( 'NONE',  ( -61.66302488115235292, -4.208110236220480971, 8.065900995537260698 ) ) ;
#4531 = EDGE_CURVE ( 'NONE', #1121, #4399, #1500, .T. ) ;
#4532 = CARTESIAN_POINT ( 'NONE',  ( -61.65500863448509250, -0.3996062992126024893, 7.818417655832137214 ) ) ;
#4533 = CARTESIAN_POINT ( 'NONE',  ( -61.68062054991133891, -1.267487984742363905, 8.077066361407839068 ) ) ;
#4534 = EDGE_CURVE ( 'NONE', #470, #3216, #1326, .T. ) ;
#4535 = CARTESIAN_POINT ( 'NONE',  ( -61.90125960148142781, -1.407454082783005767, 7.431085318182366173 ) ) ;
#4536 = ORIENTED_EDGE ( 'NONE', *, *, #292, .T. ) ;
#4537 = LINE ( 'NONE', #5054, #1091 ) ;
#4538 = VERTEX_POINT ( 'NONE', #8165 ) ;
#4539 = CARTESIAN_POINT ( 'NONE',  ( -62.05761888466874865, -4.260912722247870654, 7.179666675639291284 ) ) ;
#4540 = PLANE ( 'NONE',  #6466 ) ;
#4541 = DIRECTION ( 'NONE',  ( 0.000000000000000000, 1.000000000000000000, 0.000000000000000000 ) ) ;
#4542 = LINE ( 'NONE', #3888, #3510 ) ;
#4543 = ADVANCED_FACE ( 'NONE', ( #5350 ), #3999, .F. ) ;
#4544 = CARTESIAN_POINT ( 'NONE',  ( -61.24358713421562328, -4.226216439429454574, 8.288129061531233077 ) ) ;
#4545 = VERTEX_POINT ( 'NONE', #6011 ) ;
#4546 = DIRECTION ( 'NONE',  ( -0.000000000000000000, 1.000000000000000000, 1.982541115402063384E-16 ) ) ;
#4547 = ORIENTED_EDGE ( 'NONE', *, *, #7453, .F. ) ;
#4548 = FACE_OUTER_BOUND ( 'NONE', #7213, .T. ) ;
#4549 = VERTEX_POINT ( 'NONE', #5478 ) ;
#4550 = DIRECTION ( 'NONE',  ( 0.000000000000000000, 0.000000000000000000, 1.000000000000000000 ) ) ;
#4551 = EDGE_CURVE ( 'NONE', #7337, #4835, #2113, .T. ) ;
#4552 = CARTESIAN_POINT ( 'NONE',  ( -62.59891951736621252, -5.958149606299221190, 8.122540257309786682 ) ) ;
#4553 = AXIS2_PLACEMENT_3D ( 'NONE', #5964, #7386, #853 ) ;
#4554 = EDGE_CURVE ( 'NONE', #2961, #3540, #8512, .T. ) ;
#4555 = DIRECTION ( 'NONE',  ( 0.000000000000000000, 0.000000000000000000, -1.000000000000000000 ) ) ;
#4556 = FACE_OUTER_BOUND ( 'NONE', #8464, .T. ) ;
#4557 = EDGE_LOOP ( 'NONE', ( #5073, #2087, #593, #4419 ) ) ;
#4558 = EDGE_CURVE ( 'NONE', #2067, #2572, #3381, .T. ) ;
#4559 = CARTESIAN_POINT ( 'NONE',  ( -62.47578704019867502, -4.208428596374981900, 8.764643592194181210 ) ) ;
#4560 = EDGE_CURVE ( 'NONE', #5859, #3780, #4105, .T. ) ;
#4561 = ORIENTED_EDGE ( 'NONE', *, *, #2222, .T. ) ;
#4562 = DIRECTION ( 'NONE',  ( 0.000000000000000000, 0.000000000000000000, 1.000000000000000000 ) ) ;
#4563 =( NAMED_UNIT ( * ) PLANE_ANGLE_UNIT ( ) SI_UNIT ( $, .RADIAN. ) );
#4564 = EDGE_LOOP ( 'NONE', ( #7417, #303, #795, #8037 ) ) ;
#4565 = CARTESIAN_POINT ( 'NONE',  ( -62.51576768079215896, -0.4192913385826831929, 7.436235428949764525 ) ) ;
#4566 = EDGE_CURVE ( 'NONE', #5820, #5382, #3946, .T. ) ;
#4567 = CARTESIAN_POINT ( 'NONE',  ( -61.74435570224740388, -1.336377492740392414, 7.564737806590327907 ) ) ;
#4568 = ORIENTED_EDGE ( 'NONE', *, *, #4758, .F. ) ;
#4569 = CARTESIAN_POINT ( 'NONE',  ( -62.28709095151192088, -0.3996062992126024893, 8.344372524854376749 ) ) ;
#4570 = EDGE_LOOP ( 'NONE', ( #574, #3830, #3137, #1426, #1868 ) ) ;
#4571 = CARTESIAN_POINT ( 'NONE',  ( -61.80912333800013414, -0.3996062992126024893, 7.516508333879509784 ) ) ;
#4572 = DIRECTION ( 'NONE',  ( -0.2588190451025664807, 0.000000000000000000, 0.9659258262890559887 ) ) ;
#4573 = CARTESIAN_POINT ( 'NONE',  ( -62.08219381566119210, -0.4061132758059446957, 7.337114051304491014 ) ) ;
#4574 = ADVANCED_FACE ( 'NONE', ( #6077 ), #3156, .F. ) ;
#4575 = DIRECTION ( 'NONE',  ( -0.000000000000000000, 1.000000000000000000, -0.000000000000000000 ) ) ;
#4576 = AXIS2_PLACEMENT_3D ( 'NONE', #5215, #786, #4109 ) ;
#4577 = AXIS2_PLACEMENT_3D ( 'NONE', #441, #3900, #2543 ) ;
#4578 = ORIENTED_EDGE ( 'NONE', *, *, #1840, .T. ) ;
#4579 = CARTESIAN_POINT ( 'NONE',  ( -62.66707754337470959, -1.336377492739987627, 7.686216441553085588 ) ) ;
#4580 = ORIENTED_EDGE ( 'NONE', *, *, #925, .F. ) ;
#4581 = CARTESIAN_POINT ( 'NONE',  ( -62.01350583488758161, -4.315404400411280150, 7.146581151020348521 ) ) ;
#4582 = ADVANCED_FACE ( 'NONE', ( #6130 ), #787, .F. ) ;
#4583 = CARTESIAN_POINT ( 'NONE',  ( -62.27321102164906108, -1.336377492740391082, 8.368413268582342468 ) ) ;
#4584 = CARTESIAN_POINT ( 'NONE',  ( -61.64279859725833433, -4.294805822105541182, 8.336489994198373665 ) ) ;
#4585 = CARTESIAN_POINT ( 'NONE',  ( -62.17522999999999911, -1.267487984742363905, 7.857046014671676737 ) ) ;
#4586 = AXIS2_PLACEMENT_3D ( 'NONE', #2399, #5065, #7751 ) ;
#4587 = VECTOR ( 'NONE', #5557, 39.37007874015748143 ) ;
#4588 = CARTESIAN_POINT ( 'NONE',  ( -61.26587089924360185, -4.280635515776983091, 8.392022415244769107 ) ) ;
#4589 = CARTESIAN_POINT ( 'NONE',  ( -62.67490300667535763, -1.481336058263765798, 7.875126014671668173 ) ) ;
#4590 = ORIENTED_EDGE ( 'NONE', *, *, #8528, .F. ) ;
#4591 = DIRECTION ( 'NONE',  ( 6.123233995736766036E-17, -1.000000000000000000, -0.000000000000000000 ) ) ;
#4592 = ORIENTED_EDGE ( 'NONE', *, *, #6076, .T. ) ;
#4593 = CARTESIAN_POINT ( 'NONE',  ( -62.15714999999999435, -1.481336058263765798, 7.357373007996311998 ) ) ;
#4594 = CARTESIAN_POINT ( 'NONE',  ( -62.49356417536056085, -1.267487984742363905, 7.419198080004368201 ) ) ;
#4595 = DIRECTION ( 'NONE',  ( -0.000000000000000000, 1.000000000000000000, -0.000000000000000000 ) ) ;
#4596 = CARTESIAN_POINT ( 'NONE',  ( -62.23199151542136320, -0.4192913385826831929, 8.395400536768395483 ) ) ;
#4597 = ORIENTED_EDGE ( 'NONE', *, *, #5726, .F. ) ;
#4598 = EDGE_CURVE ( 'NONE', #5551, #6145, #1443, .T. ) ;
#4599 = VECTOR ( 'NONE', #6376, 39.37007874015748143 ) ;
#4600 = CARTESIAN_POINT ( 'NONE',  ( -62.23199151542151952, -1.267487984741781704, 8.395400536768557131 ) ) ;
#4601 = EDGE_CURVE ( 'NONE', #5530, #3561, #7981, .T. ) ;
#4602 = DIRECTION ( 'NONE',  ( 0.000000000000000000, -1.000000000000000000, 0.000000000000000000 ) ) ;
#4603 = CARTESIAN_POINT ( 'NONE',  ( -62.66255651018270356, -0.3996062992126024893, 7.968906966183590512 ) ) ;
#4604 = LINE ( 'NONE', #3660, #432 ) ;
#4605 = DATE_AND_TIME ( #8609, #522 ) ;
#4606 = ORIENTED_EDGE ( 'NONE', *, *, #708, .F. ) ;
#4607 = PLANE ( 'NONE',  #4631 ) ;
#4608 = FACE_OUTER_BOUND ( 'NONE', #7154, .T. ) ;
#4609 = ORIENTED_EDGE ( 'NONE', *, *, #8613, .T. ) ;
#4610 = DIRECTION ( 'NONE',  ( 0.000000000000000000, -1.000000000000000000, 0.000000000000000000 ) ) ;
#4611 = VERTEX_POINT ( 'NONE', #7935 ) ;
#4612 = DIRECTION ( 'NONE',  ( -0.4999999999999724665, 0.000000000000000000, 0.8660254037844544728 ) ) ;
#4613 = B_SPLINE_CURVE_WITH_KNOTS ( 'NONE', 3,
 ( #5270, #7959, #3963, #6937 ),
 .UNSPECIFIED., .F., .F.,
 ( 4, 4 ),
 ( 6.938893903906904205E-17, 0.0008211405993300754111 ),
 .UNSPECIFIED. ) ;
#4614 = CARTESIAN_POINT ( 'NONE',  ( -62.12597933904437042, -4.002870303356051096, 8.850921021168250746 ) ) ;
#4615 = CARTESIAN_POINT ( 'NONE',  ( -61.74221729810778214, -1.481336058263770905, 8.107046014671675849 ) ) ;
#4616 = AXIS2_PLACEMENT_3D ( 'NONE', #7134, #8550, #7043 ) ;
#4617 = CARTESIAN_POINT ( 'NONE',  ( -63.11354205651502269, -4.208110236220480971, 8.504479782737170979 ) ) ;
#4618 = ORIENTED_EDGE ( 'NONE', *, *, #4974, .T. ) ;
#4619 = CARTESIAN_POINT ( 'NONE',  ( -62.51576768079215896, -0.3996062992126024893, 7.490939352671794893 ) ) ;
#4620 = VERTEX_POINT ( 'NONE', #3376 ) ;
#4621 = CARTESIAN_POINT ( 'NONE',  ( -62.04006392536653891, -1.482581474689046885, 7.375737695854062359 ) ) ;
#4622 = VECTOR ( 'NONE', #3559, 39.37007874015748854 ) ;
#4623 = CARTESIAN_POINT ( 'NONE',  ( -61.69726238648821237, -1.481336058263765798, 8.003834844062215126 ) ) ;
#4624 = LINE ( 'NONE', #6596, #2419 ) ;
#4625 = FACE_OUTER_BOUND ( 'NONE', #3382, .T. ) ;
#4626 = DIRECTION ( 'NONE',  ( -1.340646671245493334E-13, 0.000000000000000000, -1.000000000000000000 ) ) ;
#4627 = CARTESIAN_POINT ( 'NONE',  ( -62.18133951122329250, -4.256666222255308440, 6.820021148012967771 ) ) ;
#4628 = B_SPLINE_CURVE_WITH_KNOTS ( 'NONE', 3,
 ( #3591, #4810, #6254, #2970 ),
 .UNSPECIFIED., .F., .F.,
 ( 4, 4 ),
 ( 2.372388754625153524E-06, 0.005608136317045282933 ),
 .UNSPECIFIED. ) ;
#4629 = ORIENTED_EDGE ( 'NONE', *, *, #7064, .F. ) ;
#4630 = PLANE ( 'NONE',  #963 ) ;
#4631 = AXIS2_PLACEMENT_3D ( 'NONE', #7293, #8650, #8036 ) ;
#4632 = ORIENTED_EDGE ( 'NONE', *, *, #3228, .T. ) ;
#4633 = CARTESIAN_POINT ( 'NONE',  ( -62.05009914256508807, -5.958110236220478306, 6.678593605360312324 ) ) ;
#4634 = DIRECTION ( 'NONE',  ( 0.000000000000000000, -1.000000000000000000, 0.000000000000000000 ) ) ;
#4635 = DIRECTION ( 'NONE',  ( 0.000000000000000000, -1.000000000000000000, 0.000000000000000000 ) ) ;
#4636 = AXIS2_PLACEMENT_3D ( 'NONE', #6859, #5495, #4274 ) ;
#4637 = DIRECTION ( 'NONE',  ( 0.000000000000000000, 0.000000000000000000, 1.000000000000000000 ) ) ;
#4638 = ORIENTED_EDGE ( 'NONE', *, *, #845, .F. ) ;
#4639 = LINE ( 'NONE', #3253, #5117 ) ;
#4640 = CARTESIAN_POINT ( 'NONE',  ( -61.69560689941941689, -1.482582146657605016, 7.998075186013175575 ) ) ;
#4641 = CARTESIAN_POINT ( 'NONE',  ( -62.38172826837240592, -4.377743985124602055, 8.926103175125408740 ) ) ;
#4642 = CONICAL_SURFACE ( 'NONE', #8020, 0.5216535433070783601, 0.7853981633974604915 ) ;
#4643 = PERSON_AND_ORGANIZATION_ROLE ( 'creator' ) ;
#4644 = ORIENTED_EDGE ( 'NONE', *, *, #2139, .F. ) ;
#4645 = CARTESIAN_POINT ( 'NONE',  ( -62.25973898965077780, -1.267487984741781704, 7.322344516858820818 ) ) ;
#4646 = DIRECTION ( 'NONE',  ( 0.8660254037844251629, 0.000000000000000000, -0.5000000000000235367 ) ) ;
#4647 = ORIENTED_EDGE ( 'NONE', *, *, #5175, .T. ) ;
#4648 = CARTESIAN_POINT ( 'NONE',  ( -62.00327467350523847, -0.3996062992126024893, 8.349543512061163852 ) ) ;
#4649 = CARTESIAN_POINT ( 'NONE',  ( -63.11354205651503690, -4.391957921822297273, 8.504479782737170979 ) ) ;
#4650 = LINE ( 'NONE', #6669, #3445 ) ;
#4651 = CARTESIAN_POINT ( 'NONE',  ( -62.66772749738948534, -0.3996062992126024893, 8.029001341166443595 ) ) ;
#4652 = AXIS2_PLACEMENT_3D ( 'NONE', #5667, #5932, #697 ) ;
#4653 = AXIS2_PLACEMENT_3D ( 'NONE', #4829, #1019, #2903 ) ;
#4654 = ADVANCED_FACE ( 'NONE', ( #5250 ), #1755, .T. ) ;
#4655 = LINE ( 'NONE', #4005, #1712 ) ;
#4656 = EDGE_LOOP ( 'NONE', ( #5206, #3954 ) ) ;
#4657 = DIRECTION ( 'NONE',  ( 0.000000000000000000, 0.000000000000000000, -1.000000000000000000 ) ) ;
#4658 = EDGE_LOOP ( 'NONE', ( #6190, #2819, #2494, #2017, #7958 ) ) ;
#4659 = CARTESIAN_POINT ( 'NONE',  ( -62.21385835883954485, -0.3996062992126024893, 8.377267380186582457 ) ) ;
#4660 = EDGE_CURVE ( 'NONE', #448, #6928, #4273, .T. ) ;
#4661 = CARTESIAN_POINT ( 'NONE',  ( -62.19213350693353703, -4.388797824606072595, 6.714714746764432363 ) ) ;
#4662 = EDGE_CURVE ( 'NONE', #1236, #1042, #1620, .T. ) ;
#4663 = DIRECTION ( 'NONE',  ( -0.000000000000000000, -1.000000000000000000, -0.000000000000000000 ) ) ;
#4664 = CARTESIAN_POINT ( 'NONE',  ( -62.68054957537280103, -1.403543307086619674, 7.662882197651172511 ) ) ;
#4665 = LINE ( 'NONE', #4714, #359 ) ;
#4666 = ORIENTED_EDGE ( 'NONE', *, *, #1673, .T. ) ;
#4667 = EDGE_CURVE ( 'NONE', #5785, #6114, #3857, .T. ) ;
#4668 = VERTEX_POINT ( 'NONE', #6034 ) ;
#4669 = DIRECTION ( 'NONE',  ( 0.000000000000000000, 0.000000000000000000, -1.000000000000000000 ) ) ;
#4670 = ORIENTED_EDGE ( 'NONE', *, *, #6387, .F. ) ;
#4671 = PLANE ( 'NONE',  #2908 ) ;
#4672 = EDGE_CURVE ( 'NONE', #1294, #2644, #2428, .T. ) ;
#4673 = VERTEX_POINT ( 'NONE', #5291 ) ;
#4674 = CARTESIAN_POINT ( 'NONE',  ( -62.61699951736621017, -1.481336058263765798, 7.622867250634411285 ) ) ;
#4675 = DIRECTION ( 'NONE',  ( 0.000000000000000000, -0.7071067811865474617, -0.7071067811865475727 ) ) ;
#4676 = VECTOR ( 'NONE', #5680, 39.37007874015748143 ) ;
#4677 = CARTESIAN_POINT ( 'NONE',  ( -62.34866158473836606, -4.155161959277301698, 9.053396759420504480 ) ) ;
#4678 = EDGE_CURVE ( 'NONE', #26, #5972, #8338, .T. ) ;
#4679 = DIRECTION ( 'NONE',  ( -0.2588190451025462746, 0.000000000000000000, -0.9659258262890613178 ) ) ;
#4680 = EDGE_LOOP ( 'NONE', ( #3165, #1957, #2005, #7481 ) ) ;
#4681 = VECTOR ( 'NONE', #7813, 39.37007874015748143 ) ;
#4682 = ORIENTED_EDGE ( 'NONE', *, *, #5716, .F. ) ;
#4683 = ORIENTED_EDGE ( 'NONE', *, *, #7139, .T. ) ;
#4684 = CARTESIAN_POINT ( 'NONE',  ( -61.67555699332463348, -0.3996062992126024893, 7.838966014671679083 ) ) ;
#4685 = ADVANCED_FACE ( 'NONE', ( #44 ), #3303, .T. ) ;
#4686 = CARTESIAN_POINT ( 'NONE',  ( -62.51446207146274503, -4.351317466147341051, 8.938100993714812148 ) ) ;
#4687 = LENGTH_MEASURE_WITH_UNIT ( LENGTH_MEASURE( 0.02539999999999999897 ), #3344 );
#4688 = ORIENTED_EDGE ( 'NONE', *, *, #4534, .T. ) ;
#4689 = DIRECTION ( 'NONE',  ( 0.000000000000000000, 0.000000000000000000, 1.000000000000000000 ) ) ;
#4690 = AXIS2_PLACEMENT_3D ( 'NONE', #2781, #636, #1951 ) ;
#4691 = ORIENTED_EDGE ( 'NONE', *, *, #5083, .F. ) ;
#4692 = VECTOR ( 'NONE', #8406, 39.37007874015748854 ) ;
#4693 = DIRECTION ( 'NONE',  ( 0.000000000000000000, 0.000000000000000000, -1.000000000000000000 ) ) ;
#4694 = ORIENTED_EDGE ( 'NONE', *, *, #5462, .F. ) ;
#4695 = CARTESIAN_POINT ( 'NONE',  ( -62.70993149781285325, -1.267487984741781704, 7.941555004322462530 ) ) ;
#4696 = VECTOR ( 'NONE', #6490, 39.37007874015748143 ) ;
#4697 = CARTESIAN_POINT ( 'NONE',  ( -62.99720988062887983, -4.218244896851137682, 8.438429388498805750 ) ) ;
#4698 = CARTESIAN_POINT ( 'NONE',  ( -61.21722570565172106, 57.93121849778213317, 8.554638720984137024 ) ) ;
#4699 = EDGE_LOOP ( 'NONE', ( #6689, #4592, #742, #70 ) ) ;
#4700 = DIRECTION ( 'NONE',  ( -1.716930969985319149E-16, 1.000000000000000000, -9.912705577010398273E-17 ) ) ;
#4701 = EDGE_LOOP ( 'NONE', ( #2471, #2449, #3173, #6450, #3177 ) ) ;
#4702 = PRODUCT_DEFINITION_FORMATION_WITH_SPECIFIED_SOURCE ( 'ANY', '', #389, .NOT_KNOWN. ) ;
#4703 = DIRECTION ( 'NONE',  ( 0.9704481013254717681, 0.000000000000000000, 0.2413099306572087377 ) ) ;
#4704 = ORIENTED_EDGE ( 'NONE', *, *, #7436, .T. ) ;
#4705 = CARTESIAN_POINT ( 'NONE',  ( -61.73636256976504910, -1.482582146657630773, 7.617623951238119417 ) ) ;
#4706 = EDGE_CURVE ( 'NONE', #8555, #36, #647, .T. ) ;
#4707 = EDGE_LOOP ( 'NONE', ( #4963, #2741, #2552, #6659 ) ) ;
#4708 = DIRECTION ( 'NONE',  ( 1.000000000000000000, 0.000000000000000000, 0.000000000000000000 ) ) ;
#4709 = EDGE_CURVE ( 'NONE', #7949, #818, #5525, .T. ) ;
#4710 = CARTESIAN_POINT ( 'NONE',  ( -62.14615426473339710, -4.338247612998715752, 6.776504575144849163 ) ) ;
#4711 = ORIENTED_EDGE ( 'NONE', *, *, #4026, .T. ) ;
#4712 = CARTESIAN_POINT ( 'NONE',  ( -61.65378945884192774, -4.230322314113834636, 8.236455757306902825 ) ) ;
#4713 = CARTESIAN_POINT ( 'NONE',  ( -62.56909652172570446, -1.336377492739990291, 8.197583695463835696 ) ) ;
#4714 = CARTESIAN_POINT ( 'NONE',  ( -62.52878339059326862, -0.3996062992126024893, 7.503492624078396567 ) ) ;
#4715 = CIRCLE ( 'NONE', #3329, 0.2879842520133656381 ) ;
#4716 = VECTOR ( 'NONE', #6033, 39.37007874015748143 ) ;
#4717 = ORIENTED_EDGE ( 'NONE', *, *, #2106, .F. ) ;
#4718 = CARTESIAN_POINT ( 'NONE',  ( -61.66273699271306441, -0.3996062992126024893, 7.759714947037451793 ) ) ;
#4719 = EDGE_CURVE ( 'NONE', #1186, #1155, #2669, .T. ) ;
#4720 = ORIENTED_EDGE ( 'NONE', *, *, #4472, .T. ) ;
#4721 = DIRECTION ( 'NONE',  ( -0.000000000000000000, -1.000000000000000000, -0.000000000000000000 ) ) ;
#4722 = VERTEX_POINT ( 'NONE', #3632 ) ;
#4723 = ADVANCED_FACE ( 'NONE', ( #6297 ), #6232, .F. ) ;
#4724 = CONICAL_SURFACE ( 'NONE', #957, 0.4409448818897589439, 0.7853981633974482790 ) ;
#4725 = CARTESIAN_POINT ( 'NONE',  ( -62.11846848457847869, -1.267487984741781704, 7.318691492574797230 ) ) ;
#4726 = LINE ( 'NONE', #5944, #4716 ) ;
#4727 = B_SPLINE_CURVE_WITH_KNOTS ( 'NONE', 3,
 ( #7075, #4395, #3741, #2478, #3878, #5138, #513, #6459, #7780, #468, #1782, #5839, #4442, #7124, #1829, #8539, #1118, #5791, #8489, #4488, #2524, #7217 ),
 .UNSPECIFIED., .F., .F.,
 ( 4, 2, 2, 2, 2, 2, 2, 2, 2, 2, 4 ),
 ( -1.679737592836226352E-05, 0.002622640430823026860, 0.003942359334198588389, 0.005262078237574149484, 0.005921937689261939572, 0.006581797140949728793, 0.007241656592637518881, 0.007901516044325308102, 0.008561375496013099926, 0.009221234947700888279, 0.01054095385107646846 ),
 .UNSPECIFIED. ) ;
#4728 = VECTOR ( 'NONE', #7406, 39.37007874015748143 ) ;
#4729 = DIRECTION ( 'NONE',  ( -0.000000000000000000, 1.000000000000000000, -0.000000000000000000 ) ) ;
#4730 = VECTOR ( 'NONE', #4045, 39.37007874015748143 ) ;
#4731 = LINE ( 'NONE', #3336, #2273 ) ;
#4732 = ORIENTED_EDGE ( 'NONE', *, *, #6538, .F. ) ;
#4733 = ORIENTED_EDGE ( 'NONE', *, *, #6039, .F. ) ;
#4734 = LINE ( 'NONE', #8606, #4842 ) ;
#4735 = CARTESIAN_POINT ( 'NONE',  ( -62.82066327317573240, -4.260912722274706077, 8.093881470492554797 ) ) ;
#4736 = CARTESIAN_POINT ( 'NONE',  ( -62.50997397074824136, -4.302276525515671857, 8.917065159048641831 ) ) ;
#4737 = AXIS2_PLACEMENT_3D ( 'NONE', #7588, #3476, #99 ) ;
#4738 = APPROVAL_STATUS ( 'not_yet_approved' ) ;
#4739 = DIRECTION ( 'NONE',  ( 0.000000000000000000, -1.000000000000000000, 0.000000000000000000 ) ) ;
#4740 = CIRCLE ( 'NONE', #972, 1.139999999845861867 ) ;
#4741 = ORIENTED_EDGE ( 'NONE', *, *, #8250, .F. ) ;
#4742 = EDGE_CURVE ( 'NONE', #5077, #4611, #7766, .T. ) ;
#4743 = DIRECTION ( 'NONE',  ( 0.2762435205281329464, 0.000000000000000000, -0.9610876741308375104 ) ) ;
#4744 = ORIENTED_EDGE ( 'NONE', *, *, #4443, .F. ) ;
#4745 = CARTESIAN_POINT ( 'NONE',  ( -61.08662429885202272, -4.125273117650335664, 7.388702722653825994 ) ) ;
#4746 = CARTESIAN_POINT ( 'NONE',  ( -63.10802509361499801, -4.353951408663935041, 8.501399778281442110 ) ) ;
#4747 = CARTESIAN_POINT ( 'NONE',  ( -62.04569352754232625, -3.988504844567673402, 8.763088880587783791 ) ) ;
#4748 = CARTESIAN_POINT ( 'NONE',  ( -62.09072101034909252, -0.4192913385826831929, 7.322344516859020658 ) ) ;
#4749 = CARTESIAN_POINT ( 'NONE',  ( -62.21887318956087398, -4.263337476093457923, 6.596265313432942534 ) ) ;
#4750 = ORIENTED_EDGE ( 'NONE', *, *, #2032, .F. ) ;
#4751 = CARTESIAN_POINT ( 'NONE',  ( -61.82167660940673670, -5.958149606299221190, 8.210599405264959572 ) ) ;
#4752 = VERTEX_POINT ( 'NONE', #270 ) ;
#4753 = CARTESIAN_POINT ( 'NONE',  ( -62.39525034673617654, -0.4192913385826831929, 8.351655464760343150 ) ) ;
#4754 = CARTESIAN_POINT ( 'NONE',  ( -62.26692782905050905, -4.338247612994480917, 6.731945427163787521 ) ) ;
#4755 = CARTESIAN_POINT ( 'NONE',  ( -62.26671416578616913, -4.223298136619038523, 8.480026785389702226 ) ) ;
#4756 = CARTESIAN_POINT ( 'NONE',  ( -62.32201882939053661, -1.481336058263765798, 8.335013628183467915 ) ) ;
#4757 = DIRECTION ( 'NONE',  ( 0.000000000000000000, -1.000000000000000000, 0.000000000000000000 ) ) ;
#4758 = EDGE_CURVE ( 'NONE', #6145, #1797, #8188, .T. ) ;
#4759 = AXIS2_PLACEMENT_3D ( 'NONE', #7732, #8608, #6572 ) ;
#4760 = ORIENTED_EDGE ( 'NONE', *, *, #6586, .F. ) ;
#4761 = CARTESIAN_POINT ( 'NONE',  ( -61.66991042462719719, -1.403543307086619674, 8.051209831692174745 ) ) ;
#4762 = ORIENTED_EDGE ( 'NONE', *, *, #5345, .T. ) ;
#4763 = CARTESIAN_POINT ( 'NONE',  ( -62.50743594392952929, -4.284820666763154762, 8.905286615519255378 ) ) ;
#4764 = CARTESIAN_POINT ( 'NONE',  ( -62.15094502324261327, -1.407454082783007543, 7.351168031238929146 ) ) ;
#4765 = CARTESIAN_POINT ( 'NONE',  ( -61.87357620531508928, -3.990057508871603709, 6.970335046013247826 ) ) ;
#4766 = ORIENTED_EDGE ( 'NONE', *, *, #6342, .F. ) ;
#4767 = CARTESIAN_POINT ( 'NONE',  ( -62.19331000000000387, -1.481336058263765798, 8.356719021347041476 ) ) ;
#4768 = CIRCLE ( 'NONE', #724, 0.2879842520133656381 ) ;
#4769 = CARTESIAN_POINT ( 'NONE',  ( -61.47924113679786018, -4.002870303380856143, 8.568251089606187421 ) ) ;
#4770 = VERTEX_POINT ( 'NONE', #1577 ) ;
#4771 = EDGE_CURVE ( 'NONE', #2164, #8271, #667, .T. ) ;
#4772 = ORIENTED_EDGE ( 'NONE', *, *, #7345, .F. ) ;
#4773 = CARTESIAN_POINT ( 'NONE',  ( -63.15606614890364057, -4.404960629921268911, 8.442850515717639226 ) ) ;
#4774 = CARTESIAN_POINT ( 'NONE',  ( -61.69226708685546612, -1.481336058263770905, 7.986455537222940215 ) ) ;
#4775 = EDGE_CURVE ( 'NONE', #7827, #6296, #7576, .T. ) ;
#4776 = EDGE_CURVE ( 'NONE', #1749, #3882, #933, .T. ) ;
#4777 = EDGE_CURVE ( 'NONE', #201, #2396, #7657, .T. ) ;
#4778 = CARTESIAN_POINT ( 'NONE',  ( -62.51358637949684294, -4.338247612986972257, 8.933974417005760671 ) ) ;
#4779 = DIRECTION ( 'NONE',  ( 0.000000000000000000, 0.000000000000000000, -1.000000000000000000 ) ) ;
#4780 = ORIENTED_EDGE ( 'NONE', *, *, #1189, .F. ) ;
#4781 = CARTESIAN_POINT ( 'NONE',  ( -62.15714999999999435, -1.481336058263765798, 7.357373007996311998 ) ) ;
#4782 = ORIENTED_EDGE ( 'NONE', *, *, #6420, .F. ) ;
#4783 = CARTESIAN_POINT ( 'NONE',  ( -62.55356235717618318, -4.278729373877822262, 9.065177113896211836 ) ) ;
#4784 = VECTOR ( 'NONE', #1264, 39.37007874015748854 ) ;
#4785 = ORIENTED_EDGE ( 'NONE', *, *, #8153, .F. ) ;
#4786 = DIRECTION ( 'NONE',  ( 0.000000000000000000, 0.000000000000000000, -1.000000000000000000 ) ) ;
#4787 = CARTESIAN_POINT ( 'NONE',  ( -61.87336909978912303, -0.4061132758059470826, 7.423612080777415301 ) ) ;
#4788 = DIRECTION ( 'NONE',  ( 0.000000000000000000, 0.000000000000000000, 1.000000000000000000 ) ) ;
#4789 = B_SPLINE_CURVE_WITH_KNOTS ( 'NONE', 3,
 ( #325, #5520, #5646, #1018 ),
 .UNSPECIFIED., .F., .F.,
 ( 4, 4 ),
 ( 2.014298343661142464E-07, 0.0004597969392808614231 ),
 .UNSPECIFIED. ) ;
#4790 = LINE ( 'NONE', #3022, #320 ) ;
#4791 = ORIENTED_EDGE ( 'NONE', *, *, #5501, .T. ) ;
#4792 = CARTESIAN_POINT ( 'NONE',  ( -61.18839746008509195, -4.248409013189048622, 7.564401107652797052 ) ) ;
#4793 = ORIENTED_EDGE ( 'NONE', *, *, #6722, .T. ) ;
#4794 = CARTESIAN_POINT ( 'NONE',  ( -61.30496742121626852, -4.208428596374973907, 8.252913342748328773 ) ) ;
#4795 = CARTESIAN_POINT ( 'NONE',  ( -62.22701032923350084, -4.236264588465960657, 6.811134811821865753 ) ) ;
#4796 = DIRECTION ( 'NONE',  ( -0.000000000000000000, 1.000000000000000000, -0.000000000000000000 ) ) ;
#4797 = CIRCLE ( 'NONE', #2841, 0.5413385826771592857 ) ;
#4798 = EDGE_CURVE ( 'NONE', #6135, #6049, #921, .T. ) ;
#4799 = CARTESIAN_POINT ( 'NONE',  ( -62.17522999999999911, -0.3996062992126024893, 8.357046014671675849 ) ) ;
#4800 = VERTEX_POINT ( 'NONE', #2843 ) ;
#4801 = PLANE ( 'NONE',  #3669 ) ;
#4802 = ORIENTED_EDGE ( 'NONE', *, *, #4558, .F. ) ;
#4803 = CARTESIAN_POINT ( 'NONE',  ( -62.40940876403726634, -0.3996062992126024893, 8.298815532037897569 ) ) ;
#4804 = ORIENTED_EDGE ( 'NONE', *, *, #8076, .F. ) ;
#4805 = CARTESIAN_POINT ( 'NONE',  ( -62.51591266371249134, -4.404960629921268911, 8.944950110581011415 ) ) ;
#4806 = CARTESIAN_POINT ( 'NONE',  ( -61.24981773185806588, -4.404960629921268911, 8.432943233919795389 ) ) ;
#4807 = EDGE_CURVE ( 'NONE', #4199, #6776, #4628, .T. ) ;
#4808 = CARTESIAN_POINT ( 'NONE',  ( -62.60824270189222318, -1.481336058263770905, 8.107046014671675849 ) ) ;
#4809 = ORIENTED_EDGE ( 'NONE', *, *, #4294, .T. ) ;
#4810 = CARTESIAN_POINT ( 'NONE',  ( -62.65758519465402543, -1.407454082783216931, 8.011434357522897898 ) ) ;
#4811 = CARTESIAN_POINT ( 'NONE',  ( -62.40940876403725213, -1.481336058263765798, 7.415276497305457681 ) ) ;
#4812 = ORIENTED_EDGE ( 'NONE', *, *, #4899, .T. ) ;
#4813 = ADVANCED_FACE ( 'NONE', ( #5634 ), #4983, .F. ) ;
#4814 = CARTESIAN_POINT ( 'NONE',  ( -61.73738206533268880, -1.267487984742363905, 7.538711839311114105 ) ) ;
#4815 = CARTESIAN_POINT ( 'NONE',  ( -62.85665727566136951, -4.294806932577564851, 8.078422760613481302 ) ) ;
#4816 = CARTESIAN_POINT ( 'NONE',  ( -62.46952288788782681, -4.208859885724180572, 8.774550914590790285 ) ) ;
#4817 = CARTESIAN_POINT ( 'NONE',  ( -61.64052850218734392, -1.267487984742363905, 7.941555004322575329 ) ) ;
#4818 = ADVANCED_FACE ( 'NONE', ( #5466 ), #8150, .T. ) ;
#4819 = ADVANCED_FACE ( 'NONE', ( #2397 ), #3058, .F. ) ;
#4820 = VERTEX_POINT ( 'NONE', #5762 ) ;
#4821 = EDGE_CURVE ( 'NONE', #5951, #7169, #1703, .T. ) ;
#4822 = ADVANCED_FACE ( 'NONE', ( #7749 ), #1748, .F. ) ;
#4823 = DIRECTION ( 'NONE',  ( 1.000000000000000000, 0.000000000000000000, 0.000000000000000000 ) ) ;
#4824 = ORIENTED_EDGE ( 'NONE', *, *, #5518, .F. ) ;
#4825 = CARTESIAN_POINT ( 'NONE',  ( -62.49003613645341915, -4.259821509727951039, 9.077504735699537974 ) ) ;
#4826 = AXIS2_PLACEMENT_3D ( 'NONE', #6026, #1388, #3976 ) ;
#4827 = ORIENTED_EDGE ( 'NONE', *, *, #1849, .T. ) ;
#4828 = EDGE_LOOP ( 'NONE', ( #3919, #3350, #68, #247 ) ) ;
#4829 = CARTESIAN_POINT ( 'NONE',  ( -61.22082732489887746, -4.208110236220480971, 7.643505543097480981 ) ) ;
#4830 = CARTESIAN_POINT ( 'NONE',  ( -62.17522999999999200, -4.236253785494019652, 6.605133632829447876 ) ) ;
#4831 = DIRECTION ( 'NONE',  ( 0.4999999999999786282, 0.000000000000000000, -0.8660254037844509201 ) ) ;
#4832 = VECTOR ( 'NONE', #1224, 39.37007874015748143 ) ;
#4833 = DIRECTION ( 'NONE',  ( -0.2588190451024895422, 0.000000000000000000, 0.9659258262890766389 ) ) ;
#4834 = AXIS2_PLACEMENT_3D ( 'NONE', #420, #7910, #7123 ) ;
#4835 = VERTEX_POINT ( 'NONE', #2444 ) ;
#4836 = CARTESIAN_POINT ( 'NONE',  ( -62.71358452209671697, -0.4192913385826831929, 7.800284499250311754 ) ) ;
#4837 = ORIENTED_EDGE ( 'NONE', *, *, #2297, .F. ) ;
#4838 = DIRECTION ( 'NONE',  ( 0.000000000000000000, -1.000000000000000000, 0.000000000000000000 ) ) ;
#4839 = PLANE ( 'NONE',  #5620 ) ;
#4840 = CARTESIAN_POINT ( 'NONE',  ( -62.17522999999999911, -0.4192913385826831929, 7.857046014671676737 ) ) ;
#4841 = CARTESIAN_POINT ( 'NONE',  ( -62.06775662963031692, -1.407454082783214266, 7.362119991028292176 ) ) ;
#4842 = VECTOR ( 'NONE', #624, 39.37007874015748143 ) ;
#4843 = ORIENTED_EDGE ( 'NONE', *, *, #1351, .F. ) ;
#4844 = CARTESIAN_POINT ( 'NONE',  ( -62.59891951736621962, -1.481336058263765798, 8.122540257309777800 ) ) ;
#4845 = EDGE_LOOP ( 'NONE', ( #5234, #6970, #2696, #1382 ) ) ;
#4846 = CARTESIAN_POINT ( 'NONE',  ( -62.68054957537280103, -0.4192913385826831929, 8.051209831692171193 ) ) ;
#4847 = ADVANCED_FACE ( 'NONE', ( #4408 ), #7090, .T. ) ;
#4848 = EDGE_LOOP ( 'NONE', ( #6631, #5679 ) ) ;
#4849 = CARTESIAN_POINT ( 'NONE',  ( -62.17522999999999911, -1.267487984742363905, 7.857046014671676737 ) ) ;
#4850 = DIRECTION ( 'NONE',  ( 9.912705577010096287E-17, 1.000000000000000000, 1.716930969985335912E-16 ) ) ;
#4851 = DIRECTION ( 'NONE',  ( -0.2588190451025462746, 0.000000000000000000, -0.9659258262890613178 ) ) ;
#4852 = ORIENTED_EDGE ( 'NONE', *, *, #8207, .F. ) ;
#4853 = CARTESIAN_POINT ( 'NONE',  ( -61.16749595760538227, -4.228090218631467501, 7.641588939466717356 ) ) ;
#4854 = DIRECTION ( 'NONE',  ( 0.000000000000000000, 1.000000000000000000, 0.000000000000000000 ) ) ;
#4855 = DIRECTION ( 'NONE',  ( 0.000000000000000000, 1.000000000000000000, 0.000000000000000000 ) ) ;
#4856 = AXIS2_PLACEMENT_3D ( 'NONE', #8317, #2838, #4976 ) ;
#4857 = ORIENTED_EDGE ( 'NONE', *, *, #2297, .T. ) ;
#4858 = CARTESIAN_POINT ( 'NONE',  ( -63.08866451328450609, -4.302276525517503281, 8.490553317327114158 ) ) ;
#4859 = CARTESIAN_POINT ( 'NONE',  ( -62.16651192110965241, -4.337945515439341371, 8.595491305825852635 ) ) ;
#4860 = CARTESIAN_POINT ( 'NONE',  ( -62.60644073870756188, -0.3996062992126024893, 7.563482191852678227 ) ) ;
#4861 = AXIS2_PLACEMENT_3D ( 'NONE', #171, #4324, #998 ) ;
#4862 = AXIS2_PLACEMENT_3D ( 'NONE', #3275, #4059, #6724 ) ;
#4863 = EDGE_CURVE ( 'NONE', #4199, #8273, #3849, .T. ) ;
#4864 = CARTESIAN_POINT ( 'NONE',  ( -61.73346048263379515, -1.481336058263765798, 8.091224778708935972 ) ) ;
#4865 = ORIENTED_EDGE ( 'NONE', *, *, #7020, .F. ) ;
#4866 = EDGE_LOOP ( 'NONE', ( #1787, #5157, #7735, #2886 ) ) ;
#4867 = ADVANCED_FACE ( 'NONE', ( #6429 ), #5018, .T. ) ;
#4868 = EDGE_CURVE ( 'NONE', #3251, #8572, #5719, .T. ) ;
#4869 = CARTESIAN_POINT ( 'NONE',  ( -61.83469231920783216, -0.3996062992126024893, 7.461879584916413677 ) ) ;
#4870 = CIRCLE ( 'NONE', #8372, 0.7499999998945467983 ) ;
#4871 = ORIENTED_EDGE ( 'NONE', *, *, #4950, .T. ) ;
#4872 = CARTESIAN_POINT ( 'NONE',  ( -62.67629561916865555, -0.4126776965509262318, 8.043841763413409396 ) ) ;
#4873 = DIRECTION ( 'NONE',  ( 0.7071067811865230368, -0.000000000000000000, 0.7071067811865719976 ) ) ;
#4874 = AXIS2_PLACEMENT_3D ( 'NONE', #465, #3132, #5789 ) ;
#4875 = DIRECTION ( 'NONE',  ( 0.000000000000000000, 0.000000000000000000, -1.000000000000000000 ) ) ;
#4876 = VERTEX_POINT ( 'NONE', #6471 ) ;
#4877 = DIRECTION ( 'NONE',  ( 0.000000000000000000, 0.000000000000000000, -1.000000000000000000 ) ) ;
#4878 = CARTESIAN_POINT ( 'NONE',  ( -62.25973898965089148, -0.4192913385826831929, 7.322344516859017993 ) ) ;
#4879 = ORIENTED_EDGE ( 'NONE', *, *, #8415, .F. ) ;
#4880 = CARTESIAN_POINT ( 'NONE',  ( -62.67202238068491482, -0.4061132758059439740, 7.677651732096640202 ) ) ;
#4881 = ORIENTED_EDGE ( 'NONE', *, *, #6274, .F. ) ;
#4882 = CARTESIAN_POINT ( 'NONE',  ( -61.95815966324424551, -4.040557313724240984, 6.794607486644346217 ) ) ;
#4883 = CARTESIAN_POINT ( 'NONE',  ( -61.68790348981730176, -1.481336058263765798, 7.745185063159765626 ) ) ;
#4884 = DIRECTION ( 'NONE',  ( 1.000000000000000000, 6.123233995736766036E-17, 0.000000000000000000 ) ) ;
#4885 = CARTESIAN_POINT ( 'NONE',  ( -61.69726238648821237, -1.481336058263765798, 7.710257185281149894 ) ) ;
#4886 = EDGE_CURVE ( 'NONE', #3948, #818, #3808, .T. ) ;
#4887 = AXIS2_PLACEMENT_3D ( 'NONE', #3289, #6073, #8110 ) ;
#4888 = CARTESIAN_POINT ( 'NONE',  ( -62.60119069648930434, -1.407454082783216709, 8.131016413190240044 ) ) ;
#4889 = ORIENTED_EDGE ( 'NONE', *, *, #7806, .T. ) ;
#4890 = DIRECTION ( 'NONE',  ( 0.000000000000000000, 1.000000000000000000, 0.000000000000000000 ) ) ;
#4891 = EDGE_LOOP ( 'NONE', ( #3116, #2629, #3797, #8424 ) ) ;
#4892 = DIRECTION ( 'NONE',  ( 0.000000000000000000, 0.000000000000000000, -1.000000000000000000 ) ) ;
#4893 = CARTESIAN_POINT ( 'NONE',  ( -62.99924072846518186, -4.404960629921268911, 7.143567358502281195 ) ) ;
#4894 = CARTESIAN_POINT ( 'NONE',  ( -62.17522999999999911, -0.3996062992126024893, 7.857046014671676737 ) ) ;
#4895 = ORIENTED_EDGE ( 'NONE', *, *, #5415, .T. ) ;
#4896 = CARTESIAN_POINT ( 'NONE',  ( -61.12655273230826936, -4.256678440039347144, 7.628686090512767137 ) ) ;
#4897 = CARTESIAN_POINT ( 'NONE',  ( -61.80912333800013414, -1.481336058263765798, 8.197583695463858788 ) ) ;
#4898 = ORIENTED_EDGE ( 'NONE', *, *, #1124, .F. ) ;
#4899 = EDGE_CURVE ( 'NONE', #6510, #4016, #7706, .T. ) ;
#4900 = CARTESIAN_POINT ( 'NONE',  ( -63.12573548874951967, -4.301422018549827975, 8.437347632540756592 ) ) ;
#4901 = CARTESIAN_POINT ( 'NONE',  ( -62.24780377875136139, -4.232503617190445766, 8.501033132745581256 ) ) ;
#4902 = AXIS2_PLACEMENT_3D ( 'NONE', #2336, #7122, #2587 ) ;
#4903 = DIRECTION ( 'NONE',  ( 0.8660254037844492547, 0.000000000000000000, 0.4999999999999815703 ) ) ;
#4904 = AXIS2_PLACEMENT_3D ( 'NONE', #7725, #7111, #7161 ) ;
#4905 = CARTESIAN_POINT ( 'NONE',  ( -62.36939381702050156, -0.4192913385826831929, 8.362365590044475994 ) ) ;
#4906 = ORIENTED_EDGE ( 'NONE', *, *, #1334, .F. ) ;
#4907 = ORIENTED_EDGE ( 'NONE', *, *, #4511, .T. ) ;
#4908 = DIRECTION ( 'NONE',  ( 0.000000000000000000, 0.000000000000000000, -1.000000000000000000 ) ) ;
#4909 = VECTOR ( 'NONE', #6707, 39.37007874015748143 ) ;
#4910 = ORIENTED_EDGE ( 'NONE', *, *, #5830, .F. ) ;
#4911 = CARTESIAN_POINT ( 'NONE',  ( -62.68110798343275292, -1.407454082783009985, 7.832761037914279356 ) ) ;
#4912 = CARTESIAN_POINT ( 'NONE',  ( -63.02465437492901401, -3.988504844567673402, 7.516206457327312407 ) ) ;
#4913 = CARTESIAN_POINT ( 'NONE',  ( -62.17522999999999911, -1.403543307086619674, 7.857046014671676737 ) ) ;
#4914 = ORIENTED_EDGE ( 'NONE', *, *, #8635, .F. ) ;
#4915 = CYLINDRICAL_SURFACE ( 'NONE', #5038, 0.6299842518760266907 ) ;
#4916 = VECTOR ( 'NONE', #1144, 39.37007874015748143 ) ;
#4917 = ORIENTED_EDGE ( 'NONE', *, *, #6702, .T. ) ;
#4918 = DIRECTION ( 'NONE',  ( 6.123233995736766036E-17, -1.000000000000000000, 0.000000000000000000 ) ) ;
#4919 = ORIENTED_EDGE ( 'NONE', *, *, #6039, .T. ) ;
#4920 = DIRECTION ( 'NONE',  ( -0.000000000000000000, 1.000000000000000000, -0.000000000000000000 ) ) ;
#4921 = DIRECTION ( 'NONE',  ( 8.379041695284333024E-14, 0.000000000000000000, -1.000000000000000000 ) ) ;
#4922 = DIRECTION ( 'NONE',  ( 0.000000000000000000, -1.000000000000000000, 0.000000000000000000 ) ) ;
#4923 = DIRECTION ( 'NONE',  ( 0.000000000000000000, 0.000000000000000000, -1.000000000000000000 ) ) ;
#4924 = AXIS2_PLACEMENT_3D ( 'NONE', #6156, #1338, #8052 ) ;
#4925 = AXIS2_PLACEMENT_3D ( 'NONE', #8070, #1487, #5468 ) ;
#4926 = EDGE_CURVE ( 'NONE', #8336, #3530, #5856, .T. ) ;
#4927 = ORIENTED_EDGE ( 'NONE', *, *, #5030, .T. ) ;
#4928 = CARTESIAN_POINT ( 'NONE',  ( -62.59604058572213603, -1.267487984741781704, 8.197583695463832143 ) ) ;
#4929 = EDGE_CURVE ( 'NONE', #7374, #6769, #4461, .T. ) ;
#4930 = ORIENTED_EDGE ( 'NONE', *, *, #2199, .F. ) ;
#4931 = LINE ( 'NONE', #1528, #1368 ) ;
#4932 = EDGE_CURVE ( 'NONE', #2057, #6311, #4134, .T. ) ;
#4933 = ORIENTED_EDGE ( 'NONE', *, *, #771, .F. ) ;
#4934 = CARTESIAN_POINT ( 'NONE',  ( -62.94234263780148808, -4.353952271936974761, 7.022278292265640154 ) ) ;
#4935 = CARTESIAN_POINT ( 'NONE',  ( -61.65592780826771957, -1.336377492739988737, 7.894755199728605177 ) ) ;
#4936 = B_SPLINE_CURVE_WITH_KNOTS ( 'NONE', 3,
 ( #2997, #6242, #6855, #1471 ),
 .UNSPECIFIED., .F., .F.,
 ( 4, 4 ),
 ( 2.014298344490636800E-07, 0.0004597969392806268017 ),
 .UNSPECIFIED. ) ;
#4937 = DIRECTION ( 'NONE',  ( -4.692263349359225787E-13, 0.000000000000000000, -1.000000000000000000 ) ) ;
#4938 = EDGE_CURVE ( 'NONE', #8410, #7483, #5109, .T. ) ;
#4939 = CIRCLE ( 'NONE', #3549, 0.5413385826771592857 ) ;
#4940 = EDGE_CURVE ( 'NONE', #6400, #7949, #6519, .T. ) ;
#4941 = ORIENTED_EDGE ( 'NONE', *, *, #1123, .F. ) ;
#4942 = CARTESIAN_POINT ( 'NONE',  ( -61.22044258287591845, -4.210651033485801165, 7.657920510075570952 ) ) ;
#4943 = DIRECTION ( 'NONE',  ( 0.000000000000000000, 0.000000000000000000, -1.000000000000000000 ) ) ;
#4944 = DIRECTION ( 'NONE',  ( 0.4999999999999603650, 0.000000000000000000, 0.8660254037844613562 ) ) ;
#4945 = VERTEX_POINT ( 'NONE', #1842 ) ;
#4946 = CARTESIAN_POINT ( 'NONE',  ( -63.09436573623887057, -4.313793353952176446, 8.493752877323100137 ) ) ;
#4947 = LINE ( 'NONE', #4413, #8468 ) ;
#4948 = CARTESIAN_POINT ( 'NONE',  ( -62.70993149781266141, -1.267487984742363905, 7.772537025020771928 ) ) ;
#4949 = APPROVAL_DATE_TIME ( #8201, #6826 ) ;
#4950 = EDGE_CURVE ( 'NONE', #1832, #4424, #8552, .T. ) ;
#4951 = LINE ( 'NONE', #2938, #4587 ) ;
#4952 = ORIENTED_EDGE ( 'NONE', *, *, #7511, .F. ) ;
#4953 = CARTESIAN_POINT ( 'NONE',  ( -61.68883856223430939, -0.4126776965509277861, 8.079268371173169427 ) ) ;
#4954 = EDGE_CURVE ( 'NONE', #5974, #8363, #8504, .T. ) ;
#4955 = ORIENTED_EDGE ( 'NONE', *, *, #287, .T. ) ;
#4956 = CARTESIAN_POINT ( 'NONE',  ( -62.17522999999999911, -1.267487984742363905, 7.857046014671676737 ) ) ;
#4957 = DIRECTION ( 'NONE',  ( -0.4999999999999695244, 0.000000000000000000, -0.8660254037844562491 ) ) ;
#4958 = CARTESIAN_POINT ( 'NONE',  ( -62.17522999999999911, -0.4192913385826831929, 7.857046014671676737 ) ) ;
#4959 = ORIENTED_EDGE ( 'NONE', *, *, #6911, .F. ) ;
#4960 = FACE_OUTER_BOUND ( 'NONE', #816, .T. ) ;
#4961 = ORIENTED_EDGE ( 'NONE', *, *, #1068, .T. ) ;
#4962 = DIRECTION ( 'NONE',  ( -0.6942045807973382665, 0.000000000000000000, -0.7197777434736307711 ) ) ;
#4963 = ORIENTED_EDGE ( 'NONE', *, *, #7662, .T. ) ;
#4964 = FACE_OUTER_BOUND ( 'NONE', #161, .T. ) ;
#4965 = CARTESIAN_POINT ( 'NONE',  ( -61.94105123596274609, -1.481336058263765798, 7.415276497305466563 ) ) ;
#4966 = DIRECTION ( 'NONE',  ( 6.123233995736766036E-17, -1.000000000000000000, 0.000000000000000000 ) ) ;
#4967 = DIRECTION ( 'NONE',  ( -0.8660254037844526964, 0.000000000000000000, -0.4999999999999754641 ) ) ;
#4968 = VECTOR ( 'NONE', #6093, 39.37007874015748143 ) ;
#4969 = VECTOR ( 'NONE', #4572, 39.37007874015749564 ) ;
#4970 = EDGE_CURVE ( 'NONE', #8316, #148, #3065, .T. ) ;
#4971 = CARTESIAN_POINT ( 'NONE',  ( -63.24591934622350209, -4.262858080523741933, 8.524039792917504244 ) ) ;
#4972 = ORIENTED_EDGE ( 'NONE', *, *, #4294, .F. ) ;
#4973 = DIRECTION ( 'NONE',  ( -0.6942045807973433735, 0.000000000000000000, 0.7197777434736258861 ) ) ;
#4974 = EDGE_CURVE ( 'NONE', #4473, #8121, #2591, .T. ) ;
#4975 = ORIENTED_EDGE ( 'NONE', *, *, #3589, .T. ) ;
#4976 = DIRECTION ( 'NONE',  ( 0.000000000000000000, 0.000000000000000000, 1.000000000000000000 ) ) ;
#4977 = ORIENTED_EDGE ( 'NONE', *, *, #8610, .T. ) ;
#4978 = CARTESIAN_POINT ( 'NONE',  ( -62.99924072844949308, -4.391217077536125224, 7.143567358906228293 ) ) ;
#4979 = CARTESIAN_POINT ( 'NONE',  ( -61.80034817571565497, -1.407454082783215155, 8.197583695463849907 ) ) ;
#4980 = FACE_OUTER_BOUND ( 'NONE', #324, .T. ) ;
#4981 = EDGE_CURVE ( 'NONE', #4115, #5572, #4065, .T. ) ;
#4982 = ORIENTED_EDGE ( 'NONE', *, *, #6236, .F. ) ;
#4983 = CYLINDRICAL_SURFACE ( 'NONE', #5808, 0.1620000001541451462 ) ;
#4984 = DIRECTION ( 'NONE',  ( -1.675808339056866668E-14, 0.000000000000000000, -1.000000000000000000 ) ) ;
#4985 = CARTESIAN_POINT ( 'NONE',  ( -62.66983945008867352, -0.4192913385826831929, 7.637025667935508189 ) ) ;
#4986 = ORIENTED_EDGE ( 'NONE', *, *, #8351, .T. ) ;
#4987 = CARTESIAN_POINT ( 'NONE',  ( -61.82167660940673670, -1.481336058263770905, 8.210599405264959572 ) ) ;
#4988 = CARTESIAN_POINT ( 'NONE',  ( -62.47281482132223118, -4.208110236220480971, 8.752017775881926198 ) ) ;
#4989 = CARTESIAN_POINT ( 'NONE',  ( -61.69226708685546612, -0.3996062992126024893, 7.727636492120415923 ) ) ;
#4990 = ORIENTED_EDGE ( 'NONE', *, *, #1059, .F. ) ;
#4991 = CARTESIAN_POINT ( 'NONE',  ( -62.17522999999999911, -4.208110236220480971, 7.857046014671676737 ) ) ;
#4992 = ORIENTED_EDGE ( 'NONE', *, *, #5128, .T. ) ;
#4993 = DIRECTION ( 'NONE',  ( 0.000000000000000000, 0.000000000000000000, 1.000000000000000000 ) ) ;
#4994 = CARTESIAN_POINT ( 'NONE',  ( -62.02844117060948292, -1.481336058263765798, 8.335013628183473244 ) ) ;
#4995 = CIRCLE ( 'NONE', #1232, 0.2879842520053231270 ) ;
#4996 = AXIS2_PLACEMENT_3D ( 'NONE', #3130, #6407, #4483 ) ;
#4997 = CARTESIAN_POINT ( 'NONE',  ( -61.08077148822891900, -4.373008679628290984, 7.536329003471688104 ) ) ;
#4998 = CARTESIAN_POINT ( 'NONE',  ( -62.23199151542151952, -1.267487984741781704, 8.395400536768557131 ) ) ;
#4999 = CIRCLE ( 'NONE', #2496, 0.3937007874015751585 ) ;
#5000 = CIRCLE ( 'NONE', #5987, 0.5216535433070783601 ) ;
#5001 = VERTEX_POINT ( 'NONE', #5283 ) ;
#5002 = CARTESIAN_POINT ( 'NONE',  ( -62.60824270189222318, -1.481336058263770905, 8.107046014671675849 ) ) ;
#5003 = ORIENTED_EDGE ( 'NONE', *, *, #1083, .T. ) ;
#5004 = LINE ( 'NONE', #4436, #255 ) ;
#5005 = CARTESIAN_POINT ( 'NONE',  ( -61.68934962498460095, -1.482582146657628108, 7.739369309437794442 ) ) ;
#5006 = CARTESIAN_POINT ( 'NONE',  ( -62.17522999999999911, -1.403543307086619674, 7.857046014671676737 ) ) ;
#5007 = DIRECTION ( 'NONE',  ( 1.000000000000000000, 6.123233995736766036E-17, 0.000000000000000000 ) ) ;
#5008 = DIRECTION ( 'NONE',  ( 0.000000000000000000, 0.000000000000000000, 1.000000000000000000 ) ) ;
#5009 = AXIS2_PLACEMENT_3D ( 'NONE', #7885, #2441, #523 ) ;
#5010 = ORIENTED_EDGE ( 'NONE', *, *, #7948, .F. ) ;
#5011 = CARTESIAN_POINT ( 'NONE',  ( -61.14533399468615471, -4.404960629921268911, 7.500171118908191659 ) ) ;
#5012 = ORIENTED_EDGE ( 'NONE', *, *, #7832, .F. ) ;
#5013 = CARTESIAN_POINT ( 'NONE',  ( -61.09766574025385211, -4.229893423021333199, 8.489482529653489706 ) ) ;
#5014 = CARTESIAN_POINT ( 'NONE',  ( -62.84385054295239570, -4.211974820884826443, 7.134891655342315175 ) ) ;
#5015 = DIRECTION ( 'NONE',  ( -0.2588190451025498828, 0.000000000000000000, -0.9659258262890605407 ) ) ;
#5016 = FACE_OUTER_BOUND ( 'NONE', #7437, .T. ) ;
#5017 = ORIENTED_EDGE ( 'NONE', *, *, #1573, .T. ) ;
#5018 = CYLINDRICAL_SURFACE ( 'NONE', #8490, 0.5413385826771592857 ) ;
#5019 = LINE ( 'NONE', #6918, #552 ) ;
#5020 = CARTESIAN_POINT ( 'NONE',  ( -62.60610429775263697, -1.336377492739990736, 7.564737806590222213 ) ) ;
#5021 = ORIENTED_EDGE ( 'NONE', *, *, #3695, .T. ) ;
#5022 = DIRECTION ( 'NONE',  ( 0.000000000000000000, 0.000000000000000000, 1.000000000000000000 ) ) ;
#5023 = DIRECTION ( 'NONE',  ( 0.000000000000000000, 0.000000000000000000, 1.000000000000000000 ) ) ;
#5024 = AXIS2_PLACEMENT_3D ( 'NONE', #7355, #6728, #1919 ) ;
#5025 = EDGE_CURVE ( 'NONE', #3466, #6628, #4089, .T. ) ;
#5026 = DIRECTION ( 'NONE',  ( 0.000000000000000000, -1.000000000000000000, 0.000000000000000000 ) ) ;
#5027 = CARTESIAN_POINT ( 'NONE',  ( -62.17522999999999200, -4.236253785494019652, 6.605133632829447876 ) ) ;
#5028 = ORIENTED_EDGE ( 'NONE', *, *, #292, .F. ) ;
#5029 = B_SPLINE_CURVE_WITH_KNOTS ( 'NONE', 3,
 ( #4753, #2000, #6591, #695 ),
 .UNSPECIFIED., .F., .F.,
 ( 4, 4 ),
 ( 2.124027046609151077E-16, 0.0008211405993301529316 ),
 .UNSPECIFIED. ) ;
#5030 = EDGE_CURVE ( 'NONE', #2330, #2468, #5411, .T. ) ;
#5031 = AXIS2_PLACEMENT_3D ( 'NONE', #4270, #2953, #869 ) ;
#5032 = EDGE_CURVE ( 'NONE', #4188, #5035, #8060, .T. ) ;
#5033 = DIRECTION ( 'NONE',  ( 0.000000000000000000, 0.000000000000000000, 1.000000000000000000 ) ) ;
#5034 = ADVANCED_FACE ( 'NONE', ( #2086 ), #7027, .T. ) ;
#5035 = VERTEX_POINT ( 'NONE', #4718 ) ;
#5036 = CARTESIAN_POINT ( 'NONE',  ( -62.67522999999999911, -5.958149606299221190, 7.857046014671673184 ) ) ;
#5037 = DIRECTION ( 'NONE',  ( 1.000000000000000000, 6.123233995736766036E-17, 0.000000000000000000 ) ) ;
#5038 = AXIS2_PLACEMENT_3D ( 'NONE', #7596, #8301, #2290 ) ;
#5039 = CARTESIAN_POINT ( 'NONE',  ( -61.13446659038577025, -4.258772704661599739, 7.576824150657722967 ) ) ;
#5040 = FACE_OUTER_BOUND ( 'NONE', #1795, .T. ) ;
#5041 = EDGE_CURVE ( 'NONE', #2800, #6058, #8579, .T. ) ;
#5042 = B_SPLINE_CURVE_WITH_KNOTS ( 'NONE', 3,
 ( #4469, #7854, #5817, #4420, #1854, #3947 ),
 .UNSPECIFIED., .F., .F.,
 ( 4, 2, 4 ),
 ( 0.000000000000000000, 0.001876713925793229744, 0.003753427851586459488 ),
 .UNSPECIFIED. ) ;
#5043 = CIRCLE ( 'NONE', #1278, 0.5413385826771592857 ) ;
#5044 = EDGE_LOOP ( 'NONE', ( #1904, #3479, #6428, #4917, #4666, #8115, #2322, #3520, #107, #379, #1257, #3835, #5519, #7664, #6221, #7188, #3181, #8164, #6600, #7557, #904, #6820, #7068, #701, #3503, #102, #7094, #5284, #692, #7432, #8656, #6807, #8387, #5021, #370, #5121, #2515, #6348, #60, #4992, #7616, #2663, #893, #3416, #785, #6550, #8205, #4843, #8015, #6356, #5178, #8008, #4139, #7166, #7650, #4053, #4898, #694, #381, #1433, #8626, #1411, #3369 ) ) ;
#5045 = CARTESIAN_POINT ( 'NONE',  ( -61.90730276946889177, -5.958110236220478306, 6.898699440940922578 ) ) ;
#5046 = VERTEX_POINT ( 'NONE', #1391 ) ;
#5047 = CARTESIAN_POINT ( 'NONE',  ( -62.44072424263811172, -1.481336058263765798, 8.280735532037894586 ) ) ;
#5048 = CARTESIAN_POINT ( 'NONE',  ( -62.25922920350242151, -4.208859885725227734, 6.897167022535361625 ) ) ;
#5049 = DIRECTION ( 'NONE',  ( 3.635980405647387670E-14, 0.000000000000000000, -1.000000000000000000 ) ) ;
#5050 = CARTESIAN_POINT ( 'NONE',  ( -62.26750974005894790, -4.256680352361195574, 6.787765252795312065 ) ) ;
#5051 = DIRECTION ( 'NONE',  ( 0.000000000000000000, 0.000000000000000000, 1.000000000000000000 ) ) ;
#5052 = DIRECTION ( 'NONE',  ( 1.000000000000000000, 6.123233995736766036E-17, 0.000000000000000000 ) ) ;
#5053 = ORIENTED_EDGE ( 'NONE', *, *, #7603, .T. ) ;
#5054 = CARTESIAN_POINT ( 'NONE',  ( -62.32201882939053661, -5.958149606299221190, 8.335013628183467915 ) ) ;
#5055 = ORIENTED_EDGE ( 'NONE', *, *, #7968, .T. ) ;
#5056 = CARTESIAN_POINT ( 'NONE',  ( -62.99924072846518186, -4.404960629921268911, 7.143567358502282083 ) ) ;
#5057 = EDGE_CURVE ( 'NONE', #1046, #5698, #5334, .T. ) ;
#5058 = CARTESIAN_POINT ( 'NONE',  ( -62.94790813585559874, -4.267983533087307713, 7.091776776216773825 ) ) ;
#5059 = TOROIDAL_SURFACE ( 'NONE', #2964, 0.3071496062623911283, 0.1968503937007874127 ) ;
#5060 = LINE ( 'NONE', #8401, #4599 ) ;
#5061 = DIRECTION ( 'NONE',  ( -8.379041695284333024E-14, 0.000000000000000000, -1.000000000000000000 ) ) ;
#5062 = VERTEX_POINT ( 'NONE', #5937 ) ;
#5063 = DIRECTION ( 'NONE',  ( -1.000000000000000000, 0.000000000000000000, -4.685141163918161232E-14 ) ) ;
#5064 = VERTEX_POINT ( 'NONE', #7447 ) ;
#5065 = DIRECTION ( 'NONE',  ( -0.000000000000000000, 1.000000000000000000, -0.000000000000000000 ) ) ;
#5066 = ORIENTED_EDGE ( 'NONE', *, *, #602, .F. ) ;
#5067 = DIRECTION ( 'NONE',  ( 1.000000000000000000, 0.000000000000000000, 0.000000000000000000 ) ) ;
#5068 = CARTESIAN_POINT ( 'NONE',  ( -61.73958407509802271, -0.4126776965509263984, 7.546929851634091690 ) ) ;
#5069 = VECTOR ( 'NONE', #4149, 39.37007874015748143 ) ;
#5070 = VECTOR ( 'NONE', #3074, 39.37007874015748854 ) ;
#5071 = CARTESIAN_POINT ( 'NONE',  ( -61.68062054991133891, -0.4192913385826831929, 7.637025667935517070 ) ) ;
#5072 = CARTESIAN_POINT ( 'NONE',  ( -61.75154048263378570, -5.958149606299221190, 8.122540257309786682 ) ) ;
#5073 = ORIENTED_EDGE ( 'NONE', *, *, #2630, .T. ) ;
#5074 = EDGE_CURVE ( 'NONE', #829, #1393, #1920, .T. ) ;
#5075 = DIRECTION ( 'NONE',  ( 1.000000000000000000, 0.000000000000000000, 0.000000000000000000 ) ) ;
#5076 = EDGE_CURVE ( 'NONE', #4147, #3032, #6640, .T. ) ;
#5077 = VERTEX_POINT ( 'NONE', #3937 ) ;
#5078 = CARTESIAN_POINT ( 'NONE',  ( -61.73738206533263195, -1.267487984741781704, 8.175380190032459637 ) ) ;
#5079 = EDGE_CURVE ( 'NONE', #7319, #4752, #6732, .T. ) ;
#5080 = CARTESIAN_POINT ( 'NONE',  ( -62.46749986408380551, -5.958110236220478306, 8.790353212545978678 ) ) ;
#5081 = CARTESIAN_POINT ( 'NONE',  ( -61.25136930826641901, -4.208110236220480971, 7.667276149373862815 ) ) ;
#5082 = EDGE_LOOP ( 'NONE', ( #7953, #6744, #6483, #7439 ) ) ;
#5083 = EDGE_CURVE ( 'NONE', #3300, #5974, #6067, .T. ) ;
#5084 = ORIENTED_EDGE ( 'NONE', *, *, #8312, .T. ) ;
#5085 = EDGE_CURVE ( 'NONE', #1686, #2057, #1963, .T. ) ;
#5086 = CARTESIAN_POINT ( 'NONE',  ( -62.42522999999999911, -5.958149606299221190, 7.424033312779459770 ) ) ;
#5087 = ORIENTED_EDGE ( 'NONE', *, *, #4027, .T. ) ;
#5088 = CARTESIAN_POINT ( 'NONE',  ( -62.17522999999999911, -1.267487984742363905, 7.857046014671676737 ) ) ;
#5089 = CARTESIAN_POINT ( 'NONE',  ( -61.67555699332463348, -5.958149606299221190, 7.875126014671685937 ) ) ;
#5090 = CARTESIAN_POINT ( 'NONE',  ( -62.68054957537280103, -0.4192913385826831929, 7.662882197651172511 ) ) ;
#5091 = DIRECTION ( 'NONE',  ( 0.000000000000000000, -1.000000000000000000, 0.000000000000000000 ) ) ;
#5092 = CARTESIAN_POINT ( 'NONE',  ( -62.26727705123093415, -4.284822461824887796, 6.761281680987030640 ) ) ;
#5093 = CARTESIAN_POINT ( 'NONE',  ( -62.44072424263811172, -1.481336058263765798, 8.280735532037894586 ) ) ;
#5094 = VECTOR ( 'NONE', #2977, 39.37007874015748143 ) ;
#5095 = B_SPLINE_CURVE_WITH_KNOTS ( 'NONE', 3,
 ( #8425, #6532, #8563, #8521 ),
 .UNSPECIFIED., .F., .F.,
 ( 4, 4 ),
 ( 2.372388754618940114E-06, 0.005608136317061032487 ),
 .UNSPECIFIED. ) ;
#5096 = VERTEX_POINT ( 'NONE', #4589 ) ;
#5097 = CARTESIAN_POINT ( 'NONE',  ( -62.51576768079218027, -1.481336058263765798, 8.223152676671539041 ) ) ;
#5098 = ORIENTED_EDGE ( 'NONE', *, *, #2376, .F. ) ;
#5099 = CARTESIAN_POINT ( 'NONE',  ( -61.64701293848037977, -3.986213576698663275, 8.577062098151058578 ) ) ;
#5100 = CARTESIAN_POINT ( 'NONE',  ( -62.49562054075092021, 57.93121849778213317, 7.124004473509751634 ) ) ;
#5101 = DIRECTION ( 'NONE',  ( -0.000000000000000000, 1.000000000000000000, -0.000000000000000000 ) ) ;
#5102 = AXIS2_PLACEMENT_3D ( 'NONE', #8454, #3196, #5061 ) ;
#5103 = DIRECTION ( 'NONE',  ( -0.000000000000000000, 1.000000000000000000, -0.000000000000000000 ) ) ;
#5104 = AXIS2_PLACEMENT_3D ( 'NONE', #2237, #5026, #4164 ) ;
#5105 = CARTESIAN_POINT ( 'NONE',  ( -61.21546039790331406, -4.245277145000242669, 8.304505820744543243 ) ) ;
#5106 = EDGE_CURVE ( 'NONE', #2638, #829, #25, .T. ) ;
#5107 = ORIENTED_EDGE ( 'NONE', *, *, #6753, .F. ) ;
#5108 = CARTESIAN_POINT ( 'NONE',  ( -61.74221729810778214, -5.958149606299221190, 8.107046014671675849 ) ) ;
#5109 = CIRCLE ( 'NONE', #5249, 0.7500000000295831137 ) ;
#5110 = VERTEX_POINT ( 'NONE', #7275 ) ;
#5111 = CARTESIAN_POINT ( 'NONE',  ( -62.17522999999999911, -0.3996062992126024893, 7.857046014671676737 ) ) ;
#5112 = ORIENTED_EDGE ( 'NONE', *, *, #7145, .T. ) ;
#5113 = VECTOR ( 'NONE', #7237, 39.37007874015748143 ) ;
#5114 = DIRECTION ( 'NONE',  ( -0.000000000000000000, 1.000000000000000000, -0.000000000000000000 ) ) ;
#5115 = DIRECTION ( 'NONE',  ( -0.2588190451024895422, 0.000000000000000000, 0.9659258262890766389 ) ) ;
#5116 = DIRECTION ( 'NONE',  ( 0.000000000000000000, 0.000000000000000000, -1.000000000000000000 ) ) ;
#5117 = VECTOR ( 'NONE', #6082, 39.37007874015748143 ) ;
#5118 = CARTESIAN_POINT ( 'NONE',  ( -62.21385835883954485, -0.3996062992126024893, 8.377267380186582457 ) ) ;
#5119 = VERTEX_POINT ( 'NONE', #1526 ) ;
#5120 = CARTESIAN_POINT ( 'NONE',  ( -62.17522999999999911, -0.3996062992126024893, 7.857046014671676737 ) ) ;
#5121 = ORIENTED_EDGE ( 'NONE', *, *, #791, .T. ) ;
#5122 = CARTESIAN_POINT ( 'NONE',  ( -63.03909905381352985, -4.234119594368591422, 8.386311171258588715 ) ) ;
#5123 = CARTESIAN_POINT ( 'NONE',  ( -62.25973898965090569, -1.267487984742363905, 8.391747512484334592 ) ) ;
#5124 = CARTESIAN_POINT ( 'NONE',  ( -61.23908232437727150, -4.209241314190085959, 7.646136003811184523 ) ) ;
#5125 = CARTESIAN_POINT ( 'NONE',  ( -61.29811850765962333, -4.072394846713739192, 8.571072586250311431 ) ) ;
#5126 = TOROIDAL_SURFACE ( 'NONE', #1360, 0.5531496061700608147, 0.1968503937007874127 ) ;
#5127 = EDGE_CURVE ( 'NONE', #8047, #5638, #6035, .T. ) ;
#5128 = EDGE_CURVE ( 'NONE', #111, #6708, #3066, .T. ) ;
#5129 = VERTEX_POINT ( 'NONE', #874 ) ;
#5130 = CARTESIAN_POINT ( 'NONE',  ( -62.51576768079216606, -1.336377492740391526, 8.250912536397269292 ) ) ;
#5131 = CONICAL_SURFACE ( 'NONE', #3195, 0.5216535433070783601, 0.7853981633974604915 ) ;
#5132 = VERTEX_POINT ( 'NONE', #3539 ) ;
#5133 = CARTESIAN_POINT ( 'NONE',  ( -62.17522999999999911, -1.931638615742792497, 7.857046014671676737 ) ) ;
#5134 = CARTESIAN_POINT ( 'NONE',  ( -62.51576768079215896, -1.481336058263765798, 7.490939352671794893 ) ) ;
#5135 = ORIENTED_EDGE ( 'NONE', *, *, #413, .T. ) ;
#5136 = CARTESIAN_POINT ( 'NONE',  ( -61.68273250261051999, -0.3996062992126024893, 8.029001341166452477 ) ) ;
#5137 = CARTESIAN_POINT ( 'NONE',  ( -62.26711785863302850, -4.306320303744553435, 6.746849389657997520 ) ) ;
#5138 = CARTESIAN_POINT ( 'NONE',  ( -61.58276635895111184, -4.230323299352378719, 7.602406593443423510 ) ) ;
#5139 = B_SPLINE_CURVE_WITH_KNOTS ( 'NONE', 3,
 ( #7579, #1662, #5020, #225 ),
 .UNSPECIFIED., .F., .F.,
 ( 4, 4 ),
 ( 2.372388754709335893E-06, 0.005608136317061037691 ),
 .UNSPECIFIED. ) ;
#5140 = B_SPLINE_CURVE_WITH_KNOTS ( 'NONE', 3,
 ( #2092, #8022, #7452, #4674 ),
 .UNSPECIFIED., .F., .F.,
 ( 4, 4 ),
 ( 2.014298340735288964E-07, 0.0004597969392807522439 ),
 .UNSPECIFIED. ) ;
#5141 = CONICAL_SURFACE ( 'NONE', #543, 0.5216535433070783601, 0.7853981633974604915 ) ;
#5142 = DIRECTION ( 'NONE',  ( 0.000000000000000000, 0.000000000000000000, -1.000000000000000000 ) ) ;
#5143 = VERTEX_POINT ( 'NONE', #7647 ) ;
#5144 = LINE ( 'NONE', #7081, #1242 ) ;
#5145 = B_SPLINE_CURVE_WITH_KNOTS ( 'NONE', 3,
 ( #6344, #3021, #8373, #8204 ),
 .UNSPECIFIED., .F., .F.,
 ( 4, 4 ),
 ( 2.014298345159910883E-07, 0.0004597969392808698257 ),
 .UNSPECIFIED. ) ;
#5146 = VERTEX_POINT ( 'NONE', #7567 ) ;
#5147 = CARTESIAN_POINT ( 'NONE',  ( -62.93219037090987200, -4.256666222254934517, 7.148195609465019196 ) ) ;
#5148 = EDGE_CURVE ( 'NONE', #605, #5203, #1432, .T. ) ;
#5149 = DIRECTION ( 'NONE',  ( 0.000000000000000000, -1.000000000000000000, 0.000000000000000000 ) ) ;
#5150 = AXIS2_PLACEMENT_3D ( 'NONE', #6179, #7547, #4122 ) ;
#5151 = CARTESIAN_POINT ( 'NONE',  ( -62.92586152213209516, -4.302276525522049866, 7.037139659730305752 ) ) ;
#5152 = CARTESIAN_POINT ( 'NONE',  ( -62.36939381702049445, -1.403543307086619674, 7.351726439298875704 ) ) ;
#5153 = TOROIDAL_SURFACE ( 'NONE', #5854, 0.08542106031500233676, 0.2374135853542876096 ) ;
#5154 = TOROIDAL_SURFACE ( 'NONE', #6408, 0.8858267716535430658, 0.3937007874015748254 ) ;
#5155 = CARTESIAN_POINT ( 'NONE',  ( -61.16425781411455631, -4.313793353949662901, 8.334687480791926006 ) ) ;
#5156 = VERTEX_POINT ( 'NONE', #209 ) ;
#5157 = ORIENTED_EDGE ( 'NONE', *, *, #980, .F. ) ;
#5158 = CARTESIAN_POINT ( 'NONE',  ( -62.28709095151190667, -0.3996062992126024893, 7.369719504488977613 ) ) ;
#5159 = B_SPLINE_CURVE_WITH_KNOTS ( 'NONE', 3,
 ( #2350, #5671, #847, #7044 ),
 .UNSPECIFIED., .F., .F.,
 ( 4, 4 ),
 ( 0.000000000000000000, 0.0008211405993301780851 ),
 .UNSPECIFIED. ) ;
#5160 = ORIENTED_EDGE ( 'NONE', *, *, #7553, .F. ) ;
#5161 = CARTESIAN_POINT ( 'NONE',  ( -61.53496790055500298, -4.208110236220480971, 7.466451027467043922 ) ) ;
#5162 = ORIENTED_EDGE ( 'NONE', *, *, #6727, .F. ) ;
#5163 = CARTESIAN_POINT ( 'NONE',  ( -62.02844117060947582, -0.3996062992126024893, 8.335013628183469692 ) ) ;
#5164 = CARTESIAN_POINT ( 'NONE',  ( -61.64052850218734392, -1.403543307086619674, 7.772537025020779922 ) ) ;
#5165 = EDGE_CURVE ( 'NONE', #4545, #8291, #6316, .T. ) ;
#5166 = VECTOR ( 'NONE', #5207, 39.37007874015748143 ) ;
#5167 = CARTESIAN_POINT ( 'NONE',  ( -62.25973898965089148, -0.4192913385826831929, 7.322344516859017993 ) ) ;
#5168 = ORIENTED_EDGE ( 'NONE', *, *, #766, .F. ) ;
#5169 = DIRECTION ( 'NONE',  ( -0.000000000000000000, -1.000000000000000000, -0.000000000000000000 ) ) ;
#5170 = EDGE_LOOP ( 'NONE', ( #1207, #1602, #1037, #268 ) ) ;
#5171 = EDGE_CURVE ( 'NONE', #5938, #5387, #6197, .T. ) ;
#5172 = CARTESIAN_POINT ( 'NONE',  ( -62.51460368965937420, -4.353951408663666811, 8.938768695369454065 ) ) ;
#5173 = ORIENTED_EDGE ( 'NONE', *, *, #7298, .F. ) ;
#5174 = DIRECTION ( 'NONE',  ( 1.000000000000000000, 0.000000000000000000, 0.000000000000000000 ) ) ;
#5175 = EDGE_CURVE ( 'NONE', #829, #3392, #253, .T. ) ;
#5176 = DIRECTION ( 'NONE',  ( -0.000000000000000000, 1.000000000000000000, -0.000000000000000000 ) ) ;
#5177 = CARTESIAN_POINT ( 'NONE',  ( -61.08363385828405256, -4.313793353952136478, 7.614922091645288660 ) ) ;
#5178 = ORIENTED_EDGE ( 'NONE', *, *, #1025, .T. ) ;
#5179 = DIRECTION ( 'NONE',  ( 0.000000000000000000, 1.000000000000000000, 0.000000000000000000 ) ) ;
#5180 = ORIENTED_EDGE ( 'NONE', *, *, #7533, .T. ) ;
#5181 = CARTESIAN_POINT ( 'NONE',  ( -62.60824270189222318, -0.3996062992126024893, 8.107046014671675849 ) ) ;
#5182 = ORIENTED_EDGE ( 'NONE', *, *, #1995, .F. ) ;
#5183 = DIRECTION ( 'NONE',  ( 0.000000000000000000, 0.000000000000000000, 1.000000000000000000 ) ) ;
#5184 = CARTESIAN_POINT ( 'NONE',  ( -61.23208039387928636, -4.404960629921268911, 7.857046014726967620 ) ) ;
#5185 = ORIENTED_EDGE ( 'NONE', *, *, #338, .T. ) ;
#5186 = DIRECTION ( 'NONE',  ( 0.000000000000000000, 0.000000000000000000, -1.000000000000000000 ) ) ;
#5187 = CARTESIAN_POINT ( 'NONE',  ( -60.93979159814919910, -4.278729374314139910, 7.580625897850288730 ) ) ;
#5188 = CARTESIAN_POINT ( 'NONE',  ( -61.68062054991133891, -0.4192913385826831929, 7.637025667935517070 ) ) ;
#5189 = CIRCLE ( 'NONE', #8140, 0.5413385826771592857 ) ;
#5190 = DIRECTION ( 'NONE',  ( 0.9998364899699180297, 0.000000000000000000, -0.01808295674479139248 ) ) ;
#5191 = ORIENTED_EDGE ( 'NONE', *, *, #8322, .T. ) ;
#5192 = LINE ( 'NONE', #3796, #1653 ) ;
#5193 = VERTEX_POINT ( 'NONE', #4928 ) ;
#5194 = CARTESIAN_POINT ( 'NONE',  ( -62.14859430802974316, -4.217173188639559811, 7.244410891476986691 ) ) ;
#5195 = LINE ( 'NONE', #427, #4512 ) ;
#5196 = FACE_OUTER_BOUND ( 'NONE', #4828, .T. ) ;
#5197 = EDGE_CURVE ( 'NONE', #7329, #2242, #5906, .T. ) ;
#5198 = DIRECTION ( 'NONE',  ( -6.123233995736766036E-17, 1.000000000000000000, -0.000000000000000000 ) ) ;
#5199 = CARTESIAN_POINT ( 'NONE',  ( -61.27551172256885081, -4.253190375682313729, 8.366427936847504299 ) ) ;
#5200 = ADVANCED_FACE ( 'NONE', ( #8142 ), #3580, .F. ) ;
#5201 = CARTESIAN_POINT ( 'NONE',  ( -61.82598780616789469, -1.482581474689033785, 7.499334600900480652 ) ) ;
#5202 = ADVANCED_FACE ( 'NONE', ( #5624 ), #782, .T. ) ;
#5203 = VERTEX_POINT ( 'NONE', #7524 ) ;
#5204 = LINE ( 'NONE', #7232, #6129 ) ;
#5205 = VECTOR ( 'NONE', #1293, 39.37007874015748143 ) ;
#5206 = ORIENTED_EDGE ( 'NONE', *, *, #2971, .T. ) ;
#5207 = DIRECTION ( 'NONE',  ( 6.123233995736766036E-17, -1.000000000000000000, -0.000000000000000000 ) ) ;
#5208 = ADVANCED_FACE ( 'NONE', ( #2133 ), #4801, .F. ) ;
#5209 = CARTESIAN_POINT ( 'NONE',  ( -62.17522999999999911, -1.403543307086619674, 7.857046014671676737 ) ) ;
#5210 = ADVANCED_FACE ( 'NONE', ( #3498 ), #2434, .T. ) ;
#5211 = CIRCLE ( 'NONE', #2407, 0.1771653543307066259 ) ;
#5212 = DIRECTION ( 'NONE',  ( 0.9659258262890737523, 0.000000000000000000, 0.2588190451024995897 ) ) ;
#5213 = CARTESIAN_POINT ( 'NONE',  ( -62.89677961600493461, -4.208110236220480971, 8.061658211741868030 ) ) ;
#5214 = ORIENTED_EDGE ( 'NONE', *, *, #1031, .F. ) ;
#5215 = CARTESIAN_POINT ( 'NONE',  ( -61.69226708685546612, -5.958149606299221190, 7.986455537222940215 ) ) ;
#5216 = CARTESIAN_POINT ( 'NONE',  ( -62.17522999999999911, -5.958149606299221190, 8.357046014671675849 ) ) ;
#5217 = CARTESIAN_POINT ( 'NONE',  ( -63.13540399203968434, -4.379143505772841394, 8.370709060589307526 ) ) ;
#5218 = DIRECTION ( 'NONE',  ( 1.000000000000000000, 0.000000000000000000, 0.000000000000000000 ) ) ;
#5219 = EDGE_CURVE ( 'NONE', #8082, #2366, #3277, .T. ) ;
#5220 = ORIENTED_EDGE ( 'NONE', *, *, #6379, .T. ) ;
#5221 = CARTESIAN_POINT ( 'NONE',  ( -62.17522999999999911, -0.5639763779527527943, 7.581455463490575752 ) ) ;
#5222 = ADVANCED_FACE ( 'NONE', ( #8443 ), #5059, .F. ) ;
#5223 = DIRECTION ( 'NONE',  ( 6.123233995736766036E-17, -1.000000000000000000, 0.000000000000000000 ) ) ;
#5224 = ORIENTED_EDGE ( 'NONE', *, *, #1219, .F. ) ;
#5225 = CARTESIAN_POINT ( 'NONE',  ( -60.99027353901340831, -4.222658027334185604, 7.470656143132133664 ) ) ;
#5226 = ORIENTED_EDGE ( 'NONE', *, *, #3658, .F. ) ;
#5227 = CARTESIAN_POINT ( 'NONE',  ( -62.32201882939052240, -1.481336058263765798, 7.379078401159882006 ) ) ;
#5228 = CARTESIAN_POINT ( 'NONE',  ( -62.26676806215593274, -4.391958146239824501, 6.720727052852275563 ) ) ;
#5229 = CARTESIAN_POINT ( 'NONE',  ( -62.52447219383211774, -1.482581474689071088, 8.214757428442869269 ) ) ;
#5230 = DIRECTION ( 'NONE',  ( 0.000000000000000000, 1.000000000000000000, 0.000000000000000000 ) ) ;
#5231 = EDGE_LOOP ( 'NONE', ( #1992, #6080, #1600, #2011, #7003 ) ) ;
#5232 = DIRECTION ( 'NONE',  ( 1.000000000000000000, 0.000000000000000000, 0.000000000000000000 ) ) ;
#5233 = B_SPLINE_CURVE_WITH_KNOTS ( 'NONE', 3,
 ( #245, #4880, #2911, #3489 ),
 .UNSPECIFIED., .F., .F.,
 ( 4, 4 ),
 ( 0.000000000000000000, 0.0008211405993301780851 ),
 .UNSPECIFIED. ) ;
#5234 = ORIENTED_EDGE ( 'NONE', *, *, #562, .T. ) ;
#5235 = CARTESIAN_POINT ( 'NONE',  ( -61.06225177874729582, -4.262858074208863535, 8.450793309746272186 ) ) ;
#5236 = LINE ( 'NONE', #7270, #3723 ) ;
#5237 = CARTESIAN_POINT ( 'NONE',  ( -62.36446307240588283, -4.208110236220481859, 8.379878883085293495 ) ) ;
#5238 = DIRECTION ( 'NONE',  ( 5.131193983648229015E-17, 1.000000000000000000, 1.914987665046796076E-16 ) ) ;
#5239 = CARTESIAN_POINT ( 'NONE',  ( -61.30195080668441676, -4.208859885724283600, 8.264240066811458618 ) ) ;
#5240 = EDGE_CURVE ( 'NONE', #4611, #8530, #3790, .T. ) ;
#5241 = ADVANCED_FACE ( 'NONE', ( #3090 ), #739, .F. ) ;
#5242 = CARTESIAN_POINT ( 'NONE',  ( -62.13919451266763616, -4.391950050296821395, 6.767666871665953821 ) ) ;
#5243 = EDGE_LOOP ( 'NONE', ( #7116, #5963, #2388, #3782 ) ) ;
#5244 = CARTESIAN_POINT ( 'NONE',  ( -61.69226708685546612, -0.3996062992126024893, 7.986455537222940215 ) ) ;
#5245 = VERTEX_POINT ( 'NONE', #6416 ) ;
#5246 = VECTOR ( 'NONE', #4063, 39.37007874015748143 ) ;
#5247 = DIRECTION ( 'NONE',  ( 0.000000000000000000, 0.000000000000000000, 1.000000000000000000 ) ) ;
#5248 = FACE_OUTER_BOUND ( 'NONE', #5082, .T. ) ;
#5249 = AXIS2_PLACEMENT_3D ( 'NONE', #4369, #7847, #7047 ) ;
#5250 = FACE_OUTER_BOUND ( 'NONE', #1896, .T. ) ;
#5251 = CARTESIAN_POINT ( 'NONE',  ( -63.44491474628637206, 57.93121849778213317, 7.856183801707287806 ) ) ;
#5252 = VERTEX_POINT ( 'NONE', #3703 ) ;
#5253 = DIRECTION ( 'NONE',  ( -0.000000000000000000, -1.000000000000000000, -0.000000000000000000 ) ) ;
#5254 = B_SPLINE_CURVE_WITH_KNOTS ( 'NONE', 3,
 ( #2284, #4953, #1628, #4296 ),
 .UNSPECIFIED., .F., .F.,
 ( 4, 4 ),
 ( 2.658828050498713735E-16, 0.0008211405993301740735 ),
 .UNSPECIFIED. ) ;
#5255 = EDGE_LOOP ( 'NONE', ( #4578, #6568, #5765, #8624 ) ) ;
#5256 = CARTESIAN_POINT ( 'NONE',  ( -63.11074667405343064, -4.306285833289755338, 8.374349548905799523 ) ) ;
#5257 = CARTESIAN_POINT ( 'NONE',  ( -62.49356417536056085, -0.4192913385826831929, 7.419198080004365536 ) ) ;
#5258 = DATE_AND_TIME ( #672, #5399 ) ;
#5259 = ORIENTED_EDGE ( 'NONE', *, *, #7024, .T. ) ;
#5260 =( GEOMETRIC_REPRESENTATION_CONTEXT ( 3 ) GLOBAL_UNCERTAINTY_ASSIGNED_CONTEXT ( ( #7873 ) ) GLOBAL_UNIT_ASSIGNED_CONTEXT ( ( #7991, #4563, #1364 ) ) REPRESENTATION_CONTEXT ( 'NONE', 'WORKASPACE' ) );
#5261 = CARTESIAN_POINT ( 'NONE',  ( -61.73738206533263195, -1.267487984741781704, 8.175380190032459637 ) ) ;
#5262 = CARTESIAN_POINT ( 'NONE',  ( -62.17522999999999911, -3.983565816415135963, 7.857046014671676737 ) ) ;
#5263 =( BOUNDED_SURFACE ( )  B_SPLINE_SURFACE ( 3, 2, ( 
 ( #3469, #4773, #4118 ),
 ( #6789, #6212, #8285 ),
 ( #6136, #797, #8244 ),
 ( #140, #2810, #928 ),
 ( #2277, #6921, #8155 ),
 ( #4946, #4900, #277 ),
 ( #4858, #2147, #7494 ),
 ( #228, #889, #1448 ),
 ( #7744, #6173, #1491 ),
 ( #4158, #6833, #3557 ),
 ( #843, #2232, #8117 ),
 ( #3513, #1081, #2888 ),
 ( #5594, #1583, #2847 ),
 ( #3750, #5509, #4402 ),
 ( #3595, #7084, #94 ),
 ( #5552, #8196, #5426 ),
 ( #2104, #2184, #7542 ),
 ( #1539, #4200, #6877 ) ),
 .UNSPECIFIED., .F., .F., .F. ) 
 B_SPLINE_SURFACE_WITH_KNOTS ( ( 4, 2, 2, 2, 2, 2, 2, 2, 4 ),
 ( 3, 3 ),
 ( 0.000000000000000000, 0.0001826799213654989415, 0.0003653598427309978831, 0.0005480397640964968517, 0.0007307196854619957662, 0.0009133996068274947890, 0.001096079528192993703, 0.001278759449558492618, 0.001461439370923991532 ),
 ( 0.000000000000000000, 1.000000000000000000 ),
 .UNSPECIFIED. ) 
 GEOMETRIC_REPRESENTATION_ITEM ( )  RATIONAL_B_SPLINE_SURFACE ( (
 ( 1.000000000000000000, 0.9077309138922320386, 1.000000000000000000),
 ( 1.000000000000000000, 0.9077313985494327442, 1.000000000000000000),
 ( 1.000000000000000000, 0.9090499560922570277, 1.000000000000000000),
 ( 1.000000000000000000, 0.9140299215354675821, 1.000000000000000000),
 ( 1.000000000000000000, 0.9177545019837340945, 1.000000000000000000),
 ( 1.000000000000000000, 0.9267632205420814895, 1.000000000000000000),
 ( 1.000000000000000000, 0.9320524481507449499, 1.000000000000000000),
 ( 1.000000000000000000, 0.9435597176594806568, 1.000000000000000000),
 ( 1.000000000000000000, 0.9496014803712071739, 1.000000000000000000),
 ( 1.000000000000000000, 0.9615176567851129175, 1.000000000000000000),
 ( 1.000000000000000000, 0.9674521050857198823, 1.000000000000000000),
 ( 1.000000000000000000, 0.9781888576762167720, 1.000000000000000000),
 ( 1.000000000000000000, 0.9830256174950338099, 1.000000000000000000),
 ( 1.000000000000000000, 0.9911566989106954662, 1.000000000000000000),
 ( 1.000000000000000000, 0.9944235497331176399, 1.000000000000000000),
 ( 1.000000000000000000, 0.9988256192745242901, 1.000000000000000000),
 ( 1.000000000000000000, 0.9999998433027127431, 1.000000000000000000),
 ( 1.000000000000000000, 1.000000000000000000, 1.000000000000000000) ) ) 
 REPRESENTATION_ITEM ( '' )  SURFACE ( )  );
#5264 = ORIENTED_EDGE ( 'NONE', *, *, #4242, .T. ) ;
#5265 = CARTESIAN_POINT ( 'NONE',  ( -62.17522999999999911, -4.090000000000014069, 7.857046014671676737 ) ) ;
#5266 = ORIENTED_EDGE ( 'NONE', *, *, #7615, .T. ) ;
#5267 = CARTESIAN_POINT ( 'NONE',  ( -62.17522999999999911, -0.3996062992126024893, 7.857046014671676737 ) ) ;
#5268 = DIRECTION ( 'NONE',  ( 0.000000000000000000, 0.000000000000000000, 1.000000000000000000 ) ) ;
#5269 = PRODUCT_RELATED_PRODUCT_CATEGORY ( 'detail', '', ( #389 ) ) ;
#5270 = CARTESIAN_POINT ( 'NONE',  ( -62.51576768079215896, -0.4192913385826831929, 8.277856600393576514 ) ) ;
#5271 = CARTESIAN_POINT ( 'NONE',  ( -62.38978919657800049, -4.317609363914651333, 8.909251218164817132 ) ) ;
#5272 = AXIS2_PLACEMENT_3D ( 'NONE', #7451, #7241, #1396 ) ;
#5273 = VERTEX_POINT ( 'NONE', #4490 ) ;
#5274 = DIRECTION ( 'NONE',  ( 0.000000000000000000, 1.000000000000000000, 0.000000000000000000 ) ) ;
#5275 = ORIENTED_EDGE ( 'NONE', *, *, #4776, .F. ) ;
#5276 = CARTESIAN_POINT ( 'NONE',  ( -61.31240141058898274, -4.208428976412151634, 8.258913177674012118 ) ) ;
#5277 = CARTESIAN_POINT ( 'NONE',  ( -62.17522999999999911, -4.381104177324340654, 7.857046014671676737 ) ) ;
#5278 = CARTESIAN_POINT ( 'NONE',  ( -61.66022700504392873, -4.212017421699776776, 8.152295177416680971 ) ) ;
#5279 = LINE ( 'NONE', #5367, #6573 ) ;
#5280 = AXIS2_PLACEMENT_3D ( 'NONE', #2836, #7610, #5539 ) ;
#5281 = AXIS2_PLACEMENT_3D ( 'NONE', #508, #1687, #4355 ) ;
#5282 = CARTESIAN_POINT ( 'NONE',  ( -63.13914609356205432, 57.93121849778213317, 8.104187513396796660 ) ) ;
#5283 = CARTESIAN_POINT ( 'NONE',  ( -62.30463952255126259, -0.3996062992126024893, 7.374083101527142858 ) ) ;
#5284 = ORIENTED_EDGE ( 'NONE', *, *, #3286, .F. ) ;
#5285 = DIRECTION ( 'NONE',  ( 1.000000000000000000, 6.123233995736766036E-17, 0.000000000000000000 ) ) ;
#5286 = AXIS2_PLACEMENT_3D ( 'NONE', #3810, #3851, #1798 ) ;
#5287 = AXIS2_PLACEMENT_3D ( 'NONE', #1730, #334, #5653 ) ;
#5288 = ORIENTED_EDGE ( 'NONE', *, *, #1966, .T. ) ;
#5289 = DIRECTION ( 'NONE',  ( 1.000000000000000000, 0.000000000000000000, 0.000000000000000000 ) ) ;
#5290 = FACE_OUTER_BOUND ( 'NONE', #4112, .T. ) ;
#5291 = CARTESIAN_POINT ( 'NONE',  ( -61.03156856837886579, -5.958110236220478306, 8.399959134444111797 ) ) ;
#5292 = DIRECTION ( 'NONE',  ( 0.000000000000000000, 0.000000000000000000, 1.000000000000000000 ) ) ;
#5293 = ORIENTED_EDGE ( 'NONE', *, *, #4444, .F. ) ;
#5294 = CARTESIAN_POINT ( 'NONE',  ( -62.06336904848807734, -5.958149606299221190, 7.369719504488978501 ) ) ;
#5295 = CARTESIAN_POINT ( 'NONE',  ( -62.65819291314453920, -1.481336058263770905, 7.727636492120407041 ) ) ;
#5296 = DIRECTION ( 'NONE',  ( 6.123233995736766036E-17, -1.000000000000000000, -0.000000000000000000 ) ) ;
#5297 = ORIENTED_EDGE ( 'NONE', *, *, #6702, .F. ) ;
#5298 = CARTESIAN_POINT ( 'NONE',  ( -62.51576768079215896, -0.3996062992126024893, 7.461879584916404795 ) ) ;
#5299 = EDGE_CURVE ( 'NONE', #8336, #2152, #1819, .T. ) ;
#5300 = EDGE_CURVE ( 'NONE', #3348, #1659, #454, .T. ) ;
#5301 = EDGE_CURVE ( 'NONE', #5972, #5988, #6930, .T. ) ;
#5302 = FACE_OUTER_BOUND ( 'NONE', #6028, .T. ) ;
#5303 = ORIENTED_EDGE ( 'NONE', *, *, #7236, .T. ) ;
#5304 = CARTESIAN_POINT ( 'NONE',  ( -61.75844097811346245, -3.983565816460565401, 7.086160342500667397 ) ) ;
#5305 = ORIENTED_EDGE ( 'NONE', *, *, #6774, .F. ) ;
#5306 = DIRECTION ( 'NONE',  ( -0.8660254037844545838, 0.000000000000000000, -0.4999999999999725220 ) ) ;
#5307 = CARTESIAN_POINT ( 'NONE',  ( -61.85689582463944447, -0.4192913385826831929, 7.419198080004372642 ) ) ;
#5308 = ADVANCED_FACE ( 'NONE', ( #5751 ), #880, .F. ) ;
#5309 = CARTESIAN_POINT ( 'NONE',  ( -62.66983945008866641, -1.267487984742363905, 7.637025667935517070 ) ) ;
#5310 = EDGE_CURVE ( 'NONE', #4106, #2933, #3794, .T. ) ;
#5311 = ORIENTED_EDGE ( 'NONE', *, *, #3323, .F. ) ;
#5312 = CARTESIAN_POINT ( 'NONE',  ( -62.38111527656377575, -4.391949825143279362, 8.927399566342559822 ) ) ;
#5313 = ORIENTED_EDGE ( 'NONE', *, *, #8594, .T. ) ;
#5314 = DIRECTION ( 'NONE',  ( -0.2413099306572052682, 0.000000000000000000, -0.9704481013254724342 ) ) ;
#5315 = VERTEX_POINT ( 'NONE', #1737 ) ;
#5316 = DIRECTION ( 'NONE',  ( 0.000000000000000000, -1.000000000000000000, 0.000000000000000000 ) ) ;
#5317 = AXIS2_PLACEMENT_3D ( 'NONE', #3494, #4966, #6157 ) ;
#5318 = DIRECTION ( 'NONE',  ( 0.000000000000000000, 1.000000000000000000, 0.000000000000000000 ) ) ;
#5319 = CARTESIAN_POINT ( 'NONE',  ( -62.40940876403726634, -0.3996062992126024893, 8.298815532037897569 ) ) ;
#5320 = CARTESIAN_POINT ( 'NONE',  ( -62.55011182428438588, -1.407454082783007543, 8.197583695463837472 ) ) ;
#5321 = VECTOR ( 'NONE', #4173, 39.37007874015748143 ) ;
#5322 = CARTESIAN_POINT ( 'NONE',  ( -61.94105123596275320, -1.481336058263765798, 8.298815532037897569 ) ) ;
#5323 = EDGE_CURVE ( 'NONE', #4876, #2047, #1571, .T. ) ;
#5324 = EDGE_LOOP ( 'NONE', ( #8378, #87, #3219, #3223 ) ) ;
#5325 = DIRECTION ( 'NONE',  ( -0.000000000000000000, 1.000000000000000000, -0.000000000000000000 ) ) ;
#5326 = VERTEX_POINT ( 'NONE', #6992 ) ;
#5327 = CARTESIAN_POINT ( 'NONE',  ( -61.92523000000000621, -5.958149606299221190, 7.424033312779459770 ) ) ;
#5328 = EDGE_CURVE ( 'NONE', #3102, #3745, #243, .T. ) ;
#5329 = AXIS2_PLACEMENT_3D ( 'NONE', #612, #479, #2491 ) ;
#5330 = ORIENTED_EDGE ( 'NONE', *, *, #2249, .T. ) ;
#5331 = DIRECTION ( 'NONE',  ( 0.000000000000000000, 0.000000000000000000, -1.000000000000000000 ) ) ;
#5332 = PLANE ( 'NONE',  #4017 ) ;
#5333 = CARTESIAN_POINT ( 'NONE',  ( -62.33087113528933543, -4.139992592431934071, 9.044652809307898167 ) ) ;
#5334 = CIRCLE ( 'NONE', #8151, 0.2879842521669108146 ) ;
#5335 = LINE ( 'NONE', #7372, #1994 ) ;
#5336 = ORIENTED_EDGE ( 'NONE', *, *, #1083, .F. ) ;
#5337 = EDGE_LOOP ( 'NONE', ( #1976, #4597, #4977, #6735 ) ) ;
#5338 = ORIENTED_EDGE ( 'NONE', *, *, #6862, .F. ) ;
#5339 = CARTESIAN_POINT ( 'NONE',  ( -62.86188387186393101, -4.301443064595274812, 8.076213674500161588 ) ) ;
#5340 = CIRCLE ( 'NONE', #6746, 0.5531496061700642564 ) ;
#5341 = CARTESIAN_POINT ( 'NONE',  ( -62.17522999999999911, -0.3996062992126024893, 7.857046014671676737 ) ) ;
#5342 = VECTOR ( 'NONE', #4679, 39.37007874015748854 ) ;
#5343 = ORIENTED_EDGE ( 'NONE', *, *, #8288, .T. ) ;
#5344 = DIRECTION ( 'NONE',  ( 0.000000000000000000, -1.000000000000000000, 0.000000000000000000 ) ) ;
#5345 = EDGE_CURVE ( 'NONE', #3728, #6211, #3404, .T. ) ;
#5346 = ORIENTED_EDGE ( 'NONE', *, *, #4225, .T. ) ;
#5347 = EDGE_CURVE ( 'NONE', #448, #5064, #7351, .T. ) ;
#5348 = DIRECTION ( 'NONE',  ( 0.000000000000000000, 0.000000000000000000, -1.000000000000000000 ) ) ;
#5349 = EDGE_LOOP ( 'NONE', ( #8154, #2874, #7522, #1267 ) ) ;
#5350 = FACE_OUTER_BOUND ( 'NONE', #4701, .T. ) ;
#5351 = CARTESIAN_POINT ( 'NONE',  ( -63.09604580882821523, -4.317643123825101625, 8.494695001331121986 ) ) ;
#5352 = PRODUCT_DEFINITION_SHAPE ( 'NONE', 'NONE',  #2967 ) ;
#5353 = CARTESIAN_POINT ( 'NONE',  ( -61.86511383696242206, -0.4126776965509268424, 7.421400089769699449 ) ) ;
#5354 = DIRECTION ( 'NONE',  ( 0.000000000000000000, 0.000000000000000000, 1.000000000000000000 ) ) ;
#5355 = EDGE_CURVE ( 'NONE', #7992, #8640, #730, .T. ) ;
#5356 = AXIS2_PLACEMENT_3D ( 'NONE', #1882, #1173, #7183 ) ;
#5357 = CIRCLE ( 'NONE', #4240, 0.5413385826771592857 ) ;
#5358 = B_SPLINE_CURVE_WITH_KNOTS ( 'NONE', 3,
 ( #1182, #1138, #8460, #2500 ),
 .UNSPECIFIED., .F., .F.,
 ( 4, 4 ),
 ( 2.372388754672445067E-06, 0.005608136317045249106 ),
 .UNSPECIFIED. ) ;
#5359 = EDGE_CURVE ( 'NONE', #3612, #7569, #1860, .T. ) ;
#5360 = CARTESIAN_POINT ( 'NONE',  ( -62.44753904300478098, -4.214447582406175563, 8.796807350138797332 ) ) ;
#5361 = ORIENTED_EDGE ( 'NONE', *, *, #5998, .F. ) ;
#5362 = FACE_OUTER_BOUND ( 'NONE', #5709, .T. ) ;
#5363 = ORIENTED_EDGE ( 'NONE', *, *, #2376, .T. ) ;
#5364 = DIRECTION ( 'NONE',  ( -0.9704481013254749877, 0.000000000000000000, 0.2413099306571951652 ) ) ;
#5365 = PLANE ( 'NONE',  #4924 ) ;
#5366 = CARTESIAN_POINT ( 'NONE',  ( -61.66242705270570923, -4.208605692602883863, 8.100518099778774683 ) ) ;
#5367 = CARTESIAN_POINT ( 'NONE',  ( -62.70993149781266141, -1.403543307086619674, 7.772537025020771928 ) ) ;
#5368 = CARTESIAN_POINT ( 'NONE',  ( -61.74401926129242923, -0.3996062992126024893, 7.563482191852678227 ) ) ;
#5369 = CARTESIAN_POINT ( 'NONE',  ( -62.13919451266762195, -4.404960629921268911, 6.767666871665952932 ) ) ;
#5370 = B_SPLINE_CURVE_WITH_KNOTS ( 'NONE', 3,
 ( #1874, #7262, #8441, #4393, #466, #7074, #3837, #6502, #8577, #5790, #3792, #5837 ),
 .UNSPECIFIED., .F., .F.,
 ( 4, 2, 2, 2, 2, 4 ),
 ( 2.760384514364686874E-07, 0.001850273427424456657, 0.003700270816397476827, 0.004625269510883995260, 0.005550268205370514560, 0.007400265594344177661 ),
 .UNSPECIFIED. ) ;
#5371 = ORIENTED_EDGE ( 'NONE', *, *, #4560, .T. ) ;
#5372 = CARTESIAN_POINT ( 'NONE',  ( -62.51576768079215896, -0.3996062992126024893, 7.490939352671794893 ) ) ;
#5373 = VERTEX_POINT ( 'NONE', #3968 ) ;
#5374 = CARTESIAN_POINT ( 'NONE',  ( -62.17522999999999200, -4.236253785494019652, 6.605133632829447876 ) ) ;
#5375 = CARTESIAN_POINT ( 'NONE',  ( -62.61307793466730232, -1.403543307086619674, 8.175380190032234040 ) ) ;
#5376 = EDGE_CURVE ( 'NONE', #1589, #7858, #3374, .T. ) ;
#5377 = CIRCLE ( 'NONE', #6924, 0.5413385826771592857 ) ;
#5378 = DIRECTION ( 'NONE',  ( 0.000000000000000000, -1.000000000000000000, 0.000000000000000000 ) ) ;
#5379 = CARTESIAN_POINT ( 'NONE',  ( -61.03523000017850109, -5.958110236220480971, 7.857046014726967620 ) ) ;
#5380 = VERTEX_POINT ( 'NONE', #2650 ) ;
#5381 = AXIS2_PLACEMENT_3D ( 'NONE', #285, #7678, #2243 ) ;
#5382 = VERTEX_POINT ( 'NONE', #2035 ) ;
#5383 = ORIENTED_EDGE ( 'NONE', *, *, #5433, .F. ) ;
#5384 = CARTESIAN_POINT ( 'NONE',  ( -61.69392168118238828, -1.482581474689025569, 7.992212089305134270 ) ) ;
#5385 = CARTESIAN_POINT ( 'NONE',  ( -62.49407327081834751, -4.231819538506766953, 8.844499283093405495 ) ) ;
#5386 = AXIS2_PLACEMENT_3D ( 'NONE', #2097, #748, #8643 ) ;
#5387 = VERTEX_POINT ( 'NONE', #8005 ) ;
#5388 = DIRECTION ( 'NONE',  ( 0.2762435205281195127, 0.000000000000000000, 0.9610876741308415072 ) ) ;
#5389 = VECTOR ( 'NONE', #5865, 39.37007874015748143 ) ;
#5390 = DIRECTION ( 'NONE',  ( 0.8660254037844181685, -0.000000000000000000, 0.5000000000000355271 ) ) ;
#5391 = ORIENTED_EDGE ( 'NONE', *, *, #8421, .F. ) ;
#5392 = DIRECTION ( 'NONE',  ( 0.9659258262890748625, 0.000000000000000000, 0.2588190451024963146 ) ) ;
#5393 = ORIENTED_EDGE ( 'NONE', *, *, #7554, .T. ) ;
#5394 = CARTESIAN_POINT ( 'NONE',  ( -61.65529803663281427, -0.4061132758059451398, 7.950082199010483741 ) ) ;
#5395 = CARTESIAN_POINT ( 'NONE',  ( -62.35462428257501699, -0.4061132758059444181, 7.360253633986775235 ) ) ;
#5396 = CARTESIAN_POINT ( 'NONE',  ( -63.11420740627404058, -3.993685432362741761, 8.073440115461412603 ) ) ;
#5397 = EDGE_CURVE ( 'NONE', #1629, #5156, #4655, .T. ) ;
#5398 = EDGE_CURVE ( 'NONE', #8133, #4424, #3270, .T. ) ;
#5399 = LOCAL_TIME ( 17, 57, 41.00000000000000000, #7903 ) ;
#5400 = CARTESIAN_POINT ( 'NONE',  ( -62.51591266371249134, -5.958110236220480971, 8.944950110581011415 ) ) ;
#5401 = VERTEX_POINT ( 'NONE', #2736 ) ;
#5402 = CARTESIAN_POINT ( 'NONE',  ( -61.79858208673134357, 57.93121849778213317, 9.069579085685658626 ) ) ;
#5403 = ORIENTED_EDGE ( 'NONE', *, *, #4261, .F. ) ;
#5404 = CARTESIAN_POINT ( 'NONE',  ( -62.17522999992568344, -5.958110236220480971, 7.857046014731977834 ) ) ;
#5405 = CARTESIAN_POINT ( 'NONE',  ( -62.26706644970931137, -4.313793353959399113, 6.742697686066334128 ) ) ;
#5406 = DIRECTION ( 'NONE',  ( 0.000000000000000000, 0.000000000000000000, 1.000000000000000000 ) ) ;
#5407 = PLANE ( 'NONE',  #8400 ) ;
#5408 = VECTOR ( 'NONE', #7856, 39.37007874015748143 ) ;
#5409 = AXIS2_PLACEMENT_3D ( 'NONE', #8642, #4634, #1354 ) ;
#5410 = ORIENTED_EDGE ( 'NONE', *, *, #7603, .F. ) ;
#5411 = LINE ( 'NONE', #3285, #6740 ) ;
#5412 = ADVANCED_FACE ( 'NONE', ( #7875 ), #5926, .T. ) ;
#5413 = VERTEX_POINT ( 'NONE', #7392 ) ;
#5414 = DIRECTION ( 'NONE',  ( 0.2762435205281295603, 0.000000000000000000, 0.9610876741308385096 ) ) ;
#5415 = EDGE_CURVE ( 'NONE', #7191, #3724, #7874, .T. ) ;
#5416 = EDGE_LOOP ( 'NONE', ( #5012, #4907, #2039, #4470 ) ) ;
#5417 = CARTESIAN_POINT ( 'NONE',  ( -62.49250572027904127, -4.228090218631274766, 8.837497833218774801 ) ) ;
#5418 = AXIS2_PLACEMENT_3D ( 'NONE', #3737, #3786, #6499 ) ;
#5419 = CYLINDRICAL_SURFACE ( 'NONE', #4887, 0.8759842518953556700 ) ;
#5420 = CARTESIAN_POINT ( 'NONE',  ( -61.84843978029844180, -3.988504844567673402, 7.002118225392573336 ) ) ;
#5421 = ORIENTED_EDGE ( 'NONE', *, *, #4131, .F. ) ;
#5422 = DIRECTION ( 'NONE',  ( -0.000000000000000000, 1.000000000000000000, -0.000000000000000000 ) ) ;
#5423 = CARTESIAN_POINT ( 'NONE',  ( -61.55814267268263507, -3.990057508872694836, 8.561641348376147320 ) ) ;
#5424 = ORIENTED_EDGE ( 'NONE', *, *, #8323, .F. ) ;
#5425 = ORIENTED_EDGE ( 'NONE', *, *, #580, .T. ) ;
#5426 = CARTESIAN_POINT ( 'NONE',  ( -62.96587325204574626, -4.209241314189977601, 8.400864689542592245 ) ) ;
#5427 = CARTESIAN_POINT ( 'NONE',  ( -62.89677961600493461, -4.404960629921268911, 8.061658211741868030 ) ) ;
#5428 = CARTESIAN_POINT ( 'NONE',  ( -62.44471017634432997, -4.373008679627910844, 8.965233394809516199 ) ) ;
#5429 = DIRECTION ( 'NONE',  ( 0.000000000000000000, 1.000000000000000000, 0.000000000000000000 ) ) ;
#5430 = AXIS2_PLACEMENT_3D ( 'NONE', #3730, #1105, #409 ) ;
#5431 = AXIS2_PLACEMENT_3D ( 'NONE', #7923, #3240, #1837 ) ;
#5432 = CARTESIAN_POINT ( 'NONE',  ( -62.06336904848809155, -1.481336058263765798, 8.344372524854378526 ) ) ;
#5433 = EDGE_CURVE ( 'NONE', #4945, #8603, #3686, .T. ) ;
#5434 = ORIENTED_EDGE ( 'NONE', *, *, #1462, .T. ) ;
#5435 = DIRECTION ( 'NONE',  ( -0.000000000000000000, -1.000000000000000000, -0.000000000000000000 ) ) ;
#5436 = VERTEX_POINT ( 'NONE', #6549 ) ;
#5437 = DIRECTION ( 'NONE',  ( 0.000000000000000000, -1.000000000000000000, 0.000000000000000000 ) ) ;
#5438 = CARTESIAN_POINT ( 'NONE',  ( -62.26742506121524201, -4.208110236220480971, 6.918413365338945908 ) ) ;
#5439 = CARTESIAN_POINT ( 'NONE',  ( -62.15709586793396113, -5.958110236220480971, 8.606826751327723457 ) ) ;
#5440 = CARTESIAN_POINT ( 'NONE',  ( -62.18121864285028977, -1.482581474689053769, 7.357154324751083330 ) ) ;
#5441 = EDGE_CURVE ( 'NONE', #1940, #3198, #4055, .T. ) ;
#5442 = ORIENTED_EDGE ( 'NONE', *, *, #713, .F. ) ;
#5443 = CARTESIAN_POINT ( 'NONE',  ( -62.17522999999999911, -0.3996062992126024893, 7.857046014671676737 ) ) ;
#5444 = B_SPLINE_CURVE_WITH_KNOTS ( 'NONE', 3,
 ( #2467, #1682, #3693, #8383 ),
 .UNSPECIFIED., .F., .F.,
 ( 4, 4 ),
 ( 2.014298343233802695E-07, 0.0004597969392809035986 ),
 .UNSPECIFIED. ) ;
#5445 = ORIENTED_EDGE ( 'NONE', *, *, #4672, .T. ) ;
#5446 = DIRECTION ( 'NONE',  ( -5.027425017170599688E-14, 0.000000000000000000, -1.000000000000000000 ) ) ;
#5447 = CARTESIAN_POINT ( 'NONE',  ( -62.26772256345808643, -4.226216439433432726, 6.834678102164700064 ) ) ;
#5448 = CARTESIAN_POINT ( 'NONE',  ( -61.79858208673134357, -5.958110236220478306, 9.069579085685658626 ) ) ;
#5449 = CARTESIAN_POINT ( 'NONE',  ( -62.69516196336719815, -0.4061132758059446402, 7.950082199010475748 ) ) ;
#5450 = AXIS2_PLACEMENT_3D ( 'NONE', #8277, #5630, #7614 ) ;
#5451 = ORIENTED_EDGE ( 'NONE', *, *, #7985, .T. ) ;
#5452 = EDGE_CURVE ( 'NONE', #1826, #5614, #1291, .T. ) ;
#5453 = CARTESIAN_POINT ( 'NONE',  ( -63.23040405783540052, -4.275925367882032369, 8.555204921657946215 ) ) ;
#5454 = ORIENTED_EDGE ( 'NONE', *, *, #1049, .T. ) ;
#5455 = CARTESIAN_POINT ( 'NONE',  ( -61.74845069572258893, -1.482582146657627220, 7.596686702911385147 ) ) ;
#5456 = VERTEX_POINT ( 'NONE', #7054 ) ;
#5457 = DIRECTION ( 'NONE',  ( -0.4999999999999665268, 0.000000000000000000, -0.8660254037844579145 ) ) ;
#5458 = EDGE_CURVE ( 'NONE', #1393, #1236, #7473, .T. ) ;
#5459 = AXIS2_PLACEMENT_3D ( 'NONE', #945, #8169, #6099 ) ;
#5460 = CARTESIAN_POINT ( 'NONE',  ( -62.28709095151192088, -5.958149606299221190, 8.344372524854376749 ) ) ;
#5461 = CARTESIAN_POINT ( 'NONE',  ( -61.83469231920783926, -0.3996062992126024893, 8.223152676671562133 ) ) ;
#5462 = EDGE_CURVE ( 'NONE', #201, #5540, #4790, .T. ) ;
#5463 = EDGE_CURVE ( 'NONE', #7429, #2583, #4177, .T. ) ;
#5464 = ORIENTED_EDGE ( 'NONE', *, *, #4048, .F. ) ;
#5465 = B_SPLINE_CURVE_WITH_KNOTS ( 'NONE', 3,
 ( #3699, #6359, #373, #4905 ),
 .UNSPECIFIED., .F., .F.,
 ( 4, 4 ),
 ( 0.000000000000000000, 0.0008211405993301776514 ),
 .UNSPECIFIED. ) ;
#5466 = FACE_OUTER_BOUND ( 'NONE', #5170, .T. ) ;
#5467 = VECTOR ( 'NONE', #2814, 39.37007874015748143 ) ;
#5468 = DIRECTION ( 'NONE',  ( 0.000000000000000000, 0.000000000000000000, 1.000000000000000000 ) ) ;
#5469 = VERTEX_POINT ( 'NONE', #5400 ) ;
#5470 = EDGE_CURVE ( 'NONE', #3745, #3284, #2121, .T. ) ;
#5471 = CARTESIAN_POINT ( 'NONE',  ( -62.64232391730265448, -4.208110236220480971, 8.179091547380624050 ) ) ;
#5472 = CARTESIAN_POINT ( 'NONE',  ( -62.46065041016176878, -4.209241314189990923, 8.773228688841959055 ) ) ;
#5473 = DIRECTION ( 'NONE',  ( 0.7071067811865719976, 0.000000000000000000, 0.7071067811865230368 ) ) ;
#5474 = ORIENTED_EDGE ( 'NONE', *, *, #8310, .F. ) ;
#5475 = EDGE_LOOP ( 'NONE', ( #3016, #5066, #6472, #129 ) ) ;
#5476 = CARTESIAN_POINT ( 'NONE',  ( -62.80150587019018360, -4.208110236220480971, 7.151844118707009201 ) ) ;
#5477 = ORIENTED_EDGE ( 'NONE', *, *, #6479, .T. ) ;
#5478 = CARTESIAN_POINT ( 'NONE',  ( -62.24780377875136139, -4.232503617190445766, 8.501033132745581256 ) ) ;
#5479 = AXIS2_PLACEMENT_3D ( 'NONE', #8046, #3927, #7915 ) ;
#5480 = ADVANCED_FACE ( 'NONE', ( #1714 ), #1512, .T. ) ;
#5481 = FACE_OUTER_BOUND ( 'NONE', #7821, .T. ) ;
#5482 = CARTESIAN_POINT ( 'NONE',  ( -61.98106618297949666, -0.4192913385826831929, 7.351726439298878368 ) ) ;
#5483 = ORIENTED_EDGE ( 'NONE', *, *, #109, .F. ) ;
#5484 = CARTESIAN_POINT ( 'NONE',  ( -62.02844117060948292, -1.481336058263765798, 8.335013628183473244 ) ) ;
#5485 = EDGE_CURVE ( 'NONE', #4115, #1772, #2649, .T. ) ;
#5486 = CARTESIAN_POINT ( 'NONE',  ( -63.06057633416516950, -4.002870303312498379, 7.402760835050561816 ) ) ;
#5487 = ORIENTED_EDGE ( 'NONE', *, *, #6493, .F. ) ;
#5488 = CARTESIAN_POINT ( 'NONE',  ( -61.25136930826641901, -4.208110236220480971, 7.667276149373861927 ) ) ;
#5489 = ORIENTED_EDGE ( 'NONE', *, *, #4387, .F. ) ;
#5490 = CYLINDRICAL_SURFACE ( 'NONE', #678, 0.5413385826771592857 ) ;
#5491 = CARTESIAN_POINT ( 'NONE',  ( -62.21160447113173575, -4.226216439433337690, 6.855937568006453375 ) ) ;
#5492 = CARTESIAN_POINT ( 'NONE',  ( -61.94332241508584502, -1.407454082783008431, 8.307291687918381129 ) ) ;
#5493 = AXIS2_PLACEMENT_3D ( 'NONE', #4110, #83, #5331 ) ;
#5494 = LINE ( 'NONE', #2916, #8384 ) ;
#5495 = DIRECTION ( 'NONE',  ( -0.000000000000000000, 1.000000000000000000, -0.000000000000000000 ) ) ;
#5496 = ORIENTED_EDGE ( 'NONE', *, *, #1561, .T. ) ;
#5497 = DIRECTION ( 'NONE',  ( 0.000000000000000000, 0.000000000000000000, -1.000000000000000000 ) ) ;
#5498 = VERTEX_POINT ( 'NONE', #6848 ) ;
#5499 = CARTESIAN_POINT ( 'NONE',  ( -61.45534209729812858, -3.988504844567673402, 7.291842706013859754 ) ) ;
#5500 = CARTESIAN_POINT ( 'NONE',  ( -61.95520965326385010, -1.403543307086619674, 8.351655464760350256 ) ) ;
#5501 = EDGE_CURVE ( 'NONE', #4165, #5528, #6880, .T. ) ;
#5502 = FACE_OUTER_BOUND ( 'NONE', #2443, .T. ) ;
#5503 = EDGE_CURVE ( 'NONE', #6292, #4876, #6186, .T. ) ;
#5504 = EDGE_CURVE ( 'NONE', #1635, #3293, #859, .T. ) ;
#5505 = VERTEX_POINT ( 'NONE', #4377 ) ;
#5506 = CARTESIAN_POINT ( 'NONE',  ( -61.13618653448996554, -4.248416241963696827, 7.631743586997829176 ) ) ;
#5507 = DIRECTION ( 'NONE',  ( -0.8660254037844615782, -0.000000000000000000, 0.4999999999999604761 ) ) ;
#5508 = ORIENTED_EDGE ( 'NONE', *, *, #974, .T. ) ;
#5509 = CARTESIAN_POINT ( 'NONE',  ( -62.99852710161648162, -4.214383444081475361, 8.415254152386280495 ) ) ;
#5510 = CARTESIAN_POINT ( 'NONE',  ( -61.67555699332463348, -5.958149606299221190, 7.838966014671679083 ) ) ;
#5511 = CARTESIAN_POINT ( 'NONE',  ( -62.67501137519384002, -1.482582146657658306, 7.869134140629209462 ) ) ;
#5512 = COORDINATED_UNIVERSAL_TIME_OFFSET ( 6, 0, .BEHIND. ) ;
#5513 = B_SPLINE_CURVE_WITH_KNOTS ( 'NONE', 3,
 ( #3633, #1536, #4197, #8327 ),
 .UNSPECIFIED., .F., .F.,
 ( 4, 4 ),
 ( 2.372388754684748221E-06, 0.005608136317061101876 ),
 .UNSPECIFIED. ) ;
#5514 = DIRECTION ( 'NONE',  ( -0.000000000000000000, 1.000000000000000000, -0.000000000000000000 ) ) ;
#5515 = CIRCLE ( 'NONE', #6219, 0.5216535433070783601 ) ;
#5516 = ORIENTED_EDGE ( 'NONE', *, *, #4311, .T. ) ;
#5517 = CARTESIAN_POINT ( 'NONE',  ( -62.65319761351180006, -1.481336058263765798, 7.710257185281141012 ) ) ;
#5518 = EDGE_CURVE ( 'NONE', #818, #8206, #2957, .T. ) ;
#5519 = ORIENTED_EDGE ( 'NONE', *, *, #399, .F. ) ;
#5520 = CARTESIAN_POINT ( 'NONE',  ( -61.81751858622880036, -1.482581474689034007, 7.507803820839575870 ) ) ;
#5521 = CARTESIAN_POINT ( 'NONE',  ( -63.02963579448643117, -3.983565816415135963, 7.663812613139839414 ) ) ;
#5522 = CARTESIAN_POINT ( 'NONE',  ( -62.16304070685985295, -4.227522318660123624, 6.608588443280728697 ) ) ;
#5523 = ORIENTED_EDGE ( 'NONE', *, *, #3433, .T. ) ;
#5524 = DIRECTION ( 'NONE',  ( -0.000000000000000000, 1.000000000000000000, -0.000000000000000000 ) ) ;
#5525 = CIRCLE ( 'NONE', #8200, 0.5216535433070783601 ) ;
#5526 = CARTESIAN_POINT ( 'NONE',  ( -62.15714999999999435, -0.3996062992126024893, 7.357373007996311998 ) ) ;
#5527 = TOROIDAL_SURFACE ( 'NONE', #6794, 0.5069817086403950457, 0.2313937795744913373 ) ;
#5528 = VERTEX_POINT ( 'NONE', #814 ) ;
#5529 = LINE ( 'NONE', #3613, #4308 ) ;
#5530 = VERTEX_POINT ( 'NONE', #7672 ) ;
#5531 = CARTESIAN_POINT ( 'NONE',  ( -61.14537988139105806, -4.391957921822035260, 8.345931208611506946 ) ) ;
#5532 = CARTESIAN_POINT ( 'NONE',  ( -62.26770789395658312, -4.213747115096949436, 6.869881967685620872 ) ) ;
#5533 = DIRECTION ( 'NONE',  ( -0.01808295674478091822, 0.000000000000000000, -0.9998364899699182518 ) ) ;
#5534 = CARTESIAN_POINT ( 'NONE',  ( -61.64289148046093203, -0.4126776965509292849, 7.907791527535398046 ) ) ;
#5535 = AXIS2_PLACEMENT_3D ( 'NONE', #4040, #2637, #6704 ) ;
#5536 = AXIS2_PLACEMENT_3D ( 'NONE', #7987, #4602, #8029 ) ;
#5537 = CARTESIAN_POINT ( 'NONE',  ( -63.25665178347344408, -4.243914163074636647, 8.493810280828869352 ) ) ;
#5538 = EDGE_LOOP ( 'NONE', ( #6309, #7322, #6368, #7141 ) ) ;
#5539 = DIRECTION ( 'NONE',  ( 0.000000000000000000, 0.000000000000000000, -1.000000000000000000 ) ) ;
#5540 = VERTEX_POINT ( 'NONE', #6149 ) ;
#5541 = CARTESIAN_POINT ( 'NONE',  ( -62.88987120098790484, -4.248418163752097243, 7.069857507948133168 ) ) ;
#5542 =( BOUNDED_SURFACE ( )  B_SPLINE_SURFACE ( 3, 2, ( 
 ( #645, #3409, #2166 ),
 ( #696, #4661, #3973 ),
 ( #163, #6678, #2656 ),
 ( #7478, #6022, #1428 ),
 ( #4754, #2041, #4710 ),
 ( #5405, #7398, #1384 ),
 ( #1469, #736, #4101 ),
 ( #3317, #821, #7518 ),
 ( #2830, #4060, #72 ),
 ( #6725, #6062, #2744 ),
 ( #5976, #4795, #8097 ),
 ( #3450, #115, #2793 ),
 ( #5447, #8137, #5491 ),
 ( #4182, #2208, #2379 ),
 ( #5532, #1688, #337 ),
 ( #5616, #5048, #7602 ),
 ( #6192, #8347, #4356 ),
 ( #8222, #7644, #205 ) ),
 .UNSPECIFIED., .F., .F., .F. ) 
 B_SPLINE_SURFACE_WITH_KNOTS ( ( 4, 2, 2, 2, 2, 2, 2, 2, 4 ),
 ( 3, 3 ),
 ( 0.000000000000000000, 0.0001826799221274484186, 0.0003653598442548968372, 0.0005480397663823452286, 0.0007307196885097936743, 0.0009133996106372420116, 0.001096079532764690457, 0.001278759454892138903, 0.001461439377019587349 ),
 ( 0.000000000000000000, 1.000000000000000000 ),
 .UNSPECIFIED. ) 
 GEOMETRIC_REPRESENTATION_ITEM ( )  RATIONAL_B_SPLINE_SURFACE ( (
 ( 1.000000000000000000, 0.9077309140867828585, 1.000000000000000000),
 ( 1.000000000000000000, 0.9077313987437618525, 1.000000000000000000),
 ( 1.000000000000000000, 0.9090499562834351011, 1.000000000000000000),
 ( 1.000000000000000000, 0.9140299217126730547, 1.000000000000000000),
 ( 1.000000000000000000, 0.9177545021510983281, 1.000000000000000000),
 ( 1.000000000000000000, 0.9267632206869870215, 1.000000000000000000),
 ( 1.000000000000000000, 0.9320524482826804125, 1.000000000000000000),
 ( 1.000000000000000000, 0.9435597177634718058, 1.000000000000000000),
 ( 1.000000000000000000, 0.9496014804624947070, 1.000000000000000000),
 ( 1.000000000000000000, 0.9615176568509119504, 1.000000000000000000),
 ( 1.000000000000000000, 0.9674521051396236526, 1.000000000000000000),
 ( 1.000000000000000000, 0.9781888577107231697, 1.000000000000000000),
 ( 1.000000000000000000, 0.9830256175207995328, 1.000000000000000000),
 ( 1.000000000000000000, 0.9911566989231704872, 1.000000000000000000),
 ( 1.000000000000000000, 0.9944235497407656332, 1.000000000000000000),
 ( 1.000000000000000000, 0.9988256192759872309, 1.000000000000000000),
 ( 1.000000000000000000, 0.9999998433026969780, 1.000000000000000000),
 ( 1.000000000000000000, 1.000000000000000000, 1.000000000000000000) ) ) 
 REPRESENTATION_ITEM ( '' )  SURFACE ( )  );
#5543 = CARTESIAN_POINT ( 'NONE',  ( -61.67555699332463348, -1.481336058263765798, 7.838966014671687965 ) ) ;
#5544 = CIRCLE ( 'NONE', #2617, 0.6299842519685052711 ) ;
#5545 = CIRCLE ( 'NONE', #952, 0.6299842517932932040 ) ;
#5546 = EDGE_LOOP ( 'NONE', ( #2293, #6134, #7595, #1817 ) ) ;
#5547 = CARTESIAN_POINT ( 'NONE',  ( -62.11846848457864212, -0.4192913385826831929, 7.318691492574958879 ) ) ;
#5548 = DIRECTION ( 'NONE',  ( -0.000000000000000000, -1.000000000000000000, -0.000000000000000000 ) ) ;
#5549 = CARTESIAN_POINT ( 'NONE',  ( -61.03523000017850109, -4.404960629921268911, 7.857046014726967620 ) ) ;
#5550 = AXIS2_PLACEMENT_3D ( 'NONE', #3601, #2241, #4908 ) ;
#5551 = VERTEX_POINT ( 'NONE', #5526 ) ;
#5552 = CARTESIAN_POINT ( 'NONE',  ( -62.96309212999464222, -4.209241314188468586, 8.418588838400598462 ) ) ;
#5553 = DIRECTION ( 'NONE',  ( -0.5155785449014754773, 0.000000000000000000, -0.8568423215722230646 ) ) ;
#5554 = CARTESIAN_POINT ( 'NONE',  ( -62.09072101034909252, -0.4192913385826831929, 7.322344516859020658 ) ) ;
#5555 = VECTOR ( 'NONE', #5414, 39.37007874015748143 ) ;
#5556 = VECTOR ( 'NONE', #6969, 39.37007874015748854 ) ;
#5557 = DIRECTION ( 'NONE',  ( 0.000000000000000000, 1.000000000000000000, 0.000000000000000000 ) ) ;
#5558 = ORIENTED_EDGE ( 'NONE', *, *, #2998, .F. ) ;
#5559 = DIRECTION ( 'NONE',  ( -0.9659258262890757507, 0.000000000000000000, -0.2588190451024929284 ) ) ;
#5560 = AXIS2_PLACEMENT_3D ( 'NONE', #1622, #3015, #4245 ) ;
#5561 = CIRCLE ( 'NONE', #7820, 1.139999999984307566 ) ;
#5562 = ORIENTED_EDGE ( 'NONE', *, *, #3025, .F. ) ;
#5563 = LINE ( 'NONE', #2944, #500 ) ;
#5564 = EDGE_CURVE ( 'NONE', #1659, #335, #7253, .T. ) ;
#5565 = PLANE ( 'NONE',  #7332 ) ;
#5566 = CIRCLE ( 'NONE', #3755, 0.1620000001939066459 ) ;
#5567 = DIRECTION ( 'NONE',  ( 0.000000000000000000, 0.000000000000000000, -1.000000000000000000 ) ) ;
#5568 = ORIENTED_EDGE ( 'NONE', *, *, #5441, .F. ) ;
#5569 = LINE ( 'NONE', #4217, #1692 ) ;
#5570 = EDGE_CURVE ( 'NONE', #1286, #2627, #5760, .T. ) ;
#5571 = EDGE_CURVE ( 'NONE', #7329, #7334, #1423, .T. ) ;
#5572 = VERTEX_POINT ( 'NONE', #1933 ) ;
#5573 = CARTESIAN_POINT ( 'NONE',  ( -62.42522999999999911, -5.958149606299221190, 7.424033312779459770 ) ) ;
#5574 = ORIENTED_EDGE ( 'NONE', *, *, #4048, .T. ) ;
#5575 = CARTESIAN_POINT ( 'NONE',  ( -62.03610581120170053, -4.110720623554885655, 6.692590409210612101 ) ) ;
#5576 = ADVANCED_FACE ( 'NONE', ( #7284 ), #4642, .T. ) ;
#5577 = CARTESIAN_POINT ( 'NONE',  ( -62.46879382281899495, -0.3996062992126024893, 8.288256753379245723 ) ) ;
#5578 = FACE_OUTER_BOUND ( 'NONE', #2856, .T. ) ;
#5579 = EDGE_CURVE ( 'NONE', #7516, #7846, #2972, .T. ) ;
#5580 = CARTESIAN_POINT ( 'NONE',  ( -61.82167660940673670, -0.3996062992126024893, 8.210599405264959572 ) ) ;
#5581 = CARTESIAN_POINT ( 'NONE',  ( -63.25836515215287648, -4.125273117626846009, 8.337905717537260841 ) ) ;
#5582 = ORIENTED_EDGE ( 'NONE', *, *, #7305, .F. ) ;
#5583 = DIRECTION ( 'NONE',  ( -0.8568423215722178465, 0.000000000000000000, -0.5155785449014844701 ) ) ;
#5584 = ORIENTED_EDGE ( 'NONE', *, *, #5219, .F. ) ;
#5585 = CARTESIAN_POINT ( 'NONE',  ( -62.42522999999999911, -0.3996062992126024893, 7.424033312779459770 ) ) ;
#5586 = CARTESIAN_POINT ( 'NONE',  ( -62.17522999999999911, -0.3996062992126024893, 7.857046014671676737 ) ) ;
#5587 = EDGE_CURVE ( 'NONE', #7738, #2583, #1706, .T. ) ;
#5588 = FACE_OUTER_BOUND ( 'NONE', #1348, .T. ) ;
#5589 = EDGE_CURVE ( 'NONE', #2614, #7337, #5042, .T. ) ;
#5590 = ORIENTED_EDGE ( 'NONE', *, *, #2792, .T. ) ;
#5591 = CARTESIAN_POINT ( 'NONE',  ( -62.70993149781266141, -1.267487984742363905, 7.772537025020771928 ) ) ;
#5592 = CARTESIAN_POINT ( 'NONE',  ( -62.59604058572190155, -0.4192913385826831929, 8.197583695463832143 ) ) ;
#5593 = ORIENTED_EDGE ( 'NONE', *, *, #2120, .T. ) ;
#5594 = CARTESIAN_POINT ( 'NONE',  ( -63.01438030238794852, -4.226216439430515059, 8.448330880420483524 ) ) ;
#5595 = LINE ( 'NONE', #2317, #212 ) ;
#5596 = VECTOR ( 'NONE', #5746, 39.37007874015748143 ) ;
#5597 = DIRECTION ( 'NONE',  ( -2.936539900133539049E-14, 0.000000000000000000, -1.000000000000000000 ) ) ;
#5598 = SHAPE_DEFINITION_REPRESENTATION ( #5352, #1520 ) ;
#5599 = AXIS2_PLACEMENT_3D ( 'NONE', #770, #5524, #4788 ) ;
#5600 = LINE ( 'NONE', #188, #6398 ) ;
#5601 = ORIENTED_EDGE ( 'NONE', *, *, #2062, .T. ) ;
#5602 = FACE_OUTER_BOUND ( 'NONE', #3491, .T. ) ;
#5603 = ORIENTED_EDGE ( 'NONE', *, *, #4868, .F. ) ;
#5604 = CARTESIAN_POINT ( 'NONE',  ( -61.68790348981730887, -1.481336058263765798, 7.968906966183608276 ) ) ;
#5605 = CARTESIAN_POINT ( 'NONE',  ( -62.77892680772390577, -4.282455868765191020, 7.488240046528538585 ) ) ;
#5606 = CARTESIAN_POINT ( 'NONE',  ( -61.07908488866484475, -4.388797824596126773, 7.535064107042787285 ) ) ;
#5607 = ORIENTED_EDGE ( 'NONE', *, *, #3602, .F. ) ;
#5608 = DIRECTION ( 'NONE',  ( -0.000000000000000000, -1.000000000000000000, -0.000000000000000000 ) ) ;
#5609 = EDGE_CURVE ( 'NONE', #1877, #4538, #3069, .T. ) ;
#5610 = EDGE_CURVE ( 'NONE', #8253, #4165, #7149, .T. ) ;
#5611 = AXIS2_PLACEMENT_3D ( 'NONE', #469, #5843, #5008 ) ;
#5612 = VERTEX_POINT ( 'NONE', #7757 ) ;
#5613 = DIRECTION ( 'NONE',  ( 0.000000000000000000, 0.000000000000000000, -1.000000000000000000 ) ) ;
#5614 = VERTEX_POINT ( 'NONE', #5774 ) ;
#5615 = CARTESIAN_POINT ( 'NONE',  ( -62.25973898965089148, -1.403543307086619674, 7.322344516859017993 ) ) ;
#5616 = CARTESIAN_POINT ( 'NONE',  ( -62.26760928572548437, -4.209241314188670202, 6.893965983386987517 ) ) ;
#5617 = ADVANCED_FACE ( 'NONE', ( #2456 ), #4515, .T. ) ;
#5618 = CARTESIAN_POINT ( 'NONE',  ( -62.09072101034921332, -1.267487984741781704, 8.391747512484529992 ) ) ;
#5619 = CARTESIAN_POINT ( 'NONE',  ( -62.00440042688140352, -1.336377492739987849, 7.365198471296976024 ) ) ;
#5620 = AXIS2_PLACEMENT_3D ( 'NONE', #778, #8010, #4141 ) ;
#5621 = VECTOR ( 'NONE', #8114, 39.37007874015748143 ) ;
#5622 = B_SPLINE_CURVE_WITH_KNOTS ( 'NONE', 3,
 ( #6273, #4212, #3729, #5604 ),
 .UNSPECIFIED., .F., .F.,
 ( 4, 4 ),
 ( 2.014298343828185831E-07, 0.0004597969392806365053 ),
 .UNSPECIFIED. ) ;
#5623 = EDGE_LOOP ( 'NONE', ( #1275, #4006, #7527, #4941, #6915 ) ) ;
#5624 = FACE_OUTER_BOUND ( 'NONE', #7677, .T. ) ;
#5625 = ORIENTED_EDGE ( 'NONE', *, *, #5076, .F. ) ;
#5626 = CARTESIAN_POINT ( 'NONE',  ( -62.52878339059326862, -5.958149606299221190, 7.503492624078396567 ) ) ;
#5627 = ORIENTED_EDGE ( 'NONE', *, *, #5849, .F. ) ;
#5628 = DIRECTION ( 'NONE',  ( 0.000000000000000000, 0.000000000000000000, 1.000000000000000000 ) ) ;
#5629 = CARTESIAN_POINT ( 'NONE',  ( -62.19330999999999676, -1.481336058263765798, 7.357373007996311998 ) ) ;
#5630 = DIRECTION ( 'NONE',  ( 0.5000000000000204281, 0.000000000000000000, 0.8660254037844268282 ) ) ;
#5631 = DIRECTION ( 'NONE',  ( 0.000000000000000000, 0.000000000000000000, 1.000000000000000000 ) ) ;
#5632 = TOROIDAL_SURFACE ( 'NONE', #5031, 0.3071496061053011206, 0.1968503937007874127 ) ;
#5633 = EDGE_LOOP ( 'NONE', ( #8028, #5259, #7375, #997 ) ) ;
#5634 = FACE_OUTER_BOUND ( 'NONE', #3873, .T. ) ;
#5635 = ORIENTED_EDGE ( 'NONE', *, *, #3670, .F. ) ;
#5636 = CARTESIAN_POINT ( 'NONE',  ( -62.17522999999999911, -0.3996062992126024893, 7.857046014671676737 ) ) ;
#5637 = CARTESIAN_POINT ( 'NONE',  ( -62.65336617493899496, -0.4061132758059428638, 7.632611667162473523 ) ) ;
#5638 = VERTEX_POINT ( 'NONE', #1187 ) ;
#5639 = CARTESIAN_POINT ( 'NONE',  ( -61.66386274608924367, -1.336377492739990069, 7.759064993022679602 ) ) ;
#5640 = ADVANCED_FACE ( 'NONE', ( #4556 ), #8463, .T. ) ;
#5641 = CARTESIAN_POINT ( 'NONE',  ( -62.47563297425687523, -4.208110236220480971, 8.763954621693461178 ) ) ;
#5642 = DIRECTION ( 'NONE',  ( 0.8660254037844596908, 0.000000000000000000, -0.4999999999999634737 ) ) ;
#5643 = VERTEX_POINT ( 'NONE', #7936 ) ;
#5644 = CARTESIAN_POINT ( 'NONE',  ( -62.17522999999999911, -0.3996062992126024893, 7.857046014671676737 ) ) ;
#5645 = ORIENTED_EDGE ( 'NONE', *, *, #4776, .T. ) ;
#5646 = CARTESIAN_POINT ( 'NONE',  ( -61.81328360465329297, -1.482582146657611233, 7.512194810997796957 ) ) ;
#5647 = CARTESIAN_POINT ( 'NONE',  ( -62.15714999999999435, -5.958149606299221190, 7.357373007996311998 ) ) ;
#5648 = CARTESIAN_POINT ( 'NONE',  ( -61.14615020650967381, -4.377743985125017723, 7.501350180994927896 ) ) ;
#5649 = ORIENTED_EDGE ( 'NONE', *, *, #2051, .F. ) ;
#5650 = PLANE ( 'NONE',  #4904 ) ;
#5651 = B_SPLINE_CURVE_WITH_KNOTS ( 'NONE', 3,
 ( #7011, #7714, #7052, #1011 ),
 .UNSPECIFIED., .F., .F.,
 ( 4, 4 ),
 ( 2.372388754687386305E-06, 0.005608136317061064580 ),
 .UNSPECIFIED. ) ;
#5652 = ORIENTED_EDGE ( 'NONE', *, *, #7453, .T. ) ;
#5653 = DIRECTION ( 'NONE',  ( 0.000000000000000000, 0.000000000000000000, -1.000000000000000000 ) ) ;
#5654 = EDGE_LOOP ( 'NONE', ( #5483, #3425, #4536, #6941 ) ) ;
#5655 = CARTESIAN_POINT ( 'NONE',  ( -61.27159495488003671, -4.214444128720661098, 8.271966473255044860 ) ) ;
#5656 = DIRECTION ( 'NONE',  ( 6.123233995736766036E-17, -1.000000000000000000, -0.000000000000000000 ) ) ;
#5657 = ADVANCED_FACE ( 'NONE', ( #7239 ), #3905, .F. ) ;
#5658 = CARTESIAN_POINT ( 'NONE',  ( -62.61307793466730942, -0.4192913385826831929, 8.175380190032239369 ) ) ;
#5659 = DIRECTION ( 'NONE',  ( 6.123233995736766036E-17, -1.000000000000000000, -0.000000000000000000 ) ) ;
#5660 = VECTOR ( 'NONE', #7415, 39.37007874015748143 ) ;
#5661 = AXIS2_PLACEMENT_3D ( 'NONE', #1288, #8042, #63 ) ;
#5662 = CARTESIAN_POINT ( 'NONE',  ( -63.09826373999709404, -4.229929348892406793, 7.014924378570722929 ) ) ;
#5663 = ORIENTED_EDGE ( 'NONE', *, *, #3548, .F. ) ;
#5664 = DIRECTION ( 'NONE',  ( -2.597921877622866305E-14, 0.000000000000000000, -1.000000000000000000 ) ) ;
#5665 = VERTEX_POINT ( 'NONE', #8559 ) ;
#5666 = CARTESIAN_POINT ( 'NONE',  ( -61.12860128891237821, -4.200250170754726398, 8.514619665190977571 ) ) ;
#5667 = CARTESIAN_POINT ( 'NONE',  ( -62.49562054074358031, -4.404960629921268911, 7.124004473387016034 ) ) ;
#5668 = CC_DESIGN_APPROVAL ( #6826, ( #6094 ) ) ;
#5669 = ADVANCED_FACE ( 'NONE', ( #536 ), #6439, .T. ) ;
#5670 = DIRECTION ( 'NONE',  ( 6.123233995736766036E-17, -1.000000000000000000, 0.000000000000000000 ) ) ;
#5671 = CARTESIAN_POINT ( 'NONE',  ( -61.67843761931509761, -0.4061132758059458614, 8.036440297246700837 ) ) ;
#5672 = ADVANCED_FACE ( 'NONE', ( #2545 ), #6567, .T. ) ;
#5673 = ADVANCED_FACE ( 'NONE', ( #5910 ), #2582, .F. ) ;
#5674 = ORIENTED_EDGE ( 'NONE', *, *, #1453, .T. ) ;
#5675 = EDGE_CURVE ( 'NONE', #184, #7964, #3770, .T. ) ;
#5676 = CARTESIAN_POINT ( 'NONE',  ( -62.17522999999999911, -1.403543307086619674, 7.857046014671676737 ) ) ;
#5677 = FACE_OUTER_BOUND ( 'NONE', #1704, .T. ) ;
#5678 = CARTESIAN_POINT ( 'NONE',  ( -62.52878339059326862, -5.958149606299221190, 7.503492624078396567 ) ) ;
#5679 = ORIENTED_EDGE ( 'NONE', *, *, #5770, .F. ) ;
#5680 = DIRECTION ( 'NONE',  ( -0.000000000000000000, 1.000000000000000000, -0.000000000000000000 ) ) ;
#5681 = LINE ( 'NONE', #4374, #4622 ) ;
#5682 = DIRECTION ( 'NONE',  ( 0.000000000000000000, -0.000000000000000000, -1.000000000000000000 ) ) ;
#5683 = VECTOR ( 'NONE', #3627, 39.37007874015748143 ) ;
#5684 = AXIS2_PLACEMENT_3D ( 'NONE', #8287, #4337, #1541 ) ;
#5685 = DIRECTION ( 'NONE',  ( -0.000000000000000000, 1.000000000000000000, 1.982541115402063138E-16 ) ) ;
#5686 = EDGE_LOOP ( 'NONE', ( #4410, #6487, #261, #126, #7575 ) ) ;
#5687 = DIRECTION ( 'NONE',  ( -1.000000000000000000, 0.000000000000000000, 0.000000000000000000 ) ) ;
#5688 = VERTEX_POINT ( 'NONE', #7416 ) ;
#5689 = FACE_OUTER_BOUND ( 'NONE', #3736, .T. ) ;
#5690 = FACE_OUTER_BOUND ( 'NONE', #8171, .T. ) ;
#5691 = TOROIDAL_SURFACE ( 'NONE', #4162, 0.3071496062543458971, 0.1968503937007874127 ) ;
#5692 = AXIS2_PLACEMENT_3D ( 'NONE', #3082, #1777, #1159 ) ;
#5693 = CARTESIAN_POINT ( 'NONE',  ( -61.13046321551023254, -4.253190375690554248, 7.629928108541320420 ) ) ;
#5694 = DIRECTION ( 'NONE',  ( 0.9704481013254726562, 0.000000000000000000, -0.2413099306572053238 ) ) ;
#5695 = EDGE_CURVE ( 'NONE', #7080, #5551, #8026, .T. ) ;
#5696 = AXIS2_PLACEMENT_3D ( 'NONE', #5111, #7799, #3244 ) ;
#5697 = VECTOR ( 'NONE', #8303, 39.37007874015748143 ) ;
#5698 = VERTEX_POINT ( 'NONE', #794 ) ;
#5699 = LINE ( 'NONE', #6405, #1804 ) ;
#5700 = ORIENTED_EDGE ( 'NONE', *, *, #8351, .F. ) ;
#5701 = DIRECTION ( 'NONE',  ( 0.000000000000000000, 0.000000000000000000, 1.000000000000000000 ) ) ;
#5702 = CARTESIAN_POINT ( 'NONE',  ( -62.13919451266762195, -4.208110236220480971, 6.767666871665952932 ) ) ;
#5703 = APPLICATION_CONTEXT ( 'configuration controlled 3d designs of mechanical parts and assemblies' ) ;
#5704 = CARTESIAN_POINT ( 'NONE',  ( -62.51576768079215896, -1.403543307086619674, 7.436235428949764525 ) ) ;
#5705 = CARTESIAN_POINT ( 'NONE',  ( -62.28033638795896110, -4.097277333435866531, 9.011685546903208888 ) ) ;
#5706 = CARTESIAN_POINT ( 'NONE',  ( -61.78006357024474227, -0.3996062992126024893, 8.197583695463849907 ) ) ;
#5707 = EDGE_CURVE ( 'NONE', #6769, #8555, #3463, .T. ) ;
#5708 = CIRCLE ( 'NONE', #1950, 0.8759842518953556700 ) ;
#5709 = EDGE_LOOP ( 'NONE', ( #8457, #5674, #1350, #4504 ) ) ;
#5710 = LINE ( 'NONE', #3842, #2200 ) ;
#5711 = ORIENTED_EDGE ( 'NONE', *, *, #4709, .T. ) ;
#5712 = CARTESIAN_POINT ( 'NONE',  ( -61.99394844677993177, -4.370560484277821622, 7.131628160917080628 ) ) ;
#5713 = CARTESIAN_POINT ( 'NONE',  ( -62.94682381585538167, -4.270835389123006642, 7.147337319794212718 ) ) ;
#5714 = LINE ( 'NONE', #3803, #3078 ) ;
#5715 = CARTESIAN_POINT ( 'NONE',  ( -62.17522999999999911, -0.3996062992126024893, 7.857046014671676737 ) ) ;
#5716 = EDGE_CURVE ( 'NONE', #1635, #8112, #2631, .T. ) ;
#5717 = ORIENTED_EDGE ( 'NONE', *, *, #6958, .F. ) ;
#5718 = EDGE_CURVE ( 'NONE', #3780, #3579, #3424, .T. ) ;
#5719 = LINE ( 'NONE', #3013, #3714 ) ;
#5720 = ORIENTED_EDGE ( 'NONE', *, *, #3924, .T. ) ;
#5721 = EDGE_CURVE ( 'NONE', #448, #5146, #5335, .T. ) ;
#5722 = ORIENTED_EDGE ( 'NONE', *, *, #1200, .T. ) ;
#5723 = CARTESIAN_POINT ( 'NONE',  ( -62.68772300728694802, -0.3996062992126024893, 7.954377082305895463 ) ) ;
#5724 = EDGE_CURVE ( 'NONE', #792, #3150, #6697, .T. ) ;
#5725 = CARTESIAN_POINT ( 'NONE',  ( -62.64986732611936304, -5.958110236220478306, 8.501033132774455936 ) ) ;
#5726 = EDGE_CURVE ( 'NONE', #6443, #6510, #6889, .T. ) ;
#5727 = CIRCLE ( 'NONE', #4322, 0.8759842518953556700 ) ;
#5728 = CARTESIAN_POINT ( 'NONE',  ( -62.19330999999999676, -1.481336058263765798, 7.357373007996311998 ) ) ;
#5729 = CARTESIAN_POINT ( 'NONE',  ( -61.80912333800013414, -0.3996062992126024893, 8.197583695463849907 ) ) ;
#5730 = ORIENTED_EDGE ( 'NONE', *, *, #3807, .F. ) ;
#5731 = AXIS2_PLACEMENT_3D ( 'NONE', #206, #2915, #4884 ) ;
#5732 = DIRECTION ( 'NONE',  ( -0.9704481013254699917, 0.000000000000000000, -0.2413099306572155101 ) ) ;
#5733 = ORIENTED_EDGE ( 'NONE', *, *, #3236, .F. ) ;
#5734 = CARTESIAN_POINT ( 'NONE',  ( -62.09072101034910673, -0.4192913385826831929, 8.391747512484338145 ) ) ;
#5735 = CARTESIAN_POINT ( 'NONE',  ( -62.69516196336719815, -0.4061132758059439740, 7.764009830332863515 ) ) ;
#5736 = AXIS2_PLACEMENT_3D ( 'NONE', #6362, #7831, #5007 ) ;
#5737 = DIRECTION ( 'NONE',  ( 0.000000000000000000, 0.000000000000000000, 1.000000000000000000 ) ) ;
#5738 = ORIENTED_EDGE ( 'NONE', *, *, #297, .T. ) ;
#5739 = CARTESIAN_POINT ( 'NONE',  ( -61.46756820125700926, -4.005612544177825640, 8.570109282485631752 ) ) ;
#5740 = AXIS2_PLACEMENT_3D ( 'NONE', #5715, #4739, #4779 ) ;
#5741 = VERTEX_POINT ( 'NONE', #137 ) ;
#5742 = DIRECTION ( 'NONE',  ( 1.401868266681923686E-16, 1.000000000000000000, 1.401868266681957705E-16 ) ) ;
#5743 = ORIENTED_EDGE ( 'NONE', *, *, #3568, .T. ) ;
#5744 = CYLINDRICAL_SURFACE ( 'NONE', #2339, 0.7499999998945467983 ) ;
#5745 = ORIENTED_EDGE ( 'NONE', *, *, #6641, .T. ) ;
#5746 = DIRECTION ( 'NONE',  ( 1.716930969985311753E-16, 1.000000000000000000, 9.912705577010516602E-17 ) ) ;
#5747 = CARTESIAN_POINT ( 'NONE',  ( -61.64893475227991360, -0.4061132758059443071, 7.812343773626943211 ) ) ;
#5748 = EDGE_CURVE ( 'NONE', #8074, #2876, #326, .T. ) ;
#5749 = CARTESIAN_POINT ( 'NONE',  ( -61.90730276946889177, -4.002870303370336558, 6.898699440940922578 ) ) ;
#5750 = AXIS2_PLACEMENT_3D ( 'NONE', #7404, #2571, #613 ) ;
#5751 = FACE_OUTER_BOUND ( 'NONE', #7908, .T. ) ;
#5752 = ORIENTED_EDGE ( 'NONE', *, *, #6055, .T. ) ;
#5753 = FACE_OUTER_BOUND ( 'NONE', #3656, .T. ) ;
#5754 = EDGE_LOOP ( 'NONE', ( #6320, #1975, #959, #464, #3572 ) ) ;
#5755 = CARTESIAN_POINT ( 'NONE',  ( -61.07595950254276573, -4.250679741516663057, 8.467497436201826488 ) ) ;
#5756 = CARTESIAN_POINT ( 'NONE',  ( -62.64986732635071576, -4.208110236220480971, 8.501033132745579479 ) ) ;
#5757 = CARTESIAN_POINT ( 'NONE',  ( -62.83693271332418107, -4.213747115096433404, 7.118673117245850612 ) ) ;
#5758 = DIRECTION ( 'NONE',  ( 0.9659258262890794144, 0.000000000000000000, -0.2588190451024794392 ) ) ;
#5759 = CARTESIAN_POINT ( 'NONE',  ( -61.18308190013294734, -4.280635515783274059, 8.323537605707604925 ) ) ;
#5760 = B_SPLINE_CURVE_WITH_KNOTS ( 'NONE', 3,
 ( #6766, #6103, #110, #1808 ),
 .UNSPECIFIED., .F., .F.,
 ( 4, 4 ),
 ( 2.014298343290811454E-07, 0.0004597969392807350593 ),
 .UNSPECIFIED. ) ;
#5761 = ORIENTED_EDGE ( 'NONE', *, *, #5345, .F. ) ;
#5762 = CARTESIAN_POINT ( 'NONE',  ( -62.17522999999999911, -2.031771374660273022, 7.558138067309969621 ) ) ;
#5763 = ORIENTED_EDGE ( 'NONE', *, *, #2207, .F. ) ;
#5764 = LINE ( 'NONE', #5161, #7535 ) ;
#5765 = ORIENTED_EDGE ( 'NONE', *, *, #1184, .F. ) ;
#5766 = EDGE_CURVE ( 'NONE', #3300, #5380, #4731, .T. ) ;
#5767 = DIRECTION ( 'NONE',  ( 0.000000000000000000, 1.000000000000000000, 0.000000000000000000 ) ) ;
#5768 = ADVANCED_FACE ( 'NONE', ( #1974 ), #7459, .T. ) ;
#5769 = CARTESIAN_POINT ( 'NONE',  ( -62.17522999999999911, -4.404960629921268911, 7.857046014671676737 ) ) ;
#5770 = EDGE_CURVE ( 'NONE', #6049, #3726, #3537, .T. ) ;
#5771 = VECTOR ( 'NONE', #3459, 39.37007874015748143 ) ;
#5772 = TOROIDAL_SURFACE ( 'NONE', #3125, 0.3071496062992142284, 0.1968503937007874127 ) ;
#5773 = CARTESIAN_POINT ( 'NONE',  ( -61.72498432675332936, -1.407454082783217597, 8.088953599585837040 ) ) ;
#5774 = CARTESIAN_POINT ( 'NONE',  ( -61.14537988139105096, -4.404960629921268911, 8.345931208611505170 ) ) ;
#5775 = ORIENTED_EDGE ( 'NONE', *, *, #868, .F. ) ;
#5776 = DIRECTION ( 'NONE',  ( 1.000000000000000000, 0.000000000000000000, -2.597921877622866305E-14 ) ) ;
#5777 = ORIENTED_EDGE ( 'NONE', *, *, #4821, .T. ) ;
#5778 = CARTESIAN_POINT ( 'NONE',  ( -61.90973575736190782, -1.481336058263765798, 8.280735532037903468 ) ) ;
#5779 = DIRECTION ( 'NONE',  ( 0.000000000000000000, 0.000000000000000000, 1.000000000000000000 ) ) ;
#5780 = CARTESIAN_POINT ( 'NONE',  ( -61.17898985839757842, -4.225373400292157910, 7.610813326087892072 ) ) ;
#5781 = CARTESIAN_POINT ( 'NONE',  ( -61.42086066450385573, -4.019271409739668677, 8.574877609719850469 ) ) ;
#5782 = EDGE_CURVE ( 'NONE', #3994, #5129, #8152, .T. ) ;
#5783 = VERTEX_POINT ( 'NONE', #5379 ) ;
#5784 = CARTESIAN_POINT ( 'NONE',  ( -61.14533399468615471, -4.404960629921268911, 7.500171118908191659 ) ) ;
#5785 = VERTEX_POINT ( 'NONE', #46 ) ;
#5786 = CARTESIAN_POINT ( 'NONE',  ( -61.94105123596274609, -1.481336058263765798, 7.415276497305466563 ) ) ;
#5787 = FACE_OUTER_BOUND ( 'NONE', #4190, .T. ) ;
#5788 = ORIENTED_EDGE ( 'NONE', *, *, #7771, .F. ) ;
#5789 = DIRECTION ( 'NONE',  ( 1.000000000000000000, 0.000000000000000000, 0.000000000000000000 ) ) ;
#5790 = CARTESIAN_POINT ( 'NONE',  ( -61.29215205898238850, -4.015221815167985930, 7.321868360287123068 ) ) ;
#5791 = CARTESIAN_POINT ( 'NONE',  ( -61.54011319371040400, -4.337908358734681613, 7.480371618878589146 ) ) ;
#5792 = AXIS2_PLACEMENT_3D ( 'NONE', #4335, #6261, #7543 ) ;
#5793 = CARTESIAN_POINT ( 'NONE',  ( -62.40713758491417451, -1.407454082783214711, 8.307291687918347378 ) ) ;
#5794 = CIRCLE ( 'NONE', #3988, 0.3228346456692918753 ) ;
#5795 = VERTEX_POINT ( 'NONE', #1401 ) ;
#5796 = DIRECTION ( 'NONE',  ( 0.000000000000000000, 1.000000000000000000, 0.000000000000000000 ) ) ;
#5797 = ORIENTED_EDGE ( 'NONE', *, *, #5707, .F. ) ;
#5798 = CARTESIAN_POINT ( 'NONE',  ( -62.82747426974513161, -4.209388813365332105, 7.151761388383532037 ) ) ;
#5799 = CARTESIAN_POINT ( 'NONE',  ( -62.25973898965090569, -1.267487984742363905, 8.391747512484334592 ) ) ;
#5800 = CARTESIAN_POINT ( 'NONE',  ( -62.93829095784761307, -4.258772704697021183, 7.095829394575013715 ) ) ;
#5801 = AXIS2_PLACEMENT_3D ( 'NONE', #8040, #101, #7998 ) ;
#5802 = CARTESIAN_POINT ( 'NONE',  ( -62.17522999999999911, -1.572047244094489038, 9.400099453556306273 ) ) ;
#5803 = AXIS2_PLACEMENT_3D ( 'NONE', #1509, #4258, #4875 ) ;
#5804 = CARTESIAN_POINT ( 'NONE',  ( -61.24981773224785542, -4.391217077534692592, 8.432943234024188328 ) ) ;
#5805 = EDGE_CURVE ( 'NONE', #2412, #4123, #548, .T. ) ;
#5806 = ORIENTED_EDGE ( 'NONE', *, *, #3389, .T. ) ;
#5807 = DIRECTION ( 'NONE',  ( 0.000000000000000000, 1.000000000000000000, 0.000000000000000000 ) ) ;
#5808 = AXIS2_PLACEMENT_3D ( 'NONE', #7659, #6336, #2806 ) ;
#5809 = ORIENTED_EDGE ( 'NONE', *, *, #3025, .T. ) ;
#5810 = DIRECTION ( 'NONE',  ( 1.000000000000000000, 0.000000000000000000, 0.000000000000000000 ) ) ;
#5811 = EDGE_CURVE ( 'NONE', #6588, #6046, #7755, .T. ) ;
#5812 = ORIENTED_EDGE ( 'NONE', *, *, #8288, .F. ) ;
#5813 = AXIS2_PLACEMENT_3D ( 'NONE', #7594, #3648, #8213 ) ;
#5814 = CARTESIAN_POINT ( 'NONE',  ( -62.51576768079215896, -1.481336058263765798, 7.490939352671794893 ) ) ;
#5815 = FACE_OUTER_BOUND ( 'NONE', #5754, .T. ) ;
#5816 = CARTESIAN_POINT ( 'NONE',  ( -62.30463952255126969, -0.3996062992126024893, 8.340008927816210615 ) ) ;
#5817 = CARTESIAN_POINT ( 'NONE',  ( -62.00555891948746989, -3.986213576698663275, 8.733771826420776208 ) ) ;
#5818 = ORIENTED_EDGE ( 'NONE', *, *, #3141, .F. ) ;
#5819 = CARTESIAN_POINT ( 'NONE',  ( -62.47428990421882844, -4.208110236220480971, 8.758267233923248796 ) ) ;
#5820 = VERTEX_POINT ( 'NONE', #6741 ) ;
#5821 = LINE ( 'NONE', #3864, #3149 ) ;
#5822 = B_SPLINE_CURVE_WITH_KNOTS ( 'NONE', 3,
 ( #7106, #3865, #2463, #6533 ),
 .UNSPECIFIED., .F., .F.,
 ( 4, 4 ),
 ( 0.000000000000000000, 0.0008211405993301775430 ),
 .UNSPECIFIED. ) ;
#5823 = DIRECTION ( 'NONE',  ( 0.000000000000000000, 0.000000000000000000, -1.000000000000000000 ) ) ;
#5824 = CARTESIAN_POINT ( 'NONE',  ( -61.15171559377267130, -4.338247612991801283, 7.509434938031151141 ) ) ;
#5825 = DIRECTION ( 'NONE',  ( 0.8660254037844596908, 0.000000000000000000, -0.4999999999999634737 ) ) ;
#5826 = CIRCLE ( 'NONE', #3880, 0.03937007874015532871 ) ;
#5827 = CIRCLE ( 'NONE', #532, 1.265984251872430022 ) ;
#5828 = ORIENTED_EDGE ( 'NONE', *, *, #1586, .T. ) ;
#5829 = CARTESIAN_POINT ( 'NONE',  ( -61.14606620117670133, -4.379143949070369857, 7.501228965457515052 ) ) ;
#5830 = EDGE_CURVE ( 'NONE', #5046, #1632, #6786, .T. ) ;
#5831 = CIRCLE ( 'NONE', #7663, 0.1620000001541451462 ) ;
#5832 = EDGE_LOOP ( 'NONE', ( #2410, #2022, #213, #1651 ) ) ;
#5833 = DIRECTION ( 'NONE',  ( -0.000000000000000000, 1.000000000000000000, -0.000000000000000000 ) ) ;
#5834 = LINE ( 'NONE', #5089, #8090 ) ;
#5835 = ORIENTED_EDGE ( 'NONE', *, *, #5240, .F. ) ;
#5836 = CARTESIAN_POINT ( 'NONE',  ( -62.17522999999999911, -1.930537037140300782, 7.350064306031281802 ) ) ;
#5837 = CARTESIAN_POINT ( 'NONE',  ( -61.33913432634641794, -4.002870303394284512, 7.317456188132769768 ) ) ;
#5838 = EDGE_CURVE ( 'NONE', #6135, #5132, #5211, .T. ) ;
#5839 = CARTESIAN_POINT ( 'NONE',  ( -61.55614002746774815, -4.276693375091523919, 7.524675317815566089 ) ) ;
#5840 = EDGE_CURVE ( 'NONE', #7827, #3032, #7327, .T. ) ;
#5841 = AXIS2_PLACEMENT_3D ( 'NONE', #6029, #79, #2050 ) ;
#5842 = CIRCLE ( 'NONE', #3751, 0.5413385826771592857 ) ;
#5843 = DIRECTION ( 'NONE',  ( -0.000000000000000000, 1.000000000000000000, -0.000000000000000000 ) ) ;
#5844 = ORIENTED_EDGE ( 'NONE', *, *, #5724, .F. ) ;
#5845 = CARTESIAN_POINT ( 'NONE',  ( -62.11846848457864212, -0.4192913385826831929, 8.395400536768395483 ) ) ;
#5846 = ADVANCED_FACE ( 'NONE', ( #7006 ), #6919, .T. ) ;
#5847 = EDGE_LOOP ( 'NONE', ( #6178, #7070, #3938, #193, #6230 ) ) ;
#5848 = CARTESIAN_POINT ( 'NONE',  ( -61.05567581052247306, -4.268267532547440624, 8.441846635648873942 ) ) ;
#5849 = EDGE_CURVE ( 'NONE', #7800, #605, #5139, .T. ) ;
#5850 = FACE_OUTER_BOUND ( 'NONE', #6883, .T. ) ;
#5851 = AXIS2_PLACEMENT_3D ( 'NONE', #3521, #4166, #939 ) ;
#5852 = CARTESIAN_POINT ( 'NONE',  ( -62.97378563458789102, -4.301422018587753193, 7.080824686293945902 ) ) ;
#5853 = CARTESIAN_POINT ( 'NONE',  ( -62.70756851953906619, -0.4126776965509262873, 7.907791527535388276 ) ) ;
#5854 = AXIS2_PLACEMENT_3D ( 'NONE', #1707, #970, #7660 ) ;
#5855 = CARTESIAN_POINT ( 'NONE',  ( -61.18405121824731907, -4.342593609823323320, 8.405842711806844392 ) ) ;
#5856 = LINE ( 'NONE', #5108, #2043 ) ;
#5857 = ORIENTED_EDGE ( 'NONE', *, *, #772, .F. ) ;
#5858 = CYLINDRICAL_SURFACE ( 'NONE', #7669, 0.5040000001279016928 ) ;
#5859 = VERTEX_POINT ( 'NONE', #6256 ) ;
#5860 = EDGE_CURVE ( 'NONE', #1042, #7642, #1375, .T. ) ;
#5861 = CARTESIAN_POINT ( 'NONE',  ( -62.17522999999999911, -0.3996062992126024893, 7.857046014671676737 ) ) ;
#5862 = DIRECTION ( 'NONE',  ( 0.000000000000000000, 0.000000000000000000, -1.000000000000000000 ) ) ;
#5863 = ADVANCED_FACE ( 'NONE', ( #2932 ), #2275, .F. ) ;
#5864 = ORIENTED_EDGE ( 'NONE', *, *, #8432, .T. ) ;
#5865 = DIRECTION ( 'NONE',  ( 0.6942045807973483695, 0.000000000000000000, -0.7197777434736211122 ) ) ;
#5866 = ORIENTED_EDGE ( 'NONE', *, *, #3236, .T. ) ;
#5867 = CARTESIAN_POINT ( 'NONE',  ( -62.21993224104473796, -0.4061132758059454728, 8.383341262391775572 ) ) ;
#5868 = ORIENTED_EDGE ( 'NONE', *, *, #1031, .T. ) ;
#5869 = CARTESIAN_POINT ( 'NONE',  ( -62.49562054075092021, -4.404960629921268911, 7.124004473509751634 ) ) ;
#5870 = B_SPLINE_CURVE_WITH_KNOTS ( 'NONE', 3,
 ( #4985, #2974, #5637, #3677 ),
 .UNSPECIFIED., .F., .F.,
 ( 4, 4 ),
 ( 8.121767085756963430E-17, 0.0008211405993301909871 ),
 .UNSPECIFIED. ) ;
#5871 = ORIENTED_EDGE ( 'NONE', *, *, #1849, .F. ) ;
#5872 = CARTESIAN_POINT ( 'NONE',  ( -62.99227625889751181, -4.214447582406241288, 8.395320102412684449 ) ) ;
#5873 = B_SPLINE_CURVE_WITH_KNOTS ( 'NONE', 3,
 ( #2839, #6249, #266, #2879 ),
 .UNSPECIFIED., .F., .F.,
 ( 4, 4 ),
 ( 0.006895271513817423197, 0.007480812120878740056 ),
 .UNSPECIFIED. ) ;
#5874 = DIRECTION ( 'NONE',  ( 0.8749252783170109460, 0.000000000000000000, -0.4842579450684324494 ) ) ;
#5875 = ORIENTED_EDGE ( 'NONE', *, *, #4392, .T. ) ;
#5876 = DIRECTION ( 'NONE',  ( 0.000000000000000000, 0.000000000000000000, -1.000000000000000000 ) ) ;
#5877 = B_SPLINE_CURVE_WITH_KNOTS ( 'NONE', 3,
 ( #7612, #1652, #306, #4326, #1569, #6996, #1697, #5541, #4236, #4278, #6248, #4363, #878, #7040, #4934, #8231, #6203, #2925 ),
 .UNSPECIFIED., .F., .F.,
 ( 4, 2, 2, 2, 2, 2, 2, 2, 4 ),
 ( -1.483339182919467532E-05, 0.0009727327746705126572, 0.001960298941170219959, 0.002947865107669927261, 0.003935431274169634563, 0.004922997440669341432, 0.005910563607169049168, 0.006898129773668756903, 0.007885695940168463772 ),
 .UNSPECIFIED. ) ;
#5878 = AXIS2_PLACEMENT_3D ( 'NONE', #5341, #8033, #2679 ) ;
#5879 = ORIENTED_EDGE ( 'NONE', *, *, #7771, .T. ) ;
#5880 = CARTESIAN_POINT ( 'NONE',  ( -62.54133666199987118, -5.958149606299221190, 7.516508333879505344 ) ) ;
#5881 = ORIENTED_EDGE ( 'NONE', *, *, #1033, .T. ) ;
#5882 = CARTESIAN_POINT ( 'NONE',  ( -60.93979159814919910, -4.278729374314139910, 7.580625897850288730 ) ) ;
#5883 = EDGE_LOOP ( 'NONE', ( #203, #2565, #7559, #1283 ) ) ;
#5884 = EDGE_CURVE ( 'NONE', #416, #6608, #4038, .T. ) ;
#5885 = CARTESIAN_POINT ( 'NONE',  ( -62.58753267331361059, -0.4126776965509263428, 7.516508333879505344 ) ) ;
#5886 = CARTESIAN_POINT ( 'NONE',  ( -61.94857245730410966, -0.3996062992126024893, 7.387206917124565564 ) ) ;
#5887 = CARTESIAN_POINT ( 'NONE',  ( -62.17522999999999911, -1.403543307086619674, 7.857046014671676737 ) ) ;
#5888 = ADVANCED_FACE ( 'NONE', ( #1708 ), #4453, .F. ) ;
#5889 = B_SPLINE_CURVE_WITH_KNOTS ( 'NONE', 3,
 ( #5786, #3833, #1284, #6498 ),
 .UNSPECIFIED., .F., .F.,
 ( 4, 4 ),
 ( 2.372388754621946657E-06, 0.005608136317045236963 ),
 .UNSPECIFIED. ) ;
#5890 = B_SPLINE_CURVE_WITH_KNOTS ( 'NONE', 3,
 ( #7561, #1557, #5005, #4883 ),
 .UNSPECIFIED., .F., .F.,
 ( 4, 4 ),
 ( 2.014298343829330649E-07, 0.0004597969392809332515 ),
 .UNSPECIFIED. ) ;
#5891 = CARTESIAN_POINT ( 'NONE',  ( -62.06336904848809155, -0.3996062992126024893, 8.344372524854378526 ) ) ;
#5892 = ORIENTED_EDGE ( 'NONE', *, *, #38, .T. ) ;
#5893 = DIRECTION ( 'NONE',  ( 0.000000000000000000, 1.000000000000000000, 0.000000000000000000 ) ) ;
#5894 = ADVANCED_FACE ( 'NONE', ( #353 ), #400, .F. ) ;
#5895 = ORIENTED_EDGE ( 'NONE', *, *, #866, .T. ) ;
#5896 = CARTESIAN_POINT ( 'NONE',  ( -62.81447367500269507, -4.208110236220480083, 7.151862842553671662 ) ) ;
#5897 = CARTESIAN_POINT ( 'NONE',  ( -61.99162054076776229, -4.208110236220480971, 7.124004473509751634 ) ) ;
#5898 = CARTESIAN_POINT ( 'NONE',  ( -61.63919368878649863, -4.337907589035740585, 8.364905863214680437 ) ) ;
#5899 = LINE ( 'NONE', #5152, #6839 ) ;
#5900 = CARTESIAN_POINT ( 'NONE',  ( -61.29762309385398567, -4.217163321468179404, 8.304152322921156681 ) ) ;
#5901 = ORIENTED_EDGE ( 'NONE', *, *, #1407, .T. ) ;
#5902 = DIRECTION ( 'NONE',  ( -1.716930969985325558E-16, 1.000000000000000000, 9.912705577010278711E-17 ) ) ;
#5903 = B_SPLINE_CURVE_WITH_KNOTS ( 'NONE', 3,
 ( #3040, #8538, #5705, #1117, #2523, #2476, #1071, #1163, #4487, #8391, #1209, #7171 ),
 .UNSPECIFIED., .F., .F.,
 ( 4, 2, 2, 2, 2, 4 ),
 ( 2.887004594679753885E-07, 0.001850286133004423912, 0.003700283565549379854, 0.004625282281821823348, 0.005550280998094266408, 0.007400278430639152527 ),
 .UNSPECIFIED. ) ;
#5904 = ORIENTED_EDGE ( 'NONE', *, *, #7924, .T. ) ;
#5905 = DIRECTION ( 'NONE',  ( 1.000000000000000000, 0.000000000000000000, 0.000000000000000000 ) ) ;
#5906 = CIRCLE ( 'NONE', #1285, 0.5040000001279016928 ) ;
#5907 = EDGE_LOOP ( 'NONE', ( #8304, #3898, #6037, #5135, #6047, #1179, #7461, #5508, #4561, #3959, #7648, #5346, #3941, #3355, #8575 ) ) ;
#5908 = CARTESIAN_POINT ( 'NONE',  ( -62.44920039851856330, -1.407454082783215155, 7.431085318182372390 ) ) ;
#5909 = CARTESIAN_POINT ( 'NONE',  ( -62.26753772175116808, -4.208110236220480971, 6.905453655071593921 ) ) ;
#5910 = FACE_OUTER_BOUND ( 'NONE', #4266, .T. ) ;
#5911 = ORIENTED_EDGE ( 'NONE', *, *, #811, .T. ) ;
#5912 = DIRECTION ( 'NONE',  ( 0.000000000000000000, 0.000000000000000000, -1.000000000000000000 ) ) ;
#5913 = LINE ( 'NONE', #5294, #5959 ) ;
#5914 = CARTESIAN_POINT ( 'NONE',  ( -62.54133666199987118, -0.3996062992126024893, 7.516508333879505344 ) ) ;
#5915 = FACE_OUTER_BOUND ( 'NONE', #3147, .T. ) ;
#5916 = VERTEX_POINT ( 'NONE', #5549 ) ;
#5917 = CARTESIAN_POINT ( 'NONE',  ( -62.68659725391076165, -1.336377492739988737, 7.955027036320677425 ) ) ;
#5918 = DIRECTION ( 'NONE',  ( 0.000000000000000000, -1.000000000000000000, 0.000000000000000000 ) ) ;
#5919 = ORIENTED_EDGE ( 'NONE', *, *, #7462, .T. ) ;
#5920 = DIRECTION ( 'NONE',  ( 0.000000000000000000, 0.000000000000000000, 1.000000000000000000 ) ) ;
#5921 = ORIENTED_EDGE ( 'NONE', *, *, #7139, .F. ) ;
#5922 = CARTESIAN_POINT ( 'NONE',  ( -62.17522999999999911, -4.381104177324340654, 7.857046014671676737 ) ) ;
#5923 = DIRECTION ( 'NONE',  ( 0.000000000000000000, 0.000000000000000000, -1.000000000000000000 ) ) ;
#5924 = ORIENTED_EDGE ( 'NONE', *, *, #4554, .F. ) ;
#5925 = PLANE ( 'NONE',  #6446 ) ;
#5926 = CYLINDRICAL_SURFACE ( 'NONE', #8428, 0.5509842519685053119 ) ;
#5927 = EDGE_LOOP ( 'NONE', ( #5425, #3012, #2983, #2948 ) ) ;
#5928 = CARTESIAN_POINT ( 'NONE',  ( -61.73931677596289092, -1.482581474689051548, 7.612286486553927922 ) ) ;
#5929 = ORIENTED_EDGE ( 'NONE', *, *, #8610, .F. ) ;
#5930 = CARTESIAN_POINT ( 'NONE',  ( -63.07901429371967339, -3.988504844567673402, 8.001501277642224963 ) ) ;
#5931 = CARTESIAN_POINT ( 'NONE',  ( -62.28270337036968129, -1.407454082783214488, 8.351972038315063074 ) ) ;
#5932 = DIRECTION ( 'NONE',  ( -6.123233995736766036E-17, 1.000000000000000000, -0.000000000000000000 ) ) ;
#5933 = B_SPLINE_CURVE_WITH_KNOTS ( 'NONE', 3,
 ( #1546, #3027, #7591, #899 ),
 .UNSPECIFIED., .F., .F.,
 ( 4, 4 ),
 ( 2.014298343828185831E-07, 0.0004597969392809322215 ),
 .UNSPECIFIED. ) ;
#5934 = CARTESIAN_POINT ( 'NONE',  ( -62.17522999999999911, -3.983565816460565401, 7.857046014671676737 ) ) ;
#5935 = DIRECTION ( 'NONE',  ( 1.000000000000000000, 0.000000000000000000, 0.000000000000000000 ) ) ;
#5936 = ORIENTED_EDGE ( 'NONE', *, *, #2979, .F. ) ;
#5937 = CARTESIAN_POINT ( 'NONE',  ( -61.58068206771152830, -3.983565816460565401, 7.213725592346872162 ) ) ;
#5938 = VERTEX_POINT ( 'NONE', #3511 ) ;
#5939 = PLANE ( 'NONE',  #5841 ) ;
#5940 = ORIENTED_EDGE ( 'NONE', *, *, #4026, .F. ) ;
#5941 = AXIS2_PLACEMENT_3D ( 'NONE', #5265, #7954, #6581 ) ;
#5942 = EDGE_CURVE ( 'NONE', #3728, #6335, #7960, .T. ) ;
#5943 = DIRECTION ( 'NONE',  ( -1.401868266681943161E-16, 1.000000000000000000, 1.401868266681938477E-16 ) ) ;
#5944 = CARTESIAN_POINT ( 'NONE',  ( -61.69226708685546612, -0.3996062992126024893, 7.727636492120415923 ) ) ;
#5945 = EDGE_CURVE ( 'NONE', #1767, #7160, #6171, .T. ) ;
#5946 = EDGE_CURVE ( 'NONE', #1589, #2342, #1008, .T. ) ;
#5947 = AXIS2_PLACEMENT_3D ( 'NONE', #7490, #3509, #3892 ) ;
#5948 = CARTESIAN_POINT ( 'NONE',  ( -62.18121864285029687, -1.482581474689054435, 8.356937704592271032 ) ) ;
#5949 = AXIS2_PLACEMENT_3D ( 'NONE', #7853, #3722, #5116 ) ;
#5950 = CARTESIAN_POINT ( 'NONE',  ( -62.17522999999999911, -0.5246062992125997138, 7.857046014671676737 ) ) ;
#5951 = VERTEX_POINT ( 'NONE', #6299 ) ;
#5952 = FACE_OUTER_BOUND ( 'NONE', #2828, .T. ) ;
#5953 = LINE ( 'NONE', #4684, #4262 ) ;
#5954 = EDGE_CURVE ( 'NONE', #6706, #1076, #2212, .T. ) ;
#5955 = CARTESIAN_POINT ( 'NONE',  ( -62.54133666199987829, -0.3996062992126024893, 8.197583695463837472 ) ) ;
#5956 = APPROVAL_STATUS ( 'not_yet_approved' ) ;
#5957 = ORIENTED_EDGE ( 'NONE', *, *, #4566, .F. ) ;
#5958 = CARTESIAN_POINT ( 'NONE',  ( -62.28270337036965998, -1.407454082783005767, 7.362119991028268196 ) ) ;
#5959 = VECTOR ( 'NONE', #6653, 39.37007874015748143 ) ;
#5960 = B_SPLINE_CURVE_WITH_KNOTS ( 'NONE', 3,
 ( #8092, #5928, #4705, #2604 ),
 .UNSPECIFIED., .F., .F.,
 ( 4, 4 ),
 ( 2.014298345700308110E-07, 0.0004597969392808510690 ),
 .UNSPECIFIED. ) ;
#5961 = ORIENTED_EDGE ( 'NONE', *, *, #2193, .T. ) ;
#5962 = DIRECTION ( 'NONE',  ( -0.000000000000000000, -1.000000000000000000, -0.000000000000000000 ) ) ;
#5963 = ORIENTED_EDGE ( 'NONE', *, *, #2579, .F. ) ;
#5964 = CARTESIAN_POINT ( 'NONE',  ( -62.17523000002436362, -4.404960629921268911, 7.857046014726967620 ) ) ;
#5965 = CARTESIAN_POINT ( 'NONE',  ( -63.11354205651502269, -4.404960629921268911, 8.504479782737170979 ) ) ;
#5966 = DIRECTION ( 'NONE',  ( 6.123233995736766036E-17, -1.000000000000000000, 0.000000000000000000 ) ) ;
#5967 = VERTEX_POINT ( 'NONE', #2355 ) ;
#5968 = FACE_OUTER_BOUND ( 'NONE', #6685, .T. ) ;
#5969 = EDGE_CURVE ( 'NONE', #6455, #6788, #5870, .T. ) ;
#5970 = DIRECTION ( 'NONE',  ( 6.123233995736766036E-17, -1.000000000000000000, -0.000000000000000000 ) ) ;
#5971 = AXIS2_PLACEMENT_3D ( 'NONE', #2962, #1614, #5628 ) ;
#5972 = VERTEX_POINT ( 'NONE', #6338 ) ;
#5973 = FACE_OUTER_BOUND ( 'NONE', #3030, .T. ) ;
#5974 = VERTEX_POINT ( 'NONE', #8366 ) ;
#5975 = LINE ( 'NONE', #734, #6541 ) ;
#5976 = CARTESIAN_POINT ( 'NONE',  ( -62.26760324211823416, -4.245277145007859687, 6.802131254384361725 ) ) ;
#5977 = CARTESIAN_POINT ( 'NONE',  ( -61.63874250788147435, -4.345883040168482481, 8.368359378920173341 ) ) ;
#5978 = DIRECTION ( 'NONE',  ( 0.000000000000000000, 0.000000000000000000, -1.000000000000000000 ) ) ;
#5979 = AXIS2_PLACEMENT_3D ( 'NONE', #6418, #2436, #7786 ) ;
#5980 = CIRCLE ( 'NONE', #6963, 0.3228346456692918753 ) ;
#5981 = LINE ( 'NONE', #8014, #5246 ) ;
#5982 = AXIS2_PLACEMENT_3D ( 'NONE', #5100, #2607, #1127 ) ;
#5983 = CARTESIAN_POINT ( 'NONE',  ( -62.15166840375761126, -4.317610764841672832, 6.783445784258948841 ) ) ;
#5984 = VERTEX_POINT ( 'NONE', #2181 ) ;
#5985 = FACE_OUTER_BOUND ( 'NONE', #6188, .T. ) ;
#5986 = AXIS2_PLACEMENT_3D ( 'NONE', #2885, #1580, #971 ) ;
#5987 = AXIS2_PLACEMENT_3D ( 'NONE', #5443, #4221, #7641 ) ;
#5988 = VERTEX_POINT ( 'NONE', #2844 ) ;
#5989 = DIRECTION ( 'NONE',  ( 0.000000000000000000, -1.000000000000000000, 0.000000000000000000 ) ) ;
#5990 = EDGE_CURVE ( 'NONE', #1841, #80, #688, .T. ) ;
#5991 = FACE_OUTER_BOUND ( 'NONE', #3637, .T. ) ;
#5992 = ADVANCED_FACE ( 'NONE', ( #7539 ), #1537, .T. ) ;
#5993 = B_SPLINE_CURVE_WITH_KNOTS ( 'NONE', 3,
 ( #5298, #6616, #2682, #4565 ),
 .UNSPECIFIED., .F., .F.,
 ( 4, 4 ),
 ( 0.000000000000000000, 0.0008211405993301751577 ),
 .UNSPECIFIED. ) ;
#5994 = ADVANCED_FACE ( 'NONE', ( #4548 ), #4463, .F. ) ;
#5995 = DIRECTION ( 'NONE',  ( -0.000000000000000000, 1.000000000000000000, -0.000000000000000000 ) ) ;
#5996 = DIRECTION ( 'NONE',  ( -0.8568423215722178465, 0.000000000000000000, -0.5155785449014844701 ) ) ;
#5997 = EDGE_LOOP ( 'NONE', ( #5761, #6234, #2863, #3081 ) ) ;
#5998 = EDGE_CURVE ( 'NONE', #1248, #8436, #4411, .T. ) ;
#5999 = CARTESIAN_POINT ( 'NONE',  ( -61.83469231920783926, -0.4192913385826831929, 8.277856600393581843 ) ) ;
#6000 = CARTESIAN_POINT ( 'NONE',  ( -62.61220627862467580, -4.208110236220480971, 8.196201168850169694 ) ) ;
#6001 = CARTESIAN_POINT ( 'NONE',  ( -62.44817957163670741, -4.301422018548031190, 8.936726144607112232 ) ) ;
#6002 = CALENDAR_DATE ( 2025, 8, 12 ) ;
#6003 = EDGE_CURVE ( 'NONE', #6608, #3600, #7929, .T. ) ;
#6004 = VECTOR ( 'NONE', #6032, 39.37007874015748143 ) ;
#6005 = ORIENTED_EDGE ( 'NONE', *, *, #4886, .F. ) ;
#6006 = CARTESIAN_POINT ( 'NONE',  ( -62.66255651018270356, -1.481336058263765798, 7.968906966183590512 ) ) ;
#6007 = VERTEX_POINT ( 'NONE', #8506 ) ;
#6008 = B_SPLINE_CURVE_WITH_KNOTS ( 'NONE', 3,
 ( #367, #3029, #7378, #1319 ),
 .UNSPECIFIED., .F., .F.,
 ( 4, 4 ),
 ( 2.372388754633997395E-06, 0.005608136317045229156 ),
 .UNSPECIFIED. ) ;
#6009 = CARTESIAN_POINT ( 'NONE',  ( -62.06336904848807734, -5.958149606299221190, 7.369719504488978501 ) ) ;
#6010 = ORIENTED_EDGE ( 'NONE', *, *, #4394, .F. ) ;
#6011 = CARTESIAN_POINT ( 'NONE',  ( -61.03156856837886579, -4.278729374383829942, 8.399959134444111797 ) ) ;
#6012 = FACE_OUTER_BOUND ( 'NONE', #4246, .T. ) ;
#6013 = CARTESIAN_POINT ( 'NONE',  ( -62.36202574874173621, -0.4126776965509262318, 7.355980395503023850 ) ) ;
#6014 = DIRECTION ( 'NONE',  ( -0.2762435205281262296, 0.000000000000000000, -0.9610876741308395088 ) ) ;
#6015 = DIRECTION ( 'NONE',  ( 0.000000000000000000, -1.000000000000000000, 0.000000000000000000 ) ) ;
#6016 = ORIENTED_EDGE ( 'NONE', *, *, #1440, .F. ) ;
#6017 = FACE_OUTER_BOUND ( 'NONE', #6289, .T. ) ;
#6018 = ORIENTED_EDGE ( 'NONE', *, *, #6778, .F. ) ;
#6019 = CARTESIAN_POINT ( 'NONE',  ( -61.27408612574421909, -4.256664305938107518, 8.370265417295378541 ) ) ;
#6020 = VECTOR ( 'NONE', #7519, 39.37007874015748143 ) ;
#6021 = EDGE_CURVE ( 'NONE', #5203, #2766, #1135, .T. ) ;
#6022 = CARTESIAN_POINT ( 'NONE',  ( -62.19554751006860016, -4.342593609854159098, 6.724261661347900265 ) ) ;
#6023 = CARTESIAN_POINT ( 'NONE',  ( -61.64081154302954957, -4.315403429093302989, 8.352335046562277654 ) ) ;
#6024 = DIRECTION ( 'NONE',  ( -1.914987665046787694E-16, 1.000000000000000000, -5.131193983648563664E-17 ) ) ;
#6025 = CIRCLE ( 'NONE', #4075, 0.5216535433070783601 ) ;
#6026 = CARTESIAN_POINT ( 'NONE',  ( -62.17522999999999911, -0.5639763779527527943, 7.857046014671676737 ) ) ;
#6027 = DIRECTION ( 'NONE',  ( 0.9659258262890624280, 0.000000000000000000, -0.2588190451025428884 ) ) ;
#6028 = EDGE_LOOP ( 'NONE', ( #7752, #1055, #988, #4460, #5743 ) ) ;
#6029 = CARTESIAN_POINT ( 'NONE',  ( -62.66255651018270356, -5.958149606299221190, 7.745185063159756744 ) ) ;
#6030 = AXIS2_PLACEMENT_3D ( 'NONE', #7466, #7655, #387 ) ;
#6031 = ORIENTED_EDGE ( 'NONE', *, *, #3163, .F. ) ;
#6032 = DIRECTION ( 'NONE',  ( 6.123233995736766036E-17, -1.000000000000000000, -0.000000000000000000 ) ) ;
#6033 = DIRECTION ( 'NONE',  ( 0.2413099306571985514, 0.000000000000000000, 0.9704481013254743216 ) ) ;
#6034 = CARTESIAN_POINT ( 'NONE',  ( -62.34271772008832357, -4.208110236220480971, 8.501033132745579479 ) ) ;
#6035 = CIRCLE ( 'NONE', #4636, 0.5216535433070783601 ) ;
#6036 = DIRECTION ( 'NONE',  ( -0.4842579450684385001, 0.000000000000000000, 0.8749252783170076153 ) ) ;
#6037 = ORIENTED_EDGE ( 'NONE', *, *, #8421, .T. ) ;
#6038 = ORIENTED_EDGE ( 'NONE', *, *, #1836, .F. ) ;
#6039 = EDGE_CURVE ( 'NONE', #4399, #2726, #5204, .T. ) ;
#6040 = EDGE_CURVE ( 'NONE', #4115, #6628, #2917, .T. ) ;
#6041 = VERTEX_POINT ( 'NONE', #6563 ) ;
#6042 = CARTESIAN_POINT ( 'NONE',  ( -61.83469231920783926, -0.4192913385826831929, 7.436235428949770743 ) ) ;
#6043 = CIRCLE ( 'NONE', #3816, 0.2755905511811025943 ) ;
#6044 = CARTESIAN_POINT ( 'NONE',  ( -62.45713733477946050, -4.236264588434723422, 8.865579455229671169 ) ) ;
#6045 = DIRECTION ( 'NONE',  ( 6.123233995736766036E-17, -1.000000000000000000, 0.000000000000000000 ) ) ;
#6046 = VERTEX_POINT ( 'NONE', #6473 ) ;
#6047 = ORIENTED_EDGE ( 'NONE', *, *, #384, .T. ) ;
#6048 = CARTESIAN_POINT ( 'NONE',  ( -61.29172700356568271, 57.93121849778213317, 8.276458049455362342 ) ) ;
#6049 = VERTEX_POINT ( 'NONE', #1750 ) ;
#6050 = CARTESIAN_POINT ( 'NONE',  ( -61.99165455255239010, -4.404960629921268911, 7.129859618435438584 ) ) ;
#6051 = CARTESIAN_POINT ( 'NONE',  ( -62.95319245183702606, -4.208428596374985453, 8.412781851931852017 ) ) ;
#6052 = CARTESIAN_POINT ( 'NONE',  ( -62.49562054074358031, -5.958110236220480971, 7.124004473387016034 ) ) ;
#6053 = LINE ( 'NONE', #8002, #3653 ) ;
#6054 = CIRCLE ( 'NONE', #2283, 0.9152559055118133502 ) ;
#6055 = EDGE_CURVE ( 'NONE', #4752, #537, #2346, .T. ) ;
#6056 = EDGE_CURVE ( 'NONE', #1076, #6706, #2635, .T. ) ;
#6057 = CARTESIAN_POINT ( 'NONE',  ( -63.12513003920745547, -4.125273117935313039, 7.148457468516403068 ) ) ;
#6058 = VERTEX_POINT ( 'NONE', #7093 ) ;
#6059 = CARTESIAN_POINT ( 'NONE',  ( -62.65758519465404675, -1.407454082783004212, 7.702657671820436924 ) ) ;
#6060 = VERTEX_POINT ( 'NONE', #3103 ) ;
#6061 = CARTESIAN_POINT ( 'NONE',  ( -61.25947366086857215, -4.306285833287985199, 8.408575453179997439 ) ) ;
#6062 = CARTESIAN_POINT ( 'NONE',  ( -62.22307777749956870, -4.242958277036808390, 6.800403287470753178 ) ) ;
#6063 = CARTESIAN_POINT ( 'NONE',  ( -62.25705539119088172, -4.227411872955456396, 8.490680352286361199 ) ) ;
#6064 = DIRECTION ( 'NONE',  ( 6.123233995736766036E-17, -1.000000000000000000, -0.000000000000000000 ) ) ;
#6065 = CARTESIAN_POINT ( 'NONE',  ( -61.31625275041461265, -4.208110236220481859, 8.246519074417223649 ) ) ;
#6066 = CC_DESIGN_PERSON_AND_ORGANIZATION_ASSIGNMENT ( #6574, #592, ( #6094 ) ) ;
#6067 = LINE ( 'NONE', #35, #4784 ) ;
#6068 = ORIENTED_EDGE ( 'NONE', *, *, #5355, .T. ) ;
#6069 = LINE ( 'NONE', #3939, #1511 ) ;
#6070 = EDGE_CURVE ( 'NONE', #1809, #7483, #5764, .T. ) ;
#6071 = ORIENTED_EDGE ( 'NONE', *, *, #5079, .T. ) ;
#6072 = DIRECTION ( 'NONE',  ( 0.000000000000000000, 0.000000000000000000, 1.000000000000000000 ) ) ;
#6073 = DIRECTION ( 'NONE',  ( -0.000000000000000000, -1.000000000000000000, -0.000000000000000000 ) ) ;
#6074 = CARTESIAN_POINT ( 'NONE',  ( -62.69453219173220759, -1.336377492740392858, 7.894755199728528794 ) ) ;
#6075 = EDGE_CURVE ( 'NONE', #7800, #5530, #1090, .T. ) ;
#6076 = EDGE_CURVE ( 'NONE', #6943, #5326, #3894, .T. ) ;
#6077 = FACE_OUTER_BOUND ( 'NONE', #7630, .T. ) ;
#6078 = B_SPLINE_CURVE_WITH_KNOTS ( 'NONE', 3,
 ( #340, #7172, #1072, #5188 ),
 .UNSPECIFIED., .F., .F.,
 ( 4, 4 ),
 ( 0.000000000000000000, 0.0008211405993301971670 ),
 .UNSPECIFIED. ) ;
#6079 = CARTESIAN_POINT ( 'NONE',  ( -62.34605957311849522, -1.336377492740391970, 7.365198471297028426 ) ) ;
#6080 = ORIENTED_EDGE ( 'NONE', *, *, #7363, .T. ) ;
#6081 = ORIENTED_EDGE ( 'NONE', *, *, #38, .F. ) ;
#6082 = DIRECTION ( 'NONE',  ( 0.4842579450684447728, 0.000000000000000000, -0.8749252783170041736 ) ) ;
#6083 = CARTESIAN_POINT ( 'NONE',  ( -62.73436026835211976, -4.220695813424192089, 8.133001559250420343 ) ) ;
#6084 = CARTESIAN_POINT ( 'NONE',  ( -62.42699878311014317, -4.231819538505910749, 8.835183045772950550 ) ) ;
#6085 = CIRCLE ( 'NONE', #7225, 0.2755905511811025943 ) ;
#6086 = PERSON_AND_ORGANIZATION ( #2462, #3721 ) ;
#6087 = DIRECTION ( 'NONE',  ( 1.000000000000000000, 0.000000000000000000, 0.000000000000000000 ) ) ;
#6088 = EDGE_CURVE ( 'NONE', #5967, #3561, #8661, .T. ) ;
#6089 = AXIS2_PLACEMENT_3D ( 'NONE', #7434, #5923, #17 ) ;
#6090 = VERTEX_POINT ( 'NONE', #4505 ) ;
#6091 = CARTESIAN_POINT ( 'NONE',  ( -62.65819291314453920, -1.481336058263770905, 7.727636492120407041 ) ) ;
#6092 = ORIENTED_EDGE ( 'NONE', *, *, #7656, .T. ) ;
#6093 = DIRECTION ( 'NONE',  ( 1.000000000000000000, 0.000000000000000000, 4.335420911161236290E-14 ) ) ;
#6094 = SECURITY_CLASSIFICATION ( '', '', #1900 ) ;
#6095 = ORIENTED_EDGE ( 'NONE', *, *, #7617, .T. ) ;
#6096 = CARTESIAN_POINT ( 'NONE',  ( -62.67490300667535763, -0.3996062992126024893, 7.875126014671677055 ) ) ;
#6097 = DIRECTION ( 'NONE',  ( -0.000000000000000000, 1.000000000000000000, -0.000000000000000000 ) ) ;
#6098 = VERTEX_POINT ( 'NONE', #7192 ) ;
#6099 = DIRECTION ( 'NONE',  ( 1.000000000000000000, 0.000000000000000000, 0.000000000000000000 ) ) ;
#6100 = ADVANCED_FACE ( 'NONE', ( #7049 ), #6124, .T. ) ;
#6101 = B_SPLINE_CURVE_WITH_KNOTS ( 'NONE', 3,
 ( #2820, #5304, #6665, #1371, #3524, #4124 ),
 .UNSPECIFIED., .F., .F.,
 ( 4, 2, 4 ),
 ( 0.000000000000000000, 0.001876713924440183597, 0.003753427848880367193 ),
 .UNSPECIFIED. ) ;
#6102 = ADVANCED_FACE ( 'NONE', ( #3201 ), #5858, .F. ) ;
#6103 = CARTESIAN_POINT ( 'NONE',  ( -62.05163309495357993, -1.482581474689045109, 7.372637746206116560 ) ) ;
#6104 = ORIENTED_EDGE ( 'NONE', *, *, #7016, .F. ) ;
#6105 = CARTESIAN_POINT ( 'NONE',  ( -61.20609268276145798, -4.228093406732559068, 7.592081811205864561 ) ) ;
#6106 = ORIENTED_EDGE ( 'NONE', *, *, #3507, .T. ) ;
#6107 = DIRECTION ( 'NONE',  ( 0.9659258262890568769, 0.000000000000000000, 0.2588190451025632055 ) ) ;
#6108 = EDGE_CURVE ( 'NONE', #5382, #7160, #2573, .T. ) ;
#6109 = CARTESIAN_POINT ( 'NONE',  ( -61.94105123596275320, -5.958149606299221190, 8.298815532037897569 ) ) ;
#6110 = ADVANCED_FACE ( 'NONE', ( #394 ), #2776, .F. ) ;
#6111 = DIRECTION ( 'NONE',  ( 0.000000000000000000, 0.000000000000000000, 1.000000000000000000 ) ) ;
#6112 = LINE ( 'NONE', #698, #6159 ) ;
#6113 = VECTOR ( 'NONE', #283, 39.37007874015748143 ) ;
#6114 = VERTEX_POINT ( 'NONE', #8408 ) ;
#6115 = AXIS2_PLACEMENT_3D ( 'NONE', #2803, #8148, #2269 ) ;
#6116 = ADVANCED_FACE ( 'NONE', ( #8062 ), #616, .F. ) ;
#6117 = ORIENTED_EDGE ( 'NONE', *, *, #3838, .T. ) ;
#6118 = CARTESIAN_POINT ( 'NONE',  ( -62.65819291314453920, -5.958149606299221190, 7.727636492120407041 ) ) ;
#6119 = ORIENTED_EDGE ( 'NONE', *, *, #4660, .F. ) ;
#6120 = DIRECTION ( 'NONE',  ( 1.914987665046783504E-16, 1.000000000000000000, 5.131193983648696785E-17 ) ) ;
#6121 = EDGE_CURVE ( 'NONE', #3745, #831, #37, .T. ) ;
#6122 = ORIENTED_EDGE ( 'NONE', *, *, #3652, .F. ) ;
#6123 = CARTESIAN_POINT ( 'NONE',  ( -62.50568635597563372, -4.274806385318776769, 8.897202181864589221 ) ) ;
#6124 = CONICAL_SURFACE ( 'NONE', #6967, 0.5216535433070783601, 0.7853981633974604915 ) ;
#6125 = AXIS2_PLACEMENT_3D ( 'NONE', #6838, #3560, #4291 ) ;
#6126 = CARTESIAN_POINT ( 'NONE',  ( -62.23199151542136320, -1.267487984742363905, 7.318691492574958879 ) ) ;
#6127 = DIRECTION ( 'NONE',  ( 1.000000000000000000, 0.000000000000000000, 0.000000000000000000 ) ) ;
#6128 = VERTEX_POINT ( 'NONE', #7277 ) ;
#6129 = VECTOR ( 'NONE', #577, 39.37007874015748143 ) ;
#6130 = FACE_OUTER_BOUND ( 'NONE', #8617, .T. ) ;
#6131 = CIRCLE ( 'NONE', #1654, 0.1620000001541407608 ) ;
#6132 = ADVANCED_FACE ( 'NONE', ( #3979 ), #4630, .T. ) ;
#6133 = CARTESIAN_POINT ( 'NONE',  ( -61.94105123596275320, -0.3996062992126024893, 7.415276497305457681 ) ) ;
#6134 = ORIENTED_EDGE ( 'NONE', *, *, #6088, .F. ) ;
#6135 = VERTEX_POINT ( 'NONE', #653 ) ;
#6136 = CARTESIAN_POINT ( 'NONE',  ( -63.11229299770704415, -4.377743985123917270, 8.503783291678731260 ) ) ;
#6137 = CARTESIAN_POINT ( 'NONE',  ( -61.24981773185806588, -5.958110236220480971, 8.432943233919795389 ) ) ;
#6138 = EDGE_CURVE ( 'NONE', #6098, #8273, #1349, .T. ) ;
#6139 = CARTESIAN_POINT ( 'NONE',  ( -62.46162180586707535, -4.221082593633115998, 8.831555150289569056 ) ) ;
#6140 = CARTESIAN_POINT ( 'NONE',  ( -62.17523000002436362, -4.208110236220480971, 7.857046014726967620 ) ) ;
#6141 = VECTOR ( 'NONE', #6024, 39.37007874015748143 ) ;
#6142 = LINE ( 'NONE', #2854, #2195 ) ;
#6143 = ORIENTED_EDGE ( 'NONE', *, *, #7511, .T. ) ;
#6144 = CARTESIAN_POINT ( 'NONE',  ( -61.83037879632610867, -1.482582146657575040, 8.218992410018385542 ) ) ;
#6145 = VERTEX_POINT ( 'NONE', #784 ) ;
#6146 = DIRECTION ( 'NONE',  ( -9.912705577010336643E-17, 1.000000000000000000, 1.716930969985322107E-16 ) ) ;
#6147 = CARTESIAN_POINT ( 'NONE',  ( -62.61699951736621728, -0.3996062992126024893, 8.091224778708935972 ) ) ;
#6148 = PLANE ( 'NONE',  #585 ) ;
#6149 = CARTESIAN_POINT ( 'NONE',  ( -62.66255651018270356, -0.3996062992126024893, 7.745185063159756744 ) ) ;
#6150 = EDGE_LOOP ( 'NONE', ( #76, #3076, #2988, #5957 ) ) ;
#6151 = CARTESIAN_POINT ( 'NONE',  ( -61.66991042462708350, -1.267487984741781704, 8.051209831692366592 ) ) ;
#6152 = EDGE_CURVE ( 'NONE', #1870, #3758, #6069, .T. ) ;
#6153 = ORIENTED_EDGE ( 'NONE', *, *, #5458, .T. ) ;
#6154 = CARTESIAN_POINT ( 'NONE',  ( -61.95300764349852329, -0.4126776965509280637, 8.343437452437376223 ) ) ;
#6155 = EDGE_CURVE ( 'NONE', #6620, #1503, #6734, .T. ) ;
#6156 = CARTESIAN_POINT ( 'NONE',  ( -61.67523000000000621, -5.958149606299221190, 7.857046014671682066 ) ) ;
#6157 = DIRECTION ( 'NONE',  ( 1.000000000000000000, 0.000000000000000000, 0.000000000000000000 ) ) ;
#6158 = FACE_OUTER_BOUND ( 'NONE', #6887, .T. ) ;
#6159 = VECTOR ( 'NONE', #2702, 39.37007874015748143 ) ;
#6160 = CARTESIAN_POINT ( 'NONE',  ( -62.60200930427742350, -1.482582146657575706, 8.117405326431962109 ) ) ;
#6161 = AXIS2_PLACEMENT_3D ( 'NONE', #6215, #2361, #398 ) ;
#6162 = ORIENTED_EDGE ( 'NONE', *, *, #1462, .F. ) ;
#6163 = FACE_OUTER_BOUND ( 'NONE', #8419, .T. ) ;
#6164 = EDGE_LOOP ( 'NONE', ( #3200, #4309, #47, #1035 ) ) ;
#6165 = DIRECTION ( 'NONE',  ( -0.7071067811865204833, 0.000000000000000000, -0.7071067811865743291 ) ) ;
#6166 = AXIS2_PLACEMENT_3D ( 'NONE', #1321, #2723, #3995 ) ;
#6167 = DIRECTION ( 'NONE',  ( -0.8660254037844217212, 0.000000000000000000, 0.5000000000000295319 ) ) ;
#6168 = DIRECTION ( 'NONE',  ( 1.000000000000000000, 0.000000000000000000, 0.000000000000000000 ) ) ;
#6169 = ORIENTED_EDGE ( 'NONE', *, *, #2735, .T. ) ;
#6170 = DIRECTION ( 'NONE',  ( 6.123233995736766036E-17, -1.000000000000000000, 0.000000000000000000 ) ) ;
#6171 = LINE ( 'NONE', #182, #8371 ) ;
#6172 = ORIENTED_EDGE ( 'NONE', *, *, #2477, .F. ) ;
#6173 = CARTESIAN_POINT ( 'NONE',  ( -63.08780066422600896, -4.258772704662732167, 8.430568072270045121 ) ) ;
#6174 = DIRECTION ( 'NONE',  ( -0.4999999999999724665, 0.000000000000000000, 0.8660254037844544728 ) ) ;
#6175 = CARTESIAN_POINT ( 'NONE',  ( -62.71358452209687329, -1.267487984741781704, 7.800284499250154546 ) ) ;
#6176 = AXIS2_PLACEMENT_3D ( 'NONE', #2561, #5230, #156 ) ;
#6177 = CARTESIAN_POINT ( 'NONE',  ( -62.25973898965090569, -0.4192913385826831929, 8.391747512484334592 ) ) ;
#6178 = ORIENTED_EDGE ( 'NONE', *, *, #559, .T. ) ;
#6179 = CARTESIAN_POINT ( 'NONE',  ( -62.17522999999999911, -1.966043196441233709, 7.699762550104748193 ) ) ;
#6180 = EDGE_LOOP ( 'NONE', ( #446, #589, #1359, #1890 ) ) ;
#6181 = CARTESIAN_POINT ( 'NONE',  ( -62.43308479009032652, -4.222658030379585092, 9.076443348507257980 ) ) ;
#6182 = AXIS2_PLACEMENT_3D ( 'NONE', #2797, #6199, #169 ) ;
#6183 = CARTESIAN_POINT ( 'NONE',  ( -62.75226683909858139, -4.260912722220185245, 7.483276527638944131 ) ) ;
#6184 = DIRECTION ( 'NONE',  ( 0.000000000000000000, -1.000000000000000000, 0.000000000000000000 ) ) ;
#6185 = CARTESIAN_POINT ( 'NONE',  ( -62.04006392536655312, -1.482581474689049772, 8.338354333489295556 ) ) ;
#6186 = LINE ( 'NONE', #2161, #3104 ) ;
#6187 = B_SPLINE_CURVE_WITH_KNOTS ( 'NONE', 3,
 ( #3452, #5449, #30, #648 ),
 .UNSPECIFIED., .F., .F.,
 ( 4, 4 ),
 ( 0.000000000000000000, 0.0008211405993302410772 ),
 .UNSPECIFIED. ) ;
#6188 = EDGE_LOOP ( 'NONE', ( #3405, #5911, #7606, #4694, #8568 ) ) ;
#6189 = CARTESIAN_POINT ( 'NONE',  ( -62.17522999999999911, -0.4192913385826831929, 7.857046014671676737 ) ) ;
#6190 = ORIENTED_EDGE ( 'NONE', *, *, #8528, .T. ) ;
#6191 = CARTESIAN_POINT ( 'NONE',  ( -62.28709095151192088, -0.3996062992126024893, 8.344372524854376749 ) ) ;
#6192 = CARTESIAN_POINT ( 'NONE',  ( -62.26753231567781910, -4.208110236220480971, 6.906148832310295305 ) ) ;
#6193 = CARTESIAN_POINT ( 'NONE',  ( -62.55356235717618318, 57.93121849778213317, 9.065177113896211836 ) ) ;
#6194 = AXIS2_PLACEMENT_3D ( 'NONE', #2533, #8358, #1221 ) ;
#6195 = AXIS2_PLACEMENT_3D ( 'NONE', #3482, #2688, #4127 ) ;
#6196 = CARTESIAN_POINT ( 'NONE',  ( -62.02844117060946161, -1.481336058263765798, 7.379078401159887335 ) ) ;
#6197 = B_SPLINE_CURVE_WITH_KNOTS ( 'NONE', 3,
 ( #5581, #1475, #4144, #7482, #4104, #2873, #6288, #5537, #6949, #4971, #8226, #2834, #5453, #958, #6775, #302 ),
 .UNSPECIFIED., .F., .F.,
 ( 4, 2, 2, 2, 2, 2, 2, 4 ),
 ( 2.536081930068237128E-07, 0.001870370095555767614, 0.003740486582918528449, 0.004675544826599838284, 0.005610603070281147686, 0.006545661313962457956, 0.007013190435803261409, 0.007480719557644066597 ),
 .UNSPECIFIED. ) ;
#6198 = ORIENTED_EDGE ( 'NONE', *, *, #8335, .T. ) ;
#6199 = DIRECTION ( 'NONE',  ( 0.000000000000000000, -1.000000000000000000, 0.000000000000000000 ) ) ;
#6200 = EDGE_LOOP ( 'NONE', ( #1609, #882, #344, #1089 ) ) ;
#6201 = CARTESIAN_POINT ( 'NONE',  ( -61.83469231920783926, -1.267487984741781704, 8.277856600393818098 ) ) ;
#6202 = ORIENTED_EDGE ( 'NONE', *, *, #6974, .T. ) ;
#6203 = CARTESIAN_POINT ( 'NONE',  ( -62.94704125205774403, -4.391958146239764105, 7.018054124993708953 ) ) ;
#6204 = FACE_OUTER_BOUND ( 'NONE', #711, .T. ) ;
#6205 = CARTESIAN_POINT ( 'NONE',  ( -62.17522999999999911, -4.381104177324340654, 7.857046014671676737 ) ) ;
#6206 = VERTEX_POINT ( 'NONE', #3417 ) ;
#6207 = CARTESIAN_POINT ( 'NONE',  ( -62.40940876403726634, -1.481336058263765798, 8.298815532037894016 ) ) ;
#6208 = CARTESIAN_POINT ( 'NONE',  ( -61.82167660940673670, -0.3996062992126024893, 7.503492624078405449 ) ) ;
#6209 = DIRECTION ( 'NONE',  ( -0.000000000000000000, 1.000000000000000000, -0.000000000000000000 ) ) ;
#6210 = ADVANCED_FACE ( 'NONE', ( #5985 ), #5939, .T. ) ;
#6211 = VERTEX_POINT ( 'NONE', #743 ) ;
#6212 = CARTESIAN_POINT ( 'NONE',  ( -63.15606614403003505, -4.388797824596015751, 8.442850514827682673 ) ) ;
#6213 = LINE ( 'NONE', #2185, #4676 ) ;
#6214 = EDGE_CURVE ( 'NONE', #6708, #1749, #4020, .T. ) ;
#6215 = CARTESIAN_POINT ( 'NONE',  ( -62.25376002172995271, 57.93121849778213317, 6.882203958008436651 ) ) ;
#6216 = EDGE_CURVE ( 'NONE', #4473, #8410, #1436, .T. ) ;
#6217 = VECTOR ( 'NONE', #890, 39.37007874015748143 ) ;
#6218 = CARTESIAN_POINT ( 'NONE',  ( -62.53294141377120496, -1.482581474689071754, 8.206288208503776715 ) ) ;
#6219 = AXIS2_PLACEMENT_3D ( 'NONE', #5636, #2313, #4984 ) ;
#6220 = EDGE_CURVE ( 'NONE', #1999, #2057, #3164, .T. ) ;
#6221 = ORIENTED_EDGE ( 'NONE', *, *, #5433, .T. ) ;
#6222 = LINE ( 'NONE', #7467, #4039 ) ;
#6223 = EDGE_CURVE ( 'NONE', #7891, #1503, #8101, .T. ) ;
#6224 = ORIENTED_EDGE ( 'NONE', *, *, #2141, .F. ) ;
#6225 = CARTESIAN_POINT ( 'NONE',  ( -61.83469231920783926, -0.3996062992126024893, 8.252212444426950455 ) ) ;
#6226 = AXIS2_PLACEMENT_3D ( 'NONE', #5088, #7301, #1905 ) ;
#6227 = CARTESIAN_POINT ( 'NONE',  ( -62.61699951736621728, -0.3996062992126024893, 7.622867250634411285 ) ) ;
#6228 = LINE ( 'NONE', #7551, #7367 ) ;
#6229 = AXIS2_PLACEMENT_3D ( 'NONE', #6052, #3267, #4003 ) ;
#6230 = ORIENTED_EDGE ( 'NONE', *, *, #124, .T. ) ;
#6231 = FACE_OUTER_BOUND ( 'NONE', #7928, .T. ) ;
#6232 = TOROIDAL_SURFACE ( 'NONE', #6939, 0.9431496061450760360, 0.1968503937007874127 ) ;
#6233 = CIRCLE ( 'NONE', #7371, 1.139999999845861867 ) ;
#6234 = ORIENTED_EDGE ( 'NONE', *, *, #5942, .T. ) ;
#6235 = CARTESIAN_POINT ( 'NONE',  ( -62.16314187404245928, -1.482582146657630995, 7.357264639477842039 ) ) ;
#6236 = EDGE_CURVE ( 'NONE', #3265, #2136, #8676, .T. ) ;
#6237 = ORIENTED_EDGE ( 'NONE', *, *, #6688, .T. ) ;
#6238 = CARTESIAN_POINT ( 'NONE',  ( -61.26074728862709406, -4.218244896850729120, 8.278209786041891505 ) ) ;
#6239 = DIRECTION ( 'NONE',  ( 6.123233995736766036E-17, -1.000000000000000000, -0.000000000000000000 ) ) ;
#6240 = CARTESIAN_POINT ( 'NONE',  ( -61.75441941427810377, -1.403543307086619674, 7.516508333879518666 ) ) ;
#6241 = EDGE_CURVE ( 'NONE', #5110, #1888, #2746, .T. ) ;
#6242 = CARTESIAN_POINT ( 'NONE',  ( -61.92009783819716517, -1.482581474689042667, 7.427121433484856539 ) ) ;
#6243 = CIRCLE ( 'NONE', #3312, 0.5413385826771592857 ) ;
#6244 = CARTESIAN_POINT ( 'NONE',  ( -62.49562054075092021, -4.208110236220480971, 7.124004473509751634 ) ) ;
#6245 = EDGE_LOOP ( 'NONE', ( #2677, #8356, #4606, #7534 ) ) ;
#6246 = CARTESIAN_POINT ( 'NONE',  ( -62.64986732611936304, 57.93121849778213317, 8.501033132774455936 ) ) ;
#6247 = ORIENTED_EDGE ( 'NONE', *, *, #4438, .F. ) ;
#6248 = CARTESIAN_POINT ( 'NONE',  ( -62.91693102864864073, -4.284822461824425055, 7.045226010819748197 ) ) ;
#6249 = CARTESIAN_POINT ( 'NONE',  ( -62.26135191210493502, -4.277800067908001047, 6.594219705995056025 ) ) ;
#6250 = FACE_OUTER_BOUND ( 'NONE', #2115, .T. ) ;
#6251 = CIRCLE ( 'NONE', #534, 1.139999999984307566 ) ;
#6252 = VECTOR ( 'NONE', #7754, 39.37007874015748143 ) ;
#6253 = ORIENTED_EDGE ( 'NONE', *, *, #7419, .F. ) ;
#6254 = CARTESIAN_POINT ( 'NONE',  ( -62.66707754337465985, -1.336377492740392858, 8.027875587790175516 ) ) ;
#6255 = CARTESIAN_POINT ( 'NONE',  ( -62.17522999999999911, -4.090000000000014069, 7.857046014671676737 ) ) ;
#6256 = CARTESIAN_POINT ( 'NONE',  ( -62.42522999999999911, -1.481336058263770905, 7.424033312779459770 ) ) ;
#6257 = AXIS2_PLACEMENT_3D ( 'NONE', #2980, #321, #5642 ) ;
#6258 = EDGE_LOOP ( 'NONE', ( #3100, #6117, #4143, #7311 ) ) ;
#6259 = ADVANCED_FACE ( 'NONE', ( #2664 ), #5691, .F. ) ;
#6260 = FACE_OUTER_BOUND ( 'NONE', #6950, .T. ) ;
#6261 = DIRECTION ( 'NONE',  ( 0.8749252783170041736, 0.000000000000000000, 0.4842579450684447728 ) ) ;
#6262 = ADVANCED_FACE ( 'NONE', ( #1965 ), #127, .F. ) ;
#6263 = CARTESIAN_POINT ( 'NONE',  ( -62.47281482132223118, -4.208110236220480971, 8.752017775881929751 ) ) ;
#6264 = AXIS2_PLACEMENT_3D ( 'NONE', #1739, #424, #6463 ) ;
#6265 = AXIS2_PLACEMENT_3D ( 'NONE', #1515, #4265, #5613 ) ;
#6266 = PLANE ( 'NONE',  #6257 ) ;
#6267 = ORIENTED_EDGE ( 'NONE', *, *, #8202, .F. ) ;
#6268 = ORIENTED_EDGE ( 'NONE', *, *, #486, .T. ) ;
#6269 = ADVANCED_FACE ( 'NONE', ( #2009 ), #4671, .F. ) ;
#6270 = CARTESIAN_POINT ( 'NONE',  ( -61.64052850218734392, -1.403543307086619674, 7.941555004322575329 ) ) ;
#6271 = AXIS2_PLACEMENT_3D ( 'NONE', #1984, #5390, #7210 ) ;
#6272 = VERTEX_POINT ( 'NONE', #913 ) ;
#6273 = CARTESIAN_POINT ( 'NONE',  ( -61.69226708685546612, -1.481336058263770905, 7.986455537222940215 ) ) ;
#6274 = EDGE_CURVE ( 'NONE', #5951, #2536, #7570, .T. ) ;
#6275 = CARTESIAN_POINT ( 'NONE',  ( -62.79637489212619528, -4.301443064540927175, 7.491386301634786804 ) ) ;
#6276 = VECTOR ( 'NONE', #315, 39.37007874015748143 ) ;
#6277 = ORIENTED_EDGE ( 'NONE', *, *, #1452, .F. ) ;
#6278 = AXIS2_PLACEMENT_3D ( 'NONE', #1161, #6759, #1418 ) ;
#6279 = CARTESIAN_POINT ( 'NONE',  ( -62.11800713223416892, -4.190334898606487002, 6.627938102031709633 ) ) ;
#6280 = CARTESIAN_POINT ( 'NONE',  ( -61.67544862480616530, -1.482582146657652977, 7.869134140629222784 ) ) ;
#6281 = ORIENTED_EDGE ( 'NONE', *, *, #4601, .F. ) ;
#6282 = DIRECTION ( 'NONE',  ( 0.000000000000000000, 1.000000000000000000, -0.000000000000000000 ) ) ;
#6283 = VERTEX_POINT ( 'NONE', #4189 ) ;
#6284 = CARTESIAN_POINT ( 'NONE',  ( -62.17522999999999911, -1.403543307086619674, 7.857046014671676737 ) ) ;
#6285 = CARTESIAN_POINT ( 'NONE',  ( -61.92523000000000621, -1.481336058263770905, 7.424033312779459770 ) ) ;
#6286 = LINE ( 'NONE', #2298, #3235 ) ;
#6287 = DIRECTION ( 'NONE',  ( 0.000000000000000000, -1.000000000000000000, 0.000000000000000000 ) ) ;
#6288 = CARTESIAN_POINT ( 'NONE',  ( -63.26171821590773447, -4.229893429612085143, 8.474025789836334255 ) ) ;
#6289 = EDGE_LOOP ( 'NONE', ( #1370, #6068, #1761, #180 ) ) ;
#6290 = DIRECTION ( 'NONE',  ( -0.7197777434736356561, 0.000000000000000000, 0.6942045807973332705 ) ) ;
#6291 = EDGE_CURVE ( 'NONE', #5665, #5505, #7951, .T. ) ;
#6292 = VERTEX_POINT ( 'NONE', #7484 ) ;
#6293 = DIRECTION ( 'NONE',  ( 0.4842579450684264541, 0.000000000000000000, 0.8749252783170142767 ) ) ;
#6294 = LINE ( 'NONE', #7652, #3829 ) ;
#6295 = B_SPLINE_CURVE_WITH_KNOTS ( 'NONE', 3,
 ( #8009, #8627, #3363, #7312, #2081, #7269, #6061, #8136, #7442, #6019, #2791, #2127, #1258, #27, #3931, #2699, #2606, #5276, #951, #1642 ),
 .UNSPECIFIED., .F., .F.,
 ( 4, 2, 2, 2, 2, 2, 2, 2, 2, 4 ),
 ( 0.000000000000000000, 0.0009791333580112329422, 0.001958266716022465884, 0.002937400074033699043, 0.003916533432044931769, 0.004895666790056164494, 0.005874800148067398087, 0.006853933506078630812, 0.007343500185084212047, 0.007833066864089794148 ),
 .UNSPECIFIED. ) ;
#6296 = VERTEX_POINT ( 'NONE', #4803 ) ;
#6297 = FACE_OUTER_BOUND ( 'NONE', #2853, .T. ) ;
#6298 = CARTESIAN_POINT ( 'NONE',  ( -62.17523000002436362, -5.958110236220480971, 7.857046014726967620 ) ) ;
#6299 = CARTESIAN_POINT ( 'NONE',  ( -61.82167660940673670, -1.481336058263770905, 7.503492624078405449 ) ) ;
#6300 = EDGE_LOOP ( 'NONE', ( #7082, #190, #8168, #2612 ) ) ;
#6301 = PLANE ( 'NONE',  #6504 ) ;
#6302 = CARTESIAN_POINT ( 'NONE',  ( -62.17522999999999911, -0.3996062992126024893, 7.857046014671676737 ) ) ;
#6303 = B_SPLINE_CURVE_WITH_KNOTS ( 'NONE', 3,
 ( #3504, #2220, #962, #3544, #7528, #2877 ),
 .UNSPECIFIED., .F., .F.,
 ( 4, 2, 4 ),
 ( 0.000000000000000000, 0.001876713924440280091, 0.003753427848880560181 ),
 .UNSPECIFIED. ) ;
#6304 = AXIS2_PLACEMENT_3D ( 'NONE', #2211, #995, #2130 ) ;
#6305 = PLANE ( 'NONE',  #815 ) ;
#6306 = ORIENTED_EDGE ( 'NONE', *, *, #8153, .T. ) ;
#6307 = EDGE_CURVE ( 'NONE', #4399, #1534, #7026, .T. ) ;
#6308 = DIRECTION ( 'NONE',  ( -0.000000000000000000, 1.000000000000000000, -0.000000000000000000 ) ) ;
#6309 = ORIENTED_EDGE ( 'NONE', *, *, #65, .F. ) ;
#6310 = CARTESIAN_POINT ( 'NONE',  ( -62.68054957537280103, -0.4192913385826831929, 8.051209831692171193 ) ) ;
#6311 = VERTEX_POINT ( 'NONE', #4846 ) ;
#6312 = DIRECTION ( 'NONE',  ( 0.000000000000000000, -1.000000000000000000, 0.000000000000000000 ) ) ;
#6313 = DIRECTION ( 'NONE',  ( 0.000000000000000000, 0.000000000000000000, -1.000000000000000000 ) ) ;
#6314 = EDGE_LOOP ( 'NONE', ( #1562, #3105, #3631, #2426, #484 ) ) ;
#6315 = CARTESIAN_POINT ( 'NONE',  ( -61.31963957525768194, -4.061054793385010520, 8.573554616649651905 ) ) ;
#6316 = CIRCLE ( 'NONE', #3952, 1.265984251797293236 ) ;
#6317 = EDGE_LOOP ( 'NONE', ( #7050, #4168, #48, #7696, #2665 ) ) ;
#6318 = CARTESIAN_POINT ( 'NONE',  ( -62.17522999999999911, -1.403543307086619674, 7.857046014671676737 ) ) ;
#6319 = EDGE_CURVE ( 'NONE', #8603, #685, #1477, .T. ) ;
#6320 = ORIENTED_EDGE ( 'NONE', *, *, #1440, .T. ) ;
#6321 = CARTESIAN_POINT ( 'NONE',  ( -61.16260187449567098, -4.317643123823712514, 8.335671404332334333 ) ) ;
#6322 = CARTESIAN_POINT ( 'NONE',  ( -62.25376002172938428, -4.276097405777580462, 6.594219705995071124 ) ) ;
#6323 = DIRECTION ( 'NONE',  ( -0.000000000000000000, 1.000000000000000000, 1.982541115402063384E-16 ) ) ;
#6324 = EDGE_CURVE ( 'NONE', #3600, #7722, #8073, .T. ) ;
#6325 = CARTESIAN_POINT ( 'NONE',  ( -62.61307793466730232, -1.267487984742363905, 8.175380190032234040 ) ) ;
#6326 = ADVANCED_FACE ( 'NONE', ( #7526 ), #259, .T. ) ;
#6327 = CARTESIAN_POINT ( 'NONE',  ( -63.08366501261427572, -4.250727229948122243, 6.987659903540613726 ) ) ;
#6328 = ORIENTED_EDGE ( 'NONE', *, *, #3507, .F. ) ;
#6329 = CARTESIAN_POINT ( 'NONE',  ( -60.93979159814919910, 57.93121849778213317, 7.580625897850288730 ) ) ;
#6330 = ORIENTED_EDGE ( 'NONE', *, *, #5945, .F. ) ;
#6331 = CARTESIAN_POINT ( 'NONE',  ( -61.21722570565172106, -4.125273117735857475, 8.554638720984137024 ) ) ;
#6332 = CARTESIAN_POINT ( 'NONE',  ( -62.93869916470647752, -4.338247612992160107, 7.025556593007557638 ) ) ;
#6333 = DIRECTION ( 'NONE',  ( 0.9659258262890614288, 0.000000000000000000, -0.2588190451025463301 ) ) ;
#6334 = PLANE ( 'NONE',  #3385 ) ;
#6335 = VERTEX_POINT ( 'NONE', #8314 ) ;
#6336 = DIRECTION ( 'NONE',  ( 6.123233995736766036E-17, -1.000000000000000000, -0.000000000000000000 ) ) ;
#6337 = DIRECTION ( 'NONE',  ( 0.000000000000000000, 0.000000000000000000, -1.000000000000000000 ) ) ;
#6338 = CARTESIAN_POINT ( 'NONE',  ( -61.85689582463944447, -0.4192913385826831929, 8.294893949338989714 ) ) ;
#6339 = ORIENTED_EDGE ( 'NONE', *, *, #5197, .T. ) ;
#6340 = DIRECTION ( 'NONE',  ( 0.000000000000000000, 1.000000000000000000, -1.982541115402063138E-16 ) ) ;
#6341 = DIRECTION ( 'NONE',  ( -1.000000000000000000, 0.000000000000000000, 2.936539900133539049E-14 ) ) ;
#6342 = EDGE_CURVE ( 'NONE', #7015, #7077, #4931, .T. ) ;
#6343 = VERTEX_POINT ( 'NONE', #2922 ) ;
#6344 = CARTESIAN_POINT ( 'NONE',  ( -62.42522999999999911, -1.481336058263770905, 7.424033312779459770 ) ) ;
#6345 = CARTESIAN_POINT ( 'NONE',  ( -63.10224521313919865, -4.041016567357594624, 7.294345265918621202 ) ) ;
#6346 = ORIENTED_EDGE ( 'NONE', *, *, #4662, .F. ) ;
#6347 = DIRECTION ( 'NONE',  ( 0.000000000000000000, 0.000000000000000000, -1.000000000000000000 ) ) ;
#6348 = ORIENTED_EDGE ( 'NONE', *, *, #1119, .F. ) ;
#6349 = CARTESIAN_POINT ( 'NONE',  ( -62.60515458118681664, -1.482581474689087742, 7.601913852868827703 ) ) ;
#6350 = ORIENTED_EDGE ( 'NONE', *, *, #5300, .T. ) ;
#6351 = CARTESIAN_POINT ( 'NONE',  ( -63.01933236522237536, -3.986213576684147775, 7.565622574681777124 ) ) ;
#6352 = EDGE_CURVE ( 'NONE', #8291, #5698, #211, .T. ) ;
#6353 = CARTESIAN_POINT ( 'NONE',  ( -61.19070876297556083, -4.245277145004095587, 7.567972104354207197 ) ) ;
#6354 = LINE ( 'NONE', #2327, #7299 ) ;
#6355 = VECTOR ( 'NONE', #6638, 39.37007874015748143 ) ;
#6356 = ORIENTED_EDGE ( 'NONE', *, *, #6307, .T. ) ;
#6357 = LINE ( 'NONE', #7069, #7670 ) ;
#6358 = EDGE_LOOP ( 'NONE', ( #875, #1613, #576, #5635 ) ) ;
#6359 = CARTESIAN_POINT ( 'NONE',  ( -62.35462428257501699, -0.4061132758059469161, 8.353838395356582680 ) ) ;
#6360 = ADVANCED_FACE ( 'NONE', ( #2875 ), #7649, .T. ) ;
#6361 = CARTESIAN_POINT ( 'NONE',  ( -62.17522999999999911, -0.3996062992126024893, 7.857046014671676737 ) ) ;
#6362 = CARTESIAN_POINT ( 'NONE',  ( -61.77771606634828316, -4.208110236220480971, 7.901573226295278474 ) ) ;
#6363 = VECTOR ( 'NONE', #3713, 39.37007874015748143 ) ;
#6364 = EDGE_CURVE ( 'NONE', #5096, #950, #2135, .T. ) ;
#6365 = CONICAL_SURFACE ( 'NONE', #5803, 0.5216535433070783601, 0.7853981633974604915 ) ;
#6366 = DIRECTION ( 'NONE',  ( 6.123233995736766036E-17, -1.000000000000000000, 0.000000000000000000 ) ) ;
#6367 = ADVANCED_FACE ( 'NONE', ( #1610 ), #6951, .F. ) ;
#6368 = ORIENTED_EDGE ( 'NONE', *, *, #6070, .T. ) ;
#6369 = CARTESIAN_POINT ( 'NONE',  ( -62.17522999999999911, -1.931638615742792497, 7.581455463490573976 ) ) ;
#6370 = ADVANCED_FACE ( 'NONE', ( #304 ), #2960, .T. ) ;
#6371 = ADVANCED_FACE ( 'NONE', ( #6163 ), #1650, .T. ) ;
#6372 = VERTEX_POINT ( 'NONE', #3665 ) ;
#6373 = CARTESIAN_POINT ( 'NONE',  ( -62.00984322332767107, -4.322691748928557232, 7.143791734795028603 ) ) ;
#6374 = CARTESIAN_POINT ( 'NONE',  ( -62.82266610745774926, -4.208859885725035888, 7.143428447318872720 ) ) ;
#6375 = CC_DESIGN_APPROVAL ( #7740, ( #2967 ) ) ;
#6376 = DIRECTION ( 'NONE',  ( -1.982541115402063138E-16, 1.000000000000000000, -6.922005307915555351E-31 ) ) ;
#6377 = AXIS2_PLACEMENT_3D ( 'NONE', #5216, #3294, #8646 ) ;
#6378 = CARTESIAN_POINT ( 'NONE',  ( -62.65819291314453920, -5.958149606299221190, 7.727636492120407041 ) ) ;
#6379 = EDGE_CURVE ( 'NONE', #2709, #7143, #5144, .T. ) ;
#6380 = ORIENTED_EDGE ( 'NONE', *, *, #1567, .F. ) ;
#6381 = CARTESIAN_POINT ( 'NONE',  ( -62.25860334692976750, -4.208110236220480971, 6.908908541863359787 ) ) ;
#6382 = LINE ( 'NONE', #6208, #635 ) ;
#6383 = DIRECTION ( 'NONE',  ( 0.2413099306572188962, 0.000000000000000000, -0.9704481013254692146 ) ) ;
#6384 = ORIENTED_EDGE ( 'NONE', *, *, #4174, .F. ) ;
#6385 = CARTESIAN_POINT ( 'NONE',  ( -62.17523000004221245, -5.958110236220480971, 7.857046014521913868 ) ) ;
#6386 = FACE_OUTER_BOUND ( 'NONE', #8581, .T. ) ;
#6387 = EDGE_CURVE ( 'NONE', #6041, #4241, #7739, .T. ) ;
#6388 = CARTESIAN_POINT ( 'NONE',  ( -62.49562054075092021, -4.208110236220480971, 7.124004473509751634 ) ) ;
#6389 = AXIS2_PLACEMENT_3D ( 'NONE', #6973, #1146, #5075 ) ;
#6390 = CARTESIAN_POINT ( 'NONE',  ( -62.26826618433879190, -0.4061132758059452508, 7.337114051304488349 ) ) ;
#6391 = ORIENTED_EDGE ( 'NONE', *, *, #1123, .T. ) ;
#6392 = CARTESIAN_POINT ( 'NONE',  ( -61.83469231920783926, -5.958149606299221190, 7.490939352671798446 ) ) ;
#6393 = EDGE_CURVE ( 'NONE', #4673, #241, #4995, .T. ) ;
#6394 = ORIENTED_EDGE ( 'NONE', *, *, #1770, .T. ) ;
#6395 = CARTESIAN_POINT ( 'NONE',  ( -61.75154048263378570, -1.481336058263765798, 8.122540257309786682 ) ) ;
#6396 = DIRECTION ( 'NONE',  ( 6.123233995736766036E-17, -1.000000000000000000, 0.000000000000000000 ) ) ;
#6397 = VECTOR ( 'NONE', #6120, 39.37007874015748143 ) ;
#6398 = VECTOR ( 'NONE', #7013, 39.37007874015748143 ) ;
#6399 = CARTESIAN_POINT ( 'NONE',  ( -61.22796291974944438, -4.209241314188592931, 7.660215738659009510 ) ) ;
#6400 = VERTEX_POINT ( 'NONE', #7038 ) ;
#6401 = DIRECTION ( 'NONE',  ( -0.2413099306572052682, 0.000000000000000000, -0.9704481013254724342 ) ) ;
#6402 = VECTOR ( 'NONE', #4855, 39.37007874015748143 ) ;
#6403 = CIRCLE ( 'NONE', #1939, 0.5413385826771592857 ) ;
#6404 = ORIENTED_EDGE ( 'NONE', *, *, #8280, .T. ) ;
#6405 = CARTESIAN_POINT ( 'NONE',  ( -61.82167660940673670, -5.958149606299221190, 8.210599405264959572 ) ) ;
#6406 = VERTEX_POINT ( 'NONE', #5097 ) ;
#6407 = DIRECTION ( 'NONE',  ( -0.01808295674479139248, 0.000000000000000000, -0.9998364899699180297 ) ) ;
#6408 = AXIS2_PLACEMENT_3D ( 'NONE', #5922, #8439, #5186 ) ;
#6409 = B_SPLINE_CURVE_WITH_KNOTS ( 'NONE', 3,
 ( #3319, #7444, #1386, #2044 ),
 .UNSPECIFIED., .F., .F.,
 ( 4, 4 ),
 ( 2.014298343773405034E-07, 0.0004597969392807878058 ),
 .UNSPECIFIED. ) ;
#6410 = CARTESIAN_POINT ( 'NONE',  ( -61.85689582463945158, -1.403543307086619674, 8.294893949338987937 ) ) ;
#6411 = CARTESIAN_POINT ( 'NONE',  ( -62.26676806215592563, -4.208110236220480971, 6.720727052852275563 ) ) ;
#6412 = CARTESIAN_POINT ( 'NONE',  ( -61.95079565249080389, -0.4061132758059435299, 7.378909839732682663 ) ) ;
#6413 = FACE_OUTER_BOUND ( 'NONE', #5907, .T. ) ;
#6414 = B_SPLINE_CURVE_WITH_KNOTS ( 'NONE', 3,
 ( #3121, #7063, #412, #1062 ),
 .UNSPECIFIED., .F., .F.,
 ( 4, 4 ),
 ( 2.014298341001063286E-07, 0.0004597969392809826911 ),
 .UNSPECIFIED. ) ;
#6415 = ADVANCED_FACE ( 'NONE', ( #5753 ), #4445, .T. ) ;
#6416 = CARTESIAN_POINT ( 'NONE',  ( -61.64052850218734392, -0.4192913385826831929, 7.772537025020779922 ) ) ;
#6417 = ORIENTED_EDGE ( 'NONE', *, *, #4151, .F. ) ;
#6418 = CARTESIAN_POINT ( 'NONE',  ( -62.17522999999999911, -0.3996062992126024893, 7.857046014671676737 ) ) ;
#6419 = ADVANCED_FACE ( 'NONE', ( #7836 ), #380, .F. ) ;
#6420 = EDGE_CURVE ( 'NONE', #411, #8072, #5710, .T. ) ;
#6421 = ORIENTED_EDGE ( 'NONE', *, *, #8588, .F. ) ;
#6422 = CARTESIAN_POINT ( 'NONE',  ( -61.90125960148144912, -1.407454082783215377, 8.283006711160984636 ) ) ;
#6423 = DIRECTION ( 'NONE',  ( 0.000000000000000000, 0.000000000000000000, -1.000000000000000000 ) ) ;
#6424 = CARTESIAN_POINT ( 'NONE',  ( -62.97074166373231918, -4.302276525528448303, 7.145747564891698822 ) ) ;
#6425 = VERTEX_POINT ( 'NONE', #5845 ) ;
#6426 = CARTESIAN_POINT ( 'NONE',  ( -62.17522999999999911, -4.404960629921268911, 7.857046014671676737 ) ) ;
#6427 = CARTESIAN_POINT ( 'NONE',  ( -61.30145695993125088, -4.213747115093740447, 8.292756741281046118 ) ) ;
#6428 = ORIENTED_EDGE ( 'NONE', *, *, #6040, .F. ) ;
#6429 = FACE_OUTER_BOUND ( 'NONE', #4845, .T. ) ;
#6430 = ORIENTED_EDGE ( 'NONE', *, *, #434, .T. ) ;
#6431 = DIRECTION ( 'NONE',  ( 0.000000000000000000, 0.000000000000000000, -1.000000000000000000 ) ) ;
#6432 = ORIENTED_EDGE ( 'NONE', *, *, #1611, .F. ) ;
#6433 = CARTESIAN_POINT ( 'NONE',  ( -62.17522999999999911, -1.572047244094489038, 7.857046014671676737 ) ) ;
#6434 = CARTESIAN_POINT ( 'NONE',  ( -61.92523000000000621, -1.481336058263770905, 7.424033312779459770 ) ) ;
#6435 = ADVANCED_FACE ( 'NONE', ( #3047 ), #3883, .T. ) ;
#6436 = ORIENTED_EDGE ( 'NONE', *, *, #120, .F. ) ;
#6437 = CARTESIAN_POINT ( 'NONE',  ( -61.99162054076776229, -4.404960629921268911, 7.124004473509751634 ) ) ;
#6438 = VERTEX_POINT ( 'NONE', #7877 ) ;
#6439 = CYLINDRICAL_SURFACE ( 'NONE', #458, 0.5413385826771592857 ) ;
#6440 = EDGE_LOOP ( 'NONE', ( #3761, #5330, #7219, #7396, #1627 ) ) ;
#6441 = AXIS2_PLACEMENT_3D ( 'NONE', #339, #5049, #1734 ) ;
#6442 = CARTESIAN_POINT ( 'NONE',  ( -62.17522999999999911, -1.572047244094489038, 6.313992575787048089 ) ) ;
#6443 = VERTEX_POINT ( 'NONE', #1786 ) ;
#6444 = CARTESIAN_POINT ( 'NONE',  ( -62.96728049302263486, -4.209698545954802640, 8.400584924041288204 ) ) ;
#6445 = DIRECTION ( 'NONE',  ( 0.000000000000000000, 0.000000000000000000, 1.000000000000000000 ) ) ;
#6446 = AXIS2_PLACEMENT_3D ( 'NONE', #8620, #1289, #6763 ) ;
#6447 = CARTESIAN_POINT ( 'NONE',  ( -61.16147164114902779, -4.302276525523554440, 7.523761929773329804 ) ) ;
#6448 = DIRECTION ( 'NONE',  ( 0.000000000000000000, 0.000000000000000000, -1.000000000000000000 ) ) ;
#6449 = AXIS2_PLACEMENT_3D ( 'NONE', #4042, #1004, #7426 ) ;
#6450 = ORIENTED_EDGE ( 'NONE', *, *, #2095, .F. ) ;
#6451 = LINE ( 'NONE', #460, #401 ) ;
#6452 = ORIENTED_EDGE ( 'NONE', *, *, #2755, .T. ) ;
#6453 = CARTESIAN_POINT ( 'NONE',  ( -61.95520965326386431, -0.4192913385826831929, 7.362436564583002330 ) ) ;
#6454 = CARTESIAN_POINT ( 'NONE',  ( -62.44920039851859173, -1.407454082783004656, 8.283006711160988189 ) ) ;
#6455 = VERTEX_POINT ( 'NONE', #4398 ) ;
#6456 = FACE_BOUND ( 'NONE', #4656, .T. ) ;
#6457 = EDGE_CURVE ( 'NONE', #3284, #2653, #8269, .T. ) ;
#6458 = CARTESIAN_POINT ( 'NONE',  ( -62.26735952281461550, -4.274808227529908855, 6.769552614499917631 ) ) ;
#6459 = CARTESIAN_POINT ( 'NONE',  ( -61.57026023484017685, -4.247658429919631828, 7.565167167250912428 ) ) ;
#6460 = AXIS2_PLACEMENT_3D ( 'NONE', #3358, #6015, #1377 ) ;
#6461 = CARTESIAN_POINT ( 'NONE',  ( -63.06492354187279403, -4.267935726563041321, 6.960693363619342655 ) ) ;
#6462 = ORIENTED_EDGE ( 'NONE', *, *, #6938, .T. ) ;
#6463 = DIRECTION ( 'NONE',  ( 0.000000000000000000, 0.000000000000000000, -1.000000000000000000 ) ) ;
#6464 = VERTEX_POINT ( 'NONE', #1878 ) ;
#6465 = CARTESIAN_POINT ( 'NONE',  ( -62.80150587019018360, -4.208110236220480971, 7.151844118707009201 ) ) ;
#6466 = AXIS2_PLACEMENT_3D ( 'NONE', #1220, #570, #6771 ) ;
#6467 = CARTESIAN_POINT ( 'NONE',  ( -62.80150587019018360, -4.208110236220481859, 7.151844118707009201 ) ) ;
#6468 = CARTESIAN_POINT ( 'NONE',  ( -62.61699951736621728, -5.958149606299221190, 7.622867250634411285 ) ) ;
#6469 = CARTESIAN_POINT ( 'NONE',  ( -61.25242547886318789, -4.351317466145212975, 8.426425944137065471 ) ) ;
#6470 = EDGE_LOOP ( 'NONE', ( #3208, #3004, #8562, #7258 ) ) ;
#6471 = CARTESIAN_POINT ( 'NONE',  ( -62.36939381702050156, -0.4192913385826831929, 8.362365590044475994 ) ) ;
#6472 = ORIENTED_EDGE ( 'NONE', *, *, #562, .F. ) ;
#6473 = CARTESIAN_POINT ( 'NONE',  ( -61.47924113679786018, -4.002870303380856143, 8.568251089606187421 ) ) ;
#6474 = EDGE_LOOP ( 'NONE', ( #5489, #6350, #50, #631, #3909, #3126, #1097, #2156 ) ) ;
#6475 = CARTESIAN_POINT ( 'NONE',  ( -62.17522999999999911, -5.958110236220478306, 7.857046014671676737 ) ) ;
#6476 = DIRECTION ( 'NONE',  ( 0.000000000000000000, 1.000000000000000000, 0.000000000000000000 ) ) ;
#6477 = AXIS2_PLACEMENT_3D ( 'NONE', #1918, #610, #5406 ) ;
#6478 = VECTOR ( 'NONE', #6623, 39.37007874015748143 ) ;
#6479 = EDGE_CURVE ( 'NONE', #2164, #4046, #7127, .T. ) ;
#6480 = DIRECTION ( 'NONE',  ( 0.000000000000000000, -1.000000000000000000, 0.000000000000000000 ) ) ;
#6481 = ORIENTED_EDGE ( 'NONE', *, *, #7283, .T. ) ;
#6482 = DIRECTION ( 'NONE',  ( 0.7197777434736331026, 0.000000000000000000, -0.6942045807973357130 ) ) ;
#6483 = ORIENTED_EDGE ( 'NONE', *, *, #3255, .F. ) ;
#6484 = ADVANCED_FACE ( 'NONE', ( #3746 ), #1122, .T. ) ;
#6485 = CARTESIAN_POINT ( 'NONE',  ( -61.68273250261051999, -0.3996062992126024893, 7.685090688176894780 ) ) ;
#6486 = EDGE_CURVE ( 'NONE', #8446, #1393, #5192, .T. ) ;
#6487 = ORIENTED_EDGE ( 'NONE', *, *, #1341, .T. ) ;
#6488 = CARTESIAN_POINT ( 'NONE',  ( -61.88166617718101747, -0.3996062992126024893, 7.425835275964111304 ) ) ;
#6489 = CARTESIAN_POINT ( 'NONE',  ( -61.75441941427810377, -0.4192913385826831929, 7.516508333879518666 ) ) ;
#6490 = DIRECTION ( 'NONE',  ( -0.000000000000000000, 1.000000000000000000, -0.000000000000000000 ) ) ;
#6491 = ORIENTED_EDGE ( 'NONE', *, *, #8415, .T. ) ;
#6492 = LINE ( 'NONE', #499, #4351 ) ;
#6493 = EDGE_CURVE ( 'NONE', #189, #6975, #4537, .T. ) ;
#6494 = ADVANCED_FACE ( 'NONE', ( #2389 ), #7220, .F. ) ;
#6495 = ORIENTED_EDGE ( 'NONE', *, *, #6056, .F. ) ;
#6496 = DIRECTION ( 'NONE',  ( 1.000000000000000000, 0.000000000000000000, 0.000000000000000000 ) ) ;
#6497 = ORIENTED_EDGE ( 'NONE', *, *, #6152, .F. ) ;
#6498 = CARTESIAN_POINT ( 'NONE',  ( -61.95520965326384299, -1.267487984742363905, 7.362436564583010323 ) ) ;
#6499 = DIRECTION ( 'NONE',  ( 0.9998364899699180297, 0.000000000000000000, 0.01808295674479139248 ) ) ;
#6500 = VERTEX_POINT ( 'NONE', #4492 ) ;
#6501 = CARTESIAN_POINT ( 'NONE',  ( -62.57039642975526306, -0.3996062992126024893, 7.516508333879505344 ) ) ;
#6502 = CARTESIAN_POINT ( 'NONE',  ( -61.24654485630095024, -4.031754722023721982, 7.330352753248533304 ) ) ;
#6503 = LINE ( 'NONE', #1691, #7157 ) ;
#6504 = AXIS2_PLACEMENT_3D ( 'NONE', #229, #7010, #5553 ) ;
#6505 = B_SPLINE_CURVE_WITH_KNOTS ( 'NONE', 3,
 ( #3793, #1164, #3041, #5706 ),
 .UNSPECIFIED., .F., .F.,
 ( 4, 4 ),
 ( 0.000000000000000000, 0.0008211405993301741819 ),
 .UNSPECIFIED. ) ;
#6506 = ADVANCED_FACE ( 'NONE', ( #6551 ), #7178, .T. ) ;
#6507 = CARTESIAN_POINT ( 'NONE',  ( -61.74221729810778214, -1.481336058263770905, 8.107046014671675849 ) ) ;
#6508 = VERTEX_POINT ( 'NONE', #5011 ) ;
#6509 = DIRECTION ( 'NONE',  ( 6.123233995736766036E-17, -1.000000000000000000, -0.000000000000000000 ) ) ;
#6510 = VERTEX_POINT ( 'NONE', #6369 ) ;
#6511 = CARTESIAN_POINT ( 'NONE',  ( -62.13464937776790720, -4.220695813410904940, 7.234847225897321543 ) ) ;
#6512 = EDGE_CURVE ( 'NONE', #5110, #461, #5960, .T. ) ;
#6513 = CYLINDRICAL_SURFACE ( 'NONE', #1153, 0.5039999999631777916 ) ;
#6514 = CYLINDRICAL_SURFACE ( 'NONE', #6194, 0.5413385826771592857 ) ;
#6515 = AXIS2_PLACEMENT_3D ( 'NONE', #3291, #5422, #1271 ) ;
#6516 = DIRECTION ( 'NONE',  ( 0.000000000000000000, 0.000000000000000000, -1.000000000000000000 ) ) ;
#6517 = CIRCLE ( 'NONE', #8485, 0.7500000000295831137 ) ;
#6518 = CARTESIAN_POINT ( 'NONE',  ( -61.17885528784493943, -4.373008679630687290, 8.411966070474424129 ) ) ;
#6519 = LINE ( 'NONE', #481, #1481 ) ;
#6520 = EDGE_LOOP ( 'NONE', ( #1345, #139, #3326, #7238, #3457 ) ) ;
#6521 = DIRECTION ( 'NONE',  ( 0.000000000000000000, -1.000000000000000000, 0.000000000000000000 ) ) ;
#6522 = ORIENTED_EDGE ( 'NONE', *, *, #822, .F. ) ;
#6523 = FACE_OUTER_BOUND ( 'NONE', #6200, .T. ) ;
#6524 = FACE_OUTER_BOUND ( 'NONE', #2651, .T. ) ;
#6525 = CYLINDRICAL_SURFACE ( 'NONE', #5949, 1.265984251797293236 ) ;
#6526 = CARTESIAN_POINT ( 'NONE',  ( -62.52878339059326862, -5.958149606299221190, 7.503492624078396567 ) ) ;
#6527 = ORIENTED_EDGE ( 'NONE', *, *, #2850, .T. ) ;
#6528 = EDGE_CURVE ( 'NONE', #2660, #4199, #8376, .T. ) ;
#6529 = CARTESIAN_POINT ( 'NONE',  ( -62.48017596270123164, -4.210651033485764749, 8.783478925378885194 ) ) ;
#6530 = ADVANCED_FACE ( 'NONE', ( #3406 ), #6822, .F. ) ;
#6531 = ORIENTED_EDGE ( 'NONE', *, *, #2066, .T. ) ;
#6532 = CARTESIAN_POINT ( 'NONE',  ( -61.80034817571562655, -1.407454082783006655, 7.516508333879509784 ) ) ;
#6533 = CARTESIAN_POINT ( 'NONE',  ( -61.98106618297949666, -0.4192913385826831929, 7.351726439298878368 ) ) ;
#6534 = DIRECTION ( 'NONE',  ( 0.000000000000000000, 0.000000000000000000, -1.000000000000000000 ) ) ;
#6535 = CARTESIAN_POINT ( 'NONE',  ( -62.17522999999999911, -0.3996062992126024338, 7.857046014671676737 ) ) ;
#6536 = CIRCLE ( 'NONE', #949, 0.5216535433070783601 ) ;
#6537 = AXIS2_PLACEMENT_3D ( 'NONE', #8461, #7894, #2452 ) ;
#6538 = EDGE_CURVE ( 'NONE', #3251, #1686, #3260, .T. ) ;
#6539 = ORIENTED_EDGE ( 'NONE', *, *, #6586, .T. ) ;
#6540 = CARTESIAN_POINT ( 'NONE',  ( -61.74926930351070098, -1.407454082783217819, 7.583075616153109877 ) ) ;
#6541 = VECTOR ( 'NONE', #5364, 39.37007874015748854 ) ;
#6542 = ORIENTED_EDGE ( 'NONE', *, *, #56, .T. ) ;
#6543 = DIRECTION ( 'NONE',  ( 0.000000000000000000, 1.000000000000000000, 0.000000000000000000 ) ) ;
#6544 = ORIENTED_EDGE ( 'NONE', *, *, #6393, .F. ) ;
#6545 = CARTESIAN_POINT ( 'NONE',  ( -63.15374383096007449, -4.008692395615479853, 8.122712979258704280 ) ) ;
#6546 = DIRECTION ( 'NONE',  ( -4.685141163918161232E-14, 0.000000000000000000, 1.000000000000000000 ) ) ;
#6547 = CARTESIAN_POINT ( 'NONE',  ( -62.34271772008832357, -4.404960629921268911, 8.501033132745579479 ) ) ;
#6548 = VECTOR ( 'NONE', #4361, 39.37007874015748143 ) ;
#6549 = CARTESIAN_POINT ( 'NONE',  ( -61.66991042462719719, -0.4192913385826831929, 7.662882197651178728 ) ) ;
#6550 = ORIENTED_EDGE ( 'NONE', *, *, #2749, .T. ) ;
#6551 = FACE_OUTER_BOUND ( 'NONE', #4448, .T. ) ;
#6552 = ORIENTED_EDGE ( 'NONE', *, *, #1162, .T. ) ;
#6553 = CARTESIAN_POINT ( 'NONE',  ( -61.04614113069492731, -4.274288145418043250, 8.426981016618709575 ) ) ;
#6554 = FACE_OUTER_BOUND ( 'NONE', #5832, .T. ) ;
#6555 = CARTESIAN_POINT ( 'NONE',  ( -61.64659471920951717, -4.265926722486435452, 8.304700563266885993 ) ) ;
#6556 = FACE_OUTER_BOUND ( 'NONE', #2823, .T. ) ;
#6557 = CIRCLE ( 'NONE', #3207, 0.1620000000448624800 ) ;
#6558 = CARTESIAN_POINT ( 'NONE',  ( -61.28015902134299608, -4.214383444081141405, 8.290938150913641280 ) ) ;
#6559 = AXIS2_PLACEMENT_3D ( 'NONE', #385, #5103, #1129 ) ;
#6560 = ORIENTED_EDGE ( 'NONE', *, *, #6352, .T. ) ;
#6561 = CARTESIAN_POINT ( 'NONE',  ( -61.68790348981730176, -0.3996062992126024893, 7.745185063159765626 ) ) ;
#6562 = EDGE_LOOP ( 'NONE', ( #7508, #6804, #6843, #138, #2530 ) ) ;
#6563 = CARTESIAN_POINT ( 'NONE',  ( -61.75154048263378570, -0.3996062992126024893, 7.591551772033569456 ) ) ;
#6564 = ORIENTED_EDGE ( 'NONE', *, *, #7832, .T. ) ;
#6565 = CARTESIAN_POINT ( 'NONE',  ( -62.52878339059326862, -1.481336058263770905, 7.503492624078396567 ) ) ;
#6566 = DIRECTION ( 'NONE',  ( -0.000000000000000000, 1.000000000000000000, 1.982541115402063384E-16 ) ) ;
#6567 = CYLINDRICAL_SURFACE ( 'NONE', #8433, 0.2879842521226439467 ) ;
#6568 = ORIENTED_EDGE ( 'NONE', *, *, #6862, .T. ) ;
#6569 = CARTESIAN_POINT ( 'NONE',  ( -62.52878339059327573, -5.958149606299221190, 8.210599405264941808 ) ) ;
#6570 = VERTEX_POINT ( 'NONE', #3314 ) ;
#6571 = CARTESIAN_POINT ( 'NONE',  ( -63.11677519772143796, -4.317609363915138054, 8.373441289598092752 ) ) ;
#6572 = DIRECTION ( 'NONE',  ( 0.000000000000000000, 0.000000000000000000, -1.000000000000000000 ) ) ;
#6573 = VECTOR ( 'NONE', #1431, 39.37007874015748143 ) ;
#6574 = PERSON_AND_ORGANIZATION ( #2462, #3721 ) ;
#6575 = ORIENTED_EDGE ( 'NONE', *, *, #6152, .T. ) ;
#6576 = DIRECTION ( 'NONE',  ( 0.9610876741308415072, 0.000000000000000000, -0.2762435205281195127 ) ) ;
#6577 = AXIS2_PLACEMENT_3D ( 'NONE', #6302, #319, #2318 ) ;
#6578 = CARTESIAN_POINT ( 'NONE',  ( -63.02963579448643117, -3.983565816415135963, 7.663812613139839414 ) ) ;
#6579 = AXIS2_PLACEMENT_3D ( 'NONE', #7863, #1864, #674 ) ;
#6580 = ORIENTED_EDGE ( 'NONE', *, *, #4132, .T. ) ;
#6581 = DIRECTION ( 'NONE',  ( 0.000000000000000000, 0.000000000000000000, -1.000000000000000000 ) ) ;
#6582 = ORIENTED_EDGE ( 'NONE', *, *, #1074, .F. ) ;
#6583 = CARTESIAN_POINT ( 'NONE',  ( -63.17407506449007570, -4.019271409648116133, 8.151433225479749467 ) ) ;
#6584 = DIRECTION ( 'NONE',  ( 8.659560562354932858E-17, -0.7071067811865474617, 0.7071067811865475727 ) ) ;
#6585 = FACE_OUTER_BOUND ( 'NONE', #3210, .T. ) ;
#6586 = EDGE_CURVE ( 'NONE', #5326, #2251, #4999, .T. ) ;
#6587 = CARTESIAN_POINT ( 'NONE',  ( -62.42507435471107158, -4.234119594368362272, 8.838865318993775588 ) ) ;
#6588 = VERTEX_POINT ( 'NONE', #3970 ) ;
#6589 = CYLINDRICAL_SURFACE ( 'NONE', #3052, 0.6299842517932932040 ) ;
#6590 = ORIENTED_EDGE ( 'NONE', *, *, #7615, .F. ) ;
#6591 = CARTESIAN_POINT ( 'NONE',  ( -62.39966434750920854, -0.4061132758059439185, 8.335182189610677028 ) ) ;
#6592 = EDGE_CURVE ( 'NONE', #7788, #3579, #4007, .T. ) ;
#6593 = EDGE_CURVE ( 'NONE', #113, #6500, #3146, .T. ) ;
#6594 = ADVANCED_FACE ( 'NONE', ( #2739 ), #2697, .F. ) ;
#6595 = CARTESIAN_POINT ( 'NONE',  ( -62.65319761351180006, -5.958149606299221190, 7.710257185281141012 ) ) ;
#6596 = CARTESIAN_POINT ( 'NONE',  ( -61.03156856837886579, 57.93121849778213317, 8.399959134444111797 ) ) ;
#6597 = CARTESIAN_POINT ( 'NONE',  ( -62.31039607463345931, -1.482581474689033119, 8.338354333489293779 ) ) ;
#6598 = LINE ( 'NONE', #1175, #443 ) ;
#6599 = CARTESIAN_POINT ( 'NONE',  ( -62.20165055218311778, -4.234121377400914987, 6.844278541032744911 ) ) ;
#6600 = ORIENTED_EDGE ( 'NONE', *, *, #1074, .T. ) ;
#6601 = CARTESIAN_POINT ( 'NONE',  ( -61.75154048263377859, -1.481336058263765798, 7.591551772033578338 ) ) ;
#6602 = ADVANCED_FACE ( 'NONE', ( #5973 ), #6675, .F. ) ;
#6603 = VECTOR ( 'NONE', #5970, 39.37007874015748143 ) ;
#6604 = ORIENTED_EDGE ( 'NONE', *, *, #3542, .F. ) ;
#6605 = CARTESIAN_POINT ( 'NONE',  ( -61.66273699271306441, -0.3996062992126024893, 7.759714947037451793 ) ) ;
#6606 = FACE_OUTER_BOUND ( 'NONE', #6180, .T. ) ;
#6607 = DIRECTION ( 'NONE',  ( 0.000000000000000000, 1.000000000000000000, 0.000000000000000000 ) ) ;
#6608 = VERTEX_POINT ( 'NONE', #7440 ) ;
#6609 = CARTESIAN_POINT ( 'NONE',  ( -62.17522999999999911, -1.403543307086619674, 7.857046014671676737 ) ) ;
#6610 = LINE ( 'NONE', #95, #7625 ) ;
#6611 = VECTOR ( 'NONE', #1002, 39.37007874015748143 ) ;
#6612 = ADVANCED_FACE ( 'NONE', ( #8582 ), #1425, .F. ) ;
#6613 = DIRECTION ( 'NONE',  ( 1.000000000000000000, 0.000000000000000000, 0.000000000000000000 ) ) ;
#6614 = DATE_AND_TIME ( #8078, #1631 ) ;
#6615 = B_SPLINE_CURVE_WITH_KNOTS ( 'NONE', 3,
 ( #7261, #5885, #7121, #6501 ),
 .UNSPECIFIED., .F., .F.,
 ( 4, 4 ),
 ( 0.000000000000000000, 0.0008211405993301741819 ),
 .UNSPECIFIED. ) ;
#6616 = CARTESIAN_POINT ( 'NONE',  ( -62.51576768079215896, -0.4061132758059456949, 7.453289818325563587 ) ) ;
#6617 =( BOUNDED_SURFACE ( )  B_SPLINE_SURFACE ( 3, 2, ( 
 ( #53, #2773, #7989 ),
 ( #2107, #1978, #2851 ),
 ( #4641, #5428, #6791 ),
 ( #8119, #3992, #4686 ),
 ( #2021, #7377, #4778 ),
 ( #7423, #6001, #6655 ),
 ( #4037, #671, #4736 ),
 ( #2813, #3341, #1363 ),
 ( #6703, #187, #2720 ),
 ( #3384, #8160, #846 ),
 ( #4120, #6044, #1408 ),
 ( #6084, #3429, #5385 ),
 ( #1493, #6139, #799 ),
 ( #3471, #4082, #6747 ),
 ( #2149, #757, #96 ),
 ( #5472, #4816, #7496 ),
 ( #4160, #3516, #5641 ),
 ( #3597, #6263, #4988 ) ),
 .UNSPECIFIED., .F., .F., .F. ) 
 B_SPLINE_SURFACE_WITH_KNOTS ( ( 4, 2, 2, 2, 2, 2, 2, 2, 4 ),
 ( 3, 3 ),
 ( 0.000000000000000000, 0.0001826799215778035349, 0.0003653598431556070699, 0.0005480397647334106590, 0.0007307196863112141397, 0.0009133996078890177289, 0.001096079529466821318, 0.001278759451044624799, 0.001461439372622428279 ),
 ( 0.000000000000000000, 1.000000000000000000 ),
 .UNSPECIFIED. ) 
 GEOMETRIC_REPRESENTATION_ITEM ( )  RATIONAL_B_SPLINE_SURFACE ( (
 ( 1.000000000000000000, 0.9077309138719160675, 1.000000000000000000),
 ( 1.000000000000000000, 0.9077313985289641174, 1.000000000000000000),
 ( 1.000000000000000000, 0.9090499560723460659, 1.000000000000000000),
 ( 1.000000000000000000, 0.9140299215160180291, 1.000000000000000000),
 ( 1.000000000000000000, 0.9177545019651394131, 1.000000000000000000),
 ( 1.000000000000000000, 0.9267632205251097322, 1.000000000000000000),
 ( 1.000000000000000000, 0.9320524481349503620, 1.000000000000000000),
 ( 1.000000000000000000, 0.9435597176455916557, 1.000000000000000000),
 ( 1.000000000000000000, 0.9496014803590485664, 1.000000000000000000),
 ( 1.000000000000000000, 0.9615176567747060199, 1.000000000000000000),
 ( 1.000000000000000000, 0.9674521050766891062, 1.000000000000000000),
 ( 1.000000000000000000, 0.9781888576704798055, 1.000000000000000000),
 ( 1.000000000000000000, 0.9830256174899012489, 1.000000000000000000),
 ( 1.000000000000000000, 0.9911566989082547519, 1.000000000000000000),
 ( 1.000000000000000000, 0.9944235497314954930, 1.000000000000000000),
 ( 1.000000000000000000, 0.9988256192739810579, 1.000000000000000000),
 ( 1.000000000000000000, 0.9999998433028064460, 1.000000000000000000),
 ( 1.000000000000000000, 1.000000000000000000, 1.000000000000000000) ) ) 
 REPRESENTATION_ITEM ( '' )  SURFACE ( )  );
#6618 = B_SPLINE_CURVE_WITH_KNOTS ( 'NONE', 3,
 ( #12, #6540, #4567, #723 ),
 .UNSPECIFIED., .F., .F.,
 ( 4, 4 ),
 ( 2.372388754615266108E-06, 0.005608136317045287270 ),
 .UNSPECIFIED. ) ;
#6619 = DIRECTION ( 'NONE',  ( 1.000000000000000000, 0.000000000000000000, 0.000000000000000000 ) ) ;
#6620 = VERTEX_POINT ( 'NONE', #4619 ) ;
#6621 = DIRECTION ( 'NONE',  ( 0.000000000000000000, 0.000000000000000000, -1.000000000000000000 ) ) ;
#6622 = ORIENTED_EDGE ( 'NONE', *, *, #6512, .F. ) ;
#6623 = DIRECTION ( 'NONE',  ( -0.7071067811865254793, 0.000000000000000000, 0.7071067811865695552 ) ) ;
#6624 = CARTESIAN_POINT ( 'NONE',  ( -62.17522999989427035, -4.404960629921268911, 7.857046014882461016 ) ) ;
#6625 = ORIENTED_EDGE ( 'NONE', *, *, #7294, .T. ) ;
#6626 = FACE_OUTER_BOUND ( 'NONE', #8135, .T. ) ;
#6627 = CARTESIAN_POINT ( 'NONE',  ( -62.52878339059326862, -1.481336058263770905, 7.503492624078396567 ) ) ;
#6628 = VERTEX_POINT ( 'NONE', #7917 ) ;
#6629 = CARTESIAN_POINT ( 'NONE',  ( -61.54113432504234993, -5.958110236220478306, 8.957056366383074675 ) ) ;
#6630 = EDGE_CURVE ( 'NONE', #6098, #1215, #2652, .T. ) ;
#6631 = ORIENTED_EDGE ( 'NONE', *, *, #3945, .F. ) ;
#6632 = DIRECTION ( 'NONE',  ( 0.000000000000000000, -1.000000000000000000, 0.000000000000000000 ) ) ;
#6633 = ADVANCED_FACE ( 'NONE', ( #6017 ), #6589, .T. ) ;
#6634 = LINE ( 'NONE', #6109, #3401 ) ;
#6635 = CARTESIAN_POINT ( 'NONE',  ( -62.04582047744874274, -0.3996062992126024893, 8.340008927816212392 ) ) ;
#6636 = EDGE_CURVE ( 'NONE', #6090, #3300, #693, .T. ) ;
#6637 = CARTESIAN_POINT ( 'NONE',  ( -61.73958407509803692, -0.4126776965509283968, 8.167162177709263560 ) ) ;
#6638 = DIRECTION ( 'NONE',  ( -0.000000000000000000, -1.000000000000000000, -0.000000000000000000 ) ) ;
#6639 = VECTOR ( 'NONE', #4256, 39.37007874015748143 ) ;
#6640 = LINE ( 'NONE', #2662, #3394 ) ;
#6641 = EDGE_CURVE ( 'NONE', #7279, #411, #8662, .T. ) ;
#6642 = ORIENTED_EDGE ( 'NONE', *, *, #7962, .F. ) ;
#6643 = DIRECTION ( 'NONE',  ( 2.242650509742816212E-14, 0.000000000000000000, 1.000000000000000000 ) ) ;
#6644 = ORIENTED_EDGE ( 'NONE', *, *, #8053, .T. ) ;
#6645 = CIRCLE ( 'NONE', #7632, 0.3071496062543433436 ) ;
#6646 = ADVANCED_FACE ( 'NONE', ( #5362 ), #8048, .T. ) ;
#6647 = CARTESIAN_POINT ( 'NONE',  ( -62.17522999999999911, -1.267487984742363905, 7.857046014671676737 ) ) ;
#6648 = FACE_OUTER_BOUND ( 'NONE', #1255, .T. ) ;
#6649 = AXIS2_PLACEMENT_3D ( 'NONE', #5676, #1088, #3148 ) ;
#6650 = CARTESIAN_POINT ( 'NONE',  ( -62.17522999999999911, -0.3996062992126024893, 7.857046014671676737 ) ) ;
#6651 = CARTESIAN_POINT ( 'NONE',  ( -61.51833850830160344, -3.993685432375917888, 8.562027251816727969 ) ) ;
#6652 = VERTEX_POINT ( 'NONE', #8172 ) ;
#6653 = DIRECTION ( 'NONE',  ( 0.000000000000000000, 1.000000000000000000, 0.000000000000000000 ) ) ;
#6654 = CARTESIAN_POINT ( 'NONE',  ( -62.71358452209671697, -1.267487984742363905, 7.913807530093035503 ) ) ;
#6655 = CARTESIAN_POINT ( 'NONE',  ( -62.51134260224444716, -4.313793353950535092, 8.923457965566569783 ) ) ;
#6656 = APPROVAL_DATE_TIME ( #6614, #7740 ) ;
#6657 = ORIENTED_EDGE ( 'NONE', *, *, #4981, .F. ) ;
#6658 = CARTESIAN_POINT ( 'NONE',  ( -61.06273608398331731, -5.958110236220480971, 7.608133808477015592 ) ) ;
#6659 = ORIENTED_EDGE ( 'NONE', *, *, #3273, .F. ) ;
#6660 = ORIENTED_EDGE ( 'NONE', *, *, #8159, .F. ) ;
#6661 = EDGE_CURVE ( 'NONE', #2632, #5498, #5000, .T. ) ;
#6662 = B_SPLINE_CURVE_WITH_KNOTS ( 'NONE', 3,
 ( #4912, #3565, #6351, #327, #2244, #5521 ),
 .UNSPECIFIED., .F., .F.,
 ( 4, 2, 4 ),
 ( 0.000000000000000000, 0.001876713930633037552, 0.003753427861266075104 ),
 .UNSPECIFIED. ) ;
#6663 = CARTESIAN_POINT ( 'NONE',  ( -61.82167660940673670, -0.3996062992126024893, 8.210599405264959572 ) ) ;
#6664 = ORIENTED_EDGE ( 'NONE', *, *, #1718, .T. ) ;
#6665 = CARTESIAN_POINT ( 'NONE',  ( -61.77855832104361156, -3.984220850784009116, 7.071783849072332373 ) ) ;
#6666 = CARTESIAN_POINT ( 'NONE',  ( -63.04632508544875691, -4.248416241963678175, 8.466608037040375123 ) ) ;
#6667 = AXIS2_PLACEMENT_3D ( 'NONE', #6442, #1811, #6347 ) ;
#6668 = AXIS2_PLACEMENT_3D ( 'NONE', #5209, #2405, #7235 ) ;
#6669 = CARTESIAN_POINT ( 'NONE',  ( -62.17522999999999911, -4.208110236220480971, 8.297990896561435292 ) ) ;
#6670 = CARTESIAN_POINT ( 'NONE',  ( -62.51576768079218027, -1.481336058263765798, 8.223152676671539041 ) ) ;
#6671 = ORIENTED_EDGE ( 'NONE', *, *, #2499, .F. ) ;
#6672 = CARTESIAN_POINT ( 'NONE',  ( -62.44155659504686184, -4.218248795940160889, 8.807810492913745293 ) ) ;
#6673 = CONICAL_SURFACE ( 'NONE', #5281, 0.5216535433070783601, 0.7853981633974604915 ) ;
#6674 = ORIENTED_EDGE ( 'NONE', *, *, #2139, .T. ) ;
#6675 = PLANE ( 'NONE',  #8523 ) ;
#6676 = ORIENTED_EDGE ( 'NONE', *, *, #3413, .T. ) ;
#6677 = CARTESIAN_POINT ( 'NONE',  ( -62.17522999999999911, -0.3996062992126024893, 7.857046014671676737 ) ) ;
#6678 = CARTESIAN_POINT ( 'NONE',  ( -62.19284249111635177, -4.373008679647725216, 6.716700174295359815 ) ) ;
#6679 = CARTESIAN_POINT ( 'NONE',  ( -61.63725583125379615, -4.387501668906189423, 8.379620213774655824 ) ) ;
#6680 = DIRECTION ( 'NONE',  ( 1.000000000000000000, 0.000000000000000000, 0.000000000000000000 ) ) ;
#6681 = AXIS2_PLACEMENT_3D ( 'NONE', #892, #5514, #7626 ) ;
#6682 = DIRECTION ( 'NONE',  ( -9.912705577010218314E-17, 1.000000000000000000, -1.716930969985329256E-16 ) ) ;
#6683 = EDGE_CURVE ( 'NONE', #1715, #3221, #8102, .T. ) ;
#6684 = ORIENTED_EDGE ( 'NONE', *, *, #7363, .F. ) ;
#6685 = EDGE_LOOP ( 'NONE', ( #6268, #2291, #607, #3523 ) ) ;
#6686 = EDGE_CURVE ( 'NONE', #5498, #682, #1582, .T. ) ;
#6687 = DIRECTION ( 'NONE',  ( 0.000000000000000000, -1.000000000000000000, 0.000000000000000000 ) ) ;
#6688 = EDGE_CURVE ( 'NONE', #6876, #628, #1369, .T. ) ;
#6689 = ORIENTED_EDGE ( 'NONE', *, *, #6974, .F. ) ;
#6690 = DIRECTION ( 'NONE',  ( -0.5155785449014934629, 0.000000000000000000, 0.8568423215722124064 ) ) ;
#6691 = AXIS2_PLACEMENT_3D ( 'NONE', #5573, #2204, #2292 ) ;
#6692 = ORIENTED_EDGE ( 'NONE', *, *, #7252, .T. ) ;
#6693 = CARTESIAN_POINT ( 'NONE',  ( -62.13752081494308044, -1.336377492739991402, 7.337743822939391869 ) ) ;
#6694 = CIRCLE ( 'NONE', #276, 0.5216535433070783601 ) ;
#6695 = CARTESIAN_POINT ( 'NONE',  ( -63.02465437492901401, -3.988504844567673402, 7.516206457327312407 ) ) ;
#6696 = DIRECTION ( 'NONE',  ( 0.000000000000000000, 0.000000000000000000, 1.000000000000000000 ) ) ;
#6697 = LINE ( 'NONE', #2016, #40 ) ;
#6698 = VERTEX_POINT ( 'NONE', #2163 ) ;
#6699 = ORIENTED_EDGE ( 'NONE', *, *, #2971, .F. ) ;
#6700 = DIRECTION ( 'NONE',  ( 0.000000000000000000, 0.000000000000000000, 1.000000000000000000 ) ) ;
#6701 = CARTESIAN_POINT ( 'NONE',  ( -62.66255651018270356, -1.481336058263765798, 7.745185063159747862 ) ) ;
#6702 = EDGE_CURVE ( 'NONE', #4115, #7080, #2103, .T. ) ;
#6703 = CARTESIAN_POINT ( 'NONE',  ( -62.40405885068363290, -4.270835389116250269, 8.880120207815103583 ) ) ;
#6704 = DIRECTION ( 'NONE',  ( 1.000000000000000000, 0.000000000000000000, 0.000000000000000000 ) ) ;
#6705 = VECTOR ( 'NONE', #5943, 39.37007874015748143 ) ;
#6706 = VERTEX_POINT ( 'NONE', #202 ) ;
#6707 = DIRECTION ( 'NONE',  ( 6.123233995736766036E-17, -1.000000000000000000, -0.000000000000000000 ) ) ;
#6708 = VERTEX_POINT ( 'NONE', #6151 ) ;
#6709 = ORIENTED_EDGE ( 'NONE', *, *, #7504, .T. ) ;
#6710 = B_SPLINE_CURVE_WITH_KNOTS ( 'NONE', 3,
 ( #4860, #4204, #891, #1850 ),
 .UNSPECIFIED., .F., .F.,
 ( 4, 4 ),
 ( 0.000000000000000000, 0.0008211405993301759167 ),
 .UNSPECIFIED. ) ;
#6711 = DIRECTION ( 'NONE',  ( 0.000000000000000000, 0.000000000000000000, 1.000000000000000000 ) ) ;
#6712 = ORIENTED_EDGE ( 'NONE', *, *, #7145, .F. ) ;
#6713 = DIRECTION ( 'NONE',  ( 6.123233995736766036E-17, -1.000000000000000000, 0.000000000000000000 ) ) ;
#6714 = CARTESIAN_POINT ( 'NONE',  ( -63.07096075170347405, -4.274806385319173785, 8.480578432417651413 ) ) ;
#6715 = DIRECTION ( 'NONE',  ( 0.000000000000000000, -1.000000000000000000, 0.000000000000000000 ) ) ;
#6716 = CARTESIAN_POINT ( 'NONE',  ( -63.07901429371967339, -3.988504844567673402, 8.001501277642224963 ) ) ;
#6717 = EDGE_CURVE ( 'NONE', #3957, #8061, #5529, .T. ) ;
#6718 = ORIENTED_EDGE ( 'NONE', *, *, #5301, .T. ) ;
#6719 = CARTESIAN_POINT ( 'NONE',  ( -62.38111527656378996, -4.404960629921268911, 8.927399566342559822 ) ) ;
#6720 = ORIENTED_EDGE ( 'NONE', *, *, #8450, .F. ) ;
#6721 = CARTESIAN_POINT ( 'NONE',  ( -62.42522999999999911, -0.3996062992126024893, 7.424033312779459770 ) ) ;
#6722 = EDGE_CURVE ( 'NONE', #1265, #510, #5233, .T. ) ;
#6723 = ORIENTED_EDGE ( 'NONE', *, *, #338, .F. ) ;
#6724 = DIRECTION ( 'NONE',  ( 0.000000000000000000, 0.000000000000000000, -1.000000000000000000 ) ) ;
#6725 = CARTESIAN_POINT ( 'NONE',  ( -62.26753862152481389, -4.253190375696282999, 6.791870303394373920 ) ) ;
#6726 = CYLINDRICAL_SURFACE ( 'NONE', #6477, 0.5413385826771592857 ) ;
#6727 = EDGE_CURVE ( 'NONE', #6335, #448, #6131, .T. ) ;
#6728 = DIRECTION ( 'NONE',  ( -0.7071067811865230368, 0.000000000000000000, -0.7071067811865719976 ) ) ;
#6729 = TOROIDAL_SURFACE ( 'NONE', #2947, 0.1572834645669290710, 0.3937007874015748254 ) ;
#6730 = CARTESIAN_POINT ( 'NONE',  ( -61.31625275041460554, -4.208110236220481859, 8.246519074417225426 ) ) ;
#6731 = EDGE_LOOP ( 'NONE', ( #5777, #4087, #5293, #4881 ) ) ;
#6732 = LINE ( 'NONE', #575, #7726 ) ;
#6733 = ORIENTED_EDGE ( 'NONE', *, *, #3869, .T. ) ;
#6734 = LINE ( 'NONE', #5372, #542 ) ;
#6735 = ORIENTED_EDGE ( 'NONE', *, *, #1983, .T. ) ;
#6736 = CARTESIAN_POINT ( 'NONE',  ( -62.47281482132223118, -4.208110236220480971, 8.752017775881929751 ) ) ;
#6737 = CARTESIAN_POINT ( 'NONE',  ( -62.17522999999999911, -1.267487984742363905, 7.857046014671676737 ) ) ;
#6738 = CARTESIAN_POINT ( 'NONE',  ( -62.71358452209671697, -1.267487984742363905, 7.913807530093035503 ) ) ;
#6739 = CARTESIAN_POINT ( 'NONE',  ( -62.42522999999999911, -1.481336058263770905, 7.424033312779459770 ) ) ;
#6740 = VECTOR ( 'NONE', #3368, 39.37007874015748143 ) ;
#6741 = CARTESIAN_POINT ( 'NONE',  ( -61.69226708685546612, -1.481336058263770905, 7.986455537222940215 ) ) ;
#6742 = ORIENTED_EDGE ( 'NONE', *, *, #4290, .T. ) ;
#6743 = ORIENTED_EDGE ( 'NONE', *, *, #8051, .F. ) ;
#6744 = ORIENTED_EDGE ( 'NONE', *, *, #4929, .T. ) ;
#6745 = CARTESIAN_POINT ( 'NONE',  ( -62.83966620406147996, -4.276693375115725892, 8.085666233667906155 ) ) ;
#6746 = AXIS2_PLACEMENT_3D ( 'NONE', #8306, #1518, #1604 ) ;
#6747 = CARTESIAN_POINT ( 'NONE',  ( -62.48650724936270962, -4.217163321468957449, 8.810994790258744658 ) ) ;
#6748 = VECTOR ( 'NONE', #6036, 39.37007874015748143 ) ;
#6749 = PERSON_AND_ORGANIZATION ( #2462, #3721 ) ;
#6750 = DIRECTION ( 'NONE',  ( 0.2413099306571985514, 0.000000000000000000, 0.9704481013254743216 ) ) ;
#6751 = ADVANCED_FACE ( 'NONE', ( #8218 ), #2827, .T. ) ;
#6752 = ORIENTED_EDGE ( 'NONE', *, *, #6753, .T. ) ;
#6753 = EDGE_CURVE ( 'NONE', #3758, #3642, #7402, .T. ) ;
#6754 = ORIENTED_EDGE ( 'NONE', *, *, #18, .T. ) ;
#6755 = ADVANCED_FACE ( 'NONE', ( #3531 ), #5141, .T. ) ;
#6756 = CARTESIAN_POINT ( 'NONE',  ( -62.65485310058058133, -1.482582146657593913, 7.716016843330153030 ) ) ;
#6757 = EDGE_LOOP ( 'NONE', ( #3706, #1527, #3345, #4827 ) ) ;
#6758 = CARTESIAN_POINT ( 'NONE',  ( -61.82167660940673670, -1.481336058263770905, 8.210599405264959572 ) ) ;
#6759 = DIRECTION ( 'NONE',  ( -0.7071067811865695552, 0.000000000000000000, -0.7071067811865254793 ) ) ;
#6760 = CARTESIAN_POINT ( 'NONE',  ( -61.92523000000000621, -0.3996062992126024893, 8.290058716563899921 ) ) ;
#6761 = EDGE_LOOP ( 'NONE', ( #34, #6718, #3978, #4255, #6095 ) ) ;
#6762 = ADVANCED_FACE ( 'NONE', ( #7598 ), #1601, .T. ) ;
#6763 = DIRECTION ( 'NONE',  ( 0.000000000000000000, 0.000000000000000000, 1.000000000000000000 ) ) ;
#6764 = EDGE_CURVE ( 'NONE', #5193, #7642, #6942, .T. ) ;
#6765 = EDGE_CURVE ( 'NONE', #8271, #6508, #2235, .T. ) ;
#6766 = CARTESIAN_POINT ( 'NONE',  ( -62.04582047744873563, -1.481336058263770905, 7.374083101527144635 ) ) ;
#6767 = ORIENTED_EDGE ( 'NONE', *, *, #7556, .F. ) ;
#6768 = CARTESIAN_POINT ( 'NONE',  ( -62.65485310058059554, -1.482582146657627886, 7.998075186013176463 ) ) ;
#6769 = VERTEX_POINT ( 'NONE', #7822 ) ;
#6770 = DIRECTION ( 'NONE',  ( 0.000000000000000000, 0.000000000000000000, -1.000000000000000000 ) ) ;
#6771 = DIRECTION ( 'NONE',  ( -0.6942045807973382665, 0.000000000000000000, -0.7197777434736307711 ) ) ;
#6772 = CARTESIAN_POINT ( 'NONE',  ( -62.28709095151190667, -1.481336058263765798, 7.369719504488977613 ) ) ;
#6773 = DIRECTION ( 'NONE',  ( 1.000000000000000000, 0.000000000000000000, 0.000000000000000000 ) ) ;
#6774 = EDGE_CURVE ( 'NONE', #5252, #6372, #1064, .T. ) ;
#6775 = CARTESIAN_POINT ( 'NONE',  ( -63.22080017393663098, -4.278729374028942267, 8.570865665892808849 ) ) ;
#6776 = VERTEX_POINT ( 'NONE', #1156 ) ;
#6777 = CARTESIAN_POINT ( 'NONE',  ( -62.66983945008866641, -0.4192913385826831929, 8.077066361407830186 ) ) ;
#6778 = EDGE_CURVE ( 'NONE', #5132, #3726, #6357, .T. ) ;
#6779 = VERTEX_POINT ( 'NONE', #8481 ) ;
#6780 = DIRECTION ( 'NONE',  ( 6.123233995736766036E-17, -1.000000000000000000, 0.000000000000000000 ) ) ;
#6781 = B_SPLINE_CURVE_WITH_KNOTS ( 'NONE', 3,
 ( #8337, #4911, #4381, #8254 ),
 .UNSPECIFIED., .F., .F.,
 ( 4, 4 ),
 ( 2.372388754674142521E-06, 0.005608136317061014273 ),
 .UNSPECIFIED. ) ;
#6782 = DIRECTION ( 'NONE',  ( 6.123233995736766036E-17, -1.000000000000000000, -0.000000000000000000 ) ) ;
#6783 = CARTESIAN_POINT ( 'NONE',  ( -61.83469231920783926, -0.3996062992126024893, 7.490939352671798446 ) ) ;
#6784 = EDGE_LOOP ( 'NONE', ( #6892, #7358, #5738, #7450 ) ) ;
#6785 = DIRECTION ( 'NONE',  ( 0.000000000000000000, 0.000000000000000000, 1.000000000000000000 ) ) ;
#6786 = LINE ( 'NONE', #662, #4094 ) ;
#6787 = EDGE_LOOP ( 'NONE', ( #3359, #7750, #8116, #90 ) ) ;
#6788 = VERTEX_POINT ( 'NONE', #4386 ) ;
#6789 = CARTESIAN_POINT ( 'NONE',  ( -63.11354205633352876, -4.391217077536039071, 8.504479783000206794 ) ) ;
#6790 = LINE ( 'NONE', #798, #2727 ) ;
#6791 = CARTESIAN_POINT ( 'NONE',  ( -62.51561710255295878, -4.377743985123166759, 8.943550863890248337 ) ) ;
#6792 = VECTOR ( 'NONE', #6543, 39.37007874015748143 ) ;
#6793 = FACE_OUTER_BOUND ( 'NONE', #2071, .T. ) ;
#6794 = AXIS2_PLACEMENT_3D ( 'NONE', #2689, #6097, #7471 ) ;
#6795 = EDGE_CURVE ( 'NONE', #1121, #6971, #5699, .T. ) ;
#6796 = ORIENTED_EDGE ( 'NONE', *, *, #1184, .T. ) ;
#6797 = EDGE_CURVE ( 'NONE', #8446, #8572, #4353, .T. ) ;
#6798 = DIRECTION ( 'NONE',  ( -0.000000000000000000, -1.000000000000000000, -0.000000000000000000 ) ) ;
#6799 = ORIENTED_EDGE ( 'NONE', *, *, #2850, .F. ) ;
#6800 = DIRECTION ( 'NONE',  ( 0.000000000000000000, -1.000000000000000000, 0.000000000000000000 ) ) ;
#6801 = LOCAL_TIME ( 17, 57, 41.00000000000000000, #5512 ) ;
#6802 = DIRECTION ( 'NONE',  ( 0.000000000000000000, -1.000000000000000000, 0.000000000000000000 ) ) ;
#6803 = CARTESIAN_POINT ( 'NONE',  ( -62.06336904848809155, -1.481336058263765798, 8.344372524854378526 ) ) ;
#6804 = ORIENTED_EDGE ( 'NONE', *, *, #3390, .T. ) ;
#6805 = DIRECTION ( 'NONE',  ( 0.01808295674479488274, 0.000000000000000000, -0.9998364899699180297 ) ) ;
#6806 = DIRECTION ( 'NONE',  ( -0.8749252783170076153, 0.000000000000000000, -0.4842579450684386111 ) ) ;
#6807 = ORIENTED_EDGE ( 'NONE', *, *, #8637, .F. ) ;
#6808 = CARTESIAN_POINT ( 'NONE',  ( -61.16014155014724452, -4.306287381550754745, 7.521797855973132663 ) ) ;
#6809 = ORIENTED_EDGE ( 'NONE', *, *, #6636, .T. ) ;
#6810 = CARTESIAN_POINT ( 'NONE',  ( -61.31066414358043914, -4.208110236220483635, 8.249681204872491236 ) ) ;
#6811 = CARTESIAN_POINT ( 'NONE',  ( -62.17522999999999911, -0.3996062992126024893, 7.857046014671676737 ) ) ;
#6812 = CARTESIAN_POINT ( 'NONE',  ( -62.17522999999999911, -2.135639365734934625, 7.534211369002385084 ) ) ;
#6813 = DIRECTION ( 'NONE',  ( -0.9659258262890586533, 0.000000000000000000, -0.2588190451025563776 ) ) ;
#6814 = VECTOR ( 'NONE', #5732, 39.37007874015748854 ) ;
#6815 = VECTOR ( 'NONE', #8068, 39.37007874015748143 ) ;
#6816 = ORIENTED_EDGE ( 'NONE', *, *, #4401, .F. ) ;
#6817 = DIRECTION ( 'NONE',  ( 6.123233995736766036E-17, -1.000000000000000000, -0.000000000000000000 ) ) ;
#6818 = ORIENTED_EDGE ( 'NONE', *, *, #8331, .T. ) ;
#6819 = DIRECTION ( 'NONE',  ( 1.401868266681953022E-16, 1.000000000000000000, -1.401868266681928370E-16 ) ) ;
#6820 = ORIENTED_EDGE ( 'NONE', *, *, #6957, .F. ) ;
#6821 = CARTESIAN_POINT ( 'NONE',  ( -62.65319761351180006, -0.3996062992126024893, 7.710257185281141012 ) ) ;
#6822 = CONICAL_SURFACE ( 'NONE', #118, 0.4409448818897589439, 0.7853981633974482790 ) ;
#6823 = CIRCLE ( 'NONE', #1932, 0.5413385826771592857 ) ;
#6824 = CARTESIAN_POINT ( 'NONE',  ( -62.30463952255126969, -5.958149606299221190, 8.340008927816210615 ) ) ;
#6825 = PLANE ( 'NONE',  #5450 ) ;
#6826 = APPROVAL ( #2892, 'UNSPECIFIED' ) ;
#6827 = ORIENTED_EDGE ( 'NONE', *, *, #4678, .T. ) ;
#6828 = AXIS2_PLACEMENT_3D ( 'NONE', #4198, #6875, #886 ) ;
#6829 = DIRECTION ( 'NONE',  ( -0.000000000000000000, 1.000000000000000000, -0.000000000000000000 ) ) ;
#6830 = VECTOR ( 'NONE', #1024, 39.37007874015748143 ) ;
#6831 = CARTESIAN_POINT ( 'NONE',  ( -62.17523000004221245, -4.404960629921268911, 7.857046014521913868 ) ) ;
#6832 = ORIENTED_EDGE ( 'NONE', *, *, #2210, .T. ) ;
#6833 = CARTESIAN_POINT ( 'NONE',  ( -63.06638555560897430, -4.242958277002498058, 8.426804768913012111 ) ) ;
#6834 = CARTESIAN_POINT ( 'NONE',  ( -61.81328360465330007, -1.482582146657571487, 8.201897218345573393 ) ) ;
#6835 = DIRECTION ( 'NONE',  ( 6.123233995736766036E-17, -1.000000000000000000, -0.000000000000000000 ) ) ;
#6836 = EDGE_LOOP ( 'NONE', ( #2798, #4711, #6432, #4507 ) ) ;
#6837 = CARTESIAN_POINT ( 'NONE',  ( -62.53294141377119786, -1.482581474689072865, 7.507803820839561659 ) ) ;
#6838 = CARTESIAN_POINT ( 'NONE',  ( -62.64986732611936304, -5.958110236220480971, 8.501033132774455936 ) ) ;
#6839 = VECTOR ( 'NONE', #3144, 39.37007874015748143 ) ;
#6840 = EDGE_LOOP ( 'NONE', ( #2661, #54, #423, #8667, #8397 ) ) ;
#6841 = ORIENTED_EDGE ( 'NONE', *, *, #1564, .F. ) ;
#6842 = CARTESIAN_POINT ( 'NONE',  ( -61.68790348981730176, -0.3996062992126024893, 7.968906966183599394 ) ) ;
#6843 = ORIENTED_EDGE ( 'NONE', *, *, #5610, .F. ) ;
#6844 = CARTESIAN_POINT ( 'NONE',  ( -62.44301181133941725, -4.229929314896815562, 9.077477497205181933 ) ) ;
#6845 = CARTESIAN_POINT ( 'NONE',  ( -61.85689582463944447, -0.4192913385826831929, 7.419198080004372642 ) ) ;
#6846 = FACE_OUTER_BOUND ( 'NONE', #2647, .T. ) ;
#6847 = CARTESIAN_POINT ( 'NONE',  ( -61.67555699332463348, -1.481336058263765798, 7.875126014671685937 ) ) ;
#6848 = CARTESIAN_POINT ( 'NONE',  ( -62.69545136551489861, -0.3996062992126024893, 7.818417655832128332 ) ) ;
#6849 = ORIENTED_EDGE ( 'NONE', *, *, #6722, .F. ) ;
#6850 = CARTESIAN_POINT ( 'NONE',  ( -62.59604058572190155, -1.403543307086619674, 8.197583695463832143 ) ) ;
#6851 = ORIENTED_EDGE ( 'NONE', *, *, #4551, .F. ) ;
#6852 = LINE ( 'NONE', #5615, #395 ) ;
#6853 = DIRECTION ( 'NONE',  ( -0.000000000000000000, 1.000000000000000000, -0.000000000000000000 ) ) ;
#6854 = DIRECTION ( 'NONE',  ( 0.000000000000000000, 0.000000000000000000, -1.000000000000000000 ) ) ;
#6855 = CARTESIAN_POINT ( 'NONE',  ( -61.91487068823972351, -1.482582146657620115, 7.430266710394259455 ) ) ;
#6856 = AXIS2_PLACEMENT_3D ( 'NONE', #7086, #7226, #1084 ) ;
#6857 = ADVANCED_FACE ( 'NONE', ( #371 ), #2991, .F. ) ;
#6858 = ORIENTED_EDGE ( 'NONE', *, *, #8310, .T. ) ;
#6859 = CARTESIAN_POINT ( 'NONE',  ( -62.17522999999999911, -0.3996062992126024893, 7.857046014671676737 ) ) ;
#6860 = EDGE_CURVE ( 'NONE', #1332, #5373, #505, .T. ) ;
#6861 = VECTOR ( 'NONE', #5296, 39.37007874015748143 ) ;
#6862 = EDGE_CURVE ( 'NONE', #8564, #4421, #6403, .T. ) ;
#6863 = ORIENTED_EDGE ( 'NONE', *, *, #178, .F. ) ;
#6864 = DIRECTION ( 'NONE',  ( 0.000000000000000000, 1.000000000000000000, 0.000000000000000000 ) ) ;
#6865 = ORIENTED_EDGE ( 'NONE', *, *, #3854, .F. ) ;
#6866 = CARTESIAN_POINT ( 'NONE',  ( -61.14499165160815153, -4.185068180040446784, 8.525012758429006965 ) ) ;
#6867 = CARTESIAN_POINT ( 'NONE',  ( -62.11846848457864212, -0.4192913385826831929, 7.318691492574958879 ) ) ;
#6868 = CARTESIAN_POINT ( 'NONE',  ( -61.80912333800013414, -1.481336058263765798, 8.197583695463858788 ) ) ;
#6869 = ADVANCED_FACE ( 'NONE', ( #2423 ), #7865, .F. ) ;
#6870 = EDGE_CURVE ( 'NONE', #3212, #7329, #4870, .T. ) ;
#6871 = ORIENTED_EDGE ( 'NONE', *, *, #7065, .F. ) ;
#6872 = CARTESIAN_POINT ( 'NONE',  ( -61.08180126310748648, -4.317643123825134488, 7.614328933596380189 ) ) ;
#6873 = AXIS2_PLACEMENT_3D ( 'NONE', #311, #8120, #7001 ) ;
#6874 = CARTESIAN_POINT ( 'NONE',  ( -62.67490300667535763, -0.3996062992126024893, 7.875126014671677055 ) ) ;
#6875 = DIRECTION ( 'NONE',  ( -0.000000000000000000, 1.000000000000000000, 1.982541115402063384E-16 ) ) ;
#6876 = VERTEX_POINT ( 'NONE', #5045 ) ;
#6877 = CARTESIAN_POINT ( 'NONE',  ( -62.94201218842964352, -4.208110236220480971, 8.406205604313351287 ) ) ;
#6878 = CARTESIAN_POINT ( 'NONE',  ( -62.19267489558462358, -4.282536922809478064, 8.564381725012561120 ) ) ;
#6879 = DIRECTION ( 'NONE',  ( -0.000000000000000000, 1.000000000000000000, -0.000000000000000000 ) ) ;
#6880 = CIRCLE ( 'NONE', #31, 0.5216535433070783601 ) ;
#6881 = ADVANCED_FACE ( 'NONE', ( #3175 ), #3783, .T. ) ;
#6882 = CARTESIAN_POINT ( 'NONE',  ( -61.83469231920783926, -1.407454082783215599, 7.482164190387325498 ) ) ;
#6883 = EDGE_LOOP ( 'NONE', ( #529, #3809, #2761, #8091 ) ) ;
#6884 = FACE_OUTER_BOUND ( 'NONE', #7211, .T. ) ;
#6885 = EDGE_CURVE ( 'NONE', #5859, #7788, #4480, .T. ) ;
#6886 = AXIS2_PLACEMENT_3D ( 'NONE', #6811, #8669, #2128 ) ;
#6887 = EDGE_LOOP ( 'NONE', ( #7729, #4529, #7177, #5224, #721 ) ) ;
#6888 = DIRECTION ( 'NONE',  ( 0.000000000000000000, 1.000000000000000000, 0.000000000000000000 ) ) ;
#6889 = CIRCLE ( 'NONE', #4925, 0.2755905511811025943 ) ;
#6890 = DIRECTION ( 'NONE',  ( 0.7071067811865719976, 0.000000000000000000, -0.7071067811865230368 ) ) ;
#6891 = DIRECTION ( 'NONE',  ( 0.000000000000000000, -1.000000000000000000, 0.000000000000000000 ) ) ;
#6892 = ORIENTED_EDGE ( 'NONE', *, *, #4027, .F. ) ;
#6893 = FACE_OUTER_BOUND ( 'NONE', #3871, .T. ) ;
#6894 = EDGE_LOOP ( 'NONE', ( #3407, #8455, #8479, #849 ) ) ;
#6895 = DIRECTION ( 'NONE',  ( 0.6942045807973483695, 0.000000000000000000, -0.7197777434736211122 ) ) ;
#6896 = ORIENTED_EDGE ( 'NONE', *, *, #109, .T. ) ;
#6897 = CARTESIAN_POINT ( 'NONE',  ( -61.20306769526530388, -4.256678440038042410, 8.311768699463399912 ) ) ;
#6898 = CARTESIAN_POINT ( 'NONE',  ( -61.73672281121039873, 57.93121849778213317, 7.098719004109276476 ) ) ;
#6899 = CARTESIAN_POINT ( 'NONE',  ( -61.94823601634917765, -1.336377492739991846, 8.325629497481241259 ) ) ;
#6900 = CIRCLE ( 'NONE', #7331, 0.2755905511811025943 ) ;
#6901 = AXIS2_PLACEMENT_3D ( 'NONE', #1949, #5306, #4612 ) ;
#6902 = DIRECTION ( 'NONE',  ( -0.000000000000000000, -1.000000000000000000, -0.000000000000000000 ) ) ;
#6903 = ORIENTED_EDGE ( 'NONE', *, *, #2735, .F. ) ;
#6904 = ADVANCED_FACE ( 'NONE', ( #1109 ), #2497, .T. ) ;
#6905 = DIRECTION ( 'NONE',  ( -6.123233995736766036E-17, 1.000000000000000000, -0.000000000000000000 ) ) ;
#6906 = EDGE_LOOP ( 'NONE', ( #4464, #5305, #1424, #2672 ) ) ;
#6907 = CARTESIAN_POINT ( 'NONE',  ( -61.82167660940673670, -5.958149606299221190, 7.503492624078405449 ) ) ;
#6908 = EDGE_CURVE ( 'NONE', #6995, #1797, #6451, .T. ) ;
#6909 = ORIENTED_EDGE ( 'NONE', *, *, #2994, .T. ) ;
#6910 = CARTESIAN_POINT ( 'NONE',  ( -62.17522999999999911, -0.4192913385826831929, 7.857046014671676737 ) ) ;
#6911 = EDGE_CURVE ( 'NONE', #6406, #898, #4218, .T. ) ;
#6912 = DIRECTION ( 'NONE',  ( 0.5000000000000294209, 0.000000000000000000, 0.8660254037844216102 ) ) ;
#6913 = DIRECTION ( 'NONE',  ( 0.000000000000000000, -1.000000000000000000, 0.000000000000000000 ) ) ;
#6914 = EDGE_CURVE ( 'NONE', #2638, #3251, #1399, .T. ) ;
#6915 = ORIENTED_EDGE ( 'NONE', *, *, #1124, .T. ) ;
#6916 = CARTESIAN_POINT ( 'NONE',  ( -62.68659725391066218, -1.336377492740391082, 7.759064993022617429 ) ) ;
#6917 = EDGE_CURVE ( 'NONE', #682, #8385, #3611, .T. ) ;
#6918 = CARTESIAN_POINT ( 'NONE',  ( -61.73346048263378805, -5.958149606299221190, 8.091224778708927090 ) ) ;
#6919 = PLANE ( 'NONE',  #3477 ) ;
#6920 = ORIENTED_EDGE ( 'NONE', *, *, #33, .F. ) ;
#6921 = CARTESIAN_POINT ( 'NONE',  ( -63.14020194550892739, -4.327920585149249710, 8.439963077431050564 ) ) ;
#6922 = CARTESIAN_POINT ( 'NONE',  ( -61.64052850218715207, -1.267487984741781704, 7.772537025020884727 ) ) ;
#6923 = PLANE ( 'NONE',  #1690 ) ;
#6924 = AXIS2_PLACEMENT_3D ( 'NONE', #7155, #3824, #7942 ) ;
#6925 = B_SPLINE_CURVE_WITH_KNOTS ( 'NONE', 3,
 ( #2658, #5320, #4713, #7400 ),
 .UNSPECIFIED., .F., .F.,
 ( 4, 4 ),
 ( 2.372388754672466667E-06, 0.005608136317061086264 ),
 .UNSPECIFIED. ) ;
#6926 = CARTESIAN_POINT ( 'NONE',  ( -62.54133666199987829, -1.481336058263765798, 8.197583695463837472 ) ) ;
#6927 = VECTOR ( 'NONE', #8192, 39.37007874015748143 ) ;
#6928 = VERTEX_POINT ( 'NONE', #1945 ) ;
#6929 = CARTESIAN_POINT ( 'NONE',  ( -62.98020297462292660, 57.93121849778213317, 8.412476036601495011 ) ) ;
#6930 = B_SPLINE_CURVE_WITH_KNOTS ( 'NONE', 3,
 ( #3840, #8492, #7125, #2480 ),
 .UNSPECIFIED., .F., .F.,
 ( 4, 4 ),
 ( 2.498001805406955724E-16, 0.0008211405993301740735 ),
 .UNSPECIFIED. ) ;
#6931 = ORIENTED_EDGE ( 'NONE', *, *, #1966, .F. ) ;
#6932 = CARTESIAN_POINT ( 'NONE',  ( -61.93047047188225918, -1.482581474689051548, 8.292959238708796477 ) ) ;
#6933 = CIRCLE ( 'NONE', #5941, 0.3228346456692918753 ) ;
#6934 = CARTESIAN_POINT ( 'NONE',  ( -62.15709586793396113, -4.208110236220480971, 8.606826751327723457 ) ) ;
#6935 = DIRECTION ( 'NONE',  ( -0.000000000000000000, 1.000000000000000000, 1.982541115402063384E-16 ) ) ;
#6936 = VECTOR ( 'NONE', #196, 39.37007874015748143 ) ;
#6937 = CARTESIAN_POINT ( 'NONE',  ( -62.51576768079216606, -0.3996062992126024893, 8.252212444426938021 ) ) ;
#6938 = EDGE_CURVE ( 'NONE', #3091, #2191, #5842, .T. ) ;
#6939 = AXIS2_PLACEMENT_3D ( 'NONE', #7004, #6170, #4243 ) ;
#6940 = AXIS2_PLACEMENT_3D ( 'NONE', #4958, #944, #7635 ) ;
#6941 = ORIENTED_EDGE ( 'NONE', *, *, #5359, .T. ) ;
#6942 = LINE ( 'NONE', #6850, #5697 ) ;
#6943 = VERTEX_POINT ( 'NONE', #6578 ) ;
#6944 = CARTESIAN_POINT ( 'NONE',  ( -62.42522999999999911, -0.3996062992126024893, 7.424033312779459770 ) ) ;
#6945 = FACE_OUTER_BOUND ( 'NONE', #4078, .T. ) ;
#6946 = CARTESIAN_POINT ( 'NONE',  ( -62.07724897835100819, -1.336377492739992290, 8.368413268582436615 ) ) ;
#6947 = CARTESIAN_POINT ( 'NONE',  ( -61.69226708685546612, -1.481336058263770905, 7.727636492120415923 ) ) ;
#6948 = B_SPLINE_CURVE_WITH_KNOTS ( 'NONE', 3,
 ( #3785, #2072, #680, #4648 ),
 .UNSPECIFIED., .F., .F.,
 ( 4, 4 ),
 ( 9.578752854979342617E-17, 0.0008211405993301462095 ),
 .UNSPECIFIED. ) ;
#6949 = CARTESIAN_POINT ( 'NONE',  ( -63.25353168262147818, -4.250679750270726309, 8.503816494470832765 ) ) ;
#6950 = EDGE_LOOP ( 'NONE', ( #838, #6552, #7848 ) ) ;
#6951 = PLANE ( 'NONE',  #8654 ) ;
#6952 = VERTEX_POINT ( 'NONE', #7995 ) ;
#6953 = FACE_OUTER_BOUND ( 'NONE', #7287, .T. ) ;
#6954 = CARTESIAN_POINT ( 'NONE',  ( -62.99282138742744053, -4.342593609847557268, 7.072726235834415398 ) ) ;
#6955 = CARTESIAN_POINT ( 'NONE',  ( -62.59604058572190155, -0.4192913385826831929, 7.516508333879507120 ) ) ;
#6956 = AXIS2_PLACEMENT_3D ( 'NONE', #2881, #5015, #8320 ) ;
#6957 = EDGE_CURVE ( 'NONE', #1888, #80, #6618, .T. ) ;
#6958 = EDGE_CURVE ( 'NONE', #4478, #1715, #595, .T. ) ;
#6959 = EDGE_LOOP ( 'NONE', ( #6977, #3626, #6081, #7104 ) ) ;
#6960 = CARTESIAN_POINT ( 'NONE',  ( -61.06395437922691372, -4.379158360140558592, 7.608531344651546569 ) ) ;
#6961 = DIRECTION ( 'NONE',  ( -1.000000000000000000, 0.000000000000000000, 3.286260152890463360E-14 ) ) ;
#6962 = CARTESIAN_POINT ( 'NONE',  ( -61.90973575736190071, -5.958149606299221190, 8.280735532037894586 ) ) ;
#6963 = AXIS2_PLACEMENT_3D ( 'NONE', #2294, #248, #991 ) ;
#6964 = ORIENTED_EDGE ( 'NONE', *, *, #216, .T. ) ;
#6965 = CARTESIAN_POINT ( 'NONE',  ( -62.20239324583764073, -4.269733974157550627, 8.552986086279791067 ) ) ;
#6966 = FACE_OUTER_BOUND ( 'NONE', #3230, .T. ) ;
#6967 = AXIS2_PLACEMENT_3D ( 'NONE', #1180, #6521, #527 ) ;
#6968 = AXIS2_PLACEMENT_3D ( 'NONE', #6048, #5962, #5348 ) ;
#6969 = DIRECTION ( 'NONE',  ( -0.2762435205281228434, 0.000000000000000000, -0.9610876741308403970 ) ) ;
#6970 = ORIENTED_EDGE ( 'NONE', *, *, #7196, .F. ) ;
#6971 = VERTEX_POINT ( 'NONE', #6663 ) ;
#6972 = ADVANCED_FACE ( 'NONE', ( #4608 ), #1282, .T. ) ;
#6973 = CARTESIAN_POINT ( 'NONE',  ( -62.83736281095315235, -4.208110236220480971, 7.137279288285492740 ) ) ;
#6974 = EDGE_CURVE ( 'NONE', #6943, #3600, #3343, .T. ) ;
#6975 = VERTEX_POINT ( 'NONE', #3391 ) ;
#6976 = CARTESIAN_POINT ( 'NONE',  ( -61.94105123596275320, -1.481336058263765798, 8.298815532037897569 ) ) ;
#6977 = ORIENTED_EDGE ( 'NONE', *, *, #2014, .T. ) ;
#6978 = CARTESIAN_POINT ( 'NONE',  ( -62.83362623104999045, -4.404960629921268911, 7.497860265471701702 ) ) ;
#6979 = AXIS2_PLACEMENT_3D ( 'NONE', #3775, #1194, #5823 ) ;
#6980 = CARTESIAN_POINT ( 'NONE',  ( -62.05009914256508807, -4.125273118033974562, 6.678593605360312324 ) ) ;
#6981 = ORIENTED_EDGE ( 'NONE', *, *, #6797, .T. ) ;
#6982 = DIRECTION ( 'NONE',  ( 6.123233995736766036E-17, -1.000000000000000000, 0.000000000000000000 ) ) ;
#6983 = B_SPLINE_CURVE_WITH_KNOTS ( 'NONE', 3,
 ( #5965, #4649, #7999, #4746, #1990, #5351, #7340, #4002, #6714, #4049, #6666, #683, #16, #4697, #1372, #726, #3396, #6051, #2945, #3606 ),
 .UNSPECIFIED., .F., .F.,
 ( 4, 2, 2, 2, 2, 2, 2, 2, 2, 4 ),
 ( 0.000000000000000000, 0.0009785872799628731432, 0.001957174559925746286, 0.002935761839888619430, 0.003914349119851492573, 0.004892936399814365282, 0.005871523679777238859, 0.006850110959740112436, 0.007339404599721564837, 0.007828698239703018105 ),
 .UNSPECIFIED. ) ;
#6984 = ORIENTED_EDGE ( 'NONE', *, *, #6870, .T. ) ;
#6985 = DIRECTION ( 'NONE',  ( 1.000000000000000000, 0.000000000000000000, 0.000000000000000000 ) ) ;
#6986 = ORIENTED_EDGE ( 'NONE', *, *, #2499, .T. ) ;
#6987 = DIRECTION ( 'NONE',  ( -0.000000000000000000, 1.000000000000000000, 1.982541115402063384E-16 ) ) ;
#6988 = CC_DESIGN_PERSON_AND_ORGANIZATION_ASSIGNMENT ( #758, #4643, ( #2967 ) ) ;
#6989 = DIRECTION ( 'NONE',  ( 6.123233995736766036E-17, -1.000000000000000000, 0.000000000000000000 ) ) ;
#6990 = CARTESIAN_POINT ( 'NONE',  ( -62.46879382281899495, -0.3996062992126024893, 7.425835275964111304 ) ) ;
#6991 = CARTESIAN_POINT ( 'NONE',  ( -61.94105123596275320, -0.3996062992126024893, 8.298815532037897569 ) ) ;
#6992 = CARTESIAN_POINT ( 'NONE',  ( -63.02963579448643117, -5.958110236220478306, 7.663812613139839414 ) ) ;
#6993 = ORIENTED_EDGE ( 'NONE', *, *, #2579, .T. ) ;
#6994 = DIRECTION ( 'NONE',  ( 0.5155785449014844701, 0.000000000000000000, -0.8568423215722178465 ) ) ;
#6995 = VERTEX_POINT ( 'NONE', #1203 ) ;
#6996 = CARTESIAN_POINT ( 'NONE',  ( -62.86569080189113379, -4.228091894681388574, 7.092048986827398593 ) ) ;
#6997 = EDGE_CURVE ( 'NONE', #4945, #1186, #1367, .T. ) ;
#6998 = CARTESIAN_POINT ( 'NONE',  ( -62.97727775041043685, -4.313793353952353193, 7.145271031397711248 ) ) ;
#6999 = AXIS2_PLACEMENT_3D ( 'NONE', #3009, #5670, #836 ) ;
#7000 = DIRECTION ( 'NONE',  ( -0.5000000000000234257, 0.000000000000000000, -0.8660254037844250519 ) ) ;
#7001 = DIRECTION ( 'NONE',  ( 1.000000000000000000, 0.000000000000000000, 0.000000000000000000 ) ) ;
#7002 = AXIS2_PLACEMENT_3D ( 'NONE', #977, #3639, #8330 ) ;
#7003 = ORIENTED_EDGE ( 'NONE', *, *, #8093, .T. ) ;
#7004 = CARTESIAN_POINT ( 'NONE',  ( -62.17523000002436362, -4.404960629921268911, 7.857046014726967620 ) ) ;
#7005 = CARTESIAN_POINT ( 'NONE',  ( -62.17522999999999911, -0.5639763779527527943, 7.620825542230731386 ) ) ;
#7006 = FACE_OUTER_BOUND ( 'NONE', #6761, .T. ) ;
#7007 = EDGE_LOOP ( 'NONE', ( #6909, #1853, #3427, #8143, #7150 ) ) ;
#7008 = ORIENTED_EDGE ( 'NONE', *, *, #5969, .T. ) ;
#7009 = EDGE_CURVE ( 'NONE', #49, #1157, #5561, .T. ) ;
#7010 = DIRECTION ( 'NONE',  ( 0.8568423215722232866, 0.000000000000000000, -0.5155785449014755883 ) ) ;
#7011 = CARTESIAN_POINT ( 'NONE',  ( -62.32201882939053661, -1.481336058263765798, 8.335013628183467915 ) ) ;
#7012 = AXIS2_PLACEMENT_3D ( 'NONE', #3618, #4142, #6813 ) ;
#7013 = DIRECTION ( 'NONE',  ( 0.000000000000000000, 1.000000000000000000, 0.000000000000000000 ) ) ;
#7014 = CARTESIAN_POINT ( 'NONE',  ( -62.24647174252658743, -4.274462835679657680, 6.594219705995084446 ) ) ;
#7015 = VERTEX_POINT ( 'NONE', #7297 ) ;
#7016 = EDGE_CURVE ( 'NONE', #3313, #4668, #2909, .T. ) ;
#7017 = LINE ( 'NONE', #1016, #8360 ) ;
#7018 = EDGE_LOOP ( 'NONE', ( #1684, #4233, #4116, #6865 ) ) ;
#7019 = DIRECTION ( 'NONE',  ( 0.000000000000000000, -1.000000000000000000, 0.000000000000000000 ) ) ;
#7020 = EDGE_CURVE ( 'NONE', #5572, #6400, #2684, .T. ) ;
#7021 = CARTESIAN_POINT ( 'NONE',  ( -62.52633764648162895, -4.208110236220480971, 7.429614257322805670 ) ) ;
#7022 = CARTESIAN_POINT ( 'NONE',  ( -61.22044986708824155, -4.217163321469334925, 7.615193104205364882 ) ) ;
#7023 = CARTESIAN_POINT ( 'NONE',  ( -61.25636730958172649, -4.097293588289936395, 8.564156134659333119 ) ) ;
#7024 = EDGE_CURVE ( 'NONE', #6570, #1167, #8653, .T. ) ;
#7025 = ADVANCED_FACE ( 'NONE', ( #3304 ), #7383, .T. ) ;
#7026 = B_SPLINE_CURVE_WITH_KNOTS ( 'NONE', 3,
 ( #876, #2173, #2264, #6201 ),
 .UNSPECIFIED., .F., .F.,
 ( 4, 4 ),
 ( 2.372388754687175394E-06, 0.005608136317061093203 ),
 .UNSPECIFIED. ) ;
#7027 = CONICAL_SURFACE ( 'NONE', #4365, 0.5216535433070783601, 0.7853981633974604915 ) ;
#7028 = ORIENTED_EDGE ( 'NONE', *, *, #2994, .F. ) ;
#7029 = CARTESIAN_POINT ( 'NONE',  ( -62.17522999977387599, -4.404960629921268911, 7.857046014748070739 ) ) ;
#7030 = ORIENTED_EDGE ( 'NONE', *, *, #3980, .F. ) ;
#7031 = DIRECTION ( 'NONE',  ( 0.000000000000000000, 0.000000000000000000, 1.000000000000000000 ) ) ;
#7032 = ADVANCED_FACE ( 'NONE', ( #2641 ), #59, .T. ) ;
#7033 = DIRECTION ( 'NONE',  ( 0.2588190451024759975, 0.000000000000000000, 0.9659258262890803026 ) ) ;
#7034 = DIRECTION ( 'NONE',  ( 0.000000000000000000, 1.000000000000000000, 0.000000000000000000 ) ) ;
#7035 = DIRECTION ( 'NONE',  ( 0.000000000000000000, 0.000000000000000000, -1.000000000000000000 ) ) ;
#7036 = CARTESIAN_POINT ( 'NONE',  ( -63.12590708600020406, -4.139992589722084837, 7.128453443983254978 ) ) ;
#7037 = ORIENTED_EDGE ( 'NONE', *, *, #7676, .T. ) ;
#7038 = CARTESIAN_POINT ( 'NONE',  ( -62.19331000000000387, -0.3996062992126024893, 7.357373007996311998 ) ) ;
#7039 = ORIENTED_EDGE ( 'NONE', *, *, #7020, .T. ) ;
#7040 = CARTESIAN_POINT ( 'NONE',  ( -62.93950501461661418, -4.341429330498146832, 7.024831159067373321 ) ) ;
#7041 = CARTESIAN_POINT ( 'NONE',  ( -62.91783596852696547, -4.245277145006513209, 7.148962567887387820 ) ) ;
#7042 = ADVANCED_FACE ( 'NONE', ( #5302 ), #2025, .F. ) ;
#7043 = DIRECTION ( 'NONE',  ( 1.000000000000000000, 6.123233995736766036E-17, 0.000000000000000000 ) ) ;
#7044 = CARTESIAN_POINT ( 'NONE',  ( -61.66991042462719719, -0.4192913385826831929, 8.051209831692174745 ) ) ;
#7045 = EDGE_CURVE ( 'NONE', #3957, #792, #7336, .T. ) ;
#7046 = EDGE_LOOP ( 'NONE', ( #3301, #5919, #6253, #2865 ) ) ;
#7047 = DIRECTION ( 'NONE',  ( 1.000000000000000000, 0.000000000000000000, 0.000000000000000000 ) ) ;
#7048 = DIRECTION ( 'NONE',  ( 0.01808295674478789875, 0.000000000000000000, 0.9998364899699180297 ) ) ;
#7049 = FACE_OUTER_BOUND ( 'NONE', #2674, .T. ) ;
#7050 = ORIENTED_EDGE ( 'NONE', *, *, #3302, .T. ) ;
#7051 = CARTESIAN_POINT ( 'NONE',  ( -62.94704125205773693, -4.208110236220480971, 7.018054124993710730 ) ) ;
#7052 = CARTESIAN_POINT ( 'NONE',  ( -62.34605957311859470, -1.336377492739989403, 8.348893558046381003 ) ) ;
#7053 = CYLINDRICAL_SURFACE ( 'NONE', #8632, 0.5413385826771592857 ) ;
#7054 = CARTESIAN_POINT ( 'NONE',  ( -61.58068206771152830, -5.958110236220478306, 7.213725592346872162 ) ) ;
#7055 = ORIENTED_EDGE ( 'NONE', *, *, #3237, .F. ) ;
#7056 = APPLICATION_CONTEXT ( 'configuration controlled 3d designs of mechanical parts and assemblies' ) ;
#7057 = CARTESIAN_POINT ( 'NONE',  ( -62.17522999999999911, -0.5639763779527527943, 8.132636565852777721 ) ) ;
#7058 = ORIENTED_EDGE ( 'NONE', *, *, #3499, .T. ) ;
#7059 = DIRECTION ( 'NONE',  ( 0.000000000000000000, 0.000000000000000000, -1.000000000000000000 ) ) ;
#7060 = CARTESIAN_POINT ( 'NONE',  ( -62.59891951736621962, -1.481336058263765798, 8.122540257309777800 ) ) ;
#7061 = CARTESIAN_POINT ( 'NONE',  ( -61.20821593588559040, -4.226216439430724670, 7.595464242419660117 ) ) ;
#7062 = ORIENTED_EDGE ( 'NONE', *, *, #438, .T. ) ;
#7063 = CARTESIAN_POINT ( 'NONE',  ( -62.29882690504640408, -1.482581474689050438, 7.372637746206114784 ) ) ;
#7064 = EDGE_CURVE ( 'NONE', #617, #1325, #7407, .T. ) ;
#7065 = EDGE_CURVE ( 'NONE', #354, #284, #260, .T. ) ;
#7066 = EDGE_CURVE ( 'NONE', #2366, #7738, #8529, .T. ) ;
#7067 = TOROIDAL_SURFACE ( 'NONE', #2734, 0.9431496061450760360, 0.1968503937007874127 ) ;
#7068 = ORIENTED_EDGE ( 'NONE', *, *, #6241, .F. ) ;
#7069 = CARTESIAN_POINT ( 'NONE',  ( -62.17522999999999911, -0.3996062992126024893, 8.034211369002383307 ) ) ;
#7070 = ORIENTED_EDGE ( 'NONE', *, *, #5219, .T. ) ;
#7071 = FACE_OUTER_BOUND ( 'NONE', #4570, .T. ) ;
#7072 = CARTESIAN_POINT ( 'NONE',  ( -63.03233604439287774, -5.958110236220478306, 6.925335032328999496 ) ) ;
#7073 = CARTESIAN_POINT ( 'NONE',  ( -63.13667775571052232, -4.404960629921268911, 8.370527938355994735 ) ) ;
#7074 = CARTESIAN_POINT ( 'NONE',  ( -61.21358345416033586, -4.045905497048845056, 7.338448982063900949 ) ) ;
#7075 = CARTESIAN_POINT ( 'NONE',  ( -61.62950941612324840, -4.208110236220480971, 7.766693751876378116 ) ) ;
#7076 = AXIS2_PLACEMENT_3D ( 'NONE', #525, #7887, #8456 ) ;
#7077 = VERTEX_POINT ( 'NONE', #1591 ) ;
#7078 = AXIS2_PLACEMENT_3D ( 'NONE', #106, #3962, #5268 ) ;
#7079 = CARTESIAN_POINT ( 'NONE',  ( -62.25973898965090569, -0.4192913385826831929, 8.391747512484334592 ) ) ;
#7080 = VERTEX_POINT ( 'NONE', #4781 ) ;
#7081 = CARTESIAN_POINT ( 'NONE',  ( -61.83469231920783926, -0.3996062992126024893, 7.490939352671798446 ) ) ;
#7082 = ORIENTED_EDGE ( 'NONE', *, *, #6528, .T. ) ;
#7083 = CARTESIAN_POINT ( 'NONE',  ( -62.17522999999999911, -0.3996062992126024893, 7.857046014671676737 ) ) ;
#7084 = CARTESIAN_POINT ( 'NONE',  ( -62.98705818806660517, -4.211974820881090764, 8.413369070022277185 ) ) ;
#7085 = CARTESIAN_POINT ( 'NONE',  ( -62.88672849414019339, -4.245277145005483810, 7.072732391111987482 ) ) ;
#7086 = CARTESIAN_POINT ( 'NONE',  ( -62.17522999999999911, -3.595905511811027466, 8.801731054041757929 ) ) ;
#7087 = CIRCLE ( 'NONE', #2182, 0.8759842518393505806 ) ;
#7088 = CARTESIAN_POINT ( 'NONE',  ( -61.29005741794524909, -4.226216439429283156, 8.326099022175263542 ) ) ;
#7089 = EDGE_LOOP ( 'NONE', ( #2826, #233, #3784, #4732, #3795 ) ) ;
#7090 = CYLINDRICAL_SURFACE ( 'NONE', #6649, 0.5413385826771592857 ) ;
#7091 = B_SPLINE_CURVE_WITH_KNOTS ( 'NONE', 3,
 ( #2857, #6932, #1678, #6976 ),
 .UNSPECIFIED., .F., .F.,
 ( 4, 4 ),
 ( 2.014298342813282336E-07, 0.0004597969392809133022 ),
 .UNSPECIFIED. ) ;
#7092 = ORIENTED_EDGE ( 'NONE', *, *, #444, .T. ) ;
#7093 = CARTESIAN_POINT ( 'NONE',  ( -62.17522999999999911, -3.595905511811027466, 8.408030266640182049 ) ) ;
#7094 = ORIENTED_EDGE ( 'NONE', *, *, #566, .F. ) ;
#7095 = DIRECTION ( 'NONE',  ( -0.000000000000000000, 1.000000000000000000, -0.000000000000000000 ) ) ;
#7096 = AXIS2_PLACEMENT_3D ( 'NONE', #2760, #2711, #1484 ) ;
#7097 = CC_DESIGN_PERSON_AND_ORGANIZATION_ASSIGNMENT ( #7244, #1244, ( #389 ) ) ;
#7098 = CARTESIAN_POINT ( 'NONE',  ( -62.06336904848807023, -1.481336058263765798, 7.369719504488980277 ) ) ;
#7099 = DIRECTION ( 'NONE',  ( 6.123233995736766036E-17, -1.000000000000000000, 0.000000000000000000 ) ) ;
#7100 = CIRCLE ( 'NONE', #8508, 0.4409448818897589439 ) ;
#7101 = DIRECTION ( 'NONE',  ( 1.000000000000000000, 0.000000000000000000, -2.242650509742816212E-14 ) ) ;
#7102 = ORIENTED_EDGE ( 'NONE', *, *, #3432, .T. ) ;
#7103 = DIRECTION ( 'NONE',  ( -6.123233995736766036E-17, 1.000000000000000000, -0.000000000000000000 ) ) ;
#7104 = ORIENTED_EDGE ( 'NONE', *, *, #6764, .T. ) ;
#7105 = CARTESIAN_POINT ( 'NONE',  ( -63.02794942612652562, -4.228091726887909907, 8.388362996890029066 ) ) ;
#7106 = CARTESIAN_POINT ( 'NONE',  ( -62.00327467350521005, -0.3996062992126024893, 7.364548517282194062 ) ) ;
#7107 = AXIS2_PLACEMENT_3D ( 'NONE', #8494, #2484, #1216 ) ;
#7108 = CIRCLE ( 'NONE', #8367, 0.5216535433070783601 ) ;
#7109 = CARTESIAN_POINT ( 'NONE',  ( -61.08985450687920604, -4.302276525516944616, 7.616933225256659057 ) ) ;
#7110 = ORIENTED_EDGE ( 'NONE', *, *, #2713, .F. ) ;
#7111 = DIRECTION ( 'NONE',  ( 1.000000000000000000, -0.000000000000000000, 3.991251773527437763E-14 ) ) ;
#7112 = AXIS2_PLACEMENT_3D ( 'NONE', #483, #2495, #3060 ) ;
#7113 = VECTOR ( 'NONE', #5314, 39.37007874015748854 ) ;
#7114 = ORIENTED_EDGE ( 'NONE', *, *, #2102, .F. ) ;
#7115 = DIRECTION ( 'NONE',  ( -6.123233995736766036E-17, 1.000000000000000000, -0.000000000000000000 ) ) ;
#7116 = ORIENTED_EDGE ( 'NONE', *, *, #3658, .T. ) ;
#7117 = CARTESIAN_POINT ( 'NONE',  ( -61.05244406829717008, -4.155161961816335570, 7.409066802822287023 ) ) ;
#7118 = CARTESIAN_POINT ( 'NONE',  ( -62.17522999999999911, -1.403543307086619674, 7.857046014671676737 ) ) ;
#7119 = AXIS2_PLACEMENT_3D ( 'NONE', #5836, #2522, #4439 ) ;
#7120 = ORIENTED_EDGE ( 'NONE', *, *, #3496, .F. ) ;
#7121 = CARTESIAN_POINT ( 'NONE',  ( -62.57898619634610071, -0.4061132758059442516, 7.516508333879505344 ) ) ;
#7122 = DIRECTION ( 'NONE',  ( -1.000000000000000000, 0.000000000000000000, 0.000000000000000000 ) ) ;
#7123 = DIRECTION ( 'NONE',  ( 1.340646671245493334E-13, 0.000000000000000000, -1.000000000000000000 ) ) ;
#7124 = CARTESIAN_POINT ( 'NONE',  ( -61.54991562519055037, -4.294806932554238621, 7.507285055235167981 ) ) ;
#7125 = CARTESIAN_POINT ( 'NONE',  ( -61.87336909978912303, -0.4061132758059430303, 8.290479948565939949 ) ) ;
#7126 = VERTEX_POINT ( 'NONE', #5476 ) ;
#7127 = LINE ( 'NONE', #8445, #7815 ) ;
#7128 = ORIENTED_EDGE ( 'NONE', *, *, #7639, .F. ) ;
#7129 = CARTESIAN_POINT ( 'NONE',  ( -62.95867326850875401, -4.284794199885874733, 7.146572890560722868 ) ) ;
#7130 = PLANE ( 'NONE',  #8236 ) ;
#7131 = CARTESIAN_POINT ( 'NONE',  ( -62.91449141197997363, -4.280635515791519019, 7.047438195143164386 ) ) ;
#7132 = AXIS2_PLACEMENT_3D ( 'NONE', #6475, #3063, #8556 ) ;
#7133 = ADVANCED_FACE ( 'NONE', ( #6884 ), #2190, .F. ) ;
#7134 = CARTESIAN_POINT ( 'NONE',  ( -62.64986732611936304, -4.404960629921268911, 8.501033132774455936 ) ) ;
#7135 = DIRECTION ( 'NONE',  ( 0.000000000000000000, 1.000000000000000000, 0.000000000000000000 ) ) ;
#7136 = EDGE_CURVE ( 'NONE', #3806, #113, #8098, .T. ) ;
#7137 = VERTEX_POINT ( 'NONE', #803 ) ;
#7138 = CARTESIAN_POINT ( 'NONE',  ( -62.17522999999999911, -0.4192913385826831929, 7.857046014671676737 ) ) ;
#7139 = EDGE_CURVE ( 'NONE', #5795, #6425, #6222, .T. ) ;
#7140 = B_SPLINE_CURVE_WITH_KNOTS ( 'NONE', 3,
 ( #909, #5492, #6899, #4184 ),
 .UNSPECIFIED., .F., .F.,
 ( 4, 4 ),
 ( 2.372388754655819505E-06, 0.005608136317061035089 ),
 .UNSPECIFIED. ) ;
#7141 = ORIENTED_EDGE ( 'NONE', *, *, #4151, .T. ) ;
#7142 = CARTESIAN_POINT ( 'NONE',  ( -62.49562054074358031, -4.208110236220480971, 7.124004473387016034 ) ) ;
#7143 = VERTEX_POINT ( 'NONE', #4869 ) ;
#7144 = CARTESIAN_POINT ( 'NONE',  ( -61.69726238648821237, -0.3996062992126024893, 8.003834844062215126 ) ) ;
#7145 = EDGE_CURVE ( 'NONE', #5785, #1076, #271, .T. ) ;
#7146 = CARTESIAN_POINT ( 'NONE',  ( -62.17522999999999911, -5.958110236220478306, 7.857046014671676737 ) ) ;
#7147 = EDGE_CURVE ( 'NONE', #3642, #5146, #1376, .T. ) ;
#7148 = CARTESIAN_POINT ( 'NONE',  ( -62.30463952255126259, -0.3996062992126024893, 7.374083101527142858 ) ) ;
#7149 = LINE ( 'NONE', #5729, #7884 ) ;
#7150 = ORIENTED_EDGE ( 'NONE', *, *, #2675, .T. ) ;
#7151 = VECTOR ( 'NONE', #8264, 39.37007874015748143 ) ;
#7152 = CARTESIAN_POINT ( 'NONE',  ( -62.19331000000000387, -5.958149606299221190, 8.356719021347041476 ) ) ;
#7153 = B_SPLINE_CURVE_WITH_KNOTS ( 'NONE', 3,
 ( #8321, #6837, #2150, #1702 ),
 .UNSPECIFIED., .F., .F.,
 ( 4, 4 ),
 ( 2.014298343662386014E-07, 0.0004597969392806710914 ),
 .UNSPECIFIED. ) ;
#7154 = EDGE_LOOP ( 'NONE', ( #4927, #7855, #7769, #6920, #2205 ) ) ;
#7155 = CARTESIAN_POINT ( 'NONE',  ( -62.17522999999999911, -0.4192913385826831929, 7.857046014671676737 ) ) ;
#7156 = CARTESIAN_POINT ( 'NONE',  ( -61.77147380365389751, -0.4061132758059456949, 7.516508333879514225 ) ) ;
#7157 = VECTOR ( 'NONE', #4358, 39.37007874015748854 ) ;
#7158 = DIRECTION ( 'NONE',  ( -0.000000000000000000, 1.000000000000000000, -0.000000000000000000 ) ) ;
#7159 = ADVANCED_FACE ( 'NONE', ( #1544 ), #2942, .T. ) ;
#7160 = VERTEX_POINT ( 'NONE', #6842 ) ;
#7161 = DIRECTION ( 'NONE',  ( 3.991251773527437763E-14, 0.000000000000000000, -1.000000000000000000 ) ) ;
#7162 = ADVANCED_FACE ( 'NONE', ( #8163 ), #192, .T. ) ;
#7163 = VECTOR ( 'NONE', #4329, 39.37007874015748143 ) ;
#7164 = ORIENTED_EDGE ( 'NONE', *, *, #7968, .F. ) ;
#7165 = CARTESIAN_POINT ( 'NONE',  ( -61.14893474612787116, -4.353926247832510477, 7.505391432671675744 ) ) ;
#7166 = ORIENTED_EDGE ( 'NONE', *, *, #1073, .T. ) ;
#7167 = CARTESIAN_POINT ( 'NONE',  ( -61.84843978029844180, -3.988504844567673402, 7.002118225392573336 ) ) ;
#7168 = DIRECTION ( 'NONE',  ( -0.000000000000000000, 1.000000000000000000, 1.982541115402063384E-16 ) ) ;
#7169 = VERTEX_POINT ( 'NONE', #2817 ) ;
#7170 = DIRECTION ( 'NONE',  ( 0.000000000000000000, 1.000000000000000000, 0.000000000000000000 ) ) ;
#7171 = CARTESIAN_POINT ( 'NONE',  ( -62.12597933904437042, -4.002870303356051096, 8.850921021168250746 ) ) ;
#7172 = CARTESIAN_POINT ( 'NONE',  ( -61.69709382506101036, -0.4061132758059445846, 7.632611667162464641 ) ) ;
#7173 = B_SPLINE_CURVE_WITH_KNOTS ( 'NONE', 3,
 ( #2732, #6013, #5395, #1373 ),
 .UNSPECIFIED., .F., .F.,
 ( 4, 4 ),
 ( 6.938893903906692969E-18, 0.0008211405993301462095 ),
 .UNSPECIFIED. ) ;
#7174 = DESIGN_CONTEXT ( 'detailed design', #7056, 'design' ) ;
#7175 = AXIS2_PLACEMENT_3D ( 'NONE', #4447, #514, #5142 ) ;
#7176 = CARTESIAN_POINT ( 'NONE',  ( -61.73636256976504910, -1.482582146657573263, 8.096468078105228727 ) ) ;
#7177 = ORIENTED_EDGE ( 'NONE', *, *, #2340, .F. ) ;
#7178 = PLANE ( 'NONE',  #1930 ) ;
#7179 = ORIENTED_EDGE ( 'NONE', *, *, #5724, .T. ) ;
#7180 = CARTESIAN_POINT ( 'NONE',  ( -62.10736949209209712, -4.230323299350999378, 7.215758752988217672 ) ) ;
#7181 = AXIS2_PLACEMENT_3D ( 'NONE', #4269, #2255, #3659 ) ;
#7182 = CARTESIAN_POINT ( 'NONE',  ( -62.65319761351180006, -1.481336058263765798, 7.710257185281141012 ) ) ;
#7183 = DIRECTION ( 'NONE',  ( 0.000000000000000000, 0.000000000000000000, 1.000000000000000000 ) ) ;
#7184 = AXIS2_PLACEMENT_3D ( 'NONE', #8602, #3820, #3860 ) ;
#7185 = DIRECTION ( 'NONE',  ( 1.000000000000000000, 0.000000000000000000, -2.913971193743676766E-15 ) ) ;
#7186 = CARTESIAN_POINT ( 'NONE',  ( -61.24355416386086404, -4.236264588438668710, 8.335158535808409042 ) ) ;
#7187 = EDGE_CURVE ( 'NONE', #3579, #7891, #6142, .T. ) ;
#7188 = ORIENTED_EDGE ( 'NONE', *, *, #4334, .T. ) ;
#7189 = ADVANCED_FACE ( 'NONE', ( #146 ), #851, .T. ) ;
#7190 = CARTESIAN_POINT ( 'NONE',  ( -62.26742506121524201, -4.208110236220480971, 6.918413365338945908 ) ) ;
#7191 = VERTEX_POINT ( 'NONE', #4254 ) ;
#7192 = CARTESIAN_POINT ( 'NONE',  ( -62.65819291314453920, -0.3996062992126024893, 7.986455537222931333 ) ) ;
#7193 = ORIENTED_EDGE ( 'NONE', *, *, #4551, .T. ) ;
#7194 = DIRECTION ( 'NONE',  ( -1.000000000000000000, -0.000000000000000000, -0.000000000000000000 ) ) ;
#7195 = CARTESIAN_POINT ( 'NONE',  ( -62.46753820808133639, -1.336377492740391526, 7.426171716919069965 ) ) ;
#7196 = EDGE_CURVE ( 'NONE', #6652, #6343, #763, .T. ) ;
#7197 = CIRCLE ( 'NONE', #3415, 0.5413385826771592857 ) ;
#7198 = DIRECTION ( 'NONE',  ( 0.2762435205281295603, 0.000000000000000000, 0.9610876741308385096 ) ) ;
#7199 = DIRECTION ( 'NONE',  ( 0.000000000000000000, 1.000000000000000000, 0.000000000000000000 ) ) ;
#7200 = ORIENTED_EDGE ( 'NONE', *, *, #7781, .T. ) ;
#7201 = CARTESIAN_POINT ( 'NONE',  ( -62.51381162620650400, -4.341428264602477327, 8.935034678781429207 ) ) ;
#7202 = ORIENTED_EDGE ( 'NONE', *, *, #6324, .F. ) ;
#7203 = CYLINDRICAL_SURFACE ( 'NONE', #914, 0.5413385826771592857 ) ;
#7204 = LINE ( 'NONE', #3168, #5070 ) ;
#7205 = CARTESIAN_POINT ( 'NONE',  ( -61.24525349613334413, -4.208110236220480971, 7.656644715446790705 ) ) ;
#7206 = ORIENTED_EDGE ( 'NONE', *, *, #3048, .F. ) ;
#7207 = CARTESIAN_POINT ( 'NONE',  ( -62.39525034673615522, -1.403543307086619674, 8.351655464760350256 ) ) ;
#7208 = ORIENTED_EDGE ( 'NONE', *, *, #5954, .F. ) ;
#7209 = B_SPLINE_CURVE_WITH_KNOTS ( 'NONE', 3,
 ( #3645, #8296, #2286, #7631 ),
 .UNSPECIFIED., .F., .F.,
 ( 4, 4 ),
 ( 2.372388754647243719E-06, 0.005608136317045301147 ),
 .UNSPECIFIED. ) ;
#7210 = DIRECTION ( 'NONE',  ( 0.5000000000000354161, 0.000000000000000000, -0.8660254037844180575 ) ) ;
#7211 = EDGE_LOOP ( 'NONE', ( #1125, #3987, #3717, #5336 ) ) ;
#7212 = CARTESIAN_POINT ( 'NONE',  ( -62.17522999999999911, -3.988504844567673402, 7.857046014671676737 ) ) ;
#7213 = EDGE_LOOP ( 'NONE', ( #8324, #3426, #4354, #6491 ) ) ;
#7214 = CARTESIAN_POINT ( 'NONE',  ( -62.98020297462292660, -4.404960629921268911, 8.412476036601495011 ) ) ;
#7215 = CARTESIAN_POINT ( 'NONE',  ( -62.26771587433540844, -4.214445300688602458, 6.867010560780095751 ) ) ;
#7216 = ADVANCED_FACE ( 'NONE', ( #5602 ), #2775, .F. ) ;
#7217 = CARTESIAN_POINT ( 'NONE',  ( -61.53496790055500298, -4.404960629921268911, 7.466451027467043922 ) ) ;
#7218 = DIRECTION ( 'NONE',  ( -0.000000000000000000, 1.000000000000000000, -0.000000000000000000 ) ) ;
#7219 = ORIENTED_EDGE ( 'NONE', *, *, #7187, .F. ) ;
#7220 = PLANE ( 'NONE',  #7107 ) ;
#7221 = ORIENTED_EDGE ( 'NONE', *, *, #3766, .T. ) ;
#7222 = CARTESIAN_POINT ( 'NONE',  ( -62.05186612045124406, -4.265927919887499087, 7.175406186795579622 ) ) ;
#7223 = DIRECTION ( 'NONE',  ( 6.123233995736766036E-17, -1.000000000000000000, -0.000000000000000000 ) ) ;
#7224 = CARTESIAN_POINT ( 'NONE',  ( -62.90814064456702681, -4.270835389117815240, 7.053203753347655258 ) ) ;
#7225 = AXIS2_PLACEMENT_3D ( 'NONE', #5133, #507, #5920 ) ;
#7226 = DIRECTION ( 'NONE',  ( 1.000000000000000000, 0.000000000000000000, -1.224646799147353207E-16 ) ) ;
#7227 = AXIS2_PLACEMENT_3D ( 'NONE', #3308, #5966, #684 ) ;
#7228 = CARTESIAN_POINT ( 'NONE',  ( -61.26547989661090554, -4.221082593634972291, 8.308757284870685211 ) ) ;
#7229 = ORIENTED_EDGE ( 'NONE', *, *, #5485, .F. ) ;
#7230 = DIRECTION ( 'NONE',  ( 0.000000000000000000, 1.000000000000000000, 0.000000000000000000 ) ) ;
#7231 = ORIENTED_EDGE ( 'NONE', *, *, #6223, .T. ) ;
#7232 = CARTESIAN_POINT ( 'NONE',  ( -61.83469231920783926, -5.958149606299221190, 8.223152676671562133 ) ) ;
#7233 = VERTEX_POINT ( 'NONE', #5432 ) ;
#7234 = DIRECTION ( 'NONE',  ( -0.9659258262890776381, 0.000000000000000000, 0.2588190451024862115 ) ) ;
#7235 = DIRECTION ( 'NONE',  ( 0.000000000000000000, 0.000000000000000000, 1.000000000000000000 ) ) ;
#7236 = EDGE_CURVE ( 'NONE', #2910, #6206, #1413, .T. ) ;
#7237 = DIRECTION ( 'NONE',  ( 1.716930969985332461E-16, 1.000000000000000000, -9.912705577010157916E-17 ) ) ;
#7238 = ORIENTED_EDGE ( 'NONE', *, *, #1789, .F. ) ;
#7239 = FACE_OUTER_BOUND ( 'NONE', #7427, .T. ) ;
#7240 = ORIENTED_EDGE ( 'NONE', *, *, #7414, .T. ) ;
#7241 = DIRECTION ( 'NONE',  ( 0.000000000000000000, -1.000000000000000000, 0.000000000000000000 ) ) ;
#7242 = ORIENTED_EDGE ( 'NONE', *, *, #7692, .F. ) ;
#7243 = CARTESIAN_POINT ( 'NONE',  ( -61.92009783819716517, -1.482581474689054213, 8.286970595858500488 ) ) ;
#7244 = PERSON_AND_ORGANIZATION ( #2462, #3721 ) ;
#7245 = ORIENTED_EDGE ( 'NONE', *, *, #6688, .F. ) ;
#7246 = CARTESIAN_POINT ( 'NONE',  ( -62.52878339059327573, -0.3996062992126024893, 8.210599405264941808 ) ) ;
#7247 = ADVANCED_FACE ( 'NONE', ( #363 ), #2367, .T. ) ;
#7248 = CIRCLE ( 'NONE', #4015, 0.8759842516390078382 ) ;
#7249 = AXIS2_PLACEMENT_3D ( 'NONE', #2140, #4111, #3290 ) ;
#7250 = EDGE_CURVE ( 'NONE', #1248, #7955, #8334, .T. ) ;
#7251 = EDGE_CURVE ( 'NONE', #2644, #2136, #8466, .T. ) ;
#7252 = EDGE_CURVE ( 'NONE', #2520, #1215, #8377, .T. ) ;
#7253 = B_SPLINE_CURVE_WITH_KNOTS ( 'NONE', 3,
 ( #5027, #404, #1671, #4749, #8131, #3486, #7014, #3683 ),
 .UNSPECIFIED., .F., .F.,
 ( 4, 2, 2, 4 ),
 ( 0.004646775701720799213, 0.005771023607769394832, 0.006333147560793409014, 0.006895271513817423197 ),
 .UNSPECIFIED. ) ;
#7254 = B_SPLINE_CURVE_WITH_KNOTS ( 'NONE', 3,
 ( #4774, #5384, #4640, #1449 ),
 .UNSPECIFIED., .F., .F.,
 ( 4, 4 ),
 ( 2.014298343808211206E-07, 0.0004597969392808922144 ),
 .UNSPECIFIED. ) ;
#7255 = DIRECTION ( 'NONE',  ( 0.000000000000000000, 0.000000000000000000, -1.000000000000000000 ) ) ;
#7256 = AXIS2_PLACEMENT_3D ( 'NONE', #5402, #5893, #7267 ) ;
#7257 = AXIS2_PLACEMENT_3D ( 'NONE', #3598, #2281, #7671 ) ;
#7258 = ORIENTED_EDGE ( 'NONE', *, *, #3011, .F. ) ;
#7259 = CARTESIAN_POINT ( 'NONE',  ( -62.67522999999999911, -0.3996062992126024893, 7.857046014671673184 ) ) ;
#7260 = ORIENTED_EDGE ( 'NONE', *, *, #2855, .F. ) ;
#7261 = CARTESIAN_POINT ( 'NONE',  ( -62.59604058572190155, -0.4192913385826831929, 7.516508333879507120 ) ) ;
#7262 = CARTESIAN_POINT ( 'NONE',  ( -61.10421488466433004, -4.110654973105658527, 7.379437872911395857 ) ) ;
#7263 = CARTESIAN_POINT ( 'NONE',  ( -62.13919451266762195, -5.958110236220480971, 6.767666871665952932 ) ) ;
#7264 = AXIS2_PLACEMENT_3D ( 'NONE', #924, #5507, #4944 ) ;
#7265 = CARTESIAN_POINT ( 'NONE',  ( -62.38166531413242666, -4.379143505772660205, 8.926236493762829127 ) ) ;
#7266 = EDGE_LOOP ( 'NONE', ( #5722, #2698, #5558, #8430 ) ) ;
#7267 = DIRECTION ( 'NONE',  ( 0.000000000000000000, 0.000000000000000000, 1.000000000000000000 ) ) ;
#7268 = VERTEX_POINT ( 'NONE', #1675 ) ;
#7269 = CARTESIAN_POINT ( 'NONE',  ( -61.25724597466801669, -4.317609363913445186, 8.414250437478161260 ) ) ;
#7270 = CARTESIAN_POINT ( 'NONE',  ( -62.15714999999999435, -0.3996062992126024893, 8.356719021347041476 ) ) ;
#7271 = CARTESIAN_POINT ( 'NONE',  ( -61.63725583125381746, -4.404960629921268911, 8.379620213774657600 ) ) ;
#7272 = CARTESIAN_POINT ( 'NONE',  ( -62.51576768079216606, -0.3996062992126024893, 8.252212444426938021 ) ) ;
#7273 = CARTESIAN_POINT ( 'NONE',  ( -61.14660758974475385, -4.377743985122583226, 8.345197737481040434 ) ) ;
#7274 = VECTOR ( 'NONE', #870, 39.37007874015748143 ) ;
#7275 = CARTESIAN_POINT ( 'NONE',  ( -61.74221729810778214, -1.481336058263770905, 7.607046014671679401 ) ) ;
#7276 = ORIENTED_EDGE ( 'NONE', *, *, #1292, .T. ) ;
#7277 = CARTESIAN_POINT ( 'NONE',  ( -61.73738206533268880, -0.4192913385826831929, 7.538711839311114993 ) ) ;
#7278 = ADVANCED_FACE ( 'NONE', ( #449 ), #4471, .F. ) ;
#7279 = VERTEX_POINT ( 'NONE', #8422 ) ;
#7280 = CARTESIAN_POINT ( 'NONE',  ( -61.64789657046609506, -0.4126776965509274531, 7.768283068816630887 ) ) ;
#7281 = CARTESIAN_POINT ( 'NONE',  ( -61.74401926129242923, -0.3996062992126024893, 7.563482191852678227 ) ) ;
#7282 = DIRECTION ( 'NONE',  ( 1.000000000000000000, 0.000000000000000000, -2.168133328463374472E-15 ) ) ;
#7283 = EDGE_CURVE ( 'NONE', #1772, #6400, #7017, .T. ) ;
#7284 = FACE_OUTER_BOUND ( 'NONE', #3867, .T. ) ;
#7285 = EDGE_LOOP ( 'NONE', ( #7448, #167, #2508, #6676, #5173 ) ) ;
#7286 = CARTESIAN_POINT ( 'NONE',  ( -62.48725619493626482, -4.218244896851016001, 8.814280157939936799 ) ) ;
#7287 = EDGE_LOOP ( 'NONE', ( #6644, #506, #1812, #7862, #8592, #1964, #6202, #4064 ) ) ;
#7288 = CARTESIAN_POINT ( 'NONE',  ( -62.34718532649477396, -0.3996062992126024893, 8.349543512061160300 ) ) ;
#7289 = CARTESIAN_POINT ( 'NONE',  ( -62.52878339059326862, -0.3996062992126024893, 7.503492624078396567 ) ) ;
#7290 = VECTOR ( 'NONE', #8056, 39.37007874015748143 ) ;
#7291 = DATE_TIME_ROLE ( 'classification_date' ) ;
#7292 = ORIENTED_EDGE ( 'NONE', *, *, #3228, .F. ) ;
#7293 = CARTESIAN_POINT ( 'NONE',  ( -62.04582047744874274, -5.958149606299221190, 8.340008927816212392 ) ) ;
#7294 = EDGE_CURVE ( 'NONE', #2752, #7364, #7100, .T. ) ;
#7295 = CONICAL_SURFACE ( 'NONE', #6577, 0.5216535433070783601, 0.7853981633974604915 ) ;
#7296 = ADVANCED_FACE ( 'NONE', ( #7719 ), #1717, .F. ) ;
#7297 = CARTESIAN_POINT ( 'NONE',  ( -61.83469231920783926, -1.267487984742363905, 7.436235428949777848 ) ) ;
#7298 = EDGE_CURVE ( 'NONE', #6952, #1670, #4715, .T. ) ;
#7299 = VECTOR ( 'NONE', #5179, 39.37007874015748143 ) ;
#7300 = ORIENTED_EDGE ( 'NONE', *, *, #8331, .F. ) ;
#7301 = DIRECTION ( 'NONE',  ( 0.000000000000000000, -1.000000000000000000, 0.000000000000000000 ) ) ;
#7302 = ORIENTED_EDGE ( 'NONE', *, *, #4290, .F. ) ;
#7303 = CARTESIAN_POINT ( 'NONE',  ( -62.61307793466737337, -1.267487984741781704, 7.538711839310895613 ) ) ;
#7304 = CARTESIAN_POINT ( 'NONE',  ( -62.07723908901144938, -3.990057508871252434, 8.788522871678422277 ) ) ;
#7305 = EDGE_CURVE ( 'NONE', #4041, #6779, #6536, .T. ) ;
#7306 = CARTESIAN_POINT ( 'NONE',  ( -62.42523000000000621, -5.958149606299221190, 8.290058716563899921 ) ) ;
#7307 = AXIS2_PLACEMENT_3D ( 'NONE', #7380, #6045, #1280 ) ;
#7308 = CARTESIAN_POINT ( 'NONE',  ( -62.41063325287471741, -4.256664305939130699, 8.867016185246464843 ) ) ;
#7309 = ORIENTED_EDGE ( 'NONE', *, *, #8059, .F. ) ;
#7310 = CARTESIAN_POINT ( 'NONE',  ( -62.65319761351180006, -1.481336058263765798, 7.710257185281141012 ) ) ;
#7311 = ORIENTED_EDGE ( 'NONE', *, *, #179, .F. ) ;
#7312 = CARTESIAN_POINT ( 'NONE',  ( -61.25217431872473384, -4.353925381919612647, 8.427055419854998064 ) ) ;
#7313 = DIRECTION ( 'NONE',  ( -6.123233995736766036E-17, 1.000000000000000000, -0.000000000000000000 ) ) ;
#7314 = CARTESIAN_POINT ( 'NONE',  ( -61.64425778402146250, -4.282454708590341497, 8.324523165104485756 ) ) ;
#7315 = LINE ( 'NONE', #4664, #6141 ) ;
#7316 = DIRECTION ( 'NONE',  ( -0.2588190451025632055, -0.000000000000000000, 0.9659258262890568769 ) ) ;
#7317 = ORIENTED_EDGE ( 'NONE', *, *, #3302, .F. ) ;
#7318 = DIRECTION ( 'NONE',  ( 1.000000000000000000, 0.000000000000000000, -1.951319995539699193E-14 ) ) ;
#7319 = VERTEX_POINT ( 'NONE', #3772 ) ;
#7320 = CARTESIAN_POINT ( 'NONE',  ( -61.99165455255239010, -4.208110236220480971, 7.129859618435438584 ) ) ;
#7321 = VECTOR ( 'NONE', #5996, 39.37007874015748143 ) ;
#7322 = ORIENTED_EDGE ( 'NONE', *, *, #120, .T. ) ;
#7323 = DIRECTION ( 'NONE',  ( 0.000000000000000000, 0.000000000000000000, -1.000000000000000000 ) ) ;
#7324 = CYLINDRICAL_SURFACE ( 'NONE', #1230, 0.5509842519685053119 ) ;
#7325 = EDGE_CURVE ( 'NONE', #6628, #5785, #2481, .T. ) ;
#7326 = CARTESIAN_POINT ( 'NONE',  ( -62.17522999999999911, -0.3996062992126024893, 7.857046014671676737 ) ) ;
#7327 = LINE ( 'NONE', #1313, #7321 ) ;
#7328 = ORIENTED_EDGE ( 'NONE', *, *, #8323, .T. ) ;
#7329 = VERTEX_POINT ( 'NONE', #4379 ) ;
#7330 = CARTESIAN_POINT ( 'NONE',  ( -62.17522999999999911, -1.481336058263770905, 8.357046014671675849 ) ) ;
#7331 = AXIS2_PLACEMENT_3D ( 'NONE', #4061, #8011, #2042 ) ;
#7332 = AXIS2_PLACEMENT_3D ( 'NONE', #3525, #4957, #2157 ) ;
#7333 = CARTESIAN_POINT ( 'NONE',  ( -62.11846848457864212, -1.267487984742363905, 8.395400536768395483 ) ) ;
#7334 = VERTEX_POINT ( 'NONE', #3071 ) ;
#7335 = CARTESIAN_POINT ( 'NONE',  ( -62.34718532649477396, -0.3996062992126024893, 7.364548517282191398 ) ) ;
#7336 = LINE ( 'NONE', #1324, #2503 ) ;
#7337 = VERTEX_POINT ( 'NONE', #3114 ) ;
#7338 = FACE_OUTER_BOUND ( 'NONE', #8230, .T. ) ;
#7339 = ADVANCED_FACE ( 'NONE', ( #8293 ), #3024, .F. ) ;
#7340 = CARTESIAN_POINT ( 'NONE',  ( -63.09074378583452614, -4.306318759418555686, 8.491721117413922215 ) ) ;
#7341 = B_SPLINE_CURVE_WITH_KNOTS ( 'NONE', 3,
 ( #3527, #6185, #2197, #5484 ),
 .UNSPECIFIED., .F., .F.,
 ( 4, 4 ),
 ( 2.014298342817400769E-07, 0.0004597969392805629422 ),
 .UNSPECIFIED. ) ;
#7342 = CARTESIAN_POINT ( 'NONE',  ( -62.09072101034921332, -1.267487984741781704, 8.391747512484529992 ) ) ;
#7343 = CYLINDRICAL_SURFACE ( 'NONE', #1973, 0.5413385826771592857 ) ;
#7344 = EDGE_CURVE ( 'NONE', #7373, #7493, #5826, .T. ) ;
#7345 = EDGE_CURVE ( 'NONE', #5436, #8047, #2338, .T. ) ;
#7346 = CARTESIAN_POINT ( 'NONE',  ( -62.30463952255126969, -0.3996062992126024893, 8.340008927816210615 ) ) ;
#7347 = ORIENTED_EDGE ( 'NONE', *, *, #1893, .T. ) ;
#7348 = CARTESIAN_POINT ( 'NONE',  ( -62.17522999999999911, -4.208110236220480971, 7.857046014671676737 ) ) ;
#7349 = ORIENTED_EDGE ( 'NONE', *, *, #6216, .T. ) ;
#7351 = B_SPLINE_CURVE_WITH_KNOTS ( 'NONE', 3,
 ( #6719, #5312, #7265, #690, #67, #5271, #8663, #2695, #1996, #7308, #22, #6587, #3229, #6672, #5360, #2601, #8623, #7963, #1954, #604 ),
 .UNSPECIFIED., .F., .F.,
 ( 4, 2, 2, 2, 2, 2, 2, 2, 2, 4 ),
 ( 0.000000000000000000, 0.0009791333579942610582, 0.001958266715988522116, 0.002937400073982783608, 0.003916533431977044233, 0.004895666789971305291, 0.005874800147965567217, 0.006853933505959827407, 0.007343500184956918905, 0.007833066863954010403 ),
 .UNSPECIFIED. ) ;
#7350 = CARTESIAN_POINT ( 'NONE',  ( -62.69545136551489861, -0.3996062992126024893, 7.895674373511218924 ) ) ;
#7352 = CARTESIAN_POINT ( 'NONE',  ( -62.11846848457864212, -0.4192913385826831929, 8.395400536768395483 ) ) ;
#7353 = DIRECTION ( 'NONE',  ( 0.000000000000000000, -1.000000000000000000, 0.000000000000000000 ) ) ;
#7354 = VECTOR ( 'NONE', #1710, 39.37007874015748854 ) ;
#7355 = CARTESIAN_POINT ( 'NONE',  ( -62.19331000000000387, -5.958149606299221190, 8.356719021347041476 ) ) ;
#7356 = LINE ( 'NONE', #4014, #223 ) ;
#7357 = VECTOR ( 'NONE', #540, 39.37007874015748143 ) ;
#7358 = ORIENTED_EDGE ( 'NONE', *, *, #5452, .T. ) ;
#7359 = CARTESIAN_POINT ( 'NONE',  ( -62.17522999999999911, -1.572047244094489038, 7.857046014671676737 ) ) ;
#7360 = ORIENTED_EDGE ( 'NONE', *, *, #5571, .T. ) ;
#7361 = CARTESIAN_POINT ( 'NONE',  ( -63.12513003920745547, 57.93121849778213317, 7.148457468516403068 ) ) ;
#7362 = B_SPLINE_CURVE_WITH_KNOTS ( 'NONE', 3,
 ( #445, #1051, #4417, #8416 ),
 .UNSPECIFIED., .F., .F.,
 ( 4, 4 ),
 ( 2.014298343289773309E-07, 0.0004597969392807351135 ),
 .UNSPECIFIED. ) ;
#7363 = EDGE_CURVE ( 'NONE', #3882, #4752, #5254, .T. ) ;
#7364 = VERTEX_POINT ( 'NONE', #3643 ) ;
#7365 = CIRCLE ( 'NONE', #3709, 0.5413385826771592857 ) ;
#7366 = LINE ( 'NONE', #1353, #5771 ) ;
#7367 = VECTOR ( 'NONE', #2326, 39.37007874015748143 ) ;
#7368 = DIRECTION ( 'NONE',  ( 0.000000000000000000, 0.000000000000000000, 1.000000000000000000 ) ) ;
#7369 = AXIS2_PLACEMENT_3D ( 'NONE', #8364, #5063, #1177 ) ;
#7370 = CARTESIAN_POINT ( 'NONE',  ( -61.69226708685546612, -5.958149606299221190, 7.986455537222940215 ) ) ;
#7371 = AXIS2_PLACEMENT_3D ( 'NONE', #2551, #2371, #5218 ) ;
#7372 = CARTESIAN_POINT ( 'NONE',  ( -62.38111527656378996, -4.208110236220480971, 8.927399566342559822 ) ) ;
#7373 = VERTEX_POINT ( 'NONE', #7057 ) ;
#7374 = VERTEX_POINT ( 'NONE', #2982 ) ;
#7375 = ORIENTED_EDGE ( 'NONE', *, *, #4288, .F. ) ;
#7376 = CARTESIAN_POINT ( 'NONE',  ( -62.65963826846556373, -1.482581474689023571, 7.733449109625252227 ) ) ;
#7377 = CARTESIAN_POINT ( 'NONE',  ( -62.44639577009126441, -4.327920585147501775, 8.951318504772684648 ) ) ;
#7378 = CARTESIAN_POINT ( 'NONE',  ( -61.65592780826779062, -1.336377492740391304, 7.819336829614835338 ) ) ;
#7379 = ORIENTED_EDGE ( 'NONE', *, *, #147, .F. ) ;
#7380 = CARTESIAN_POINT ( 'NONE',  ( -62.83736281095315235, -5.958110236220480971, 7.137279288285492740 ) ) ;
#7381 = ADVANCED_FACE ( 'NONE', ( #4148 ), #2584, .T. ) ;
#7382 = EDGE_LOOP ( 'NONE', ( #4451, #6984, #7360, #6452 ) ) ;
#7383 = CYLINDRICAL_SURFACE ( 'NONE', #6968, 0.2879842520053231270 ) ;
#7384 = ADVANCED_FACE ( 'NONE', ( #7939 ), #3211, .T. ) ;
#7385 = ORIENTED_EDGE ( 'NONE', *, *, #6917, .T. ) ;
#7386 = DIRECTION ( 'NONE',  ( -6.123233995736766036E-17, 1.000000000000000000, -0.000000000000000000 ) ) ;
#7387 = LINE ( 'NONE', #6096, #6478 ) ;
#7388 = AXIS2_PLACEMENT_3D ( 'NONE', #493, #7675, #3162 ) ;
#7389 = CARTESIAN_POINT ( 'NONE',  ( -62.17522999999999911, -0.3996062992126024893, 7.857046014671676737 ) ) ;
#7390 = EDGE_LOOP ( 'NONE', ( #1315, #3996, #5921, #3823 ) ) ;
#7391 = CARTESIAN_POINT ( 'NONE',  ( -62.44072424263810461, -0.3996062992126024893, 7.433356497305461552 ) ) ;
#7392 = CARTESIAN_POINT ( 'NONE',  ( -62.25045884008913788, -4.208110236220480971, 7.309035879406263980 ) ) ;
#7393 = CIRCLE ( 'NONE', #5104, 0.5413385826771592857 ) ;
#7394 = ORIENTED_EDGE ( 'NONE', *, *, #3496, .T. ) ;
#7395 = DIRECTION ( 'NONE',  ( -0.000000000000000000, -1.000000000000000000, -0.000000000000000000 ) ) ;
#7396 = ORIENTED_EDGE ( 'NONE', *, *, #5718, .F. ) ;
#7397 = CARTESIAN_POINT ( 'NONE',  ( -62.59604058572190155, -0.4192913385826831929, 8.197583695463832143 ) ) ;
#7398 = CARTESIAN_POINT ( 'NONE',  ( -62.20253319869322439, -4.301422018596877450, 6.743733305867185557 ) ) ;
#7399 = FACE_OUTER_BOUND ( 'NONE', #6959, .T. ) ;
#7400 = CARTESIAN_POINT ( 'NONE',  ( -62.59604058572213603, -1.267487984741781704, 8.197583695463832143 ) ) ;
#7401 = VECTOR ( 'NONE', #6383, 39.37007874015748143 ) ;
#7402 = CIRCLE ( 'NONE', #7537, 0.7499999998708474225 ) ;
#7403 = DIRECTION ( 'NONE',  ( 1.000000000000000000, 0.000000000000000000, -1.224646799147353207E-16 ) ) ;
#7404 = CARTESIAN_POINT ( 'NONE',  ( -62.17522999999999911, -3.595905511811027466, 7.857046014671676737 ) ) ;
#7405 = EDGE_LOOP ( 'NONE', ( #3930, #8227, #7775, #5383, #2219 ) ) ;
#7406 = DIRECTION ( 'NONE',  ( 6.123233995736766036E-17, -1.000000000000000000, -0.000000000000000000 ) ) ;
#7407 = CIRCLE ( 'NONE', #3620, 0.1620000000368199133 ) ;
#7408 = EDGE_LOOP ( 'NONE', ( #8302, #2912, #5717, #2390, #6692 ) ) ;
#7409 = EDGE_CURVE ( 'NONE', #1632, #1265, #1935, .T. ) ;
#7410 = AXIS2_PLACEMENT_3D ( 'NONE', #2228, #6961, #272 ) ;
#7411 = CARTESIAN_POINT ( 'NONE',  ( -62.83362623104999045, -4.208110236220480971, 7.497860265471701702 ) ) ;
#7412 = CARTESIAN_POINT ( 'NONE',  ( -62.07789893236576972, -0.3996062992126024893, 7.344553007384737597 ) ) ;
#7413 = ADVANCED_FACE ( 'NONE', ( #3908 ), #2137, .T. ) ;
#7414 = EDGE_CURVE ( 'NONE', #1670, #6876, #3186, .T. ) ;
#7415 = DIRECTION ( 'NONE',  ( -0.2588190451024828809, 0.000000000000000000, -0.9659258262890785263 ) ) ;
#7416 = CARTESIAN_POINT ( 'NONE',  ( -62.02844117060946161, -1.481336058263765798, 7.379078401159887335 ) ) ;
#7417 = ORIENTED_EDGE ( 'NONE', *, *, #6223, .F. ) ;
#7418 = ORIENTED_EDGE ( 'NONE', *, *, #4263, .T. ) ;
#7419 = EDGE_CURVE ( 'NONE', #241, #7279, #5544, .T. ) ;
#7420 = CARTESIAN_POINT ( 'NONE',  ( -62.54133666199987118, -0.3996062992126024893, 7.516508333879505344 ) ) ;
#7421 = CARTESIAN_POINT ( 'NONE',  ( -62.71910542588236126, -4.217173188650141569, 8.140296390320504116 ) ) ;
#7422 = EDGE_CURVE ( 'NONE', #6608, #5326, #7248, .T. ) ;
#7423 = CARTESIAN_POINT ( 'NONE',  ( -62.39062134161125783, -4.313793353946790532, 8.907527232967378694 ) ) ;
#7424 = APPROVAL_ROLE ( '' ) ;
#7425 = AXIS2_PLACEMENT_3D ( 'NONE', #618, #1397, #5247 ) ;
#7426 = DIRECTION ( 'NONE',  ( 0.000000000000000000, 0.000000000000000000, 1.000000000000000000 ) ) ;
#7427 = EDGE_LOOP ( 'NONE', ( #1485, #7102, #6660, #2422 ) ) ;
#7428 = DIRECTION ( 'NONE',  ( -0.9610876741308375104, 0.000000000000000000, -0.2762435205281329464 ) ) ;
#7429 = VERTEX_POINT ( 'NONE', #4600 ) ;
#7430 = CARTESIAN_POINT ( 'NONE',  ( -62.17522999999999911, -0.3996062992126024893, 7.857046014671676737 ) ) ;
#7431 = EDGE_CURVE ( 'NONE', #6335, #5064, #1290, .T. ) ;
#7432 = ORIENTED_EDGE ( 'NONE', *, *, #1422, .T. ) ;
#7433 = CARTESIAN_POINT ( 'NONE',  ( -61.66273699271306441, -0.3996062992126024893, 7.954377082305904345 ) ) ;
#7434 = CARTESIAN_POINT ( 'NONE',  ( -62.18847093446854757, -4.404960629921268911, 7.124004473509751634 ) ) ;
#7435 = CARTESIAN_POINT ( 'NONE',  ( -62.08646705414494704, -0.4126776965509259543, 7.329712585137777126 ) ) ;
#7436 = EDGE_CURVE ( 'NONE', #4820, #6438, #8085, .T. ) ;
#7437 = EDGE_LOOP ( 'NONE', ( #2804, #7810, #578, #2589 ) ) ;
#7438 = CARTESIAN_POINT ( 'NONE',  ( -62.27256106763421428, -0.3996062992126024893, 7.344553007384734933 ) ) ;
#7439 = ORIENTED_EDGE ( 'NONE', *, *, #7662, .F. ) ;
#7440 = CARTESIAN_POINT ( 'NONE',  ( -63.05121404966129717, -5.958110236220478306, 7.856451154564531691 ) ) ;
#7441 = ORIENTED_EDGE ( 'NONE', *, *, #3044, .F. ) ;
#7442 = CARTESIAN_POINT ( 'NONE',  ( -61.26766146636015264, -4.274782905747983364, 8.387341619749330235 ) ) ;
#7443 = CARTESIAN_POINT ( 'NONE',  ( -62.29638576845389508, -4.214400618850644875, 8.448093303114811548 ) ) ;
#7444 = CARTESIAN_POINT ( 'NONE',  ( -62.16924135714971555, -1.482581474689053769, 8.356937704592271032 ) ) ;
#7445 = VECTOR ( 'NONE', #4700, 39.37007874015748143 ) ;
#7446 = ORIENTED_EDGE ( 'NONE', *, *, #3960, .T. ) ;
#7447 = CARTESIAN_POINT ( 'NONE',  ( -62.47281482132223118, -4.208110236220480971, 8.752017775881929751 ) ) ;
#7448 = ORIENTED_EDGE ( 'NONE', *, *, #1317, .F. ) ;
#7449 = CARTESIAN_POINT ( 'NONE',  ( -62.64506909754710762, -0.3996062992126024893, 8.083703557367586612 ) ) ;
#7450 = ORIENTED_EDGE ( 'NONE', *, *, #7064, .T. ) ;
#7451 = CARTESIAN_POINT ( 'NONE',  ( -62.49562054075092021, -5.958110236220478306, 7.124004473509751634 ) ) ;
#7452 = CARTESIAN_POINT ( 'NONE',  ( -62.61409743023495622, -1.482582146657664746, 7.617623951238137181 ) ) ;
#7453 = EDGE_CURVE ( 'NONE', #6406, #792, #3862, .T. ) ;
#7454 = CARTESIAN_POINT ( 'NONE',  ( -62.23199151542136320, -0.4192913385826831929, 7.318691492574958879 ) ) ;
#7455 = ADVANCED_FACE ( 'NONE', ( #130 ), #3735, .F. ) ;
#7456 = ORIENTED_EDGE ( 'NONE', *, *, #2094, .F. ) ;
#7457 = DIRECTION ( 'NONE',  ( 0.000000000000000000, 0.000000000000000000, -1.000000000000000000 ) ) ;
#7458 = VECTOR ( 'NONE', #3414, 39.37007874015748143 ) ;
#7459 = CYLINDRICAL_SURFACE ( 'NONE', #744, 0.8759842518393505806 ) ;
#7460 = ORIENTED_EDGE ( 'NONE', *, *, #6795, .T. ) ;
#7461 = ORIENTED_EDGE ( 'NONE', *, *, #7016, .T. ) ;
#7462 = EDGE_CURVE ( 'NONE', #6046, #7279, #8108, .T. ) ;
#7463 = DIRECTION ( 'NONE',  ( 0.9704481013254717681, 0.000000000000000000, 0.2413099306572087932 ) ) ;
#7464 = CARTESIAN_POINT ( 'NONE',  ( -62.88628436386693465, -4.345883739754826003, 8.066001023501694789 ) ) ;
#7465 = FACE_OUTER_BOUND ( 'NONE', #8021, .T. ) ;
#7466 = CARTESIAN_POINT ( 'NONE',  ( -62.17522999999999911, -0.3996062992126024893, 7.857046014671676737 ) ) ;
#7467 = CARTESIAN_POINT ( 'NONE',  ( -62.11846848457864212, -1.403543307086619674, 8.395400536768395483 ) ) ;
#7468 = ORIENTED_EDGE ( 'NONE', *, *, #937, .T. ) ;
#7469 = CARTESIAN_POINT ( 'NONE',  ( -62.52979071865384952, -4.276336418231474923, 9.071766702075416688 ) ) ;
#7470 = CARTESIAN_POINT ( 'NONE',  ( -61.66991042462719719, -1.267487984742363905, 7.662882197651181393 ) ) ;
#7471 = DIRECTION ( 'NONE',  ( 0.000000000000000000, 0.000000000000000000, 1.000000000000000000 ) ) ;
#7472 = CARTESIAN_POINT ( 'NONE',  ( -62.51576768079215896, -0.4192913385826831929, 7.436235428949764525 ) ) ;
#7473 = LINE ( 'NONE', #3725, #7585 ) ;
#7474 = EDGE_LOOP ( 'NONE', ( #4058, #7092, #4437, #151, #5434 ) ) ;
#7475 = CARTESIAN_POINT ( 'NONE',  ( -61.18286735631578210, -4.256666222256232146, 7.555924306434890880 ) ) ;
#7476 = ORIENTED_EDGE ( 'NONE', *, *, #4073, .T. ) ;
#7477 = CARTESIAN_POINT ( 'NONE',  ( -61.31625275041461265, -4.208110236220480971, 8.246519074417216544 ) ) ;
#7478 = CARTESIAN_POINT ( 'NONE',  ( -62.26686880364234611, -4.351317466153757252, 6.727727372191580457 ) ) ;
#7479 = DIRECTION ( 'NONE',  ( 0.000000000000000000, -1.000000000000000000, 0.000000000000000000 ) ) ;
#7480 = CARTESIAN_POINT ( 'NONE',  ( -62.61699951736621728, -1.481336058263765798, 8.091224778708935972 ) ) ;
#7481 = ORIENTED_EDGE ( 'NONE', *, *, #1299, .F. ) ;
#7482 = CARTESIAN_POINT ( 'NONE',  ( -63.26882534299483751, -4.185068183834349753, 8.415275229745859065 ) ) ;
#7483 = VERTEX_POINT ( 'NONE', #1856 ) ;
#7484 = CARTESIAN_POINT ( 'NONE',  ( -62.36939381702068630, -1.267487984741781704, 8.362365590044593233 ) ) ;
#7485 = EDGE_LOOP ( 'NONE', ( #8570, #6404, #5590, #1053, #14, #3508, #2263, #1467 ) ) ;
#7486 = CARTESIAN_POINT ( 'NONE',  ( -62.51174520989323469, -4.317643123824720597, 8.925341618569563096 ) ) ;
#7487 = CARTESIAN_POINT ( 'NONE',  ( -62.21993224104473796, -0.4061132758059439740, 7.330750766951579678 ) ) ;
#7488 = DIRECTION ( 'NONE',  ( -0.2762435205281396078, 0.000000000000000000, 0.9610876741308356230 ) ) ;
#7489 = ORIENTED_EDGE ( 'NONE', *, *, #7687, .F. ) ;
#7490 = CARTESIAN_POINT ( 'NONE',  ( -61.69226708685546612, -5.958149606299221190, 7.727636492120415923 ) ) ;
#7491 = CIRCLE ( 'NONE', #82, 0.9152559055118133502 ) ;
#7492 = CARTESIAN_POINT ( 'NONE',  ( -62.44072424263810461, -5.958149606299221190, 7.433356497305461552 ) ) ;
#7493 = VERTEX_POINT ( 'NONE', #538 ) ;
#7494 = CARTESIAN_POINT ( 'NONE',  ( -63.10840261914451332, -4.302276525524055373, 8.374707249637147299 ) ) ;
#7495 = CARTESIAN_POINT ( 'NONE',  ( -62.87137270284922153, -4.315404400435610022, 8.072221211055293111 ) ) ;
#7496 = CARTESIAN_POINT ( 'NONE',  ( -62.47840352052887880, -4.209241314188449934, 8.775818508307860810 ) ) ;
#7497 = AXIS2_PLACEMENT_3D ( 'NONE', #2929, #222, #4282 ) ;
#7498 = PLANE ( 'NONE',  #2680 ) ;
#7499 = CONICAL_SURFACE ( 'NONE', #3718, 0.5216535433070783601, 0.7853981633974604915 ) ;
#7500 = ORIENTED_EDGE ( 'NONE', *, *, #6155, .F. ) ;
#7501 = DIRECTION ( 'NONE',  ( 6.123233995736766036E-17, -1.000000000000000000, 0.000000000000000000 ) ) ;
#7502 = EDGE_LOOP ( 'NONE', ( #728, #5652, #3439, #322 ) ) ;
#7503 = CARTESIAN_POINT ( 'NONE',  ( -62.64381348280944906, -1.336377492740392858, 7.630052031020801984 ) ) ;
#7504 = EDGE_CURVE ( 'NONE', #2921, #5612, #214, .T. ) ;
#7505 = CARTESIAN_POINT ( 'NONE',  ( -62.64295653166734468, -4.217173188628754232, 7.460481838773294072 ) ) ;
#7506 = AXIS2_PLACEMENT_3D ( 'NONE', #7882, #7313, #1259 ) ;
#7507 = DIRECTION ( 'NONE',  ( 0.000000000000000000, 0.000000000000000000, 1.000000000000000000 ) ) ;
#7508 = ORIENTED_EDGE ( 'NONE', *, *, #6774, .T. ) ;
#7509 = LINE ( 'NONE', #4130, #1846 ) ;
#7510 = EDGE_CURVE ( 'NONE', #3654, #979, #8651, .T. ) ;
#7511 = EDGE_CURVE ( 'NONE', #7788, #3293, #262, .T. ) ;
#7512 = ORIENTED_EDGE ( 'NONE', *, *, #7431, .F. ) ;
#7513 = CARTESIAN_POINT ( 'NONE',  ( -63.10517147631467338, -4.045905494988303985, 7.283534197508472197 ) ) ;
#7514 = ORIENTED_EDGE ( 'NONE', *, *, #2062, .F. ) ;
#7515 = CARTESIAN_POINT ( 'NONE',  ( -62.46749986408380551, -4.404960629921268911, 8.790353212545978678 ) ) ;
#7516 = VERTEX_POINT ( 'NONE', #2304 ) ;
#7517 = DIRECTION ( 'NONE',  ( 0.000000000000000000, 0.000000000000000000, 1.000000000000000000 ) ) ;
#7518 = CARTESIAN_POINT ( 'NONE',  ( -62.16660639744478800, -4.280635515788748791, 6.802029731794207557 ) ) ;
#7519 = DIRECTION ( 'NONE',  ( 0.000000000000000000, 1.000000000000000000, 0.000000000000000000 ) ) ;
#7520 = EDGE_CURVE ( 'NONE', #7126, #1157, #5877, .T. ) ;
#7521 = FACE_OUTER_BOUND ( 'NONE', #7089, .T. ) ;
#7522 = ORIENTED_EDGE ( 'NONE', *, *, #528, .T. ) ;
#7523 = AXIS2_PLACEMENT_3D ( 'NONE', #4517, #8146, #6072 ) ;
#7524 = CARTESIAN_POINT ( 'NONE',  ( -62.59604058572190155, -1.267487984742363905, 7.516508333879505344 ) ) ;
#7525 = VERTEX_POINT ( 'NONE', #8274 ) ;
#7526 = FACE_OUTER_BOUND ( 'NONE', #1217, .T. ) ;
#7527 = ORIENTED_EDGE ( 'NONE', *, *, #1473, .F. ) ;
#7528 = CARTESIAN_POINT ( 'NONE',  ( -61.56225764116523180, -3.983565816460567177, 7.230753195274703948 ) ) ;
#7529 = VECTOR ( 'NONE', #6864, 39.37007874015748143 ) ;
#7530 = AXIS2_PLACEMENT_3D ( 'NONE', #4009, #777, #6770 ) ;
#7531 = CARTESIAN_POINT ( 'NONE',  ( -61.66935201656725241, -1.407454082783006433, 7.881330991429067900 ) ) ;
#7532 = CARTESIAN_POINT ( 'NONE',  ( -61.33913432634641794, -4.002870303394284512, 7.317456188132769768 ) ) ;
#7533 = EDGE_CURVE ( 'NONE', #7546, #5062, #6303, .T. ) ;
#7534 = ORIENTED_EDGE ( 'NONE', *, *, #3218, .F. ) ;
#7535 = VECTOR ( 'NONE', #1226, 39.37007874015748143 ) ;
#7536 = CARTESIAN_POINT ( 'NONE',  ( -61.23894892115650634, -4.208428596374984565, 7.663537258276399200 ) ) ;
#7537 = AXIS2_PLACEMENT_3D ( 'NONE', #7558, #4918, #8260 ) ;
#7538 = CARTESIAN_POINT ( 'NONE',  ( -62.51576768079215896, -1.267487984742363905, 8.277856600393572961 ) ) ;
#7539 = FACE_OUTER_BOUND ( 'NONE', #8414, .T. ) ;
#7540 = EDGE_LOOP ( 'NONE', ( #3551, #4812, #5185, #5929 ) ) ;
#7541 = CIRCLE ( 'NONE', #1807, 0.9431496061450787005 ) ;
#7542 = CARTESIAN_POINT ( 'NONE',  ( -62.95396895476463328, -4.208110236220480971, 8.403473154091008368 ) ) ;
#7543 = DIRECTION ( 'NONE',  ( 0.4842579450684447728, 0.000000000000000000, -0.8749252783170041736 ) ) ;
#7544 = FACE_OUTER_BOUND ( 'NONE', #7633, .T. ) ;
#7545 = DIRECTION ( 'NONE',  ( -0.000000000000000000, -1.000000000000000000, -0.000000000000000000 ) ) ;
#7546 = VERTEX_POINT ( 'NONE', #5499 ) ;
#7547 = DIRECTION ( 'NONE',  ( -1.000000000000000000, -0.000000000000000000, -0.000000000000000000 ) ) ;
#7548 = ORIENTED_EDGE ( 'NONE', *, *, #7136, .T. ) ;
#7549 = DIRECTION ( 'NONE',  ( -1.000000000000000000, 0.000000000000000000, 0.000000000000000000 ) ) ;
#7550 = CARTESIAN_POINT ( 'NONE',  ( -62.71358452209671697, -0.4192913385826831929, 7.800284499250311754 ) ) ;
#7551 = CARTESIAN_POINT ( 'NONE',  ( -62.44072424263811172, -0.3996062992126024893, 8.280735532037894586 ) ) ;
#7552 = CARTESIAN_POINT ( 'NONE',  ( -61.68790348981730176, -0.3996062992126024893, 7.968906966183599394 ) ) ;
#7553 = EDGE_CURVE ( 'NONE', #6283, #6128, #1358, .T. ) ;
#7554 = EDGE_CURVE ( 'NONE', #6588, #7546, #1228, .T. ) ;
#7555 = B_SPLINE_CURVE_WITH_KNOTS ( 'NONE', 3,
 ( #5658, #1938, #3296, #7943 ),
 .UNSPECIFIED., .F., .F.,
 ( 4, 4 ),
 ( 1.745186996031416418E-16, 0.0008211405993301528232 ),
 .UNSPECIFIED. ) ;
#7556 = EDGE_CURVE ( 'NONE', #1759, #5498, #916, .T. ) ;
#7557 = ORIENTED_EDGE ( 'NONE', *, *, #1140, .T. ) ;
#7558 = CARTESIAN_POINT ( 'NONE',  ( -62.17522999999999911, -5.958110236220480971, 7.857046014671676737 ) ) ;
#7559 = ORIENTED_EDGE ( 'NONE', *, *, #7932, .T. ) ;
#7560 = CARTESIAN_POINT ( 'NONE',  ( -62.42523000000000621, -0.3996062992126024893, 8.290058716563899921 ) ) ;
#7561 = CARTESIAN_POINT ( 'NONE',  ( -61.69226708685546612, -1.481336058263770905, 7.727636492120415923 ) ) ;
#7562 = ADVANCED_FACE ( 'NONE', ( #7572 ), #1784, .F. ) ;
#7563 = B_SPLINE_CURVE_WITH_KNOTS ( 'NONE', 3,
 ( #1958, #4621, #71, #3449 ),
 .UNSPECIFIED., .F., .F.,
 ( 4, 4 ),
 ( 2.014298342817441268E-07, 0.0004597969392807916005 ),
 .UNSPECIFIED. ) ;
#7564 = CARTESIAN_POINT ( 'NONE',  ( -62.17522999999999911, -0.4192913385826831929, 7.857046014671676737 ) ) ;
#7565 = CARTESIAN_POINT ( 'NONE',  ( -61.67523000000000621, -0.3996062992126024893, 7.857046014671682066 ) ) ;
#7566 = ADVANCED_FACE ( 'NONE', ( #6953 ), #807, .F. ) ;
#7567 = CARTESIAN_POINT ( 'NONE',  ( -62.38111527656378996, -5.958110236220480971, 8.927399566342559822 ) ) ;
#7568 = VECTOR ( 'NONE', #2634, 39.37007874015748143 ) ;
#7569 = VERTEX_POINT ( 'NONE', #1000 ) ;
#7570 = LINE ( 'NONE', #6907, #7529 ) ;
#7571 = ORIENTED_EDGE ( 'NONE', *, *, #4706, .T. ) ;
#7572 = FACE_OUTER_BOUND ( 'NONE', #1618, .T. ) ;
#7573 = CARTESIAN_POINT ( 'NONE',  ( -63.00214706729087055, -4.388797824604242948, 7.068747455791792866 ) ) ;
#7574 = CARTESIAN_POINT ( 'NONE',  ( -62.17522999999999911, -3.595905511811027466, 7.306061762703171425 ) ) ;
#7575 = ORIENTED_EDGE ( 'NONE', *, *, #7986, .T. ) ;
#7576 = LINE ( 'NONE', #1619, #2461 ) ;
#7577 = AXIS2_PLACEMENT_3D ( 'NONE', #6535, #6, #7904 ) ;
#7578 = FACE_OUTER_BOUND ( 'NONE', #4491, .T. ) ;
#7579 = CARTESIAN_POINT ( 'NONE',  ( -62.59891951736621252, -1.481336058263765798, 7.591551772033561463 ) ) ;
#7580 = ORIENTED_EDGE ( 'NONE', *, *, #2578, .T. ) ;
#7581 = DIRECTION ( 'NONE',  ( 6.123233995736766036E-17, -1.000000000000000000, -0.000000000000000000 ) ) ;
#7582 = CARTESIAN_POINT ( 'NONE',  ( -62.18813945550338218, -4.289442697926044268, 8.569733264190677602 ) ) ;
#7583 = EDGE_CURVE ( 'NONE', #5741, #4545, #3485, .T. ) ;
#7584 = FACE_OUTER_BOUND ( 'NONE', #5623, .T. ) ;
#7585 = VECTOR ( 'NONE', #4833, 39.37007874015748143 ) ;
#7586 = CARTESIAN_POINT ( 'NONE',  ( -62.52878339059327573, -1.481336058263770905, 8.210599405264941808 ) ) ;
#7587 = EDGE_LOOP ( 'NONE', ( #8027, #6339, #1545, #5055 ) ) ;
#7588 = CARTESIAN_POINT ( 'NONE',  ( -62.17522999999999911, -0.3996062992126024893, 7.857046014671676737 ) ) ;
#7589 = CIRCLE ( 'NONE', #6886, 0.5216535433070783601 ) ;
#7590 = ORIENTED_EDGE ( 'NONE', *, *, #5969, .F. ) ;
#7591 = CARTESIAN_POINT ( 'NONE',  ( -62.66111037501541148, -1.482582146657621447, 7.974722719905530610 ) ) ;
#7592 = AXIS2_PLACEMENT_3D ( 'NONE', #5251, #6607, #8418 ) ;
#7593 = FACE_OUTER_BOUND ( 'NONE', #8122, .T. ) ;
#7594 = CARTESIAN_POINT ( 'NONE',  ( -62.17522999999999911, -1.403543307086619674, 7.857046014671676737 ) ) ;
#7595 = ORIENTED_EDGE ( 'NONE', *, *, #444, .F. ) ;
#7596 = CARTESIAN_POINT ( 'NONE',  ( -62.49562054075092021, 57.93121849778213317, 7.124004473509751634 ) ) ;
#7597 = ORIENTED_EDGE ( 'NONE', *, *, #1727, .F. ) ;
#7598 = FACE_OUTER_BOUND ( 'NONE', #7046, .T. ) ;
#7599 = VERTEX_POINT ( 'NONE', #3233 ) ;
#7600 = CARTESIAN_POINT ( 'NONE',  ( -61.93075427253077692, -4.019271410940580047, 6.844827205436558870 ) ) ;
#7601 = EDGE_CURVE ( 'NONE', #6628, #3466, #7802, .T. ) ;
#7602 = CARTESIAN_POINT ( 'NONE',  ( -62.25086916155265726, -4.209241314190080629, 6.900419535453345965 ) ) ;
#7603 = EDGE_CURVE ( 'NONE', #8072, #6588, #2762, .T. ) ;
#7604 = LINE ( 'NONE', #779, #7151 ) ;
#7605 = LINE ( 'NONE', #2832, #7274 ) ;
#7606 = ORIENTED_EDGE ( 'NONE', *, *, #8480, .F. ) ;
#7607 = ORIENTED_EDGE ( 'NONE', *, *, #5840, .T. ) ;
#7608 = CARTESIAN_POINT ( 'NONE',  ( -62.60824270189222318, -1.481336058263770905, 8.107046014671675849 ) ) ;
#7609 = ORIENTED_EDGE ( 'NONE', *, *, #1030, .F. ) ;
#7610 = DIRECTION ( 'NONE',  ( -0.000000000000000000, -1.000000000000000000, -0.000000000000000000 ) ) ;
#7611 = ORIENTED_EDGE ( 'NONE', *, *, #812, .F. ) ;
#7612 = CARTESIAN_POINT ( 'NONE',  ( -62.80150587019018360, -4.208110236220480971, 7.151844118707009201 ) ) ;
#7613 = CARTESIAN_POINT ( 'NONE',  ( -63.00020833506978590, -4.373008679644056151, 7.069575645644248674 ) ) ;
#7614 = DIRECTION ( 'NONE',  ( 0.8660254037844268282, 0.000000000000000000, -0.5000000000000204281 ) ) ;
#7615 = EDGE_CURVE ( 'NONE', #7126, #1169, #3056, .T. ) ;
#7616 = ORIENTED_EDGE ( 'NONE', *, *, #8076, .T. ) ;
#7617 = EDGE_CURVE ( 'NONE', #637, #535, #3901, .T. ) ;
#7618 = CARTESIAN_POINT ( 'NONE',  ( -61.25136930826641901, -4.208110236220480971, 7.667276149373861927 ) ) ;
#7619 = CARTESIAN_POINT ( 'NONE',  ( -62.49356417536056085, -1.267487984742363905, 7.419198080004368201 ) ) ;
#7620 = DIRECTION ( 'NONE',  ( 0.000000000000000000, 1.000000000000000000, 0.000000000000000000 ) ) ;
#7621 = ORIENTED_EDGE ( 'NONE', *, *, #467, .F. ) ;
#7622 = VECTOR ( 'NONE', #3647, 39.37007874015748143 ) ;
#7623 = FACE_OUTER_BOUND ( 'NONE', #8035, .T. ) ;
#7624 = CARTESIAN_POINT ( 'NONE',  ( -62.61699951736621728, -0.3996062992126024893, 8.091224778708935972 ) ) ;
#7625 = VECTOR ( 'NONE', #3428, 39.37007874015748143 ) ;
#7626 = DIRECTION ( 'NONE',  ( 0.000000000000000000, 0.000000000000000000, 1.000000000000000000 ) ) ;
#7627 = ORIENTED_EDGE ( 'NONE', *, *, #6592, .F. ) ;
#7628 = DIRECTION ( 'NONE',  ( 0.000000000000000000, 0.000000000000000000, -1.000000000000000000 ) ) ;
#7629 = EDGE_CURVE ( 'NONE', #5413, #4473, #7890, .T. ) ;
#7630 = EDGE_LOOP ( 'NONE', ( #8174, #5424, #7120, #170 ) ) ;
#7631 = CARTESIAN_POINT ( 'NONE',  ( -61.98106618297951087, -1.267487984742363905, 8.362365590044479546 ) ) ;
#7632 = AXIS2_PLACEMENT_3D ( 'NONE', #2703, #2004, #5935 ) ;
#7633 = EDGE_LOOP ( 'NONE', ( #8597, #6038, #3570, #4824 ) ) ;
#7634 = CARTESIAN_POINT ( 'NONE',  ( -62.75930114953330730, -4.265927919859175965, 7.484604886812133095 ) ) ;
#7635 = DIRECTION ( 'NONE',  ( 0.000000000000000000, 0.000000000000000000, -1.000000000000000000 ) ) ;
#7636 = AXIS2_PLACEMENT_3D ( 'NONE', #8619, #2597, #4215 ) ;
#7637 = CARTESIAN_POINT ( 'NONE',  ( -62.19331000000000387, -1.481336058263765798, 8.356719021347041476 ) ) ;
#7638 = ADVANCED_FACE ( 'NONE', ( #1741 ), #5131, .T. ) ;
#7639 = EDGE_CURVE ( 'NONE', #92, #5401, #6251, .T. ) ;
#7640 = ORIENTED_EDGE ( 'NONE', *, *, #5840, .F. ) ;
#7641 = DIRECTION ( 'NONE',  ( -3.351616678113733336E-14, 0.000000000000000000, -1.000000000000000000 ) ) ;
#7642 = VERTEX_POINT ( 'NONE', #7397 ) ;
#7643 = CARTESIAN_POINT ( 'NONE',  ( -61.14537988139105096, -4.404960629921268911, 8.345931208611505170 ) ) ;
#7644 = CARTESIAN_POINT ( 'NONE',  ( -62.26742506121523490, -4.208110236220480971, 6.918413365338943244 ) ) ;
#7645 = CARTESIAN_POINT ( 'NONE',  ( -61.98106618297929771, -1.267487984741781704, 7.351726439298763793 ) ) ;
#7646 = CARTESIAN_POINT ( 'NONE',  ( -61.65500863448509250, -0.3996062992126024893, 7.895674373511227806 ) ) ;
#7647 = CARTESIAN_POINT ( 'NONE',  ( -62.30463952255126259, -1.481336058263770905, 7.374083101527142858 ) ) ;
#7648 = ORIENTED_EDGE ( 'NONE', *, *, #3218, .T. ) ;
#7649 = CYLINDRICAL_SURFACE ( 'NONE', #5280, 0.2879842520133656381 ) ;
#7650 = ORIENTED_EDGE ( 'NONE', *, *, #2094, .T. ) ;
#7651 = DIRECTION ( 'NONE',  ( 0.000000000000000000, -1.000000000000000000, 0.000000000000000000 ) ) ;
#7652 = CARTESIAN_POINT ( 'NONE',  ( -61.98106618297949666, -1.403543307086619674, 7.351726439298878368 ) ) ;
#7653 = CARTESIAN_POINT ( 'NONE',  ( -62.61307793466730942, -0.4192913385826831929, 8.175380190032239369 ) ) ;
#7654 = VECTOR ( 'NONE', #6308, 39.37007874015748143 ) ;
#7655 = DIRECTION ( 'NONE',  ( 0.000000000000000000, -1.000000000000000000, 0.000000000000000000 ) ) ;
#7656 = EDGE_CURVE ( 'NONE', #8145, #5436, #6823, .T. ) ;
#7657 = B_SPLINE_CURVE_WITH_KNOTS ( 'NONE', 3,
 ( #968, #2272, #6916, #5591 ),
 .UNSPECIFIED., .F., .F.,
 ( 4, 4 ),
 ( 2.372388754667316706E-06, 0.005608136317045287270 ),
 .UNSPECIFIED. ) ;
#7658 = ORIENTED_EDGE ( 'NONE', *, *, #820, .F. ) ;
#7659 = CARTESIAN_POINT ( 'NONE',  ( -62.46749986408380551, -4.208110236220480971, 8.790353212545978678 ) ) ;
#7660 = DIRECTION ( 'NONE',  ( 0.000000000000000000, 0.000000000000000000, 1.000000000000000000 ) ) ;
#7661 = DIRECTION ( 'NONE',  ( 0.000000000000000000, -1.000000000000000000, 0.000000000000000000 ) ) ;
#7662 = EDGE_CURVE ( 'NONE', #2605, #6464, #1383, .T. ) ;
#7663 = AXIS2_PLACEMENT_3D ( 'NONE', #3972, #1336, #4708 ) ;
#7664 = ORIENTED_EDGE ( 'NONE', *, *, #3273, .T. ) ;
#7665 = CARTESIAN_POINT ( 'NONE',  ( -61.68790348981730176, -1.481336058263765798, 7.745185063159765626 ) ) ;
#7666 = EDGE_CURVE ( 'NONE', #5146, #5469, #5831, .T. ) ;
#7667 = CARTESIAN_POINT ( 'NONE',  ( -62.02844117060947582, -5.958149606299221190, 8.335013628183469692 ) ) ;
#7668 = EDGE_CURVE ( 'NONE', #3387, #4106, #3607, .T. ) ;
#7669 = AXIS2_PLACEMENT_3D ( 'NONE', #7889, #1889, #5905 ) ;
#7670 = VECTOR ( 'NONE', #3831, 39.37007874015748143 ) ;
#7671 = DIRECTION ( 'NONE',  ( 1.000000000000000000, 6.123233995736766036E-17, 0.000000000000000000 ) ) ;
#7672 = CARTESIAN_POINT ( 'NONE',  ( -62.59891951736621252, -0.3996062992126024893, 7.591551772033561463 ) ) ;
#7673 = EDGE_CURVE ( 'NONE', #5273, #1227, #7108, .T. ) ;
#7674 = ORIENTED_EDGE ( 'NONE', *, *, #1771, .F. ) ;
#7675 = DIRECTION ( 'NONE',  ( -0.9610876741308346238, 0.000000000000000000, -0.2762435205281429940 ) ) ;
#7676 = EDGE_CURVE ( 'NONE', #4538, #1940, #5975, .T. ) ;
#7677 = EDGE_LOOP ( 'NONE', ( #4056, #4312, #3689, #5421 ) ) ;
#7678 = DIRECTION ( 'NONE',  ( 0.000000000000000000, -1.000000000000000000, 0.000000000000000000 ) ) ;
#7679 = PLANE ( 'NONE',  #3967 ) ;
#7680 = CIRCLE ( 'NONE', #6979, 0.5413385826771592857 ) ;
#7681 = LINE ( 'NONE', #8340, #6936 ) ;
#7682 = ORIENTED_EDGE ( 'NONE', *, *, #1840, .F. ) ;
#7683 = CARTESIAN_POINT ( 'NONE',  ( -61.47924113679786018, -4.002870303380856143, 8.568251089606187421 ) ) ;
#7684 = CIRCLE ( 'NONE', #2098, 0.5531496063287999476 ) ;
#7685 = ORIENTED_EDGE ( 'NONE', *, *, #4033, .T. ) ;
#7686 = CARTESIAN_POINT ( 'NONE',  ( -62.61114322403711441, -1.482581474689002698, 8.101805542789426440 ) ) ;
#7687 = EDGE_CURVE ( 'NONE', #1286, #5688, #7563, .T. ) ;
#7688 = VERTEX_POINT ( 'NONE', #3408 ) ;
#7689 = FACE_OUTER_BOUND ( 'NONE', #7382, .T. ) ;
#7690 = CARTESIAN_POINT ( 'NONE',  ( -61.75154048263378570, -0.3996062992126024893, 8.122540257309786682 ) ) ;
#7691 = CARTESIAN_POINT ( 'NONE',  ( -62.68054957537280103, -1.403543307086619674, 8.051209831692165864 ) ) ;
#7692 = EDGE_CURVE ( 'NONE', #1870, #1826, #1793, .T. ) ;
#7693 = CYLINDRICAL_SURFACE ( 'NONE', #3089, 0.5413385826771592857 ) ;
#7694 = ORIENTED_EDGE ( 'NONE', *, *, #5782, .T. ) ;
#7695 = CARTESIAN_POINT ( 'NONE',  ( -62.40222398365087741, -1.336377492740389306, 8.325629497481129349 ) ) ;
#7696 = ORIENTED_EDGE ( 'NONE', *, *, #2487, .F. ) ;
#7697 = DIRECTION ( 'NONE',  ( 0.000000000000000000, 0.000000000000000000, -1.000000000000000000 ) ) ;
#7698 = ORIENTED_EDGE ( 'NONE', *, *, #6636, .F. ) ;
#7699 = CARTESIAN_POINT ( 'NONE',  ( -61.08306508599046936, -4.243914155355430928, 8.475202627332858896 ) ) ;
#7700 = CARTESIAN_POINT ( 'NONE',  ( -62.80150587019018360, -4.208110236220481859, 7.151844118707010090 ) ) ;
#7701 = CIRCLE ( 'NONE', #3227, 0.7499999998708474225 ) ;
#7702 = CARTESIAN_POINT ( 'NONE',  ( -62.17522999999999911, -0.3996062992126024893, 7.857046014671676737 ) ) ;
#7703 = DIRECTION ( 'NONE',  ( 6.123233995736766036E-17, -1.000000000000000000, -0.000000000000000000 ) ) ;
#7704 = AXIS2_PLACEMENT_3D ( 'NONE', #5006, #6323, #1070 ) ;
#7705 = ORIENTED_EDGE ( 'NONE', *, *, #1727, .T. ) ;
#7706 = LINE ( 'NONE', #3199, #231 ) ;
#7707 = DIRECTION ( 'NONE',  ( 0.000000000000000000, -1.000000000000000000, 0.000000000000000000 ) ) ;
#7708 = DIRECTION ( 'NONE',  ( 0.000000000000000000, -1.000000000000000000, 0.000000000000000000 ) ) ;
#7709 = VECTOR ( 'NONE', #1559, 39.37007874015748143 ) ;
#7710 = ORIENTED_EDGE ( 'NONE', *, *, #5707, .T. ) ;
#7711 = EDGE_CURVE ( 'NONE', #2159, #1009, #3889, .T. ) ;
#7712 = CARTESIAN_POINT ( 'NONE',  ( -62.51576768079215896, -1.336377492739991402, 7.463179492945963389 ) ) ;
#7713 = EDGE_CURVE ( 'NONE', #5612, #5638, #608, .T. ) ;
#7714 = CARTESIAN_POINT ( 'NONE',  ( -62.32961834285124070, -1.407454082783006877, 8.339401209325716380 ) ) ;
#7715 = CONICAL_SURFACE ( 'NONE', #6030, 0.5216535433070783601, 0.7853981633974604915 ) ;
#7716 = CARTESIAN_POINT ( 'NONE',  ( -61.68062054991133891, -1.267487984742363905, 8.077066361407839068 ) ) ;
#7717 = CARTESIAN_POINT ( 'NONE',  ( -62.19330999999999676, -1.481336058263765798, 7.357373007996311998 ) ) ;
#7718 = ORIENTED_EDGE ( 'NONE', *, *, #2998, .T. ) ;
#7719 = FACE_OUTER_BOUND ( 'NONE', #4680, .T. ) ;
#7720 = EDGE_LOOP ( 'NONE', ( #4428, #5806, #4852, #4638, #3446 ) ) ;
#7721 = LINE ( 'NONE', #3564, #6639 ) ;
#7722 = VERTEX_POINT ( 'NONE', #5930 ) ;
#7723 = CARTESIAN_POINT ( 'NONE',  ( -62.51576768079216606, -0.3996062992126024893, 8.223152676671547923 ) ) ;
#7724 = CARTESIAN_POINT ( 'NONE',  ( -61.11262685882755363, -4.270835389112744629, 7.624247908585606304 ) ) ;
#7725 = CARTESIAN_POINT ( 'NONE',  ( -62.51576768079215896, -5.958149606299221190, 7.490939352671794893 ) ) ;
#7726 = VECTOR ( 'NONE', #6027, 39.37007874015748854 ) ;
#7727 = ORIENTED_EDGE ( 'NONE', *, *, #5990, .F. ) ;
#7728 = CARTESIAN_POINT ( 'NONE',  ( -62.42522999999999911, -5.958149606299221190, 7.424033312779459770 ) ) ;
#7729 = ORIENTED_EDGE ( 'NONE', *, *, #331, .T. ) ;
#7730 = CARTESIAN_POINT ( 'NONE',  ( -62.17522999999999911, -1.858375076448566254, 7.857046014671676737 ) ) ;
#7731 = FACE_OUTER_BOUND ( 'NONE', #8217, .T. ) ;
#7732 = CARTESIAN_POINT ( 'NONE',  ( -62.17522999999999911, -4.381104177324340654, 7.857046014671676737 ) ) ;
#7733 = CARTESIAN_POINT ( 'NONE',  ( -62.26691290314170857, -4.341429330498449701, 6.730861256653723146 ) ) ;
#7734 = LINE ( 'NONE', #2337, #3377 ) ;
#7735 = ORIENTED_EDGE ( 'NONE', *, *, #257, .F. ) ;
#7736 = VERTEX_POINT ( 'NONE', #7350 ) ;
#7737 = DIRECTION ( 'NONE',  ( 0.000000000000000000, 0.000000000000000000, 1.000000000000000000 ) ) ;
#7738 = VERTEX_POINT ( 'NONE', #4659 ) ;
#7739 = LINE ( 'NONE', #8354, #6548 ) ;
#7740 = APPROVAL ( #5956, 'UNSPECIFIED' ) ;
#7741 = EDGE_LOOP ( 'NONE', ( #6522, #3232, #5303, #7888 ) ) ;
#7742 = CARTESIAN_POINT ( 'NONE',  ( -61.03709112360010636, -4.278138254083298619, 8.411115708862929807 ) ) ;
#7743 = CIRCLE ( 'NONE', #4652, 0.5039999999551352250 ) ;
#7744 = CARTESIAN_POINT ( 'NONE',  ( -63.06782860117953504, -4.270835389113296188, 8.478808132262207309 ) ) ;
#7745 = CARTESIAN_POINT ( 'NONE',  ( -62.82595726523301494, -4.209241314190057537, 7.151773351284946401 ) ) ;
#7746 = PLANE ( 'NONE',  #2789 ) ;
#7747 = CARTESIAN_POINT ( 'NONE',  ( -61.15139196503034213, -4.351317466146640278, 8.342343804251580508 ) ) ;
#7748 = ORIENTED_EDGE ( 'NONE', *, *, #147, .T. ) ;
#7749 = FACE_OUTER_BOUND ( 'NONE', #1490, .T. ) ;
#7750 = ORIENTED_EDGE ( 'NONE', *, *, #6236, .T. ) ;
#7751 = DIRECTION ( 'NONE',  ( 0.000000000000000000, 0.000000000000000000, 1.000000000000000000 ) ) ;
#7752 = ORIENTED_EDGE ( 'NONE', *, *, #4886, .T. ) ;
#7753 = LINE ( 'NONE', #1752, #6705 ) ;
#7754 = DIRECTION ( 'NONE',  ( 5.131193983648229015E-17, 1.000000000000000000, 1.914987665046796076E-16 ) ) ;
#7755 = B_SPLINE_CURVE_WITH_KNOTS ( 'NONE', 3,
 ( #89, #5423, #6651, #4769 ),
 .UNSPECIFIED., .F., .F.,
 ( 4, 4 ),
 ( 0.000000000000000000, 0.003044469777050454098 ),
 .UNSPECIFIED. ) ;
#7756 = CARTESIAN_POINT ( 'NONE',  ( -62.21293918505685383, -1.336377492740391526, 7.337743822939467364 ) ) ;
#7757 = CARTESIAN_POINT ( 'NONE',  ( -61.73346048263378805, -0.3996062992126024893, 7.622867250634420166 ) ) ;
#7758 = ORIENTED_EDGE ( 'NONE', *, *, #6393, .T. ) ;
#7759 = CARTESIAN_POINT ( 'NONE',  ( -61.67416438083134267, -0.4126776965509273420, 7.670250265929936972 ) ) ;
#7760 = AXIS2_PLACEMENT_3D ( 'NONE', #4287, #4159, #5022 ) ;
#7761 = VERTEX_POINT ( 'NONE', #8095 ) ;
#7762 = CARTESIAN_POINT ( 'NONE',  ( -63.07026297732239328, -4.256664305939534820, 8.380849801052427495 ) ) ;
#7763 = CARTESIAN_POINT ( 'NONE',  ( -61.20634228024329815, -4.214383444080942454, 7.631943750899322865 ) ) ;
#7764 = CARTESIAN_POINT ( 'NONE',  ( -61.68062054991133181, -0.4192913385826831929, 8.077066361407828410 ) ) ;
#7765 = AXIS2_PLACEMENT_3D ( 'NONE', #3254, #1148, #5174 ) ;
#7766 = B_SPLINE_CURVE_WITH_KNOTS ( 'NONE', 3,
 ( #8325, #4196, #839, #6207 ),
 .UNSPECIFIED., .F., .F.,
 ( 4, 4 ),
 ( 2.014298340468639022E-07, 0.0004597969392806658872 ),
 .UNSPECIFIED. ) ;
#7767 = VECTOR ( 'NONE', #1931, 39.37007874015748143 ) ;
#7768 = B_SPLINE_CURVE_WITH_KNOTS ( 'NONE', 3,
 ( #5295, #7376, #4035, #6701 ),
 .UNSPECIFIED., .F., .F.,
 ( 4, 4 ),
 ( 2.014298343829045570E-07, 0.0004597969392806375353 ),
 .UNSPECIFIED. ) ;
#7769 = ORIENTED_EDGE ( 'NONE', *, *, #2887, .F. ) ;
#7770 = DIRECTION ( 'NONE',  ( 0.4842579450684293962, 0.000000000000000000, 0.8749252783170126113 ) ) ;
#7771 = EDGE_CURVE ( 'NONE', #2047, #5273, #5029, .T. ) ;
#7772 = ORIENTED_EDGE ( 'NONE', *, *, #5782, .F. ) ;
#7773 = DIRECTION ( 'NONE',  ( 0.000000000000000000, -1.000000000000000000, 0.000000000000000000 ) ) ;
#7774 = DIRECTION ( 'NONE',  ( 0.000000000000000000, 1.000000000000000000, 0.000000000000000000 ) ) ;
#7775 = ORIENTED_EDGE ( 'NONE', *, *, #6319, .F. ) ;
#7776 = CARTESIAN_POINT ( 'NONE',  ( -61.68062054991111154, -1.267487984741781704, 7.637025667935578355 ) ) ;
#7777 = DIRECTION ( 'NONE',  ( -1.914987665046790899E-16, 1.000000000000000000, 5.131193983648429311E-17 ) ) ;
#7778 = CARTESIAN_POINT ( 'NONE',  ( -61.80912333800013414, -0.3996062992126024893, 8.197583695463849907 ) ) ;
#7779 = EDGE_CURVE ( 'NONE', #1826, #8141, #6295, .T. ) ;
#7780 = CARTESIAN_POINT ( 'NONE',  ( -61.56781656286425886, -4.251793687226553153, 7.558046573229137977 ) ) ;
#7781 = EDGE_CURVE ( 'NONE', #6058, #2800, #3474, .T. ) ;
#7782 = VECTOR ( 'NONE', #2493, 39.37007874015748143 ) ;
#7783 = CONICAL_SURFACE ( 'NONE', #7636, 0.5216535433070783601, 0.7853981633974604915 ) ;
#7784 = DIRECTION ( 'NONE',  ( 0.01808295674479139248, 0.000000000000000000, 0.9998364899699180297 ) ) ;
#7785 = EDGE_LOOP ( 'NONE', ( #5371, #2253, #7627, #833 ) ) ;
#7786 = DIRECTION ( 'NONE',  ( 0.000000000000000000, 0.000000000000000000, -1.000000000000000000 ) ) ;
#7787 = EDGE_CURVE ( 'NONE', #2096, #6206, #5980, .T. ) ;
#7788 = VERTEX_POINT ( 'NONE', #6944 ) ;
#7789 = CARTESIAN_POINT ( 'NONE',  ( -61.03425896466038836, -4.278729374384917072, 8.405626528314337875 ) ) ;
#7790 = EDGE_CURVE ( 'NONE', #425, #7137, #8655, .T. ) ;
#7791 = DIRECTION ( 'NONE',  ( -0.4999999999999665268, 0.000000000000000000, -0.8660254037844579145 ) ) ;
#7792 = DIRECTION ( 'NONE',  ( 0.000000000000000000, 0.000000000000000000, 1.000000000000000000 ) ) ;
#7793 = LINE ( 'NONE', #2394, #7973 ) ;
#7794 = VECTOR ( 'NONE', #1404, 39.37007874015748143 ) ;
#7795 = CARTESIAN_POINT ( 'NONE',  ( -61.17749034925744667, -4.388797824597398645, 8.413572782557961816 ) ) ;
#7796 = ORIENTED_EDGE ( 'NONE', *, *, #5347, .T. ) ;
#7797 = CARTESIAN_POINT ( 'NONE',  ( -61.82167660940673670, -1.481336058263770905, 7.503492624078405449 ) ) ;
#7798 = ORIENTED_EDGE ( 'NONE', *, *, #3237, .T. ) ;
#7799 = DIRECTION ( 'NONE',  ( -0.000000000000000000, 1.000000000000000000, -0.000000000000000000 ) ) ;
#7800 = VERTEX_POINT ( 'NONE', #3615 ) ;
#7801 = ADVANCED_FACE ( 'NONE', ( #4964 ), #8175, .T. ) ;
#7802 = CIRCLE ( 'NONE', #246, 0.4960629921259842590 ) ;
#7803 = CARTESIAN_POINT ( 'NONE',  ( -62.44072424263811172, -5.958149606299221190, 8.280735532037894586 ) ) ;
#7804 = AXIS2_PLACEMENT_3D ( 'NONE', #6205, #2349, #2223 ) ;
#7805 = LINE ( 'NONE', #5164, #8510 ) ;
#7806 = EDGE_CURVE ( 'NONE', #4424, #2366, #3533, .T. ) ;
#7807 = CARTESIAN_POINT ( 'NONE',  ( -62.39525034673609838, -1.267487984741781704, 7.362436564582787391 ) ) ;
#7808 = AXIS2_PLACEMENT_3D ( 'NONE', #6284, #6987, #7517 ) ;
#7809 = CARTESIAN_POINT ( 'NONE',  ( -62.17522999999999911, -0.3996062992126024893, 7.857046014671676737 ) ) ;
#7810 = ORIENTED_EDGE ( 'NONE', *, *, #5830, .T. ) ;
#7811 = DIRECTION ( 'NONE',  ( 0.000000000000000000, 0.000000000000000000, 1.000000000000000000 ) ) ;
#7812 = ORIENTED_EDGE ( 'NONE', *, *, #2033, .F. ) ;
#7813 = DIRECTION ( 'NONE',  ( 9.912705577010456205E-17, 1.000000000000000000, -1.716930969985315204E-16 ) ) ;
#7814 = DIRECTION ( 'NONE',  ( 0.000000000000000000, 1.000000000000000000, 0.000000000000000000 ) ) ;
#7815 = VECTOR ( 'NONE', #6509, 39.37007874015748143 ) ;
#7816 = AXIS2_PLACEMENT_3D ( 'NONE', #7950, #3997, #6619 ) ;
#7817 = CARTESIAN_POINT ( 'NONE',  ( -61.20225409090382129, -4.231819538506266021, 7.586015661454825754 ) ) ;
#7818 = DIRECTION ( 'NONE',  ( 0.000000000000000000, 0.000000000000000000, -1.000000000000000000 ) ) ;
#7819 = AXIS2_PLACEMENT_3D ( 'NONE', #3635, #6209, #2314 ) ;
#7820 = AXIS2_PLACEMENT_3D ( 'NONE', #2592, #4526, #3956 ) ;
#7821 = EDGE_LOOP ( 'NONE', ( #3309, #5788, #712, #5010 ) ) ;
#7822 = CARTESIAN_POINT ( 'NONE',  ( -61.94105123596275320, -0.3996062992126024893, 7.415276497305457681 ) ) ;
#7823 = ORIENTED_EDGE ( 'NONE', *, *, #3895, .F. ) ;
#7824 = PLANE ( 'NONE',  #2453 ) ;
#7825 = CARTESIAN_POINT ( 'NONE',  ( -62.17522999977387599, -4.208110236220480971, 7.857046014748070739 ) ) ;
#7826 = CIRCLE ( 'NONE', #1098, 1.265984251679795225 ) ;
#7827 = VERTEX_POINT ( 'NONE', #7560 ) ;
#7828 = EDGE_CURVE ( 'NONE', #1623, #8206, #6852, .T. ) ;
#7829 = FACE_OUTER_BOUND ( 'NONE', #7007, .T. ) ;
#7830 = CARTESIAN_POINT ( 'NONE',  ( -62.26685917843948914, -4.353952271937225227, 6.727044668137455830 ) ) ;
#7831 = DIRECTION ( 'NONE',  ( 6.123233995736766036E-17, -1.000000000000000000, 0.000000000000000000 ) ) ;
#7832 = EDGE_CURVE ( 'NONE', #3448, #135, #4315, .T. ) ;
#7833 = B_SPLINE_CURVE_WITH_KNOTS ( 'NONE', 3,
 ( #2414, #3214, #5735, #8427 ),
 .UNSPECIFIED., .F., .F.,
 ( 4, 4 ),
 ( 2.521562443300222820E-16, 0.0008211405993301740735 ),
 .UNSPECIFIED. ) ;
#7834 = CARTESIAN_POINT ( 'NONE',  ( -61.73346048263379515, -1.481336058263765798, 8.091224778708935972 ) ) ;
#7835 = EDGE_LOOP ( 'NONE', ( #7276, #4096, #166, #159 ) ) ;
#7836 = FACE_OUTER_BOUND ( 'NONE', #2170, .T. ) ;
#7837 = EDGE_CURVE ( 'NONE', #5614, #8141, #349, .T. ) ;
#7838 = ORIENTED_EDGE ( 'NONE', *, *, #1455, .F. ) ;
#7839 = CARTESIAN_POINT ( 'NONE',  ( -61.85689582463945158, -1.267487984742363905, 8.294893949338987937 ) ) ;
#7840 = DIRECTION ( 'NONE',  ( 0.5155785449014814725, 0.000000000000000000, 0.8568423215722195119 ) ) ;
#7841 = CARTESIAN_POINT ( 'NONE',  ( -62.04582047744874274, -1.481336058263770905, 8.340008927816212392 ) ) ;
#7842 = EDGE_CURVE ( 'NONE', #7846, #5665, #8621, .T. ) ;
#7843 = CIRCLE ( 'NONE', #7132, 0.8759842518393505806 ) ;
#7844 = CARTESIAN_POINT ( 'NONE',  ( -61.92523000000000621, -0.3996062992126024893, 7.424033312779459770 ) ) ;
#7845 = CARTESIAN_POINT ( 'NONE',  ( -61.20301762461853912, -4.289459419011670605, 8.383437406847521700 ) ) ;
#7846 = VERTEX_POINT ( 'NONE', #1468 ) ;
#7847 = DIRECTION ( 'NONE',  ( 6.123233995736766036E-17, -1.000000000000000000, 0.000000000000000000 ) ) ;
#7848 = ORIENTED_EDGE ( 'NONE', *, *, #660, .F. ) ;
#7849 = CARTESIAN_POINT ( 'NONE',  ( -62.59891951736621252, -5.958149606299221190, 7.591551772033561463 ) ) ;
#7850 = ORIENTED_EDGE ( 'NONE', *, *, #216, .F. ) ;
#7851 = CARTESIAN_POINT ( 'NONE',  ( -62.51576768079215896, -1.267487984741781704, 7.436235428949546034 ) ) ;
#7852 = DIRECTION ( 'NONE',  ( -0.000000000000000000, 1.000000000000000000, -0.000000000000000000 ) ) ;
#7853 = CARTESIAN_POINT ( 'NONE',  ( -62.17522999999999911, 57.93121849778213317, 7.857046014671676737 ) ) ;
#7854 = CARTESIAN_POINT ( 'NONE',  ( -62.02618847734989060, -3.987544811087133656, 8.747362697577779400 ) ) ;
#7855 = ORIENTED_EDGE ( 'NONE', *, *, #3602, .T. ) ;
#7856 = DIRECTION ( 'NONE',  ( -0.000000000000000000, -1.000000000000000000, -0.000000000000000000 ) ) ;
#7857 = ADVANCED_FACE ( 'NONE', ( #2829 ), #5490, .T. ) ;
#7858 = VERTEX_POINT ( 'NONE', #5134 ) ;
#7859 = CARTESIAN_POINT ( 'NONE',  ( -61.91487068823970930, -1.482582146657626776, 8.283825318949093131 ) ) ;
#7860 = DIRECTION ( 'NONE',  ( -0.000000000000000000, 1.000000000000000000, -0.000000000000000000 ) ) ;
#7861 = CARTESIAN_POINT ( 'NONE',  ( -61.20492895676281364, -4.213747115095844542, 7.653181103997333423 ) ) ;
#7862 = ORIENTED_EDGE ( 'NONE', *, *, #1495, .F. ) ;
#7863 = CARTESIAN_POINT ( 'NONE',  ( -62.30463952255126259, -5.958149606299221190, 7.374083101527142858 ) ) ;
#7864 = ORIENTED_EDGE ( 'NONE', *, *, #4719, .F. ) ;
#7865 = PLANE ( 'NONE',  #3478 ) ;
#7866 = ORIENTED_EDGE ( 'NONE', *, *, #3011, .T. ) ;
#7867 = CARTESIAN_POINT ( 'NONE',  ( -60.94597066841822652, -4.276336417058031358, 7.556744255765986296 ) ) ;
#7868 = ORIENTED_EDGE ( 'NONE', *, *, #6797, .F. ) ;
#7869 = CARTESIAN_POINT ( 'NONE',  ( -61.73346048263378805, -1.481336058263765798, 7.622867250634420166 ) ) ;
#7870 = CARTESIAN_POINT ( 'NONE',  ( -62.26768136841721457, -4.234122585695978991, 6.819365297919001812 ) ) ;
#7871 = CARTESIAN_POINT ( 'NONE',  ( -62.42523000000000621, -1.481336058263770905, 8.290058716563899921 ) ) ;
#7872 = B_SPLINE_CURVE_WITH_KNOTS ( 'NONE', 3,
 ( #3331, #2667, #6074, #6738 ),
 .UNSPECIFIED., .F., .F.,
 ( 4, 4 ),
 ( 2.372388754633997395E-06, 0.005608136317045269055 ),
 .UNSPECIFIED. ) ;
#7873 = UNCERTAINTY_MEASURE_WITH_UNIT (LENGTH_MEASURE( 1.000000000000000082E-05 ), #7991, 'distance_accuracy_value', 'NONE');
#7874 = CIRCLE ( 'NONE', #6460, 0.6299842517445604084 ) ;
#7875 = FACE_OUTER_BOUND ( 'NONE', #8249, .T. ) ;
#7876 = EDGE_LOOP ( 'NONE', ( #6858, #3501, #2595, #1553, #4919 ) ) ;
#7877 = CARTESIAN_POINT ( 'NONE',  ( -62.17522999999999911, -2.031771374660273022, 8.155953962033384741 ) ) ;
#7878 = ADVANCED_FACE ( 'NONE', ( #7071 ), #1732, .F. ) ;
#7879 = ADVANCED_FACE ( 'NONE', ( #7689 ), #5744, .F. ) ;
#7880 = EDGE_LOOP ( 'NONE', ( #5410, #4782, #1677, #2603, #8368 ) ) ;
#7881 = CARTESIAN_POINT ( 'NONE',  ( -62.09421636818997570, -4.236372183782895817, 7.206360586175533989 ) ) ;
#7882 = CARTESIAN_POINT ( 'NONE',  ( -61.38020213274774051, -4.404960629921268911, 7.946100437890495805 ) ) ;
#7883 = CARTESIAN_POINT ( 'NONE',  ( -62.86276013992501532, -4.226216439431966343, 7.094751236091934921 ) ) ;
#7884 = VECTOR ( 'NONE', #7101, 39.37007874015748143 ) ;
#7885 = CARTESIAN_POINT ( 'NONE',  ( -62.17522999999999911, -0.5246062992125997138, 7.857046014671676737 ) ) ;
#7886 = FACE_OUTER_BOUND ( 'NONE', #861, .T. ) ;
#7887 = DIRECTION ( 'NONE',  ( 0.000000000000000000, 1.000000000000000000, 0.000000000000000000 ) ) ;
#7888 = ORIENTED_EDGE ( 'NONE', *, *, #771, .T. ) ;
#7889 = CARTESIAN_POINT ( 'NONE',  ( -62.64986732611936304, -4.208110236220480971, 8.501033132774455936 ) ) ;
#7890 = B_SPLINE_CURVE_WITH_KNOTS ( 'NONE', 3,
 ( #426, #3748, #1833, #5194, #6511, #7180, #7881, #1170, #1880, #4539, #7222, #568, #8585, #4400, #3707, #4581, #6373, #382, #3050, #5712, #8398, #2391 ),
 .UNSPECIFIED., .F., .F.,
 ( 4, 2, 2, 2, 2, 2, 2, 2, 2, 2, 4 ),
 ( -1.679737592837195697E-05, 0.002622640430959975039, 0.003942359334404446289, 0.005262078237848916672, 0.005921937689571417709, 0.006581797141293919615, 0.007241656593016421520, 0.007901516044738921690, 0.008561375496461423595, 0.009221234948183925501, 0.01054095385162871941 ),
 .UNSPECIFIED. ) ;
#7891 = VERTEX_POINT ( 'NONE', #1825 ) ;
#7892 = EDGE_CURVE ( 'NONE', #673, #5974, #5834, .T. ) ;
#7893 = CARTESIAN_POINT ( 'NONE',  ( -62.49356417536056085, -1.403543307086619674, 7.419198080004368201 ) ) ;
#7894 = DIRECTION ( 'NONE',  ( 0.6942045807973458160, 0.000000000000000000, -0.7197777434736235547 ) ) ;
#7895 = ADVANCED_FACE ( 'NONE', ( #5787 ), #2519, .T. ) ;
#7896 = EDGE_CURVE ( 'NONE', #4407, #5916, #2202, .T. ) ;
#7897 = FACE_OUTER_BOUND ( 'NONE', #5255, .T. ) ;
#7898 = CARTESIAN_POINT ( 'NONE',  ( -62.04582047744874274, -5.958149606299221190, 8.340008927816212392 ) ) ;
#7899 = ORIENTED_EDGE ( 'NONE', *, *, #5057, .T. ) ;
#7900 = DIRECTION ( 'NONE',  ( 0.7197777434736283286, 0.000000000000000000, 0.6942045807973407090 ) ) ;
#7901 = FACE_OUTER_BOUND ( 'NONE', #2320, .T. ) ;
#7902 = CARTESIAN_POINT ( 'NONE',  ( -62.97358193667612625, -4.210653008041835399, 8.399236338423536452 ) ) ;
#7903 = COORDINATED_UNIVERSAL_TIME_OFFSET ( 6, 0, .BEHIND. ) ;
#7904 = DIRECTION ( 'NONE',  ( 0.000000000000000000, 0.000000000000000000, 1.000000000000000000 ) ) ;
#7905 = DIRECTION ( 'NONE',  ( -0.000000000000000000, -1.000000000000000000, -0.000000000000000000 ) ) ;
#7906 = ORIENTED_EDGE ( 'NONE', *, *, #5838, .F. ) ;
#7907 = CARTESIAN_POINT ( 'NONE',  ( -62.54133666199987829, -5.958149606299221190, 8.197583695463837472 ) ) ;
#7908 = EDGE_LOOP ( 'NONE', ( #6723, #2717, #5574, #4275 ) ) ;
#7909 = CARTESIAN_POINT ( 'NONE',  ( -63.16747407547979520, -4.015513516281548512, 8.141726962909253018 ) ) ;
#7910 = DIRECTION ( 'NONE',  ( -0.000000000000000000, 1.000000000000000000, -0.000000000000000000 ) ) ;
#7911 = ORIENTED_EDGE ( 'NONE', *, *, #766, .T. ) ;
#7912 = PLANE ( 'NONE',  #860 ) ;
#7913 = ADVANCED_FACE ( 'NONE', ( #2333 ), #8437, .F. ) ;
#7914 = CIRCLE ( 'NONE', #4553, 1.139999999845861867 ) ;
#7915 = DIRECTION ( 'NONE',  ( 1.000000000000000000, 0.000000000000000000, 0.000000000000000000 ) ) ;
#7916 = ORIENTED_EDGE ( 'NONE', *, *, #4183, .T. ) ;
#7917 = CARTESIAN_POINT ( 'NONE',  ( -62.17522999999999911, -1.572047244094489038, 7.360983022545692478 ) ) ;
#7918 = ORIENTED_EDGE ( 'NONE', *, *, #4742, .T. ) ;
#7919 = CARTESIAN_POINT ( 'NONE',  ( -62.17522999999999911, -1.572047244094489038, 7.857046014671676737 ) ) ;
#7920 = DIRECTION ( 'NONE',  ( 0.7071067811865719976, 0.000000000000000000, 0.7071067811865230368 ) ) ;
#7921 = CARTESIAN_POINT ( 'NONE',  ( -62.36984293683018166, -4.208110236220480971, 8.374830034919913402 ) ) ;
#7922 = AXIS2_PLACEMENT_3D ( 'NONE', #7430, #6800, #1416 ) ;
#7923 = CARTESIAN_POINT ( 'NONE',  ( -61.92523000000000621, -5.958149606299221190, 8.290058716563899921 ) ) ;
#7924 = EDGE_CURVE ( 'NONE', #4323, #950, #5004, .T. ) ;
#7925 = AXIS2_PLACEMENT_3D ( 'NONE', #3858, #2454, #7198 ) ;
#7926 = CARTESIAN_POINT ( 'NONE',  ( -61.14537988139105096, -4.404960629921268911, 8.345931208611508723 ) ) ;
#7927 = CARTESIAN_POINT ( 'NONE',  ( -62.14311508063126865, -4.353926247831788388, 6.772651471307063353 ) ) ;
#7928 = EDGE_LOOP ( 'NONE', ( #1389, #403, #3488, #3395 ) ) ;
#7929 = LINE ( 'NONE', #8596, #825 ) ;
#7930 = ORIENTED_EDGE ( 'NONE', *, *, #502, .F. ) ;
#7931 = DIRECTION ( 'NONE',  ( 0.000000000000000000, 0.000000000000000000, -1.000000000000000000 ) ) ;
#7932 = EDGE_CURVE ( 'NONE', #6114, #5785, #3335, .T. ) ;
#7933 = CARTESIAN_POINT ( 'NONE',  ( -62.44072424263809751, -1.481336058263765798, 7.433356497305457111 ) ) ;
#7934 = ADVANCED_FACE ( 'NONE', ( #2378 ), #1067, .F. ) ;
#7935 = CARTESIAN_POINT ( 'NONE',  ( -62.40940876403726634, -1.481336058263765798, 8.298815532037894016 ) ) ;
#7936 = CARTESIAN_POINT ( 'NONE',  ( -61.83469231920783926, -0.3996062992126024893, 8.252212444426950455 ) ) ;
#7937 = ORIENTED_EDGE ( 'NONE', *, *, #5849, .T. ) ;
#7938 = EDGE_CURVE ( 'NONE', #4147, #8242, #2329, .T. ) ;
#7939 = FACE_OUTER_BOUND ( 'NONE', #6150, .T. ) ;
#7940 = ADVANCED_FACE ( 'NONE', ( #463 ), #6673, .T. ) ;
#7941 = ORIENTED_EDGE ( 'NONE', *, *, #178, .T. ) ;
#7942 = DIRECTION ( 'NONE',  ( 0.000000000000000000, 0.000000000000000000, -1.000000000000000000 ) ) ;
#7943 = CARTESIAN_POINT ( 'NONE',  ( -62.60644073870756188, -0.3996062992126024893, 8.150609837490678800 ) ) ;
#7944 = APPLICATION_PROTOCOL_DEFINITION ( 'international standard', 'config_control_design', 1994, #7056 ) ;
#7945 = EDGE_LOOP ( 'NONE', ( #4360, #7030, #1240, #1778 ) ) ;
#7946 = LINE ( 'NONE', #1245, #4909 ) ;
#7947 = CIRCLE ( 'NONE', #8221, 0.5216535433070783601 ) ;
#7948 = EDGE_CURVE ( 'NONE', #1227, #4876, #5465, .T. ) ;
#7949 = VERTEX_POINT ( 'NONE', #1027 ) ;
#7950 = CARTESIAN_POINT ( 'NONE',  ( -62.64986732635071576, -4.208110236220480971, 8.501033132745579479 ) ) ;
#7951 = CIRCLE ( 'NONE', #8232, 0.5413385826771592857 ) ;
#7952 = AXIS2_PLACEMENT_3D ( 'NONE', #5184, #2425, #417 ) ;
#7953 = ORIENTED_EDGE ( 'NONE', *, *, #399, .T. ) ;
#7954 = DIRECTION ( 'NONE',  ( -0.000000000000000000, -1.000000000000000000, -0.000000000000000000 ) ) ;
#7955 = VERTEX_POINT ( 'NONE', #4250 ) ;
#7956 = CARTESIAN_POINT ( 'NONE',  ( -62.25973898965090569, -1.403543307086619674, 8.391747512484334592 ) ) ;
#7957 = CARTESIAN_POINT ( 'NONE',  ( -61.74221729810778214, -1.481336058263770905, 8.107046014671675849 ) ) ;
#7958 = ORIENTED_EDGE ( 'NONE', *, *, #5076, .T. ) ;
#7959 = CARTESIAN_POINT ( 'NONE',  ( -62.51576768079215896, -0.4126776965509263428, 8.269348687985276669 ) ) ;
#7960 = CIRCLE ( 'NONE', #4167, 1.139999999801592834 ) ;
#7961 = VECTOR ( 'NONE', #5274, 39.37007874015748143 ) ;
#7962 = EDGE_CURVE ( 'NONE', #1286, #1248, #5600, .T. ) ;
#7963 = CARTESIAN_POINT ( 'NONE',  ( -62.46633424162248360, -4.208428976412157851, 8.763262716999683732 ) ) ;
#7964 = VERTEX_POINT ( 'NONE', #8290 ) ;
#7965 = CARTESIAN_POINT ( 'NONE',  ( -62.61699951736621728, -1.481336058263765798, 8.091224778708935972 ) ) ;
#7966 = ORIENTED_EDGE ( 'NONE', *, *, #7504, .F. ) ;
#7967 = CARTESIAN_POINT ( 'NONE',  ( -62.17522999999999911, -0.4192913385826831929, 7.857046014671676737 ) ) ;
#7968 = EDGE_CURVE ( 'NONE', #5315, #7334, #1234, .T. ) ;
#7969 = DIRECTION ( 'NONE',  ( -1.716930969985319149E-16, 1.000000000000000000, -9.912705577010398273E-17 ) ) ;
#7970 = LINE ( 'NONE', #6635, #614 ) ;
#7971 = DIRECTION ( 'NONE',  ( 0.000000000000000000, 0.000000000000000000, 1.000000000000000000 ) ) ;
#7972 = DIRECTION ( 'NONE',  ( -0.6942045807973433735, 0.000000000000000000, 0.7197777434736258861 ) ) ;
#7973 = VECTOR ( 'NONE', #5238, 39.37007874015748143 ) ;
#7974 = CARTESIAN_POINT ( 'NONE',  ( -62.49562054075092021, -4.404960629921268911, 7.124004473509751634 ) ) ;
#7975 = ORIENTED_EDGE ( 'NONE', *, *, #6108, .T. ) ;
#7976 = DIRECTION ( 'NONE',  ( 6.123233995736766036E-17, -1.000000000000000000, 0.000000000000000000 ) ) ;
#7977 = ORIENTED_EDGE ( 'NONE', *, *, #2310, .F. ) ;
#7978 = DIRECTION ( 'NONE',  ( 0.000000000000000000, -1.000000000000000000, 0.000000000000000000 ) ) ;
#7979 = CARTESIAN_POINT ( 'NONE',  ( -62.32201882939053661, -5.958149606299221190, 7.379078401159886447 ) ) ;
#7980 = B_SPLINE_CURVE_WITH_KNOTS ( 'NONE', 3,
 ( #4593, #4764, #6693, #4725 ),
 .UNSPECIFIED., .F., .F.,
 ( 4, 4 ),
 ( 2.372388754674148450E-06, 0.005608136317061023814 ),
 .UNSPECIFIED. ) ;
#7981 = LINE ( 'NONE', #709, #5660 ) ;
#7982 = CARTESIAN_POINT ( 'NONE',  ( -62.15714999999999435, -5.958149606299221190, 7.357373007996311998 ) ) ;
#7983 = ORIENTED_EDGE ( 'NONE', *, *, #3389, .F. ) ;
#7984 = EDGE_CURVE ( 'NONE', #2377, #1454, #1502, .T. ) ;
#7985 = EDGE_CURVE ( 'NONE', #2968, #396, #848, .T. ) ;
#7986 = EDGE_CURVE ( 'NONE', #7169, #7015, #4415, .T. ) ;
#7987 = CARTESIAN_POINT ( 'NONE',  ( -62.17522999999999911, -1.267487984742363905, 7.857046014671676737 ) ) ;
#7988 = CARTESIAN_POINT ( 'NONE',  ( -62.66772749738949244, -0.3996062992126024893, 7.685090688176885898 ) ) ;
#7989 = CARTESIAN_POINT ( 'NONE',  ( -62.51591266371249134, -4.404960629921268911, 8.944950110581011415 ) ) ;
#7990 = AXIS2_PLACEMENT_3D ( 'NONE', #5802, #8500, #4499 ) ;
#7991 =( CONVERSION_BASED_UNIT ( 'INCH', #4687 ) LENGTH_UNIT ( ) NAMED_UNIT ( #1921 ) );
#7992 = VERTEX_POINT ( 'NONE', #360 ) ;
#7993 = CARTESIAN_POINT ( 'NONE',  ( -61.31346951385168609, -5.958110236220478306, 6.924592818244164505 ) ) ;
#7994 = B_SPLINE_CURVE_WITH_KNOTS ( 'NONE', 3,
 ( #7683, #5739, #987, #4429, #5781, #2989, #456, #6315, #5125, #7023, #369, #2372 ),
 .UNSPECIFIED., .F., .F.,
 ( 4, 2, 2, 2, 2, 4 ),
 ( 0.002464647261138800186, 0.003388321779768910594, 0.004311996298399021002, 0.006159345335658638135, 0.008006694372918253533, 0.009854043410177870665 ),
 .UNSPECIFIED. ) ;
#7995 = CARTESIAN_POINT ( 'NONE',  ( -62.25376002172995271, -5.958110236220478306, 6.594219705995071124 ) ) ;
#7996 = AXIS2_PLACEMENT_3D ( 'NONE', #6547, #1210, #561 ) ;
#7997 = ORIENTED_EDGE ( 'NONE', *, *, #6683, .T. ) ;
#7998 = DIRECTION ( 'NONE',  ( -0.5000000000000415223, 0.000000000000000000, 0.8660254037844146158 ) ) ;
#7999 = CARTESIAN_POINT ( 'NONE',  ( -63.11242280173895836, -4.379158360140544382, 8.503855645687460552 ) ) ;
#8000 = CARTESIAN_POINT ( 'NONE',  ( -62.02844117060946161, -0.3996062992126024893, 7.379078401159887335 ) ) ;
#8001 = ORIENTED_EDGE ( 'NONE', *, *, #8198, .T. ) ;
#8002 = CARTESIAN_POINT ( 'NONE',  ( -61.69726238648821237, -0.3996062992126024893, 7.710257185281141012 ) ) ;
#8003 = ADVANCED_FACE ( 'NONE', ( #978, #232 ), #6305, .F. ) ;
#8004 = AXIS2_PLACEMENT_3D ( 'NONE', #2966, #4121, #5631 ) ;
#8005 = CARTESIAN_POINT ( 'NONE',  ( -63.21723726926133935, -4.278729374026329246, 8.576029308154756947 ) ) ;
#8006 = ORIENTED_EDGE ( 'NONE', *, *, #566, .T. ) ;
#8007 = CARTESIAN_POINT ( 'NONE',  ( -62.65319761351178585, -1.481336058263765798, 8.003834844062197362 ) ) ;
#8008 = ORIENTED_EDGE ( 'NONE', *, *, #7617, .F. ) ;
#8009 = CARTESIAN_POINT ( 'NONE',  ( -61.24981773185806588, -4.404960629921268911, 8.432943233919795389 ) ) ;
#8010 = DIRECTION ( 'NONE',  ( -0.7071067811865794361, -0.000000000000000000, 0.7071067811865155983 ) ) ;
#8011 = DIRECTION ( 'NONE',  ( -0.000000000000000000, 1.000000000000000000, -0.000000000000000000 ) ) ;
#8012 = CARTESIAN_POINT ( 'NONE',  ( -62.17523000004221245, -4.208110236220480971, 7.857046014521913868 ) ) ;
#8013 = VECTOR ( 'NONE', #200, 39.37007874015748143 ) ;
#8014 = CARTESIAN_POINT ( 'NONE',  ( -61.92523000000000621, -0.3996062992126024893, 8.290058716563899921 ) ) ;
#8015 = ORIENTED_EDGE ( 'NONE', *, *, #4531, .T. ) ;
#8016 = DIRECTION ( 'NONE',  ( 0.000000000000000000, 1.000000000000000000, 0.000000000000000000 ) ) ;
#8017 = ORIENTED_EDGE ( 'NONE', *, *, #1239, .F. ) ;
#8018 = DIRECTION ( 'NONE',  ( 0.8568423215722141828, 0.000000000000000000, 0.5155785449014905764 ) ) ;
#8019 = AXIS2_PLACEMENT_3D ( 'NONE', #6361, #6853, #4921 ) ;
#8020 = AXIS2_PLACEMENT_3D ( 'NONE', #7809, #1758, #1895 ) ;
#8021 = EDGE_LOOP ( 'NONE', ( #5162, #1181, #2842 ) ) ;
#8022 = CARTESIAN_POINT ( 'NONE',  ( -62.61114322403711441, -1.482581474689093737, 7.612286486553922593 ) ) ;
#8023 = DIRECTION ( 'NONE',  ( 0.9610876741308356230, 0.000000000000000000, 0.2762435205281396078 ) ) ;
#8024 = ADVANCED_FACE ( 'NONE', ( #1587 ), #1799, .F. ) ;
#8025 = CARTESIAN_POINT ( 'NONE',  ( -61.90973575736190782, -0.3996062992126024893, 7.433356497305461552 ) ) ;
#8026 = LINE ( 'NONE', #7982, #5621 ) ;
#8027 = ORIENTED_EDGE ( 'NONE', *, *, #5571, .F. ) ;
#8028 = ORIENTED_EDGE ( 'NONE', *, *, #4117, .T. ) ;
#8029 = DIRECTION ( 'NONE',  ( 0.000000000000000000, 0.000000000000000000, -1.000000000000000000 ) ) ;
#8030 = DIRECTION ( 'NONE',  ( 0.7071067811865304753, 0.000000000000000000, -0.7071067811865645591 ) ) ;
#8031 = VECTOR ( 'NONE', #4850, 39.37007874015748143 ) ;
#8032 = CIRCLE ( 'NONE', #1308, 0.3228346456692918753 ) ;
#8033 = DIRECTION ( 'NONE',  ( 0.000000000000000000, -1.000000000000000000, 0.000000000000000000 ) ) ;
#8034 = COORDINATED_UNIVERSAL_TIME_OFFSET ( 6, 0, .BEHIND. ) ;
#8035 = EDGE_LOOP ( 'NONE', ( #8049, #7916, #6328, #3649 ) ) ;
#8036 = DIRECTION ( 'NONE',  ( -0.9704481013254749877, 0.000000000000000000, 0.2413099306571951652 ) ) ;
#8037 = ORIENTED_EDGE ( 'NONE', *, *, #4022, .F. ) ;
#8038 = DIRECTION ( 'NONE',  ( -0.9998364899699180297, 0.000000000000000000, 0.01808295674479139248 ) ) ;
#8039 = ORIENTED_EDGE ( 'NONE', *, *, #3499, .F. ) ;
#8040 = CARTESIAN_POINT ( 'NONE',  ( -62.06336904848809155, -5.958149606299221190, 8.344372524854378526 ) ) ;
#8041 = CARTESIAN_POINT ( 'NONE',  ( -62.49356417536056085, -1.403543307086619674, 8.294893949338987937 ) ) ;
#8042 = DIRECTION ( 'NONE',  ( 6.123233995736766036E-17, -1.000000000000000000, -0.000000000000000000 ) ) ;
#8043 = LINE ( 'NONE', #2690, #2540 ) ;
#8044 = B_SPLINE_CURVE_WITH_KNOTS ( 'NONE', 3,
 ( #6225, #2323, #8210, #4346 ),
 .UNSPECIFIED., .F., .F.,
 ( 4, 4 ),
 ( 0.000000000000000000, 0.0008211405993299996254 ),
 .UNSPECIFIED. ) ;
#8045 = ADVANCED_FACE ( 'NONE', ( #3519 ), #6266, .F. ) ;
#8046 = CARTESIAN_POINT ( 'NONE',  ( -62.49562054075092021, -5.958110236220480971, 7.124004473509751634 ) ) ;
#8047 = VERTEX_POINT ( 'NONE', #4207 ) ;
#8048 = PLANE ( 'NONE',  #1243 ) ;
#8049 = ORIENTED_EDGE ( 'NONE', *, *, #6241, .T. ) ;
#8050 = DIRECTION ( 'NONE',  ( 1.000000000000000000, 0.000000000000000000, -2.601759993965971281E-14 ) ) ;
#8051 = EDGE_CURVE ( 'NONE', #3603, #396, #4951, .T. ) ;
#8052 = DIRECTION ( 'NONE',  ( -0.01808295674480186674, 0.000000000000000000, 0.9998364899699178077 ) ) ;
#8053 = EDGE_CURVE ( 'NONE', #7722, #5119, #4446, .T. ) ;
#8054 = CARTESIAN_POINT ( 'NONE',  ( -61.66215509408464612, -4.208932991477744245, 8.109158642157780150 ) ) ;
#8055 = AXIS2_PLACEMENT_3D ( 'NONE', #3991, #8118, #4119 ) ;
#8056 = DIRECTION ( 'NONE',  ( 0.000000000000000000, 1.000000000000000000, 0.000000000000000000 ) ) ;
#8057 = LINE ( 'NONE', #1344, #922 ) ;
#8058 = CIRCLE ( 'NONE', #4267, 0.2313937795744912540 ) ;
#8059 = EDGE_CURVE ( 'NONE', #7525, #3061, #2625, .T. ) ;
#8060 = LINE ( 'NONE', #6561, #2833 ) ;
#8061 = VERTEX_POINT ( 'NONE', #3640 ) ;
#8062 = FACE_OUTER_BOUND ( 'NONE', #6164, .T. ) ;
#8063 = ADVANCED_FACE ( 'NONE', ( #4340 ), #4724, .F. ) ;
#8064 = EDGE_LOOP ( 'NONE', ( #7705, #553, #7772, #7838 ) ) ;
#8065 = AXIS2_PLACEMENT_3D ( 'NONE', #1355, #4028, #88 ) ;
#8066 = CARTESIAN_POINT ( 'NONE',  ( -62.66983945008889378, -1.267487984741781704, 8.077066361407776895 ) ) ;
#8067 = CIRCLE ( 'NONE', #7227, 0.5039999999999987823 ) ;
#8068 = DIRECTION ( 'NONE',  ( -1.716930969985325558E-16, 1.000000000000000000, 9.912705577010278711E-17 ) ) ;
#8069 = EDGE_CURVE ( 'NONE', #5859, #1635, #5145, .T. ) ;
#8070 = CARTESIAN_POINT ( 'NONE',  ( -62.17522999999999911, -1.931638615742792497, 7.857046014671676737 ) ) ;
#8071 = ORIENTED_EDGE ( 'NONE', *, *, #6486, .T. ) ;
#8072 = VERTEX_POINT ( 'NONE', #2363 ) ;
#8073 = B_SPLINE_CURVE_WITH_KNOTS ( 'NONE', 3,
 ( #8228, #343, #8183, #8144, #3582, #3541 ),
 .UNSPECIFIED., .F., .F.,
 ( 4, 2, 4 ),
 ( 0.000000000000000000, 0.001876713930633029529, 0.003753427861266059058 ),
 .UNSPECIFIED. ) ;
#8074 = VERTEX_POINT ( 'NONE', #1496 ) ;
#8075 = CYLINDRICAL_SURFACE ( 'NONE', #7760, 0.5413385826771592857 ) ;
#8076 = EDGE_CURVE ( 'NONE', #6708, #3453, #7393, .T. ) ;
#8077 = CARTESIAN_POINT ( 'NONE',  ( -61.38020213274774051, -4.208110236220480971, 7.946100437890495805 ) ) ;
#8078 = CALENDAR_DATE ( 2025, 8, 12 ) ;
#8079 = DIRECTION ( 'NONE',  ( 0.000000000000000000, 0.000000000000000000, -1.000000000000000000 ) ) ;
#8080 = ORIENTED_EDGE ( 'NONE', *, *, #1162, .F. ) ;
#8081 = CARTESIAN_POINT ( 'NONE',  ( -62.61409743023494201, -1.482582146657578814, 8.096468078105241162 ) ) ;
#8082 = VERTEX_POINT ( 'NONE', #6177 ) ;
#8083 = FACE_OUTER_BOUND ( 'NONE', #4431, .T. ) ;
#8084 = CARTESIAN_POINT ( 'NONE',  ( -61.69287480534597279, -1.407454082783216487, 7.702657671820449359 ) ) ;
#8085 = CIRCLE ( 'NONE', #7523, 0.2989079473617095029 ) ;
#8086 = AXIS2_PLACEMENT_3D ( 'NONE', #3064, #1183, #1802 ) ;
#8087 = FACE_OUTER_BOUND ( 'NONE', #4891, .T. ) ;
#8088 = CARTESIAN_POINT ( 'NONE',  ( -61.69726238648821237, -1.481336058263765798, 7.710257185281149894 ) ) ;
#8089 = CARTESIAN_POINT ( 'NONE',  ( -62.23199151542136320, -1.403543307086619674, 8.395400536768395483 ) ) ;
#8090 = VECTOR ( 'NONE', #7774, 39.37007874015748143 ) ;
#8091 = ORIENTED_EDGE ( 'NONE', *, *, #4126, .F. ) ;
#8092 = CARTESIAN_POINT ( 'NONE',  ( -61.74221729810778214, -1.481336058263770905, 7.607046014671679401 ) ) ;
#8093 = EDGE_CURVE ( 'NONE', #2152, #3453, #3799, .T. ) ;
#8094 = ORIENTED_EDGE ( 'NONE', *, *, #5589, .T. ) ;
#8095 = CARTESIAN_POINT ( 'NONE',  ( -61.14533399468615471, -5.958110236220480971, 7.500171118908191659 ) ) ;
#8096 = EDGE_CURVE ( 'NONE', #3530, #7964, #2188, .T. ) ;
#8097 = CARTESIAN_POINT ( 'NONE',  ( -62.19052638750599726, -4.245277145009157316, 6.831077295491019719 ) ) ;
#8098 = B_SPLINE_CURVE_WITH_KNOTS ( 'NONE', 3,
 ( #6091, #2153, #6756, #5517 ),
 .UNSPECIFIED., .F., .F.,
 ( 4, 4 ),
 ( 2.014298343807403084E-07, 0.0004597969392808911844 ),
 .UNSPECIFIED. ) ;
#8099 = CARTESIAN_POINT ( 'NONE',  ( -62.24780377875136139, -4.232503617190445766, 8.501033132745581256 ) ) ;
#8100 = CARTESIAN_POINT ( 'NONE',  ( -62.30463952255126969, -1.481336058263770905, 8.340008927816210615 ) ) ;
#8101 = CIRCLE ( 'NONE', #3333, 0.5216535433070783601 ) ;
#8102 = CIRCLE ( 'NONE', #2777, 0.5413385826771592857 ) ;
#8103 = CARTESIAN_POINT ( 'NONE',  ( -62.14548676695829243, -4.341398605476432415, 6.775659710788480616 ) ) ;
#8104 = ADVANCED_FACE ( 'NONE', ( #402 ), #6525, .T. ) ;
#8105 = ORIENTED_EDGE ( 'NONE', *, *, #3255, .T. ) ;
#8106 = CARTESIAN_POINT ( 'NONE',  ( -61.74221729810778214, -5.958149606299221190, 8.107046014671675849 ) ) ;
#8107 = ORIENTED_EDGE ( 'NONE', *, *, #6214, .T. ) ;
#8108 = LINE ( 'NONE', #8519, #5408 ) ;
#8109 = AXIS2_PLACEMENT_3D ( 'NONE', #3825, #8380, #4475 ) ;
#8110 = DIRECTION ( 'NONE',  ( 0.000000000000000000, 0.000000000000000000, -1.000000000000000000 ) ) ;
#8111 = FACE_OUTER_BOUND ( 'NONE', #8507, .T. ) ;
#8112 = VERTEX_POINT ( 'NONE', #7807 ) ;
#8113 = CARTESIAN_POINT ( 'NONE',  ( -62.17522999999999911, -1.858375076448566254, 7.857046014671676737 ) ) ;
#8114 = DIRECTION ( 'NONE',  ( 0.000000000000000000, 1.000000000000000000, 0.000000000000000000 ) ) ;
#8115 = ORIENTED_EDGE ( 'NONE', *, *, #7, .T. ) ;
#8116 = ORIENTED_EDGE ( 'NONE', *, *, #7251, .F. ) ;
#8117 = CARTESIAN_POINT ( 'NONE',  ( -63.05609678040449495, -4.245277145003934827, 8.383277434170473441 ) ) ;
#8118 = DIRECTION ( 'NONE',  ( -0.4842579450684356135, 0.000000000000000000, 0.8749252783170092806 ) ) ;
#8119 = CARTESIAN_POINT ( 'NONE',  ( -62.38412732144121975, -4.351317466145912860, 8.921058983072555293 ) ) ;
#8120 = DIRECTION ( 'NONE',  ( 6.123233995736766036E-17, -1.000000000000000000, 0.000000000000000000 ) ) ;
#8121 = VERTEX_POINT ( 'NONE', #6437 ) ;
#8122 = EDGE_LOOP ( 'NONE', ( #1322, #4986, #2447, #8405 ) ) ;
#8123 = CARTESIAN_POINT ( 'NONE',  ( -62.17522999999999911, -0.3996062992126024893, 8.179880660340968390 ) ) ;
#8124 = EDGE_LOOP ( 'NONE', ( #8495, #7260, #8541, #6421 ) ) ;
#8125 = CARTESIAN_POINT ( 'NONE',  ( -62.66983945008866641, -1.267487984742363905, 7.637025667935517070 ) ) ;
#8126 = TOROIDAL_SURFACE ( 'NONE', #4616, 0.3071496064271186932, 0.1968503937007874127 ) ;
#8127 = CARTESIAN_POINT ( 'NONE',  ( -61.73672281121039873, -5.958110236220478306, 7.098719004109276476 ) ) ;
#8128 = CARTESIAN_POINT ( 'NONE',  ( -62.17523000002436362, -4.208110236220480971, 7.857046014726967620 ) ) ;
#8129 = DIRECTION ( 'NONE',  ( 0.8660254037844268282, 0.000000000000000000, -0.5000000000000204281 ) ) ;
#8130 = CIRCLE ( 'NONE', #5317, 0.1620000000448624800 ) ;
#8131 = CARTESIAN_POINT ( 'NONE',  ( -62.22552393919411173, -4.266553021854756267, 6.595524256544136321 ) ) ;
#8132 = AXIS2_PLACEMENT_3D ( 'NONE', #1107, #3779, #6448 ) ;
#8133 = VERTEX_POINT ( 'NONE', #5816 ) ;
#8134 = CARTESIAN_POINT ( 'NONE',  ( -62.17522999999999911, -1.481336058263770905, 7.357046014671677625 ) ) ;
#8135 = EDGE_LOOP ( 'NONE', ( #414, #3461, #4837, #210 ) ) ;
#8136 = CARTESIAN_POINT ( 'NONE',  ( -61.26469696680582899, -4.284792400616839636, 8.395082014207964960 ) ) ;
#8137 = CARTESIAN_POINT ( 'NONE',  ( -62.23891161683457796, -4.221082593649690295, 6.843323678857436754 ) ) ;
#8138 = CARTESIAN_POINT ( 'NONE',  ( -62.06775662963033824, -1.407454082783007099, 8.351972038315087943 ) ) ;
#8139 = DIRECTION ( 'NONE',  ( -0.8660254037844198338, 0.000000000000000000, -0.5000000000000324185 ) ) ;
#8140 = AXIS2_PLACEMENT_3D ( 'NONE', #3732, #4384, #7818 ) ;
#8141 = VERTEX_POINT ( 'NONE', #1894 ) ;
#8142 = FACE_OUTER_BOUND ( 'NONE', #8516, .T. ) ;
#8143 = ORIENTED_EDGE ( 'NONE', *, *, #6364, .F. ) ;
#8144 = CARTESIAN_POINT ( 'NONE',  ( -63.06289075005028621, -3.986213576684145554, 7.954487367134283282 ) ) ;
#8145 = VERTEX_POINT ( 'NONE', #5071 ) ;
#8146 = DIRECTION ( 'NONE',  ( -0.000000000000000000, 1.000000000000000000, -0.000000000000000000 ) ) ;
#8147 = LINE ( 'NONE', #835, #5069 ) ;
#8148 = DIRECTION ( 'NONE',  ( 6.123233995736766036E-17, -1.000000000000000000, -0.000000000000000000 ) ) ;
#8149 = ORIENTED_EDGE ( 'NONE', *, *, #1025, .F. ) ;
#8150 = PLANE ( 'NONE',  #5947 ) ;
#8151 = AXIS2_PLACEMENT_3D ( 'NONE', #651, #6687, #4669 ) ;
#8152 = LINE ( 'NONE', #2145, #6748 ) ;
#8153 = EDGE_CURVE ( 'NONE', #6060, #1832, #7362, .T. ) ;
#8154 = ORIENTED_EDGE ( 'NONE', *, *, #4457, .T. ) ;
#8155 = CARTESIAN_POINT ( 'NONE',  ( -63.12554420395394317, -4.338247612992367941, 8.372136408723010348 ) ) ;
#8156 = CARTESIAN_POINT ( 'NONE',  ( -62.82722934685173755, -4.265927919914938471, 8.091029674960228846 ) ) ;
#8157 = EDGE_CURVE ( 'NONE', #8316, #1079, #1624, .T. ) ;
#8158 = ADVANCED_FACE ( 'NONE', ( #7897 ), #7053, .T. ) ;
#8159 = EDGE_CURVE ( 'NONE', #7858, #6620, #3110, .T. ) ;
#8160 = CARTESIAN_POINT ( 'NONE',  ( -62.45567661991847785, -4.242958277000552947, 8.876915102109721900 ) ) ;
#8161 = PLANE ( 'NONE',  #2259 ) ;
#8162 = ORIENTED_EDGE ( 'NONE', *, *, #388, .F. ) ;
#8163 = FACE_OUTER_BOUND ( 'NONE', #6440, .T. ) ;
#8164 = ORIENTED_EDGE ( 'NONE', *, *, #4821, .F. ) ;
#8165 = CARTESIAN_POINT ( 'NONE',  ( -62.04582047744874274, -0.3996062992126024893, 8.340008927816212392 ) ) ;
#8166 = LINE ( 'NONE', #6227, #3550 ) ;
#8167 = CARTESIAN_POINT ( 'NONE',  ( -62.04582047744874274, -1.481336058263770905, 8.340008927816212392 ) ) ;
#8168 = ORIENTED_EDGE ( 'NONE', *, *, #6138, .F. ) ;
#8169 = DIRECTION ( 'NONE',  ( 6.123233995736766036E-17, -1.000000000000000000, -0.000000000000000000 ) ) ;
#8170 = CARTESIAN_POINT ( 'NONE',  ( -62.17522999999999911, -1.481336058263770905, 7.357046014671677625 ) ) ;
#8171 = EDGE_LOOP ( 'NONE', ( #3203, #3812, #3605, #7242 ) ) ;
#8172 = CARTESIAN_POINT ( 'NONE',  ( -61.64052850218734392, -1.267487984742363905, 7.941555004322575329 ) ) ;
#8173 = B_SPLINE_CURVE_WITH_KNOTS ( 'NONE', 3,
 ( #4615, #3399, #2075, #8660 ),
 .UNSPECIFIED., .F., .F.,
 ( 4, 4 ),
 ( 2.014298341206417689E-07, 0.0004597969392808406064 ),
 .UNSPECIFIED. ) ;
#8174 = ORIENTED_EDGE ( 'NONE', *, *, #7629, .T. ) ;
#8175 = CYLINDRICAL_SURFACE ( 'NONE', #7808, 0.5413385826771592857 ) ;
#8176 = CARTESIAN_POINT ( 'NONE',  ( -62.12448448713628579, -0.4126776965509266759, 8.389384534210748257 ) ) ;
#8177 = CARTESIAN_POINT ( 'NONE',  ( -62.36939381702049445, -0.4192913385826831929, 7.351726439298874816 ) ) ;
#8178 = EDGE_CURVE ( 'NONE', #5001, #3948, #8514, .T. ) ;
#8179 = CARTESIAN_POINT ( 'NONE',  ( -62.66255651018270356, -0.3996062992126024893, 7.968906966183590512 ) ) ;
#8180 = ORIENTED_EDGE ( 'NONE', *, *, #752, .F. ) ;
#8181 = DIRECTION ( 'NONE',  ( -0.2413099306572120684, 0.000000000000000000, 0.9704481013254708799 ) ) ;
#8182 = ORIENTED_EDGE ( 'NONE', *, *, #5458, .F. ) ;
#8183 = CARTESIAN_POINT ( 'NONE',  ( -63.05362282328656676, -3.984220850745725073, 7.906149346545335632 ) ) ;
#8184 = ORIENTED_EDGE ( 'NONE', *, *, #7045, .T. ) ;
#8185 = DIRECTION ( 'NONE',  ( -0.000000000000000000, 1.000000000000000000, -0.000000000000000000 ) ) ;
#8186 = ADVANCED_FACE ( 'NONE', ( #1805 ), #4468, .T. ) ;
#8187 = PLANE ( 'NONE',  #5431 ) ;
#8188 = B_SPLINE_CURVE_WITH_KNOTS ( 'NONE', 3,
 ( #884, #1006, #3552, #5547 ),
 .UNSPECIFIED., .F., .F.,
 ( 4, 4 ),
 ( 0.000000000000000000, 0.0008211405993301699536 ),
 .UNSPECIFIED. ) ;
#8189 = ORIENTED_EDGE ( 'NONE', *, *, #4416, .T. ) ;
#8190 = CARTESIAN_POINT ( 'NONE',  ( -61.07237361856558522, -4.341428264602826381, 7.611271972517368312 ) ) ;
#8191 = AXIS2_PLACEMENT_3D ( 'NONE', #2730, #5392, #4047 ) ;
#8192 = DIRECTION ( 'NONE',  ( 0.000000000000000000, 1.000000000000000000, 0.000000000000000000 ) ) ;
#8193 = DIRECTION ( 'NONE',  ( 0.000000000000000000, 0.000000000000000000, -1.000000000000000000 ) ) ;
#8194 = VERTEX_POINT ( 'NONE', #3819 ) ;
#8195 = EDGE_CURVE ( 'NONE', #7429, #769, #3859, .T. ) ;
#8196 = CARTESIAN_POINT ( 'NONE',  ( -62.96450998988464676, -4.208859885724240080, 8.409730954721199581 ) ) ;
#8197 = PLANE ( 'NONE',  #5792 ) ;
#8198 = EDGE_CURVE ( 'NONE', #4298, #5988, #489, .T. ) ;
#8199 = CARTESIAN_POINT ( 'NONE',  ( -62.27256106763421428, -0.3996062992126024893, 8.369539021958617653 ) ) ;
#8200 = AXIS2_PLACEMENT_3D ( 'NONE', #3334, #5995, #1400 ) ;
#8201 = DATE_AND_TIME ( #2937, #6801 ) ;
#8202 = EDGE_CURVE ( 'NONE', #1772, #1751, #8513, .T. ) ;
#8203 = VECTOR ( 'NONE', #1713, 39.37007874015748143 ) ;
#8204 = CARTESIAN_POINT ( 'NONE',  ( -62.40940876403725213, -1.481336058263765798, 7.415276497305457681 ) ) ;
#8205 = ORIENTED_EDGE ( 'NONE', *, *, #2898, .F. ) ;
#8206 = VERTEX_POINT ( 'NONE', #5167 ) ;
#8207 = EDGE_CURVE ( 'NONE', #425, #8145, #4514, .T. ) ;
#8208 = CARTESIAN_POINT ( 'NONE',  ( -62.64986732635071576, -5.958110236220480971, 8.501033132745579479 ) ) ;
#8209 = ORIENTED_EDGE ( 'NONE', *, *, #687, .F. ) ;
#8210 = CARTESIAN_POINT ( 'NONE',  ( -61.83469231920783926, -0.4126776965509283412, 8.269348687985294433 ) ) ;
#8211 = EDGE_CURVE ( 'NONE', #6971, #8253, #1756, .T. ) ;
#8212 = CARTESIAN_POINT ( 'NONE',  ( -62.83362623105000466, -4.387501882878834358, 7.497860265471703478 ) ) ;
#8213 = DIRECTION ( 'NONE',  ( 0.000000000000000000, 0.000000000000000000, 1.000000000000000000 ) ) ;
#8214 = VERTEX_POINT ( 'NONE', #8558 ) ;
#8215 = CARTESIAN_POINT ( 'NONE',  ( -61.22082732489887746, 57.93121849778213317, 7.643505543097480981 ) ) ;
#8216 = CARTESIAN_POINT ( 'NONE',  ( -63.11299550279685633, -4.061328968354292357, 7.251346481293454715 ) ) ;
#8217 = EDGE_LOOP ( 'NONE', ( #3821, #5098, #1506, #6564, #3787 ) ) ;
#8218 = FACE_OUTER_BOUND ( 'NONE', #7785, .T. ) ;
#8219 = ORIENTED_EDGE ( 'NONE', *, *, #7344, .T. ) ;
#8220 = CARTESIAN_POINT ( 'NONE',  ( -61.92564889669483819, -4.015513517268344934, 6.855396961526960986 ) ) ;
#8221 = AXIS2_PLACEMENT_3D ( 'NONE', #7702, #4238, #4937 ) ;
#8222 = CARTESIAN_POINT ( 'NONE',  ( -62.26742506121524201, -4.208110236220480971, 6.918413365338945908 ) ) ;
#8223 = DIRECTION ( 'NONE',  ( -0.000000000000000000, 1.000000000000000000, -0.000000000000000000 ) ) ;
#8224 = CARTESIAN_POINT ( 'NONE',  ( -61.63687547790328836, -0.4192913385826831929, 7.913807530093044385 ) ) ;
#8225 = VECTOR ( 'NONE', #5457, 39.37007874015748143 ) ;
#8226 = CARTESIAN_POINT ( 'NONE',  ( -63.24145928298361241, -4.268267537943893686, 8.534208085119638909 ) ) ;
#8227 = ORIENTED_EDGE ( 'NONE', *, *, #8355, .T. ) ;
#8228 = CARTESIAN_POINT ( 'NONE',  ( -63.05121404966129717, -3.983565816415135963, 7.856451154564531691 ) ) ;
#8229 = EDGE_CURVE ( 'NONE', #2096, #4820, #227, .T. ) ;
#8230 = EDGE_LOOP ( 'NONE', ( #2374, #1709, #3692, #208 ) ) ;
#8231 = CARTESIAN_POINT ( 'NONE',  ( -62.94608786061228756, -4.379158802030088005, 7.018910402266386406 ) ) ;
#8232 = AXIS2_PLACEMENT_3D ( 'NONE', #832, #3625, #5497 ) ;
#8233 = AXIS2_PLACEMENT_3D ( 'NONE', #7730, #3834, #7031 ) ;
#8234 = PLANE ( 'NONE',  #1728 ) ;
#8235 = DIRECTION ( 'NONE',  ( 0.000000000000000000, -1.000000000000000000, 0.000000000000000000 ) ) ;
#8236 = AXIS2_PLACEMENT_3D ( 'NONE', #6595, #4497, #7791 ) ;
#8237 = ORIENTED_EDGE ( 'NONE', *, *, #7147, .F. ) ;
#8238 = VECTOR ( 'NONE', #4371, 39.37007874015748143 ) ;
#8239 = CARTESIAN_POINT ( 'NONE',  ( -62.17522999999999911, -0.3996062992126024893, 7.679880660340970167 ) ) ;
#8240 = CARTESIAN_POINT ( 'NONE',  ( -62.99924072846518186, -5.958110236220480971, 7.143567358502282083 ) ) ;
#8241 = DIRECTION ( 'NONE',  ( 1.000000000000000000, 0.000000000000000000, -1.917086311676994858E-15 ) ) ;
#8242 = VERTEX_POINT ( 'NONE', #1233 ) ;
#8243 = CIRCLE ( 'NONE', #7119, 0.2313937795744912540 ) ;
#8244 = CARTESIAN_POINT ( 'NONE',  ( -63.13525801327018883, -4.377743985125342796, 8.370729731686033404 ) ) ;
#8245 = CARTESIAN_POINT ( 'NONE',  ( -61.68030397635659057, -1.407454082783007099, 7.749572644302015867 ) ) ;
#8246 = CARTESIAN_POINT ( 'NONE',  ( -62.17522999999999911, -3.988504844567673402, 7.857046014671676737 ) ) ;
#8247 = EDGE_CURVE ( 'NONE', #8316, #49, #2240, .T. ) ;
#8248 = DIRECTION ( 'NONE',  ( 6.123233995736766036E-17, -1.000000000000000000, 0.000000000000000000 ) ) ;
#8249 = EDGE_LOOP ( 'NONE', ( #4345, #1847, #1442, #1415 ) ) ;
#8250 = EDGE_CURVE ( 'NONE', #4241, #3216, #2316, .T. ) ;
#8251 = EDGE_CURVE ( 'NONE', #2933, #8520, #4229, .T. ) ;
#8252 = DIRECTION ( 'NONE',  ( -0.9659258262890757507, 0.000000000000000000, -0.2588190451024929284 ) ) ;
#8253 = VERTEX_POINT ( 'NONE', #7778 ) ;
#8254 = CARTESIAN_POINT ( 'NONE',  ( -62.71358452209687329, -1.267487984741781704, 7.800284499250154546 ) ) ;
#8255 = CIRCLE ( 'NONE', #704, 0.3937007874015751585 ) ;
#8256 = CARTESIAN_POINT ( 'NONE',  ( -61.67555699332463348, -1.481336058263765798, 7.875126014671685937 ) ) ;
#8257 = CARTESIAN_POINT ( 'NONE',  ( -62.06769871651030002, -4.143575957866928228, 6.660989664028294399 ) ) ;
#8258 = CYLINDRICAL_SURFACE ( 'NONE', #5599, 0.1771653543307066259 ) ;
#8259 = ORIENTED_EDGE ( 'NONE', *, *, #6592, .T. ) ;
#8260 = DIRECTION ( 'NONE',  ( 1.000000000000000000, 0.000000000000000000, 0.000000000000000000 ) ) ;
#8261 = ORIENTED_EDGE ( 'NONE', *, *, #980, .T. ) ;
#8262 = CARTESIAN_POINT ( 'NONE',  ( -61.90730276946889177, -4.002870303370336558, 6.898699440940922578 ) ) ;
#8263 = LINE ( 'NONE', #6898, #2692 ) ;
#8264 = DIRECTION ( 'NONE',  ( -0.000000000000000000, -1.000000000000000000, -0.000000000000000000 ) ) ;
#8265 = CARTESIAN_POINT ( 'NONE',  ( -62.09072101034909963, -1.267487984742363905, 7.322344516859019770 ) ) ;
#8266 = EDGE_CURVE ( 'NONE', #3362, #7846, #3183, .T. ) ;
#8267 = EDGE_LOOP ( 'NONE', ( #2882, #6964, #4281, #5297 ) ) ;
#8268 = DIRECTION ( 'NONE',  ( -0.2588190451024828809, 0.000000000000000000, -0.9659258262890785263 ) ) ;
#8269 = B_SPLINE_CURVE_WITH_KNOTS ( 'NONE', 3,
 ( #1036, #4449, #8542, #2528 ),
 .UNSPECIFIED., .F., .F.,
 ( 4, 4 ),
 ( 2.775557561562891351E-17, 0.003044469765873967712 ),
 .UNSPECIFIED. ) ;
#8270 = AXIS2_PLACEMENT_3D ( 'NONE', #1645, #2429, #6613 ) ;
#8271 = VERTEX_POINT ( 'NONE', #3921 ) ;
#8272 = DIRECTION ( 'NONE',  ( -0.000000000000000000, -1.000000000000000000, -0.000000000000000000 ) ) ;
#8273 = VERTEX_POINT ( 'NONE', #8488 ) ;
#8274 = CARTESIAN_POINT ( 'NONE',  ( -62.94201218842964352, -4.208110236220480971, 8.406205604313351287 ) ) ;
#8275 = AXIS2_PLACEMENT_3D ( 'NONE', #8578, #686, #5354 ) ;
#8276 = DIRECTION ( 'NONE',  ( 0.000000000000000000, 0.000000000000000000, 1.000000000000000000 ) ) ;
#8277 = CARTESIAN_POINT ( 'NONE',  ( -61.68790348981730176, -5.958149606299221190, 7.968906966183599394 ) ) ;
#8278 = ORIENTED_EDGE ( 'NONE', *, *, #3538, .F. ) ;
#8279 = DIRECTION ( 'NONE',  ( 0.9659258262890794144, 0.000000000000000000, -0.2588190451024793837 ) ) ;
#8280 = EDGE_CURVE ( 'NONE', #4484, #8640, #5370, .T. ) ;
#8281 = CARTESIAN_POINT ( 'NONE',  ( -63.06057633416516950, 57.93121849778213317, 7.402760835050560040 ) ) ;
#8282 = DIRECTION ( 'NONE',  ( -0.2588190451024996452, 0.000000000000000000, 0.9659258262890739744 ) ) ;
#8283 = ORIENTED_EDGE ( 'NONE', *, *, #5766, .F. ) ;
#8284 = EDGE_CURVE ( 'NONE', #1079, #5413, #789, .T. ) ;
#8285 = CARTESIAN_POINT ( 'NONE',  ( -63.13667775560579543, -4.391217077534969704, 8.370527937965359655 ) ) ;
#8286 = CARTESIAN_POINT ( 'NONE',  ( -62.59891951736621252, -0.3996062992126024893, 8.122540257309786682 ) ) ;
#8287 = CARTESIAN_POINT ( 'NONE',  ( -63.41363839889443454, 57.93121849778213317, 7.576966140508594627 ) ) ;
#8288 = EDGE_CURVE ( 'NONE', #2572, #7268, #5903, .T. ) ;
#8289 = AXIS2_PLACEMENT_3D ( 'NONE', #7359, #5325, #4018 ) ;
#8290 = CARTESIAN_POINT ( 'NONE',  ( -61.75154048263378570, -0.3996062992126024893, 8.122540257309786682 ) ) ;
#8291 = VERTEX_POINT ( 'NONE', #5187 ) ;
#8292 = ORIENTED_EDGE ( 'NONE', *, *, #8432, .F. ) ;
#8293 = FACE_OUTER_BOUND ( 'NONE', #2101, .T. ) ;
#8294 = TOROIDAL_SURFACE ( 'NONE', #1866, 0.8858267716535430658, 0.3937007874015748254 ) ;
#8295 = ORIENTED_EDGE ( 'NONE', *, *, #3661, .T. ) ;
#8296 = CARTESIAN_POINT ( 'NONE',  ( -62.02084165714878594, -1.407454082783216043, 8.339401209325707498 ) ) ;
#8297 = AXIS2_PLACEMENT_3D ( 'NONE', #3378, #4114, #4637 ) ;
#8298 = CARTESIAN_POINT ( 'NONE',  ( -62.80651189943485946, -4.315404400386102957, 7.493180392196562956 ) ) ;
#8299 = CARTESIAN_POINT ( 'NONE',  ( -61.06273608391358465, -4.391217077536223812, 7.608133808788691610 ) ) ;
#8300 = EDGE_LOOP ( 'NONE', ( #3981, #7607, #5625, #2058 ) ) ;
#8301 = DIRECTION ( 'NONE',  ( -0.000000000000000000, -1.000000000000000000, -0.000000000000000000 ) ) ;
#8302 = ORIENTED_EDGE ( 'NONE', *, *, #3283, .T. ) ;
#8303 = DIRECTION ( 'NONE',  ( -1.401868266681943161E-16, 1.000000000000000000, 1.401868266681938477E-16 ) ) ;
#8304 = ORIENTED_EDGE ( 'NONE', *, *, #2890, .T. ) ;
#8305 = CARTESIAN_POINT ( 'NONE',  ( -62.05009914256508807, -4.125273118033974562, 6.678593605360312324 ) ) ;
#8306 = CARTESIAN_POINT ( 'NONE',  ( -62.17522999999999911, -4.208110236220480971, 7.857046014671676737 ) ) ;
#8307 = PLANE ( 'NONE',  #3086 ) ;
#8308 = VECTOR ( 'NONE', #4228, 39.37007874015748143 ) ;
#8309 = LINE ( 'NONE', #2299, #7709 ) ;
#8310 = EDGE_CURVE ( 'NONE', #2726, #5643, #3877, .T. ) ;
#8311 = CARTESIAN_POINT ( 'NONE',  ( -62.64986732611936304, -4.404960629921268911, 8.501033132774455936 ) ) ;
#8312 = EDGE_CURVE ( 'NONE', #4421, #8555, #4338, .T. ) ;
#8313 = ORIENTED_EDGE ( 'NONE', *, *, #5589, .F. ) ;
#8314 = CARTESIAN_POINT ( 'NONE',  ( -62.51591266371249134, -4.404960629921268911, 8.944950110581011415 ) ) ;
#8315 = ADVANCED_FACE ( 'NONE', ( #2382 ), #2117, .F. ) ;
#8316 = VERTEX_POINT ( 'NONE', #5438 ) ;
#8317 = CARTESIAN_POINT ( 'NONE',  ( -62.17522999999999911, -2.135639365734926187, 7.857046014671676737 ) ) ;
#8318 = B_SPLINE_CURVE_WITH_KNOTS ( 'NONE', 3,
 ( #8167, #328, #1597, #6803 ),
 .UNSPECIFIED., .F., .F.,
 ( 4, 4 ),
 ( 2.014298343290989330E-07, 0.0004597969392809650186 ),
 .UNSPECIFIED. ) ;
#8319 = LINE ( 'NONE', #5500, #8031 ) ;
#8320 = DIRECTION ( 'NONE',  ( -0.9659258262890604296, 0.000000000000000000, 0.2588190451025498273 ) ) ;
#8321 = CARTESIAN_POINT ( 'NONE',  ( -62.52878339059326862, -1.481336058263770905, 7.503492624078396567 ) ) ;
#8322 = EDGE_CURVE ( 'NONE', #1325, #3758, #8067, .T. ) ;
#8323 = EDGE_CURVE ( 'NONE', #1809, #4473, #6517, .T. ) ;
#8324 = ORIENTED_EDGE ( 'NONE', *, *, #1165, .F. ) ;
#8325 = CARTESIAN_POINT ( 'NONE',  ( -62.42523000000000621, -1.481336058263770905, 8.290058716563899921 ) ) ;
#8326 = EDGE_CURVE ( 'NONE', #2910, #7364, #4650, .T. ) ;
#8327 = CARTESIAN_POINT ( 'NONE',  ( -61.68062054991111154, -1.267487984741781704, 7.637025667935578355 ) ) ;
#8328 = ORIENTED_EDGE ( 'NONE', *, *, #1495, .T. ) ;
#8329 = CARTESIAN_POINT ( 'NONE',  ( -61.81751858622880036, -1.482581474689000478, 8.206288208503789150 ) ) ;
#8330 = DIRECTION ( 'NONE',  ( 0.4842579450684264541, 0.000000000000000000, 0.8749252783170142767 ) ) ;
#8331 = EDGE_CURVE ( 'NONE', #1157, #1169, #3578, .T. ) ;
#8332 = CARTESIAN_POINT ( 'NONE',  ( -62.64986732611936304, -4.208110236220480971, 8.501033132774455936 ) ) ;
#8333 = ORIENTED_EDGE ( 'NONE', *, *, #7196, .T. ) ;
#8334 = LINE ( 'NONE', #3727, #6814 ) ;
#8335 = EDGE_CURVE ( 'NONE', #2191, #4041, #7173, .T. ) ;
#8336 = VERTEX_POINT ( 'NONE', #7957 ) ;
#8337 = CARTESIAN_POINT ( 'NONE',  ( -62.67490300667535763, -1.481336058263765798, 7.838966014671670202 ) ) ;
#8338 = CIRCLE ( 'NONE', #1902, 0.5413385826771592857 ) ;
#8339 = FACE_OUTER_BOUND ( 'NONE', #6258, .T. ) ;
#8340 = CARTESIAN_POINT ( 'NONE',  ( -62.66255651018270356, -0.3996062992126024893, 7.745185063159756744 ) ) ;
#8341 = AXIS2_PLACEMENT_3D ( 'NONE', #376, #1828, #4441 ) ;
#8342 = CARTESIAN_POINT ( 'NONE',  ( -61.90973575736190071, -5.958149606299221190, 8.280735532037894586 ) ) ;
#8343 = ORIENTED_EDGE ( 'NONE', *, *, #331, .F. ) ;
#8344 = DIRECTION ( 'NONE',  ( -0.000000000000000000, 1.000000000000000000, 1.982541115402063384E-16 ) ) ;
#8345 = EDGE_LOOP ( 'NONE', ( #4972, #802, #5112, #7208 ) ) ;
#8346 = CARTESIAN_POINT ( 'NONE',  ( -61.28816245172955490, -4.210651033485693695, 8.262485459414667943 ) ) ;
#8347 = CARTESIAN_POINT ( 'NONE',  ( -62.26330676835002720, -4.208110234455053167, 6.907787560364705648 ) ) ;
#8348 = DIRECTION ( 'NONE',  ( 0.9998364899699180297, 0.000000000000000000, -0.01808295674479139248 ) ) ;
#8349 = FACE_OUTER_BOUND ( 'NONE', #5654, .T. ) ;
#8350 = B_SPLINE_CURVE_WITH_KNOTS ( 'NONE', 3,
 ( #3118, #7156, #4520, #6489 ),
 .UNSPECIFIED., .F., .F.,
 ( 4, 4 ),
 ( 0.000000000000000000, 0.0008211405993301971670 ),
 .UNSPECIFIED. ) ;
#8351 = EDGE_CURVE ( 'NONE', #2164, #6508, #2176, .T. ) ;
#8352 = CARTESIAN_POINT ( 'NONE',  ( -63.10233164498323788, -4.222658082932747803, 7.024038483422932799 ) ) ;
#8353 = ORIENTED_EDGE ( 'NONE', *, *, #1573, .F. ) ;
#8354 = CARTESIAN_POINT ( 'NONE',  ( -61.75154048263378570, -0.3996062992126024893, 7.591551772033569456 ) ) ;
#8355 = EDGE_CURVE ( 'NONE', #1155, #685, #1211, .T. ) ;
#8356 = ORIENTED_EDGE ( 'NONE', *, *, #6870, .F. ) ;
#8357 = CARTESIAN_POINT ( 'NONE',  ( -61.74221729810778214, -0.3996062992126024893, 7.607046014671679401 ) ) ;
#8358 = DIRECTION ( 'NONE',  ( -0.000000000000000000, 1.000000000000000000, 1.982541115402063384E-16 ) ) ;
#8359 = CARTESIAN_POINT ( 'NONE',  ( -61.74221729810778214, -0.3996062992126024893, 7.607046014671679401 ) ) ;
#8360 = VECTOR ( 'NONE', #4422, 39.37007874015748143 ) ;
#8361 = AXIS2_PLACEMENT_3D ( 'NONE', #4894, #1572, #310 ) ;
#8362 = DIRECTION ( 'NONE',  ( -0.7071067811865230368, 0.000000000000000000, 0.7071067811865719976 ) ) ;
#8363 = VERTEX_POINT ( 'NONE', #2646 ) ;
#8364 = CARTESIAN_POINT ( 'NONE',  ( -61.83469231920783926, -5.958149606299221190, 8.223152676671562133 ) ) ;
#8365 = DIRECTION ( 'NONE',  ( 0.000000000000000000, 0.000000000000000000, -1.000000000000000000 ) ) ;
#8366 = CARTESIAN_POINT ( 'NONE',  ( -61.67555699332463348, -0.3996062992126024893, 7.875126014671685937 ) ) ;
#8367 = AXIS2_PLACEMENT_3D ( 'NONE', #6677, #4099, #5446 ) ;
#8368 = ORIENTED_EDGE ( 'NONE', *, *, #5811, .F. ) ;
#8369 = CARTESIAN_POINT ( 'NONE',  ( -62.15709586793397534, -4.394996358219555255, 8.606826751327723457 ) ) ;
#8370 = CYLINDRICAL_SURFACE ( 'NONE', #6161, 0.2879842520133656381 ) ;
#8371 = VECTOR ( 'NONE', #7620, 39.37007874015748143 ) ;
#8372 = AXIS2_PLACEMENT_3D ( 'NONE', #7029, #7115, #6985 ) ;
#8373 = CARTESIAN_POINT ( 'NONE',  ( -62.41465206343354311, -1.482582146657672295, 7.418178584436729395 ) ) ;
#8374 = CARTESIAN_POINT ( 'NONE',  ( -63.07109263212952044, -4.008384206734990407, 7.381447443573534883 ) ) ;
#8375 = ORIENTED_EDGE ( 'NONE', *, *, #4926, .F. ) ;
#8376 = B_SPLINE_CURVE_WITH_KNOTS ( 'NONE', 3,
 ( #1256, #4057, #6768, #8007 ),
 .UNSPECIFIED., .F., .F.,
 ( 4, 4 ),
 ( 2.014298343807077241E-07, 0.0004597969392806189413 ),
 .UNSPECIFIED. ) ;
#8377 = LINE ( 'NONE', #4344, #664 ) ;
#8378 = ORIENTED_EDGE ( 'NONE', *, *, #8326, .F. ) ;
#8379 = CARTESIAN_POINT ( 'NONE',  ( -62.60200930427740218, -1.482582146657662747, 7.596686702911376265 ) ) ;
#8380 = DIRECTION ( 'NONE',  ( 0.000000000000000000, -1.000000000000000000, 0.000000000000000000 ) ) ;
#8381 = CARTESIAN_POINT ( 'NONE',  ( -61.23962262008363666, -4.208110236220480971, 7.663748318507404456 ) ) ;
#8382 = VERTEX_POINT ( 'NONE', #7342 ) ;
#8383 = CARTESIAN_POINT ( 'NONE',  ( -62.67490300667535763, -1.481336058263765798, 7.838966014671670202 ) ) ;
#8384 = VECTOR ( 'NONE', #4967, 39.37007874015748854 ) ;
#8385 = VERTEX_POINT ( 'NONE', #4091 ) ;
#8386 = CARTESIAN_POINT ( 'NONE',  ( -61.15110616715175951, -4.341398605477317041, 7.508547273533714872 ) ) ;
#8387 = ORIENTED_EDGE ( 'NONE', *, *, #300, .F. ) ;
#8388 = DIRECTION ( 'NONE',  ( 1.000000000000000000, 0.000000000000000000, 0.000000000000000000 ) ) ;
#8389 = DIRECTION ( 'NONE',  ( 1.000000000000000000, 0.000000000000000000, 0.000000000000000000 ) ) ;
#8390 = CARTESIAN_POINT ( 'NONE',  ( -63.06057633416516950, -5.958110236220478306, 7.402760835050560040 ) ) ;
#8391 = CARTESIAN_POINT ( 'NONE',  ( -62.15329152614000918, -4.015221815298517960, 8.889402772319078494 ) ) ;
#8392 = CYLINDRICAL_SURFACE ( 'NONE', #8409, 0.5039999999831531463 ) ;
#8393 = B_SPLINE_CURVE_WITH_KNOTS ( 'NONE', 3,
 ( #7933, #5908, #7195, #4594 ),
 .UNSPECIFIED., .F., .F.,
 ( 4, 4 ),
 ( 2.372388754691424111E-06, 0.005608136317045289004 ),
 .UNSPECIFIED. ) ;
#8394 = CARTESIAN_POINT ( 'NONE',  ( -62.17522999999999911, -4.381104177324340654, 6.971219243018134115 ) ) ;
#8395 = ORIENTED_EDGE ( 'NONE', *, *, #1473, .T. ) ;
#8396 = DIRECTION ( 'NONE',  ( 0.5155785449014814725, 0.000000000000000000, 0.8568423215722195119 ) ) ;
#8397 = ORIENTED_EDGE ( 'NONE', *, *, #5695, .T. ) ;
#8398 = CARTESIAN_POINT ( 'NONE',  ( -61.99165455255243273, -4.387501882884663473, 7.129859618435441249 ) ) ;
#8399 = CARTESIAN_POINT ( 'NONE',  ( -62.86207083100747894, -4.217163321470664528, 7.151108619710216274 ) ) ;
#8400 = AXIS2_PLACEMENT_3D ( 'NONE', #1261, #1342, #3281 ) ;
#8401 = CARTESIAN_POINT ( 'NONE',  ( -62.71358452209671697, -1.403543307086619674, 7.913807530093035503 ) ) ;
#8402 = B_SPLINE_CURVE_WITH_KNOTS ( 'NONE', 3,
 ( #6947, #3576, #301, #4885 ),
 .UNSPECIFIED., .F., .F.,
 ( 4, 4 ),
 ( 2.014298341673060316E-07, 0.0004597969392808911844 ),
 .UNSPECIFIED. ) ;
#8403 = CARTESIAN_POINT ( 'NONE',  ( -61.21554231500341814, -4.267983533054604983, 8.368581014532129103 ) ) ;
#8404 = VECTOR ( 'NONE', #3681, 39.37007874015748854 ) ;
#8405 = ORIENTED_EDGE ( 'NONE', *, *, #1239, .T. ) ;
#8406 = DIRECTION ( 'NONE',  ( 0.5000000000000354161, 0.000000000000000000, -0.8660254037844180575 ) ) ;
#8407 = EDGE_LOOP ( 'NONE', ( #5442, #4378, #6575, #6752 ) ) ;
#8408 = CARTESIAN_POINT ( 'NONE',  ( -62.17522999999999911, -1.858375076448566254, 8.393021816021203563 ) ) ;
#8409 = AXIS2_PLACEMENT_3D ( 'NONE', #377, #5659, #2431 ) ;
#8410 = VERTEX_POINT ( 'NONE', #3438 ) ;
#8411 = DIRECTION ( 'NONE',  ( -0.000000000000000000, 1.000000000000000000, -0.000000000000000000 ) ) ;
#8412 = PLANE ( 'NONE',  #6537 ) ;
#8413 = AXIS2_PLACEMENT_3D ( 'NONE', #6140, #7703, #6087 ) ;
#8414 = EDGE_LOOP ( 'NONE', ( #6394, #8278, #4744, #5866 ) ) ;
#8415 = EDGE_CURVE ( 'NONE', #6007, #906, #3017, .T. ) ;
#8416 = CARTESIAN_POINT ( 'NONE',  ( -62.28709095151192798, -1.481336058263765798, 8.344372524854374973 ) ) ;
#8417 = ORIENTED_EDGE ( 'NONE', *, *, #4511, .F. ) ;
#8418 = DIRECTION ( 'NONE',  ( 0.000000000000000000, 0.000000000000000000, 1.000000000000000000 ) ) ;
#8419 = EDGE_LOOP ( 'NONE', ( #1446, #7997, #7028, #2126 ) ) ;
#8420 = ADVANCED_FACE ( 'NONE', ( #8087 ), #5527, .T. ) ;
#8421 = EDGE_CURVE ( 'NONE', #8271, #4407, #2880, .T. ) ;
#8422 = CARTESIAN_POINT ( 'NONE',  ( -61.47924113679786018, -5.958110236220478306, 8.568251089606187421 ) ) ;
#8423 =( BOUNDED_SURFACE ( )  B_SPLINE_SURFACE ( 3, 2, ( 
 ( #7926, #3145, #3282 ),
 ( #573, #7795, #5804 ),
 ( #7273, #6518, #4500 ),
 ( #7747, #5855, #6469 ),
 ( #3756, #3241, #8501 ),
 ( #5155, #2395, #3099 ),
 ( #1130, #7845, #1745 ),
 ( #5759, #8403, #4588 ),
 ( #1794, #2442, #8551 ),
 ( #3804, #3890, #5199 ),
 ( #5105, #7186, #3848 ),
 ( #2535, #1884, #4406 ),
 ( #4544, #7228, #7088 ),
 ( #1223, #6558, #5900 ),
 ( #8590, #2570, #6427 ),
 ( #430, #5239, #1262 ),
 ( #3936, #1086, #1962 ),
 ( #6730, #650, #6065 ) ),
 .UNSPECIFIED., .F., .F., .F. ) 
 B_SPLINE_SURFACE_WITH_KNOTS ( ( 4, 2, 2, 2, 2, 2, 2, 2, 4 ),
 ( 3, 3 ),
 ( 0.000000000000000000, 0.0001826799221957708550, 0.0003653598443915417101, 0.0005480397665873125651, 0.0007307196887830834202, 0.0009133996109788542752, 0.001096079533174625130, 0.001278759455370395877, 0.001461439377566166840 ),
 ( 0.000000000000000000, 1.000000000000000000 ),
 .UNSPECIFIED. ) 
 GEOMETRIC_REPRESENTATION_ITEM ( )  RATIONAL_B_SPLINE_SURFACE ( (
 ( 1.000000000000000000, 0.9077309138719169557, 1.000000000000000000),
 ( 1.000000000000000000, 0.9077313985287157605, 1.000000000000000000),
 ( 1.000000000000000000, 0.9090499560724124573, 1.000000000000000000),
 ( 1.000000000000000000, 0.9140299215145829548, 1.000000000000000000),
 ( 1.000000000000000000, 0.9177545019633177592, 1.000000000000000000),
 ( 1.000000000000000000, 0.9267632205222087194, 1.000000000000000000),
 ( 1.000000000000000000, 0.9320524481309830911, 1.000000000000000000),
 ( 1.000000000000000000, 0.9435597176413803577, 1.000000000000000000),
 ( 1.000000000000000000, 0.9496014803534337245, 1.000000000000000000),
 ( 1.000000000000000000, 0.9615176567704045718, 1.000000000000000000),
 ( 1.000000000000000000, 0.9674521050718725146, 1.000000000000000000),
 ( 1.000000000000000000, 0.9781888576662867152, 1.000000000000000000),
 ( 1.000000000000000000, 0.9830256174859687279, 1.000000000000000000),
 ( 1.000000000000000000, 0.9911566989063768096, 1.000000000000000000),
 ( 1.000000000000000000, 0.9944235497298714588, 1.000000000000000000),
 ( 1.000000000000000000, 0.9988256192736273409, 1.000000000000000000),
 ( 1.000000000000000000, 0.9999998433027491584, 1.000000000000000000),
 ( 1.000000000000000000, 1.000000000000000000, 1.000000000000000000) ) ) 
 REPRESENTATION_ITEM ( '' )  SURFACE ( )  );
#8424 = ORIENTED_EDGE ( 'NONE', *, *, #1078, .F. ) ;
#8425 = CARTESIAN_POINT ( 'NONE',  ( -61.80912333800013414, -1.481336058263765798, 7.516508333879509784 ) ) ;
#8426 = B_SPLINE_CURVE_WITH_KNOTS ( 'NONE', 3,
 ( #4614, #2074, #7304, #4747 ),
 .UNSPECIFIED., .F., .F.,
 ( 4, 4 ),
 ( 0.000000000000000000, 0.003044469774309815652 ),
 .UNSPECIFIED. ) ;
#8427 = CARTESIAN_POINT ( 'NONE',  ( -62.68772300728694802, -0.3996062992126024893, 7.759714947037442911 ) ) ;
#8428 = AXIS2_PLACEMENT_3D ( 'NONE', #1331, #7218, #1214 ) ;
#8429 = CARTESIAN_POINT ( 'NONE',  ( -61.12614833092867173, -4.267983533049985567, 7.570521739363818448 ) ) ;
#8430 = ORIENTED_EDGE ( 'NONE', *, *, #7828, .T. ) ;
#8431 = DIRECTION ( 'NONE',  ( -0.000000000000000000, 1.000000000000000000, -0.000000000000000000 ) ) ;
#8432 = EDGE_CURVE ( 'NONE', #7268, #2614, #8426, .T. ) ;
#8433 = AXIS2_PLACEMENT_3D ( 'NONE', #586, #3250, #1099 ) ;
#8434 = ORIENTED_EDGE ( 'NONE', *, *, #3960, .F. ) ;
#8435 = DIRECTION ( 'NONE',  ( -0.4842579450684323938, 0.000000000000000000, -0.8749252783170108350 ) ) ;
#8436 = VERTEX_POINT ( 'NONE', #8000 ) ;
#8437 = CYLINDRICAL_SURFACE ( 'NONE', #5692, 0.3228346456692918753 ) ;
#8438 = ORIENTED_EDGE ( 'NONE', *, *, #4299, .T. ) ;
#8439 = DIRECTION ( 'NONE',  ( 0.000000000000000000, -1.000000000000000000, 0.000000000000000000 ) ) ;
#8440 = LINE ( 'NONE', #626, #8 ) ;
#8441 = CARTESIAN_POINT ( 'NONE',  ( -61.12272964279395637, -4.097277330654654826, 7.370751048989531817 ) ) ;
#8442 = PLANE ( 'NONE',  #5736 ) ;
#8443 = FACE_OUTER_BOUND ( 'NONE', #2309, .T. ) ;
#8444 = ORIENTED_EDGE ( 'NONE', *, *, #235, .F. ) ;
#8445 = CARTESIAN_POINT ( 'NONE',  ( -61.06273608398331731, -4.208110236220480971, 7.608133808477015592 ) ) ;
#8446 = VERTEX_POINT ( 'NONE', #1991 ) ;
#8447 = DIRECTION ( 'NONE',  ( 0.000000000000000000, 0.000000000000000000, 1.000000000000000000 ) ) ;
#8448 = CIRCLE ( 'NONE', #1171, 0.3937007874015751585 ) ;
#8449 = CONICAL_SURFACE ( 'NONE', #2724, 0.5216535433070783601, 0.7853981633974604915 ) ;
#8450 = EDGE_CURVE ( 'NONE', #1079, #8121, #2737, .T. ) ;
#8451 = DIRECTION ( 'NONE',  ( 6.123233995736766036E-17, -1.000000000000000000, -0.000000000000000000 ) ) ;
#8452 = CARTESIAN_POINT ( 'NONE',  ( -62.88659383447543405, -4.225373400308811256, 7.117393088027497150 ) ) ;
#8453 = DIRECTION ( 'NONE',  ( 0.4999999999999603650, 0.000000000000000000, 0.8660254037844613562 ) ) ;
#8454 = CARTESIAN_POINT ( 'NONE',  ( -62.17522999999999911, -0.3996062992126024893, 7.857046014671676737 ) ) ;
#8455 = ORIENTED_EDGE ( 'NONE', *, *, #5748, .F. ) ;
#8456 = DIRECTION ( 'NONE',  ( 0.000000000000000000, 0.000000000000000000, 1.000000000000000000 ) ) ;
#8457 = ORIENTED_EDGE ( 'NONE', *, *, #1351, .T. ) ;
#8458 = CARTESIAN_POINT ( 'NONE',  ( -63.02963579448643117, 57.93121849778213317, 7.663812613139839414 ) ) ;
#8459 = ORIENTED_EDGE ( 'NONE', *, *, #1212, .T. ) ;
#8460 = CARTESIAN_POINT ( 'NONE',  ( -62.56909652172559788, -1.336377492740391526, 7.516508333879505344 ) ) ;
#8461 = CARTESIAN_POINT ( 'NONE',  ( -61.82167660940673670, -5.958149606299221190, 7.503492624078405449 ) ) ;
#8462 = CARTESIAN_POINT ( 'NONE',  ( -62.51576768079215896, -5.958149606299221190, 7.490939352671794893 ) ) ;
#8463 = PLANE ( 'NONE',  #7184 ) ;
#8464 = EDGE_LOOP ( 'NONE', ( #450, #2026, #8560, #6642 ) ) ;
#8465 = EDGE_CURVE ( 'NONE', #5741, #241, #600, .T. ) ;
#8466 = LINE ( 'NONE', #7152, #7654 ) ;
#8467 = ADVANCED_FACE ( 'NONE', ( #4050 ), #1766, .T. ) ;
#8468 = VECTOR ( 'NONE', #5767, 39.37007874015748143 ) ;
#8469 = VERTEX_POINT ( 'NONE', #6760 ) ;
#8470 = LINE ( 'NONE', #4519, #4681 ) ;
#8471 = ADVANCED_FACE ( 'NONE', ( #727 ), #7783, .T. ) ;
#8472 = CARTESIAN_POINT ( 'NONE',  ( -62.17522999977387599, -4.404960629921268911, 7.857046014748070739 ) ) ;
#8473 = CARTESIAN_POINT ( 'NONE',  ( -61.25136930826641901, -4.208110236220480971, 7.667276149373861038 ) ) ;
#8474 = DIRECTION ( 'NONE',  ( 0.000000000000000000, 1.000000000000000000, 0.000000000000000000 ) ) ;
#8475 = MANIFOLD_SOLID_BREP ( 'M8 Clearance Hole1', #4418 ) ;
#8476 = CIRCLE ( 'NONE', #7765, 0.5039999999831531463 ) ;
#8477 = EDGE_CURVE ( 'NONE', #5698, #4673, #4136, .T. ) ;
#8478 = CIRCLE ( 'NONE', #6226, 0.5413385826771592857 ) ;
#8479 = ORIENTED_EDGE ( 'NONE', *, *, #3781, .F. ) ;
#8480 = EDGE_CURVE ( 'NONE', #5540, #2632, #7681, .T. ) ;
#8481 = CARTESIAN_POINT ( 'NONE',  ( -62.40188754269590277, -0.3996062992126024893, 7.387206917124565564 ) ) ;
#8482 = ORIENTED_EDGE ( 'NONE', *, *, #7, .F. ) ;
#8483 = CARTESIAN_POINT ( 'NONE',  ( -60.95197403765156707, -4.270335575510043391, 7.540125019273024698 ) ) ;
#8484 = DIRECTION ( 'NONE',  ( 0.000000000000000000, 1.000000000000000000, 0.000000000000000000 ) ) ;
#8485 = AXIS2_PLACEMENT_3D ( 'NONE', #6624, #8659, #3354 ) ;
#8486 = ORIENTED_EDGE ( 'NONE', *, *, #3980, .T. ) ;
#8487 = CARTESIAN_POINT ( 'NONE',  ( -62.17522999999999911, -5.958110236220478306, 7.857046014671676737 ) ) ;
#8488 = CARTESIAN_POINT ( 'NONE',  ( -62.65319761351178585, -0.3996062992126024893, 8.003834844062206244 ) ) ;
#8489 = CARTESIAN_POINT ( 'NONE',  ( -61.53890912271234725, -4.345883739739632823, 7.477103590514401432 ) ) ;
#8490 = AXIS2_PLACEMENT_3D ( 'NONE', #392, #4546, #435 ) ;
#8491 = AXIS2_PLACEMENT_3D ( 'NONE', #4913, #6935, #7507 ) ;
#8492 = CARTESIAN_POINT ( 'NONE',  ( -61.86511383696242206, -0.4126776965509276196, 8.292691939573657578 ) ) ;
#8493 = ORIENTED_EDGE ( 'NONE', *, *, #3854, .T. ) ;
#8494 = CARTESIAN_POINT ( 'NONE',  ( -61.68790348981730176, -5.958149606299221190, 7.745185063159765626 ) ) ;
#8495 = ORIENTED_EDGE ( 'NONE', *, *, #8355, .F. ) ;
#8496 = DIRECTION ( 'NONE',  ( -0.000000000000000000, 1.000000000000000000, -0.000000000000000000 ) ) ;
#8497 = FACE_OUTER_BOUND ( 'NONE', #5416, .T. ) ;
#8498 = CARTESIAN_POINT ( 'NONE',  ( -62.89430326875761068, -4.253190375693196579, 7.065810391362630227 ) ) ;
#8499 = APPROVAL_PERSON_ORGANIZATION ( #2721, #7740, #3911 ) ;
#8500 = DIRECTION ( 'NONE',  ( -1.000000000000000000, 0.000000000000000000, 0.000000000000000000 ) ) ;
#8501 = CARTESIAN_POINT ( 'NONE',  ( -61.25399153153853149, -4.338247612989701629, 8.422497060079416897 ) ) ;
#8502 = ADVANCED_FACE ( 'NONE', ( #2158 ), #6365, .T. ) ;
#8503 = ORIENTED_EDGE ( 'NONE', *, *, #3197, .F. ) ;
#8504 = LINE ( 'NONE', #4503, #6363 ) ;
#8505 = ORIENTED_EDGE ( 'NONE', *, *, #3623, .F. ) ;
#8506 = CARTESIAN_POINT ( 'NONE',  ( -62.83362623104999045, -5.958110236220480971, 7.497860265471701702 ) ) ;
#8507 = EDGE_LOOP ( 'NONE', ( #7200, #750, #3771, #2143 ) ) ;
#8508 = AXIS2_PLACEMENT_3D ( 'NONE', #4991, #7103, #2458 ) ;
#8509 = CARTESIAN_POINT ( 'NONE',  ( -62.51576768079215896, -1.407454082783007987, 7.482164190387289970 ) ) ;
#8510 = VECTOR ( 'NONE', #1139, 39.37007874015748143 ) ;
#8511 = CARTESIAN_POINT ( 'NONE',  ( -61.74179606610573501, -0.4061132758059441961, 7.555185114460789109 ) ) ;
#8512 = B_SPLINE_CURVE_WITH_KNOTS ( 'NONE', 3,
 ( #2027, #3351, #7503, #8125 ),
 .UNSPECIFIED., .F., .F.,
 ( 4, 4 ),
 ( 2.372388754559113753E-06, 0.005608136317045235228 ),
 .UNSPECIFIED. ) ;
#8513 = B_SPLINE_CURVE_WITH_KNOTS ( 'NONE', 3,
 ( #5728, #3157, #7756, #2504 ),
 .UNSPECIFIED., .F., .F.,
 ( 4, 4 ),
 ( 2.372388754634002900E-06, 0.005608136317045254310 ),
 .UNSPECIFIED. ) ;
#8514 = LINE ( 'NONE', #7148, #8203 ) ;
#8515 = VECTOR ( 'NONE', #2913, 39.37007874015748854 ) ;
#8516 = EDGE_LOOP ( 'NONE', ( #4618, #6896, #2959, #1476 ) ) ;
#8517 = DIRECTION ( 'NONE',  ( 3.351616678113733336E-14, 0.000000000000000000, -1.000000000000000000 ) ) ;
#8518 = ORIENTED_EDGE ( 'NONE', *, *, #1943, .F. ) ;
#8519 = CARTESIAN_POINT ( 'NONE',  ( -61.47924113679786018, 57.93121849778213317, 8.568251089606187421 ) ) ;
#8520 = VERTEX_POINT ( 'NONE', #2196 ) ;
#8521 = CARTESIAN_POINT ( 'NONE',  ( -61.75441941427787640, -1.267487984741781704, 7.516508333879518666 ) ) ;
#8522 = CARTESIAN_POINT ( 'NONE',  ( -62.25376002172995271, -4.404960629921268911, 6.882203958008436651 ) ) ;
#8523 = AXIS2_PLACEMENT_3D ( 'NONE', #4751, #3272, #1295 ) ;
#8524 = AXIS2_PLACEMENT_3D ( 'NONE', #6009, #4646, #550 ) ;
#8525 = CARTESIAN_POINT ( 'NONE',  ( -62.17522999999999911, -0.3996062992126024893, 8.132636565852779498 ) ) ;
#8526 = FACE_OUTER_BOUND ( 'NONE', #7018, .T. ) ;
#8527 = EDGE_CURVE ( 'NONE', #831, #472, #1483, .T. ) ;
#8528 = EDGE_CURVE ( 'NONE', #3032, #354, #6228, .T. ) ;
#8529 = CIRCLE ( 'NONE', #4737, 0.5216535433070783601 ) ;
#8530 = VERTEX_POINT ( 'NONE', #240 ) ;
#8531 = DIRECTION ( 'NONE',  ( 0.000000000000000000, 0.000000000000000000, 1.000000000000000000 ) ) ;
#8532 = AXIS2_PLACEMENT_3D ( 'NONE', #393, #4244, #3554 ) ;
#8533 = ORIENTED_EDGE ( 'NONE', *, *, #5884, .F. ) ;
#8534 = CARTESIAN_POINT ( 'NONE',  ( -61.90973575736190071, -0.3996062992126024893, 8.280735532037894586 ) ) ;
#8535 = CARTESIAN_POINT ( 'NONE',  ( -62.49356417536078112, -1.267487984741781704, 8.294893949339048334 ) ) ;
#8536 = EDGE_LOOP ( 'NONE', ( #6497, #1403, #5087, #5191 ) ) ;
#8537 = CARTESIAN_POINT ( 'NONE',  ( -63.25324022806475455, -4.110720617364032492, 8.318788727534949246 ) ) ;
#8538 = CARTESIAN_POINT ( 'NONE',  ( -62.29711677586224283, -4.110654975007869361, 9.023376384645997561 ) ) ;
#8539 = CARTESIAN_POINT ( 'NONE',  ( -61.54447217722020014, -4.315404400414875496, 7.492272664063283294 ) ) ;
#8540 = CARTESIAN_POINT ( 'NONE',  ( -63.04160690424410518, -4.278729374540857222, 6.933863546176493919 ) ) ;
#8541 = ORIENTED_EDGE ( 'NONE', *, *, #1341, .F. ) ;
#8542 = CARTESIAN_POINT ( 'NONE',  ( -63.03090807662420048, -3.990057508870435310, 7.476170204293925536 ) ) ;
#8543 = ORIENTED_EDGE ( 'NONE', *, *, #5579, .T. ) ;
#8544 = CARTESIAN_POINT ( 'NONE',  ( -61.62302613034851362, -3.987544811087134988, 8.571152489699525034 ) ) ;
#8545 = ADVANCED_FACE ( 'NONE', ( #1548 ), #7499, .T. ) ;
#8546 = EDGE_CURVE ( 'NONE', #135, #1659, #3925, .T. ) ;
#8547 = DIRECTION ( 'NONE',  ( 0.9998364899699180297, 0.000000000000000000, 0.01808295674479139248 ) ) ;
#8548 = CARTESIAN_POINT ( 'NONE',  ( -62.92810070705855452, -4.253190375688037150, 7.148421558381779839 ) ) ;
#8549 = AXIS2_PLACEMENT_3D ( 'NONE', #440, #5114, #531 ) ;
#8550 = DIRECTION ( 'NONE',  ( 6.123233995736766036E-17, -1.000000000000000000, 0.000000000000000000 ) ) ;
#8551 = CARTESIAN_POINT ( 'NONE',  ( -61.26893406475441850, -4.270835389115313241, 8.383991102678402640 ) ) ;
#8552 = LINE ( 'NONE', #2537, #8630 ) ;
#8553 = ORIENTED_EDGE ( 'NONE', *, *, #2675, .F. ) ;
#8554 = DIRECTION ( 'NONE',  ( 0.000000000000000000, 1.000000000000000000, 0.000000000000000000 ) ) ;
#8555 = VERTEX_POINT ( 'NONE', #2245 ) ;
#8556 = DIRECTION ( 'NONE',  ( 0.000000000000000000, 0.000000000000000000, -1.000000000000000000 ) ) ;
#8557 = DIRECTION ( 'NONE',  ( 6.123233995736766036E-17, -1.000000000000000000, 0.000000000000000000 ) ) ;
#8558 = CARTESIAN_POINT ( 'NONE',  ( -62.49356417536056085, -0.4192913385826831929, 7.419198080004365536 ) ) ;
#8559 = CARTESIAN_POINT ( 'NONE',  ( -61.95520965326385010, -0.4192913385826831929, 8.351655464760350256 ) ) ;
#8560 = ORIENTED_EDGE ( 'NONE', *, *, #7250, .F. ) ;
#8561 = CARTESIAN_POINT ( 'NONE',  ( -62.51591266371249134, -4.391957921822226218, 8.944950110581013192 ) ) ;
#8562 = ORIENTED_EDGE ( 'NONE', *, *, #2066, .F. ) ;
#8563 = CARTESIAN_POINT ( 'NONE',  ( -61.78136347827430797, -1.336377492739988959, 7.516508333879511561 ) ) ;
#8564 = VERTEX_POINT ( 'NONE', #5482 ) ;
#8565 = EDGE_CURVE ( 'NONE', #1877, #7233, #8318, .T. ) ;
#8566 = VECTOR ( 'NONE', #638, 39.37007874015748143 ) ;
#8567 = DIRECTION ( 'NONE',  ( -0.4842579450684323938, 0.000000000000000000, -0.8749252783170108350 ) ) ;
#8568 = ORIENTED_EDGE ( 'NONE', *, *, #4777, .T. ) ;
#8569 = DIRECTION ( 'NONE',  ( -9.912705577010336643E-17, 1.000000000000000000, 1.716930969985322107E-16 ) ) ;
#8570 = ORIENTED_EDGE ( 'NONE', *, *, #4401, .T. ) ;
#8571 = CARTESIAN_POINT ( 'NONE',  ( -61.29172700356568271, -5.958110236220480971, 8.276458049455362342 ) ) ;
#8572 = VERTEX_POINT ( 'NONE', #6147 ) ;
#8573 = CARTESIAN_POINT ( 'NONE',  ( -61.23208039387928636, -4.208110236220480971, 7.857046014726967620 ) ) ;
#8574 = ADVANCED_FACE ( 'NONE', ( #856 ), #2289, .T. ) ;
#8575 = ORIENTED_EDGE ( 'NONE', *, *, #8284, .T. ) ;
#8576 = CARTESIAN_POINT ( 'NONE',  ( -62.31039607463344510, -1.482581474689049550, 7.375737695854060583 ) ) ;
#8577 = CARTESIAN_POINT ( 'NONE',  ( -61.25789207568800521, -4.027370761133139965, 7.327994465094144871 ) ) ;
#8578 = CARTESIAN_POINT ( 'NONE',  ( -62.17522999999999911, -1.403543307086619674, 7.857046014671676737 ) ) ;
#8579 = CIRCLE ( 'NONE', #5750, 0.5509842519685053119 ) ;
#8580 = DIRECTION ( 'NONE',  ( -0.5000000000000415223, 0.000000000000000000, 0.8660254037844146158 ) ) ;
#8581 = EDGE_LOOP ( 'NONE', ( #4352, #5775, #4760, #4380, #633 ) ) ;
#8582 = FACE_OUTER_BOUND ( 'NONE', #5349, .T. ) ;
#8583 = ADVANCED_FACE ( 'NONE', ( #4172 ), #3608, .T. ) ;
#8584 = EDGE_LOOP ( 'NONE', ( #1997, #5464 ) ) ;
#8585 = CARTESIAN_POINT ( 'NONE',  ( -62.03586803627475632, -4.282455868793683784, 7.163471273818156071 ) ) ;
#8586 = DIRECTION ( 'NONE',  ( 0.000000000000000000, 0.000000000000000000, 1.000000000000000000 ) ) ;
#8587 = CARTESIAN_POINT ( 'NONE',  ( -62.34834661263452205, -4.208467590035553485, 8.395364547766158481 ) ) ;
#8588 = EDGE_CURVE ( 'NONE', #685, #7077, #934, .T. ) ;
#8589 = CARTESIAN_POINT ( 'NONE',  ( -62.09072101034910673, -0.4192913385826831929, 8.391747512484338145 ) ) ;
#8590 = CARTESIAN_POINT ( 'NONE',  ( -61.27408191081062938, -4.213747115095276996, 8.270539832919064693 ) ) ;
#8591 = ADVANCED_FACE ( 'NONE', ( #6846 ), #4272, .F. ) ;
#8592 = ORIENTED_EDGE ( 'NONE', *, *, #4387, .T. ) ;
#8593 = CARTESIAN_POINT ( 'NONE',  ( -62.20900209069867515, -4.228093406732029713, 6.852908267629470807 ) ) ;
#8594 = EDGE_CURVE ( 'NONE', #7493, #1087, #2465, .T. ) ;
#8595 = ORIENTED_EDGE ( 'NONE', *, *, #3003, .F. ) ;
#8596 = CARTESIAN_POINT ( 'NONE',  ( -63.05121404966129717, 57.93121849778213317, 7.856451154564531691 ) ) ;
#8597 = ORIENTED_EDGE ( 'NONE', *, *, #4709, .F. ) ;
#8598 = CARTESIAN_POINT ( 'NONE',  ( -62.17522999999999911, -4.208110236220480971, 7.857046014671676737 ) ) ;
#8599 = DIRECTION ( 'NONE',  ( -3.351616678113733336E-14, 0.000000000000000000, -1.000000000000000000 ) ) ;
#8600 = ORIENTED_EDGE ( 'NONE', *, *, #2351, .T. ) ;
#8601 = CARTESIAN_POINT ( 'NONE',  ( -62.26761862509152934, -4.209387329601466554, 6.892461149030158829 ) ) ;
#8602 = CARTESIAN_POINT ( 'NONE',  ( -62.04582047744873563, -5.958149606299221190, 7.374083101527144635 ) ) ;
#8603 = VERTEX_POINT ( 'NONE', #1151 ) ;
#8604 = B_SPLINE_CURVE_WITH_KNOTS ( 'NONE', 3,
 ( #1510, #810, #6280, #6847 ),
 .UNSPECIFIED., .F., .F.,
 ( 4, 4 ),
 ( 2.014298343233802695E-07, 0.0004597969392809035986 ),
 .UNSPECIFIED. ) ;
#8605 = CARTESIAN_POINT ( 'NONE',  ( -62.47871964007161694, -4.209697190732862637, 8.777205592539369050 ) ) ;
#8606 = CARTESIAN_POINT ( 'NONE',  ( -62.40940876403726634, -5.958149606299221190, 8.298815532037897569 ) ) ;
#8607 = CARTESIAN_POINT ( 'NONE',  ( -62.99924072846518186, -4.208110236220480971, 7.143567358502282083 ) ) ;
#8608 = DIRECTION ( 'NONE',  ( 0.000000000000000000, -1.000000000000000000, 0.000000000000000000 ) ) ;
#8609 = CALENDAR_DATE ( 2025, 8, 12 ) ;
#8610 = EDGE_CURVE ( 'NONE', #6443, #7373, #3826, .T. ) ;
#8611 = ORIENTED_EDGE ( 'NONE', *, *, #8053, .F. ) ;
#8612 = CARTESIAN_POINT ( 'NONE',  ( -62.17522999999999911, -0.3996062992126024893, 7.857046014671676737 ) ) ;
#8613 = EDGE_CURVE ( 'NONE', #3352, #2766, #3170, .T. ) ;
#8614 = DIRECTION ( 'NONE',  ( -1.914987665046790899E-16, 1.000000000000000000, 5.131193983648429311E-17 ) ) ;
#8615 = ORIENTED_EDGE ( 'NONE', *, *, #8284, .F. ) ;
#8616 = CARTESIAN_POINT ( 'NONE',  ( -60.95411907303608245, -4.267935714560880278, 7.534725105098621256 ) ) ;
#8617 = EDGE_LOOP ( 'NONE', ( #967, #1955, #3271, #7206 ) ) ;
#8618 = DIRECTION ( 'NONE',  ( 1.000000000000000000, 0.000000000000000000, 0.000000000000000000 ) ) ;
#8619 = CARTESIAN_POINT ( 'NONE',  ( -62.17522999999999911, -0.3996062992126024893, 7.857046014671676737 ) ) ;
#8620 = CARTESIAN_POINT ( 'NONE',  ( -62.17522999999999911, -5.958110236220478306, 0.000000000000000000 ) ) ;
#8621 = B_SPLINE_CURVE_WITH_KNOTS ( 'NONE', 3,
 ( #819, #3492, #6154, #162 ),
 .UNSPECIFIED., .F., .F.,
 ( 4, 4 ),
 ( 0.000000000000000000, 0.0008211405993301016488 ),
 .UNSPECIFIED. ) ;
#8622 = TOROIDAL_SURFACE ( 'NONE', #4826, 0.2362204724409451007, 0.03937007874015532871 ) ;
#8623 = CARTESIAN_POINT ( 'NONE',  ( -62.45996664064074366, -4.209698545954785764, 8.774490059186264901 ) ) ;
#8624 = ORIENTED_EDGE ( 'NONE', *, *, #7711, .F. ) ;
#8625 = CARTESIAN_POINT ( 'NONE',  ( -61.67523000000000621, -5.958149606299221190, 7.857046014671682066 ) ) ;
#8626 = ORIENTED_EDGE ( 'NONE', *, *, #3135, .T. ) ;
#8627 = CARTESIAN_POINT ( 'NONE',  ( -61.24981773185808009, -4.391949825143043107, 8.432943233919795389 ) ) ;
#8628 = DIRECTION ( 'NONE',  ( -0.8568423215722196229, 0.000000000000000000, 0.5155785449014815836 ) ) ;
#8629 = CARTESIAN_POINT ( 'NONE',  ( -61.65668062054177057, -4.220695028740626853, 8.203285972756606981 ) ) ;
#8630 = VECTOR ( 'NONE', #5807, 39.37007874015748143 ) ;
#8631 = LINE ( 'NONE', #2748, #1268 ) ;
#8632 = AXIS2_PLACEMENT_3D ( 'NONE', #3068, #6566, #1096 ) ;
#8633 = DIRECTION ( 'NONE',  ( -0.2413099306572120684, 0.000000000000000000, 0.9704481013254708799 ) ) ;
#8634 = ADVANCED_FACE ( 'NONE', ( #1680 ), #544, .F. ) ;
#8635 = EDGE_CURVE ( 'NONE', #5916, #2164, #6233, .T. ) ;
#8636 = CARTESIAN_POINT ( 'NONE',  ( -62.16454281089422551, -4.284794199886408528, 6.799482210846956143 ) ) ;
#8637 = EDGE_CURVE ( 'NONE', #2796, #4106, #6008, .T. ) ;
#8638 = ORIENTED_EDGE ( 'NONE', *, *, #1953, .F. ) ;
#8639 = CARTESIAN_POINT ( 'NONE',  ( -61.74221729810778214, -1.481336058263770905, 7.607046014671679401 ) ) ;
#8640 = VERTEX_POINT ( 'NONE', #3691 ) ;
#8641 = CARTESIAN_POINT ( 'NONE',  ( -62.17522999999999911, -4.208110236220480971, 7.857046014671676737 ) ) ;
#8642 = CARTESIAN_POINT ( 'NONE',  ( -62.17522999999999911, -1.267487984742363905, 7.857046014671676737 ) ) ;
#8643 = DIRECTION ( 'NONE',  ( 0.000000000000000000, 0.000000000000000000, -1.000000000000000000 ) ) ;
#8644 = DIRECTION ( 'NONE',  ( -0.000000000000000000, 1.000000000000000000, -0.000000000000000000 ) ) ;
#8645 = VERTEX_POINT ( 'NONE', #627 ) ;
#8646 = DIRECTION ( 'NONE',  ( -0.9998364899699180297, 0.000000000000000000, -0.01808295674479139248 ) ) ;
#8647 = CARTESIAN_POINT ( 'NONE',  ( -62.04582047744873563, -1.481336058263770905, 7.374083101527144635 ) ) ;
#8648 = CARTESIAN_POINT ( 'NONE',  ( -62.47709090021088940, -0.4061132758059443626, 7.423612080777416189 ) ) ;
#8649 = DATE_TIME_ROLE ( 'creation_date' ) ;
#8650 = DIRECTION ( 'NONE',  ( -0.2413099306571951930, 0.000000000000000000, -0.9704481013254750987 ) ) ;
#8651 = CIRCLE ( 'NONE', #104, 0.5413385826771592857 ) ;
#8652 = EDGE_LOOP ( 'NONE', ( #4502, #6143, #3046, #1555 ) ) ;
#8653 = LINE ( 'NONE', #5880, #4730 ) ;
#8654 = AXIS2_PLACEMENT_3D ( 'NONE', #960, #6290, #3502 ) ;
#8655 = CIRCLE ( 'NONE', #1513, 0.5413385826771592857 ) ;
#8656 = ORIENTED_EDGE ( 'NONE', *, *, #7668, .T. ) ;
#8657 = DIRECTION ( 'NONE',  ( 0.7071067811865304753, 0.000000000000000000, -0.7071067811865645591 ) ) ;
#8658 = CARTESIAN_POINT ( 'NONE',  ( -61.94105123596275320, -5.958149606299221190, 8.298815532037897569 ) ) ;
#8659 = DIRECTION ( 'NONE',  ( -6.123233995736766036E-17, 1.000000000000000000, -0.000000000000000000 ) ) ;
#8660 = CARTESIAN_POINT ( 'NONE',  ( -61.75154048263378570, -1.481336058263765798, 8.122540257309786682 ) ) ;
#8661 = CIRCLE ( 'NONE', #5696, 0.5216535433070783601 ) ;
#8662 = CIRCLE ( 'NONE', #119, 0.3937007874015751585 ) ;
#8663 = CARTESIAN_POINT ( 'NONE',  ( -62.39244118729713051, -4.306285833289244636, 8.903761684686132938 ) ) ;
#8664 = AXIS2_PLACEMENT_3D ( 'NONE', #1733, #3224, #8618 ) ;
#8665 = ORIENTED_EDGE ( 'NONE', *, *, #8477, .F. ) ;
#8666 = CARTESIAN_POINT ( 'NONE',  ( -62.17523000002436362, -4.208110236220480971, 7.857046014726967620 ) ) ;
#8667 = ORIENTED_EDGE ( 'NONE', *, *, #1673, .F. ) ;
#8668 = CARTESIAN_POINT ( 'NONE',  ( -61.38020213269656011, -4.404960629921268911, 7.946100437918881987 ) ) ;
#8669 = DIRECTION ( 'NONE',  ( -0.000000000000000000, 1.000000000000000000, -0.000000000000000000 ) ) ;
#8670 = CARTESIAN_POINT ( 'NONE',  ( -61.64983255135192053, -4.247657295989431425, 8.275539959569091053 ) ) ;
#8671 = CARTESIAN_POINT ( 'NONE',  ( -62.83362623104999045, -4.404960629921268911, 7.497860265471701702 ) ) ;
#8672 = CARTESIAN_POINT ( 'NONE',  ( -61.73346048263378805, -5.958149606299221190, 7.622867250634420166 ) ) ;
#8673 = EDGE_LOOP ( 'NONE', ( #2459, #596, #6863, #5627, #236 ) ) ;
#8674 = CARTESIAN_POINT ( 'NONE',  ( -62.59891951736621252, -5.958149606299221190, 8.122540257309786682 ) ) ;
#8675 = ORIENTED_EDGE ( 'NONE', *, *, #1334, .T. ) ;
#8676 = LINE ( 'NONE', #3370, #3896 ) ;
#8677 = ORIENTED_EDGE ( 'NONE', *, *, #6911, .T. ) ;
#8678 = VECTOR ( 'NONE', #2012, 39.37007874015748143 ) ;
#8679 = LINE ( 'NONE', #7411, #756 ) ;
#8680 = CARTESIAN_POINT ( 'NONE',  ( -62.40940876403726634, -5.958149606299221190, 8.298815532037897569 ) ) ;
#8681 = CARTESIAN_POINT ( 'NONE',  ( -62.17522999999999911, -1.572047244094489038, 7.857046014671676737 ) ) ;
#8682 = DIRECTION ( 'NONE',  ( 3.286260152890463360E-14, 0.000000000000000000, 1.000000000000000000 ) ) ;
#8683 = ORIENTED_EDGE ( 'NONE', *, *, #4443, .T. ) ;
ENDSEC;
END-ISO-10303-21;
