ISO-10303-21;
HEADER;
FILE_DESCRIPTION (( 'STEP AP203' ),
    '1' );
FILE_NAME ('jpoint.STEP',
    '2026-09-16T17:14:36',
    ( '' ),
    ( '' ),
    'SwSTEP 2.0',
    'SolidWorks 2026',
    '' );
FILE_SCHEMA (( 'CONFIG_CONTROL_DESIGN' ));
ENDSEC;

DATA;
#1 = DIRECTION ( 'NONE',  ( 0.000000000000000000, 1.000000000000000000, -0.000000000000000000 ) ) ;
#2 = ORIENTED_EDGE ( 'NONE', *, *, #3572, .F. ) ;
#3 = DIRECTION ( 'NONE',  ( -0.5903362311909532423, -0.7871707152048021960, 0.1785088212588426537 ) ) ;
#4 = CARTESIAN_POINT ( 'NONE',  ( -63.51508032308173313, 3.519685039370079149, 4.326881488480240456 ) ) ;
#5 = DIRECTION ( 'NONE',  ( -0.2894416129747776067, -1.387778780781445922E-16, -0.9571956710508876531 ) ) ;
#6 = CARTESIAN_POINT ( 'NONE',  ( -61.54517819718295613, 3.330708661417323135, 3.924246121618927052 ) ) ;
#7 = ORIENTED_EDGE ( 'NONE', *, *, #3746, .F. ) ;
#8 = ADVANCED_FACE ( 'NONE', ( #4764 ), #4676, .F. ) ;
#9 = VERTEX_POINT ( 'NONE', #2801 ) ;
#10 = EDGE_LOOP ( 'NONE', ( #2147, #3432, #438, #1648 ) ) ;
#11 = CARTESIAN_POINT ( 'NONE',  ( -62.95994845151289354, -1.803149606299212948, 5.022263593201435228 ) ) ;
#12 = CARTESIAN_POINT ( 'NONE',  ( -65.35063841097664294, -1.803149606299210728, 5.020180295402875359 ) ) ;
#13 = EDGE_LOOP ( 'NONE', ( #246, #1021 ) ) ;
#14 = VERTEX_POINT ( 'NONE', #4318 ) ;
#15 = DIRECTION ( 'NONE',  ( -0.000000000000000000, -1.000000000000000000, 0.000000000000000000 ) ) ;
#16 = CARTESIAN_POINT ( 'NONE',  ( -67.47825414880848882, 3.330708661417322691, 5.489420666067990062 ) ) ;
#17 = DIRECTION ( 'NONE',  ( -0.2894416129747776623, -1.387778780781445676E-16, -0.9571956710508877642 ) ) ;
#18 = PERSON ( 'NAUO-PER1', 'UNSPECIFIED', 'UNSPECIFIED', ('UNSPECIFIED'), ('UNSPECIFIED'), ('UNSPECIFIED') ) ;
#19 = CARTESIAN_POINT ( 'NONE',  ( -64.72874832131138589, -1.803149606299212726, 4.316086195930384228 ) ) ;
#20 = CARTESIAN_POINT ( 'NONE',  ( 0.000000000000000000, 3.519685039370079149, 0.000000000000000000 ) ) ;
#21 = CARTESIAN_POINT ( 'NONE',  ( -67.32283464566928899, 5.905511811023622215, 4.960629921259842590 ) ) ;
#22 = CARTESIAN_POINT ( 'NONE',  ( -62.75569817163968622, -1.803149606299212726, 3.951681260208543822 ) ) ;
#23 = AXIS2_PLACEMENT_3D ( 'NONE', #3339, #3686, #1054 ) ;
#24 = ADVANCED_FACE ( 'NONE', ( #226 ), #1732, .F. ) ;
#25 = ADVANCED_FACE ( 'NONE', ( #1680 ), #1318, .F. ) ;
#26 = EDGE_CURVE ( 'NONE', #986, #1612, #3233, .T. ) ;
#27 = EDGE_CURVE ( 'NONE', #3534, #608, #791, .T. ) ;
#28 = CARTESIAN_POINT ( 'NONE',  ( -65.23911612825777695, 3.330708661417322247, 4.973191793173985076 ) ) ;
#29 = ADVANCED_FACE ( 'NONE', ( #2704, #4790, #3424, #2163, #2132, #4222 ), #1927, .F. ) ;
#30 = CARTESIAN_POINT ( 'NONE',  ( -64.35118467964683475, -1.803149606299212948, 4.616190786736187768 ) ) ;
#31 = DIRECTION ( 'NONE',  ( 0.2894416129747778288, -4.014287838324724067E-17, 0.9571956710508874311 ) ) ;
#32 = EDGE_LOOP ( 'NONE', ( #952, #4280, #3401, #2391, #3307, #4346, #4367, #3471, #1062 ) ) ;
#33 = EDGE_CURVE ( 'NONE', #4619, #4022, #3369, .T. ) ;
#34 = ORIENTED_EDGE ( 'NONE', *, *, #760, .T. ) ;
#35 = CARTESIAN_POINT ( 'NONE',  ( -63.82098822681376760, 3.330708661417323135, 4.425448902450098920 ) ) ;
#36 = CARTESIAN_POINT ( 'NONE',  ( -67.46585964989850481, -1.803149606299212948, 5.501080171745940106 ) ) ;
#37 = VERTEX_POINT ( 'NONE', #2536 ) ;
#38 = CARTESIAN_POINT ( 'NONE',  ( -0.4359553805146830219, 3.330708661417323135, -3.642766470198991691 ) ) ;
#39 = ORIENTED_EDGE ( 'NONE', *, *, #572, .T. ) ;
#40 = CARTESIAN_POINT ( 'NONE',  ( -65.23911612825777695, 3.519685039370079149, 4.973191793173985076 ) ) ;
#41 = DIRECTION ( 'NONE',  ( -0.000000000000000000, 1.000000000000000000, -0.000000000000000000 ) ) ;
#42 = DIRECTION ( 'NONE',  ( -0.000000000000000000, 1.000000000000000000, -0.000000000000000000 ) ) ;
#43 = CARTESIAN_POINT ( 'NONE',  ( -62.62250623108929659, -1.744094488188976388, 3.973101988093346026 ) ) ;
#44 = DIRECTION ( 'NONE',  ( -0.000000000000000000, 1.000000000000000000, -0.000000000000000000 ) ) ;
#45 = EDGE_CURVE ( 'NONE', #1990, #1595, #1224, .T. ) ;
#46 =( NAMED_UNIT ( * ) PLANE_ANGLE_UNIT ( ) SI_UNIT ( $, .RADIAN. ) );
#47 = ADVANCED_FACE ( 'NONE', ( #2902 ), #3282, .F. ) ;
#48 = CARTESIAN_POINT ( 'NONE',  ( -64.35649580425813099, 3.394685039370079149, 4.811642542180340598 ) ) ;
#49 = DIRECTION ( 'NONE',  ( 0.000000000000000000, 0.000000000000000000, 1.000000000000000000 ) ) ;
#50 = CARTESIAN_POINT ( 'NONE',  ( -66.51608366495102587, -1.992125984251968740, 5.739399976464828690 ) ) ;
#51 = DIRECTION ( 'NONE',  ( 0.9571956710508875421, 0.000000000000000000, -0.2894416129747776067 ) ) ;
#52 = VERTEX_POINT ( 'NONE', #3049 ) ;
#53 = EDGE_CURVE ( 'NONE', #672, #357, #4820, .T. ) ;
#54 = EDGE_CURVE ( 'NONE', #4522, #4652, #4417, .T. ) ;
#55 = VECTOR ( 'NONE', #430, 39.37007874015748143 ) ;
#56 = ORIENTED_EDGE ( 'NONE', *, *, #3051, .T. ) ;
#57 = CARTESIAN_POINT ( 'NONE',  ( -63.32297718505464701, -1.992125984251968740, 4.269924451661772480 ) ) ;
#58 = CARTESIAN_POINT ( 'NONE',  ( -65.20111544622896815, 3.519685039370079149, 5.780046572306658526 ) ) ;
#59 = VECTOR ( 'NONE', #2018, 39.37007874015748143 ) ;
#60 = AXIS2_PLACEMENT_3D ( 'NONE', #875, #524, #2034 ) ;
#61 = B_SPLINE_CURVE_WITH_KNOTS ( 'NONE', 3,
 ( #4862, #2651, #2975, #1118, #4465, #1043, #1856, #2950, #3373, #696, #1778, #4133 ),
 .UNSPECIFIED., .F., .F.,
 ( 4, 2, 2, 2, 2, 4 ),
 ( 0.000000000000000000, 0.03124999999999144087, 0.06249999999998288175, 0.1249999999999823891, 0.2499999999999810152, 0.2908208233039897839 ),
 .UNSPECIFIED. ) ;
#62 = ORIENTED_EDGE ( 'NONE', *, *, #486, .T. ) ;
#63 = ORIENTED_EDGE ( 'NONE', *, *, #4101, .T. ) ;
#64 = AXIS2_PLACEMENT_3D ( 'NONE', #4194, #4173, #1529 ) ;
#65 = ORIENTED_EDGE ( 'NONE', *, *, #114, .F. ) ;
#66 = EDGE_LOOP ( 'NONE', ( #2857, #3445, #3345, #2746, #4196, #4442, #359, #2527, #4872, #4680 ) ) ;
#67 = CARTESIAN_POINT ( 'NONE',  ( -65.24266448543163222, -1.992125984251968740, 5.786861749209235128 ) ) ;
#68 = CARTESIAN_POINT ( 'NONE',  ( -64.33733906388255264, 3.394685039370079149, 4.653045935957345947 ) ) ;
#69 = VECTOR ( 'NONE', #4550, 39.37007874015748854 ) ;
#70 = EDGE_CURVE ( 'NONE', #1584, #3835, #1756, .T. ) ;
#71 = CARTESIAN_POINT ( 'NONE',  ( -66.80375913575491609, -2.003104781244884780, 5.030020129473161461 ) ) ;
#72 = EDGE_LOOP ( 'NONE', ( #4256, #3582, #2118, #279 ) ) ;
#73 = CARTESIAN_POINT ( 'NONE',  ( -64.72874832131138589, 3.519685039370079149, 4.316086195930384228 ) ) ;
#74 = CARTESIAN_POINT ( 'NONE',  ( -62.12598425196851082, 3.330708661417323135, 4.842519685039370358 ) ) ;
#75 = VECTOR ( 'NONE', #1241, 39.37007874015748143 ) ;
#76 = CARTESIAN_POINT ( 'NONE',  ( -64.68076422706613471, -1.992125984251968740, 5.651992342554510884 ) ) ;
#77 = CARTESIAN_POINT ( 'NONE',  ( -67.32283464566928899, 3.271653543307087020, 4.960629921259842590 ) ) ;
#78 = CARTESIAN_POINT ( 'NONE',  ( -63.39322505546024900, -1.992125984251968518, 5.139069716083800365 ) ) ;
#79 = CARTESIAN_POINT ( 'NONE',  ( -63.35385497672009336, -1.992125984251968518, 5.139069716083800365 ) ) ;
#80 = VERTEX_POINT ( 'NONE', #1784 ) ;
#81 = AXIS2_PLACEMENT_3D ( 'NONE', #3155, #2051, #4292 ) ;
#82 = LINE ( 'NONE', #3928, #2431 ) ;
#83 = EDGE_LOOP ( 'NONE', ( #2196, #2962, #4132, #2657 ) ) ;
#84 = CARTESIAN_POINT ( 'NONE',  ( -65.28215887015863927, -1.992125984251968518, 5.726728194560470442 ) ) ;
#85 = CARTESIAN_POINT ( 'NONE',  ( -66.13949427091743871, -1.992125984251968740, 5.327166360359817610 ) ) ;
#86 = EDGE_CURVE ( 'NONE', #2639, #1572, #4795, .T. ) ;
#87 = ORIENTED_EDGE ( 'NONE', *, *, #2394, .T. ) ;
#88 = CARTESIAN_POINT ( 'NONE',  ( -63.11327752984468731, -1.992125984251968518, 3.858267716535433323 ) ) ;
#89 = VERTEX_POINT ( 'NONE', #3706 ) ;
#90 = DIRECTION ( 'NONE',  ( 0.1188290605532586336, -0.000000000000000000, 0.9929147266346843859 ) ) ;
#91 = FACE_OUTER_BOUND ( 'NONE', #3493, .T. ) ;
#92 = EDGE_CURVE ( 'NONE', #561, #229, #4446, .T. ) ;
#93 = EDGE_CURVE ( 'NONE', #1467, #4733, #718, .T. ) ;
#94 = CYLINDRICAL_SURFACE ( 'NONE', #2524, 0.07874015748031611139 ) ;
#95 = ORIENTED_EDGE ( 'NONE', *, *, #4279, .F. ) ;
#96 = CARTESIAN_POINT ( 'NONE',  ( -64.35649580425813099, -3.621238344103700602, 4.811642542180336157 ) ) ;
#97 = CARTESIAN_POINT ( 'NONE',  ( -66.01373087566403797, -1.803149606299217611, 4.973002143498286287 ) ) ;
#98 = CARTESIAN_POINT ( 'NONE',  ( 0.000000000000000000, 0.000000000000000000, 0.000000000000000000 ) ) ;
#99 = LINE ( 'NONE', #3106, #1714 ) ;
#100 = DIRECTION ( 'NONE',  ( 0.2894416129747776623, 1.387778780781445676E-16, 0.9571956710508877642 ) ) ;
#101 = CARTESIAN_POINT ( 'NONE',  ( -66.01803442982382819, -1.707673120111281584, 4.999858782411126690 ) ) ;
#102 = CYLINDRICAL_SURFACE ( 'NONE', #4726, 0.03937007874015751446 ) ;
#103 = ORIENTED_EDGE ( 'NONE', *, *, #1914, .F. ) ;
#104 = VECTOR ( 'NONE', #3458, 39.37007874015748143 ) ;
#105 = DIRECTION ( 'NONE',  ( 0.000000000000000000, -1.000000000000000000, 0.000000000000000000 ) ) ;
#106 = VERTEX_POINT ( 'NONE', #3824 ) ;
#107 = ORIENTED_EDGE ( 'NONE', *, *, #2245, .T. ) ;
#108 = CARTESIAN_POINT ( 'NONE',  ( -63.58754667120697235, -1.992125984251968740, 4.349580514064588677 ) ) ;
#109 = DIRECTION ( 'NONE',  ( 0.000000000000000000, -1.000000000000000000, 0.000000000000000000 ) ) ;
#110 = EDGE_LOOP ( 'NONE', ( #4423, #2996, #4625, #3134 ) ) ;
#111 = EDGE_LOOP ( 'NONE', ( #335, #4626, #2992, #463, #3566, #4276, #2413, #1003, #493 ) ) ;
#112 = ORIENTED_EDGE ( 'NONE', *, *, #4507, .T. ) ;
#113 = LINE ( 'NONE', #1663, #928 ) ;
#114 = EDGE_CURVE ( 'NONE', #2321, #4167, #2559, .T. ) ;
#115 = CARTESIAN_POINT ( 'NONE',  ( -61.45669291338582951, 3.330708661417323135, 3.858267716535433323 ) ) ;
#116 = EDGE_CURVE ( 'NONE', #80, #132, #2160, .T. ) ;
#117 = VECTOR ( 'NONE', #4062, 39.37007874015748143 ) ;
#118 = CARTESIAN_POINT ( 'NONE',  ( -66.80891195778434621, -2.008584622144564236, 5.021786921463874620 ) ) ;
#119 = VERTEX_POINT ( 'NONE', #3331 ) ;
#120 = CARTESIAN_POINT ( 'NONE',  ( -65.77613771333130899, 3.519685039370079149, 5.836784414354052153 ) ) ;
#121 = CARTESIAN_POINT ( 'NONE',  ( -66.03006509537966906, -1.778688175450411135, 5.003496675215028056 ) ) ;
#122 = ADVANCED_FACE ( 'NONE', ( #1446 ), #4471, .F. ) ;
#123 = CARTESIAN_POINT ( 'NONE',  ( -64.64800489738213685, -1.992125984251968740, 5.640699716327256752 ) ) ;
#124 = CARTESIAN_POINT ( 'NONE',  ( -64.64607491723482724, 3.394685039370079593, 4.728984682050868749 ) ) ;
#125 = SECURITY_CLASSIFICATION ( '', '', #1852 ) ;
#126 = CARTESIAN_POINT ( 'NONE',  ( -36.30793952132390245, -1.992125984251968518, -28.14403061398192207 ) ) ;
#127 = LINE ( 'NONE', #1935, #1702 ) ;
#128 = VERTEX_POINT ( 'NONE', #404 ) ;
#129 = CARTESIAN_POINT ( 'NONE',  ( -66.50014980931686637, -1.803149606299212726, 5.145643241431097081 ) ) ;
#130 = ORIENTED_EDGE ( 'NONE', *, *, #423, .F. ) ;
#131 = AXIS2_PLACEMENT_3D ( 'NONE', #1681, #3658, #3234 ) ;
#132 = VERTEX_POINT ( 'NONE', #2678 ) ;
#133 = LINE ( 'NONE', #1609, #4647 ) ;
#134 = CARTESIAN_POINT ( 'NONE',  ( -65.00355426147542914, 3.519685039370079149, 5.742081742517705756 ) ) ;
#135 = AXIS2_PLACEMENT_3D ( 'NONE', #576, #2030, #2849 ) ;
#136 = ORIENTED_EDGE ( 'NONE', *, *, #4294, .T. ) ;
#137 = VERTEX_POINT ( 'NONE', #1950 ) ;
#138 = EDGE_LOOP ( 'NONE', ( #4869, #615, #2977, #2539 ) ) ;
#139 = LINE ( 'NONE', #3890, #296 ) ;
#140 = AXIS2_PLACEMENT_3D ( 'NONE', #4258, #1614, #904 ) ;
#141 = CARTESIAN_POINT ( 'NONE',  ( -64.89930391185124847, 3.330708661417323135, 5.716281199457174722 ) ) ;
#142 = AXIS2_PLACEMENT_3D ( 'NONE', #3297, #2871, #4358 ) ;
#143 = AXIS2_PLACEMENT_3D ( 'NONE', #4529, #2251, #2720 ) ;
#144 = CARTESIAN_POINT ( 'NONE',  ( -66.43378273611114082, 3.308074911384794703, 5.204514581453146604 ) ) ;
#145 = DIRECTION ( 'NONE',  ( -0.6126447955903444598, 0.000000000000000000, 0.7903583708901077420 ) ) ;
#146 = CARTESIAN_POINT ( 'NONE',  ( -66.52613941716062129, 3.519685039370079149, 5.576132356031020976 ) ) ;
#147 = VECTOR ( 'NONE', #1854, 39.37007874015748143 ) ;
#148 = CIRCLE ( 'NONE', #1179, 0.05905511811023627516 ) ;
#149 = CYLINDRICAL_SURFACE ( 'NONE', #3804, 0.05905511811023480412 ) ;
#150 = CARTESIAN_POINT ( 'NONE',  ( -66.48972029059177657, 3.330708661417323135, 5.080793538585670177 ) ) ;
#151 = CARTESIAN_POINT ( 'NONE',  ( -61.45669291338582951, -1.803149606299212726, 3.858267716535433323 ) ) ;
#152 = EDGE_LOOP ( 'NONE', ( #685, #472, #1157, #307 ) ) ;
#153 = CARTESIAN_POINT ( 'NONE',  ( -63.38200659812807203, 3.519685039370079149, 5.101331813186417818 ) ) ;
#154 = ORIENTED_EDGE ( 'NONE', *, *, #962, .T. ) ;
#155 = CARTESIAN_POINT ( 'NONE',  ( -0.3938505952792759612, 3.519685039370079149, -3.290946291470165264 ) ) ;
#156 = CARTESIAN_POINT ( 'NONE',  ( -62.75569817163922437, 3.330708661417323135, 3.951681260208403934 ) ) ;
#157 = EDGE_LOOP ( 'NONE', ( #1591, #2711, #3139, #1080 ) ) ;
#158 = PRODUCT ( 'jpoint', 'jpoint', '', ( #4246 ) ) ;
#159 = ORIENTED_EDGE ( 'NONE', *, *, #4632, .T. ) ;
#160 = CARTESIAN_POINT ( 'NONE',  ( -66.49420795307183596, 3.330708661417320471, 5.101454430302541532 ) ) ;
#161 = CARTESIAN_POINT ( 'NONE',  ( -62.12598425196851082, 3.519685039370079149, 4.842519685039370358 ) ) ;
#162 = CARTESIAN_POINT ( 'NONE',  ( -67.46585964989849060, -1.992125984251968518, 5.501080171745937442 ) ) ;
#163 = DIRECTION ( 'NONE',  ( -0.000000000000000000, -1.000000000000000000, -0.000000000000000000 ) ) ;
#164 = PERSON_AND_ORGANIZATION ( #2024, #4204 ) ;
#165 = DIRECTION ( 'NONE',  ( 0.9389693932908348417, 0.000000000000000000, -0.3440006954397640260 ) ) ;
#166 = CARTESIAN_POINT ( 'NONE',  ( -62.20419012182922813, -1.803149606299212726, 3.974114481908599394 ) ) ;
#167 = CARTESIAN_POINT ( 'NONE',  ( -63.11327752984468731, 3.330708661417323135, 3.858267716535433323 ) ) ;
#168 = DIRECTION ( 'NONE',  ( -0.9389693932908348417, 0.000000000000000000, 0.3440006954397640260 ) ) ;
#169 = ORIENTED_EDGE ( 'NONE', *, *, #3694, .F. ) ;
#170 = EDGE_CURVE ( 'NONE', #3453, #3831, #2328, .T. ) ;
#171 = EDGE_CURVE ( 'NONE', #4597, #4619, #1999, .T. ) ;
#172 = EDGE_CURVE ( 'NONE', #1740, #4737, #3869, .T. ) ;
#173 = DIRECTION ( 'NONE',  ( -0.000000000000000000, -1.000000000000000000, 0.000000000000000000 ) ) ;
#174 = EDGE_LOOP ( 'NONE', ( #241, #324, #3147, #2363, #1764, #836, #1146, #4210, #4321 ) ) ;
#175 = EDGE_LOOP ( 'NONE', ( #2176, #3261, #2910, #1343 ) ) ;
#176 = CARTESIAN_POINT ( 'NONE',  ( -41.67228972390844888, 30.73130679842787671, -2.296120192400571192 ) ) ;
#177 = VECTOR ( 'NONE', #4401, 39.37007874015748143 ) ;
#178 = CARTESIAN_POINT ( 'NONE',  ( -64.69406355222159277, 3.330708661417323135, 5.656388610341218204 ) ) ;
#179 = EDGE_LOOP ( 'NONE', ( #4498, #4814, #644, #1228 ) ) ;
#180 = ORIENTED_EDGE ( 'NONE', *, *, #545, .T. ) ;
#181 = ORIENTED_EDGE ( 'NONE', *, *, #33, .T. ) ;
#182 = CARTESIAN_POINT ( 'NONE',  ( -65.16085878710494228, -1.992125984251968740, 5.772774739603169003 ) ) ;
#183 = APPROVAL ( #591, 'UNSPECIFIED' ) ;
#184 = FACE_BOUND ( 'NONE', #4886, .T. ) ;
#185 = DIRECTION ( 'NONE',  ( -0.9571956710508876531, 0.000000000000000000, 0.2894416129747776623 ) ) ;
#186 = ORIENTED_EDGE ( 'NONE', *, *, #991, .T. ) ;
#187 = DIRECTION ( 'NONE',  ( 1.000000000000000000, 0.000000000000000000, 0.000000000000000000 ) ) ;
#188 = VECTOR ( 'NONE', #4006, 39.37007874015748143 ) ;
#189 = APPLICATION_PROTOCOL_DEFINITION ( 'international standard', 'config_control_design', 1994, #4187 ) ;
#190 = DIRECTION ( 'NONE',  ( 0.000000000000000000, -1.000000000000000000, 0.000000000000000000 ) ) ;
#191 = CIRCLE ( 'NONE', #674, 0.08858267716535768443 ) ;
#192 = CARTESIAN_POINT ( 'NONE',  ( -67.60380482138035063, 3.576020209720020215, 5.374231146026444250 ) ) ;
#193 = CARTESIAN_POINT ( 'NONE',  ( -62.53946311546748404, -1.992125984251968740, 4.146454479399649173 ) ) ;
#194 = LINE ( 'NONE', #1341, #4027 ) ;
#195 = ORIENTED_EDGE ( 'NONE', *, *, #4162, .F. ) ;
#196 = ADVANCED_FACE ( 'NONE', ( #2422 ), #2353, .F. ) ;
#197 = VECTOR ( 'NONE', #249, 39.37007874015748143 ) ;
#198 = CARTESIAN_POINT ( 'NONE',  ( -5.828236685570407971, -5.905511811023622215, -15.90850232907071771 ) ) ;
#199 = DIRECTION ( 'NONE',  ( 0.000000000000000000, 0.000000000000000000, 1.000000000000000000 ) ) ;
#200 = VECTOR ( 'NONE', #4086, 39.37007874015748143 ) ;
#201 = CARTESIAN_POINT ( 'NONE',  ( -66.57656029100523654, 3.519685039370079149, 5.717889328487624212 ) ) ;
#202 = CYLINDRICAL_SURFACE ( 'NONE', #131, 0.05905511811023496371 ) ;
#203 = LINE ( 'NONE', #2831, #3442 ) ;
#204 = ADVANCED_FACE ( 'NONE', ( #3126 ), #3573, .F. ) ;
#205 = EDGE_LOOP ( 'NONE', ( #1478, #504, #668, #1507 ) ) ;
#206 =( BOUNDED_CURVE ( )  B_SPLINE_CURVE ( 3, ( #1487, #1882, #295, #3004 ),
 .UNSPECIFIED., .F., .F. ) 
 B_SPLINE_CURVE_WITH_KNOTS ( ( 4, 4 ),
 ( 0.6645883753506808267, 1.570796326794873465 ),
 .UNSPECIFIED. ) 
 CURVE ( )  GEOMETRIC_REPRESENTATION_ITEM ( )  RATIONAL_B_SPLINE_CURVE ( ( 1.000000000000000000, 0.9327284295420712468, 0.9327284295420712468, 1.000000000000000000 ) ) 
 REPRESENTATION_ITEM ( '' )  );
#207 = ORIENTED_EDGE ( 'NONE', *, *, #3913, .T. ) ;
#208 = CARTESIAN_POINT ( 'NONE',  ( -67.32283464566928899, 5.905511811023622215, 5.460629921259838149 ) ) ;
#209 = CARTESIAN_POINT ( 'NONE',  ( 0.000000000000000000, 3.330708661417323135, 0.000000000000000000 ) ) ;
#210 = CIRCLE ( 'NONE', #2984, 0.5590551181102314526 ) ;
#211 = CARTESIAN_POINT ( 'NONE',  ( -5.828236685570407083, 3.394685039370079149, -15.90850232907071415 ) ) ;
#212 = ORIENTED_EDGE ( 'NONE', *, *, #4467, .T. ) ;
#213 = CARTESIAN_POINT ( 'NONE',  ( -62.66384531704086669, 3.306247230568521100, 4.051411345279099407 ) ) ;
#214 = AXIS2_PLACEMENT_3D ( 'NONE', #3349, #4812, #671 ) ;
#215 = CARTESIAN_POINT ( 'NONE',  ( -67.52631627045268203, -1.792204155371971419, 5.443828205020285083 ) ) ;
#216 = VECTOR ( 'NONE', #2485, 39.37007874015748854 ) ;
#217 = PERSON_AND_ORGANIZATION_ROLE ( 'creator' ) ;
#218 = FACE_BOUND ( 'NONE', #681, .T. ) ;
#219 = DIRECTION ( 'NONE',  ( 0.000000000000000000, 0.000000000000000000, 1.000000000000000000 ) ) ;
#220 = PLANE ( 'NONE',  #2429 ) ;
#221 = CIRCLE ( 'NONE', #4817, 0.1968503937007788362 ) ;
#222 = CARTESIAN_POINT ( 'NONE',  ( -64.78815412007431007, 3.580582677165354610, 6.027477030463022523 ) ) ;
#223 = VERTEX_POINT ( 'NONE', #477 ) ;
#224 = CARTESIAN_POINT ( 'NONE',  ( -63.07117274460927803, 3.519685039370079149, 4.210087895264258862 ) ) ;
#225 = DIRECTION ( 'NONE',  ( 0.000000000000000000, 1.000000000000000000, -0.000000000000000000 ) ) ;
#226 = FACE_OUTER_BOUND ( 'NONE', #4120, .T. ) ;
#227 = CARTESIAN_POINT ( 'NONE',  ( -65.41952210340689078, 3.394685039370079149, 5.813027820049473604 ) ) ;
#228 = CARTESIAN_POINT ( 'NONE',  ( -62.71257239130720507, 3.330708661417319583, 3.974781335261047488 ) ) ;
#229 = VERTEX_POINT ( 'NONE', #1288 ) ;
#230 = DIRECTION ( 'NONE',  ( 0.000000000000000000, -1.000000000000000000, 0.000000000000000000 ) ) ;
#231 = CARTESIAN_POINT ( 'NONE',  ( -63.11327752984468731, 3.519685039370079149, 3.858267716535433323 ) ) ;
#232 = ADVANCED_FACE ( 'NONE', ( #1601 ), #4264, .F. ) ;
#233 = CARTESIAN_POINT ( 'NONE',  ( -63.07457352484861701, -1.803149606299212948, 4.210494890457447958 ) ) ;
#234 = ORIENTED_EDGE ( 'NONE', *, *, #1057, .F. ) ;
#235 = CARTESIAN_POINT ( 'NONE',  ( -66.81645537870905116, -1.775114869619937474, 5.005041825768377528 ) ) ;
#236 = ORIENTED_EDGE ( 'NONE', *, *, #285, .T. ) ;
#237 = CARTESIAN_POINT ( 'NONE',  ( -67.51444810986099299, -1.796067627745121298, 5.455109021378659939 ) ) ;
#238 = EDGE_CURVE ( 'NONE', #2854, #2231, #1211, .T. ) ;
#239 = PERSON_AND_ORGANIZATION_ROLE ( 'design_supplier' ) ;
#240 = LINE ( 'NONE', #4378, #831 ) ;
#241 = ORIENTED_EDGE ( 'NONE', *, *, #4393, .F. ) ;
#242 = CARTESIAN_POINT ( 'NONE',  ( -62.12598425196851082, 3.519685039370079149, 4.842519685039370358 ) ) ;
#243 = CARTESIAN_POINT ( 'NONE',  ( -62.39052523158989771, -5.905511811023622215, 4.391371762555865033 ) ) ;
#244 = FACE_OUTER_BOUND ( 'NONE', #693, .T. ) ;
#245 = APPROVAL ( #4019, 'UNSPECIFIED' ) ;
#246 = ORIENTED_EDGE ( 'NONE', *, *, #2804, .T. ) ;
#247 = DIRECTION ( 'NONE',  ( 0.000000000000000000, 0.000000000000000000, 1.000000000000000000 ) ) ;
#248 = LINE ( 'NONE', #2853, #4574 ) ;
#249 = DIRECTION ( 'NONE',  ( -0.000000000000000000, -1.000000000000000000, -0.000000000000000000 ) ) ;
#250 = CARTESIAN_POINT ( 'NONE',  ( -65.63075061586421555, 3.394685039370078705, 5.830955503908294979 ) ) ;
#251 = DIRECTION ( 'NONE',  ( -0.000000000000000000, -1.000000000000000000, -0.000000000000000000 ) ) ;
#252 = ORIENTED_EDGE ( 'NONE', *, *, #2603, .T. ) ;
#253 = VECTOR ( 'NONE', #3420, 39.37007874015748143 ) ;
#254 = ORIENTED_EDGE ( 'NONE', *, *, #3183, .T. ) ;
#255 = VERTEX_POINT ( 'NONE', #4686 ) ;
#256 = CARTESIAN_POINT ( 'NONE',  ( -62.95994845151290065, 3.394685039370079149, 5.022263593201442333 ) ) ;
#257 = LINE ( 'NONE', #1306, #4078 ) ;
#258 = EDGE_CURVE ( 'NONE', #3583, #2195, #867, .T. ) ;
#259 = AXIS2_PLACEMENT_3D ( 'NONE', #2442, #2885, #563 ) ;
#260 = CARTESIAN_POINT ( 'NONE',  ( -67.57860557561669168, -2.028934937945561234, 5.395223577494363099 ) ) ;
#261 = VERTEX_POINT ( 'NONE', #4633 ) ;
#262 = CARTESIAN_POINT ( 'NONE',  ( -66.52613941716062129, -5.905511811023622215, 5.576132356031020976 ) ) ;
#263 = EDGE_CURVE ( 'NONE', #1612, #1594, #4068, .T. ) ;
#264 = APPROVAL_DATE_TIME ( #4050, #1434 ) ;
#265 = CARTESIAN_POINT ( 'NONE',  ( -65.28215887015863927, -1.803149606299212726, 5.726728194560470442 ) ) ;
#266 = LINE ( 'NONE', #4053, #535 ) ;
#267 = FACE_BOUND ( 'NONE', #1842, .T. ) ;
#268 = CARTESIAN_POINT ( 'NONE',  ( -65.24903709492606652, -1.803149606299212726, 5.787380921290246505 ) ) ;
#269 = AXIS2_PLACEMENT_3D ( 'NONE', #897, #3607, #3563 ) ;
#270 = EDGE_LOOP ( 'NONE', ( #1667, #1986, #916, #3911 ) ) ;
#271 = EDGE_CURVE ( 'NONE', #731, #4619, #2775, .T. ) ;
#272 = CARTESIAN_POINT ( 'NONE',  ( -66.01183255283022788, 3.306247230568516215, 5.063792465517494179 ) ) ;
#273 = VECTOR ( 'NONE', #4781, 39.37007874015748854 ) ;
#274 = DIRECTION ( 'NONE',  ( 0.000000000000000000, 0.000000000000000000, 1.000000000000000000 ) ) ;
#275 = CARTESIAN_POINT ( 'NONE',  ( -62.89185931985319655, 3.330708661417323135, 4.997318468461282137 ) ) ;
#276 = DIRECTION ( 'NONE',  ( 0.000000000000000000, 0.000000000000000000, 1.000000000000000000 ) ) ;
#277 = CYLINDRICAL_SURFACE ( 'NONE', #4018, 0.07874015748031611139 ) ;
#278 = CARTESIAN_POINT ( 'NONE',  ( -63.99798826116343520, -1.803149606299212948, 4.486385440163125793 ) ) ;
#279 = ORIENTED_EDGE ( 'NONE', *, *, #1353, .T. ) ;
#280 = ORIENTED_EDGE ( 'NONE', *, *, #899, .F. ) ;
#281 = ORIENTED_EDGE ( 'NONE', *, *, #2753, .F. ) ;
#282 = DIRECTION ( 'NONE',  ( 0.000000000000000000, 0.000000000000000000, -1.000000000000000000 ) ) ;
#283 = DIRECTION ( 'NONE',  ( 0.2849488162373894906, 1.457184053940610476E-23, -0.9585427335935057247 ) ) ;
#284 = LINE ( 'NONE', #2939, #3159 ) ;
#285 = EDGE_CURVE ( 'NONE', #2477, #680, #403, .T. ) ;
#286 = VERTEX_POINT ( 'NONE', #3102 ) ;
#287 = FACE_OUTER_BOUND ( 'NONE', #1817, .T. ) ;
#288 = ORIENTED_EDGE ( 'NONE', *, *, #3637, .F. ) ;
#289 = DIRECTION ( 'NONE',  ( 0.000000000000000000, 0.000000000000000000, 1.000000000000000000 ) ) ;
#290 = VECTOR ( 'NONE', #998, 39.37007874015748143 ) ;
#291 = DATE_TIME_ROLE ( 'classification_date' ) ;
#292 = CIRCLE ( 'NONE', #922, 0.4510000000000001785 ) ;
#293 = DIRECTION ( 'NONE',  ( 0.000000000000000000, 1.000000000000000000, 0.000000000000000000 ) ) ;
#294 = CARTESIAN_POINT ( 'NONE',  ( -62.69410852514630506, 3.235232175229367790, 3.994753447780585720 ) ) ;
#295 = CARTESIAN_POINT ( 'NONE',  ( -66.45248576584768330, 3.330708661417322247, 5.239431470256429968 ) ) ;
#296 = VECTOR ( 'NONE', #2788, 39.37007874015748854 ) ;
#297 = ORIENTED_EDGE ( 'NONE', *, *, #3483, .F. ) ;
#298 = VECTOR ( 'NONE', #3160, 39.37007874015748854 ) ;
#299 = CARTESIAN_POINT ( 'NONE',  ( -63.11327752984468731, 3.580582677165354610, 3.858267716535433323 ) ) ;
#300 = EDGE_CURVE ( 'NONE', #4575, #2495, #4605, .T. ) ;
#301 = AXIS2_PLACEMENT_3D ( 'NONE', #1944, #419, #2347 ) ;
#302 = CARTESIAN_POINT ( 'NONE',  ( -63.07117274460927803, 3.330708661417322247, 4.210087895264258862 ) ) ;
#303 = CARTESIAN_POINT ( 'NONE',  ( -66.52613941716062129, -1.803149606299212948, 5.576132356031020976 ) ) ;
#304 = DIRECTION ( 'NONE',  ( 0.000000000000000000, 0.000000000000000000, 1.000000000000000000 ) ) ;
#305 = LINE ( 'NONE', #2981, #3144 ) ;
#306 = CARTESIAN_POINT ( 'NONE',  ( -67.32283464566928899, 3.578740157480315265, 4.960629921259842590 ) ) ;
#307 = ORIENTED_EDGE ( 'NONE', *, *, #4787, .T. ) ;
#308 = AXIS2_PLACEMENT_3D ( 'NONE', #720, #2629, #4155 ) ;
#309 = EDGE_CURVE ( 'NONE', #14, #4714, #3918, .T. ) ;
#310 = VERTEX_POINT ( 'NONE', #516 ) ;
#311 = VECTOR ( 'NONE', #2474, 39.37007874015748854 ) ;
#312 = VERTEX_POINT ( 'NONE', #3174 ) ;
#313 = DIRECTION ( 'NONE',  ( 0.000000000000000000, 0.000000000000000000, 1.000000000000000000 ) ) ;
#314 = DIRECTION ( 'NONE',  ( -0.7534764009720544831, -0.6167351661158799736, 0.2278399614953834640 ) ) ;
#315 = CC_DESIGN_PERSON_AND_ORGANIZATION_ASSIGNMENT ( #2525, #4754, ( #1349 ) ) ;
#316 = VECTOR ( 'NONE', #3033, 39.37007874015748854 ) ;
#317 = DIRECTION ( 'NONE',  ( -0.000000000000000000, -1.000000000000000000, -0.000000000000000000 ) ) ;
#318 = EDGE_LOOP ( 'NONE', ( #1613, #2293, #1356, #3042 ) ) ;
#319 = CARTESIAN_POINT ( 'NONE',  ( -62.12598425196851082, -1.803149606299212726, 4.931102362204727640 ) ) ;
#320 = EDGE_LOOP ( 'NONE', ( #1200, #4832, #2589, #1049 ) ) ;
#321 = CARTESIAN_POINT ( 'NONE',  ( -61.45669291338582951, -1.803149606299212726, 3.858267716535433323 ) ) ;
#322 = CALENDAR_DATE ( 2026, 16, 9 ) ;
#323 = CARTESIAN_POINT ( 'NONE',  ( -62.89185931985319655, -1.992125984251968740, 4.997318468461282137 ) ) ;
#324 = ORIENTED_EDGE ( 'NONE', *, *, #86, .T. ) ;
#325 = CARTESIAN_POINT ( 'NONE',  ( -63.99798826116343520, 3.519685039370079149, 4.486385440163125793 ) ) ;
#326 = CARTESIAN_POINT ( 'NONE',  ( -62.05826757963785667, 3.519685039370079149, 5.027356179781659939 ) ) ;
#327 = ORIENTED_EDGE ( 'NONE', *, *, #1274, .F. ) ;
#328 = EDGE_CURVE ( 'NONE', #4895, #1194, #2794, .T. ) ;
#329 = CARTESIAN_POINT ( 'NONE',  ( -61.45669291338582951, 3.519685039370079149, 3.858267716535433323 ) ) ;
#330 = CARTESIAN_POINT ( 'NONE',  ( -66.32660456607217725, 3.519685039370079149, 5.383348694571214565 ) ) ;
#331 = EDGE_CURVE ( 'NONE', #1884, #1295, #4609, .T. ) ;
#332 = DIRECTION ( 'NONE',  ( -0.6333943274849798133, -0.7738291968579694702, 0.000000000000000000 ) ) ;
#333 = DIRECTION ( 'NONE',  ( 0.000000000000000000, 0.000000000000000000, 1.000000000000000000 ) ) ;
#334 = LINE ( 'NONE', #2562, #4001 ) ;
#335 = ORIENTED_EDGE ( 'NONE', *, *, #258, .F. ) ;
#336 = ADVANCED_FACE ( 'NONE', ( #2844 ), #1767, .F. ) ;
#337 = VERTEX_POINT ( 'NONE', #4048 ) ;
#338 = CARTESIAN_POINT ( 'NONE',  ( -63.12142759347489829, 3.330708661417323135, 4.219017299229278706 ) ) ;
#339 = CYLINDRICAL_SURFACE ( 'NONE', #2638, 0.03937007874015751446 ) ;
#340 = AXIS2_PLACEMENT_3D ( 'NONE', #3097, #1207, #3569 ) ;
#341 = CC_DESIGN_PERSON_AND_ORGANIZATION_ASSIGNMENT ( #3647, #239, ( #759 ) ) ;
#342 = CARTESIAN_POINT ( 'NONE',  ( -63.20756636949604257, -1.803149606299212726, 5.029969632690662884 ) ) ;
#343 = ORIENTED_EDGE ( 'NONE', *, *, #2325, .F. ) ;
#344 = CARTESIAN_POINT ( 'NONE',  ( -36.30793952132390245, -1.803149606299212726, -28.14403061398192207 ) ) ;
#345 = EDGE_LOOP ( 'NONE', ( #3743, #1736, #4572, #4452, #721 ) ) ;
#346 = DIRECTION ( 'NONE',  ( 0.000000000000000000, 1.000000000000000000, -0.000000000000000000 ) ) ;
#347 = AXIS2_PLACEMENT_3D ( 'NONE', #161, #4432, #3264 ) ;
#348 = SHAPE_DEFINITION_REPRESENTATION ( #1503, #2395 ) ;
#349 = CARTESIAN_POINT ( 'NONE',  ( -67.32283464566928899, -5.905511811023622215, 4.960629921259842590 ) ) ;
#350 = EDGE_LOOP ( 'NONE', ( #2075, #1261, #4599, #3014 ) ) ;
#351 = DIRECTION ( 'NONE',  ( 0.000000000000000000, 0.000000000000000000, 1.000000000000000000 ) ) ;
#352 = CARTESIAN_POINT ( 'NONE',  ( -64.58702165410851137, 3.330708661417322247, 4.705104094044945562 ) ) ;
#353 = DIRECTION ( 'NONE',  ( -0.000000000000000000, -1.000000000000000000, -0.000000000000000000 ) ) ;
#354 = CARTESIAN_POINT ( 'NONE',  ( 0.000000000000000000, -1.803149606299212726, 0.000000000000000000 ) ) ;
#355 = EDGE_CURVE ( 'NONE', #4097, #2244, #960, .T. ) ;
#356 = CARTESIAN_POINT ( 'NONE',  ( -63.07117274460927803, -1.803149606299212948, 4.210087895264258862 ) ) ;
#357 = VERTEX_POINT ( 'NONE', #2469 ) ;
#358 = VERTEX_POINT ( 'NONE', #569 ) ;
#359 = ORIENTED_EDGE ( 'NONE', *, *, #899, .T. ) ;
#360 = CARTESIAN_POINT ( 'NONE',  ( -63.10648962523053029, 3.330708661417323135, 4.215993817325356829 ) ) ;
#361 = AXIS2_PLACEMENT_3D ( 'NONE', #592, #2920, #4707 ) ;
#362 = CARTESIAN_POINT ( 'NONE',  ( -63.20756636949602836, -1.992125984251968740, 5.029969632690668213 ) ) ;
#363 = CARTESIAN_POINT ( 'NONE',  ( -61.30807068591592923, 3.330708661417323135, 4.108039560296035120 ) ) ;
#364 = VERTEX_POINT ( 'NONE', #2448 ) ;
#365 = CC_DESIGN_APPROVAL ( #245, ( #4672 ) ) ;
#366 = CARTESIAN_POINT ( 'NONE',  ( -66.56137092188059512, -1.992125984251969184, 5.179271321461806465 ) ) ;
#367 = ORIENTED_EDGE ( 'NONE', *, *, #449, .T. ) ;
#368 = DIRECTION ( 'NONE',  ( -0.000000000000000000, 1.000000000000000000, -0.000000000000000000 ) ) ;
#369 = CARTESIAN_POINT ( 'NONE',  ( -66.32660456607217725, -1.992125984251968740, 5.383348694571214565 ) ) ;
#370 =( BOUNDED_CURVE ( )  B_SPLINE_CURVE ( 3, ( #2354, #121, #97, #1236 ),
 .UNSPECIFIED., .F., .F. ) 
 B_SPLINE_CURVE_WITH_KNOTS ( ( 4, 4 ),
 ( 0.000000000000000000, 1.570796326795030007 ),
 .UNSPECIFIED. ) 
 CURVE ( )  GEOMETRIC_REPRESENTATION_ITEM ( )  RATIONAL_B_SPLINE_CURVE ( ( 1.000000000000000000, 0.8047378541243335182, 0.8047378541243335182, 1.000000000000000000 ) ) 
 REPRESENTATION_ITEM ( '' )  );
#371 = APPROVAL_STATUS ( 'not_yet_approved' ) ;
#372 = CARTESIAN_POINT ( 'NONE',  ( -63.32585204374033339, -1.742251968503937265, 3.883707997665515332 ) ) ;
#373 = AXIS2_PLACEMENT_3D ( 'NONE', #412, #4867, #333 ) ;
#374 = ORIENTED_EDGE ( 'NONE', *, *, #4507, .F. ) ;
#375 = DIRECTION ( 'NONE',  ( 0.000000000000000000, -1.000000000000000000, 0.000000000000000000 ) ) ;
#376 = EDGE_CURVE ( 'NONE', #4803, #261, #589, .T. ) ;
#377 = ORIENTED_EDGE ( 'NONE', *, *, #2806, .T. ) ;
#378 = CARTESIAN_POINT ( 'NONE',  ( -63.02729266451451906, 3.330708661417323135, 4.627645478976700311 ) ) ;
#379 = CIRCLE ( 'NONE', #3146, 0.1968503937007804738 ) ;
#380 = LINE ( 'NONE', #1889, #1959 ) ;
#381 = FACE_OUTER_BOUND ( 'NONE', #3317, .T. ) ;
#382 = AXIS2_PLACEMENT_3D ( 'NONE', #4811, #1414, #2551 ) ;
#383 = ORIENTED_EDGE ( 'NONE', *, *, #1682, .F. ) ;
#384 = CIRCLE ( 'NONE', #4658, 0.08858267716535768443 ) ;
#385 = VECTOR ( 'NONE', #480, 39.37007874015748143 ) ;
#386 = ORIENTED_EDGE ( 'NONE', *, *, #2468, .T. ) ;
#387 = CARTESIAN_POINT ( 'NONE',  ( -63.07457352484861701, 3.330708661417323135, 4.210494890457447958 ) ) ;
#388 = CARTESIAN_POINT ( 'NONE',  ( -67.32283464566928899, 5.905511811023622215, 5.411629921259843101 ) ) ;
#389 = AXIS2_PLACEMENT_3D ( 'NONE', #3462, #3767, #1872 ) ;
#390 = AXIS2_PLACEMENT_3D ( 'NONE', #349, #293, #1905 ) ;
#391 = DIRECTION ( 'NONE',  ( -0.000000000000000000, 1.000000000000000000, -0.000000000000000000 ) ) ;
#392 = ORIENTED_EDGE ( 'NONE', *, *, #2229, .T. ) ;
#393 = CARTESIAN_POINT ( 'NONE',  ( -64.53207412346139904, -1.992125984251968518, 5.933659598763443732 ) ) ;
#394 = ORIENTED_EDGE ( 'NONE', *, *, #271, .F. ) ;
#395 = CARTESIAN_POINT ( 'NONE',  ( -62.23951567301912036, 3.271653543307087020, 3.857291388197675364 ) ) ;
#396 = EDGE_CURVE ( 'NONE', #1572, #3622, #2090, .T. ) ;
#397 = EDGE_CURVE ( 'NONE', #52, #80, #4589, .T. ) ;
#398 = EDGE_CURVE ( 'NONE', #1181, #2595, #1380, .T. ) ;
#399 = ADVANCED_FACE ( 'NONE', ( #2177 ), #2718, .F. ) ;
#400 = PRODUCT_DEFINITION_SHAPE ( 'NONE', 'NONE',  #2946 ) ;
#401 = VECTOR ( 'NONE', #4491, 39.37007874015748143 ) ;
#402 = CARTESIAN_POINT ( 'NONE',  ( -66.77220858830405348, -1.803149606299212726, 5.057343777742004498 ) ) ;
#403 = B_SPLINE_CURVE_WITH_KNOTS ( 'NONE', 3,
 ( #4287, #542, #73, #1577, #3197 ),
 .UNSPECIFIED., .F., .F.,
 ( 4, 1, 4 ),
 ( 0.06607438595462271358, 0.4900827944212210463, 1.000000000000000000 ),
 .UNSPECIFIED. ) ;
#404 = CARTESIAN_POINT ( 'NONE',  ( -61.45669291338582951, 3.330708661417323135, 3.769685039370075597 ) ) ;
#405 = DIRECTION ( 'NONE',  ( 0.000000000000000000, 0.000000000000000000, 1.000000000000000000 ) ) ;
#406 = EDGE_CURVE ( 'NONE', #312, #4646, #2523, .T. ) ;
#407 = DIRECTION ( 'NONE',  ( 0.000000000000000000, 0.000000000000000000, -1.000000000000000000 ) ) ;
#408 = CIRCLE ( 'NONE', #1033, 0.3000000000000017097 ) ;
#409 = CARTESIAN_POINT ( 'NONE',  ( -66.28086995732653008, 3.330708661417322247, 5.370740800000248782 ) ) ;
#410 = CARTESIAN_POINT ( 'NONE',  ( -64.35118467964682054, 3.394685039370079149, 4.616190786736175333 ) ) ;
#411 = FACE_OUTER_BOUND ( 'NONE', #3970, .T. ) ;
#412 = CARTESIAN_POINT ( 'NONE',  ( -64.33733906388256685, -1.992125984251968518, 4.653045935957352164 ) ) ;
#413 = ORIENTED_EDGE ( 'NONE', *, *, #2401, .F. ) ;
#414 = ORIENTED_EDGE ( 'NONE', *, *, #3732, .F. ) ;
#415 = CARTESIAN_POINT ( 'NONE',  ( -66.77220858830405348, 3.519685039370079149, 5.057343777742004498 ) ) ;
#416 = CARTESIAN_POINT ( 'NONE',  ( -66.41665143944878480, -1.803149606299210728, 5.405123307490336870 ) ) ;
#417 = ORIENTED_EDGE ( 'NONE', *, *, #3182, .T. ) ;
#418 = ORIENTED_EDGE ( 'NONE', *, *, #2157, .T. ) ;
#419 = DIRECTION ( 'NONE',  ( 0.000000000000000000, 1.000000000000000000, -0.000000000000000000 ) ) ;
#420 = ORIENTED_EDGE ( 'NONE', *, *, #1931, .F. ) ;
#421 = ORIENTED_EDGE ( 'NONE', *, *, #1586, .F. ) ;
#422 = CARTESIAN_POINT ( 'NONE',  ( -61.48008446073883704, 3.330708661417323135, 3.662812061686087972 ) ) ;
#423 = EDGE_CURVE ( 'NONE', #979, #2139, #1918, .T. ) ;
#424 = CARTESIAN_POINT ( 'NONE',  ( -66.54475095209032531, -1.992125984251968518, 5.426830934313481514 ) ) ;
#425 = ADVANCED_FACE ( 'NONE', ( #2601 ), #1064, .F. ) ;
#426 = CARTESIAN_POINT ( 'NONE',  ( -0.3938505952792759612, -5.905511811023622215, -3.290946291470164375 ) ) ;
#427 = VECTOR ( 'NONE', #842, 39.37007874015748854 ) ;
#428 = ADVANCED_FACE ( 'NONE', ( #4509 ), #1531, .F. ) ;
#429 = DIRECTION ( 'NONE',  ( 0.000000000000000000, -1.000000000000000000, 0.000000000000000000 ) ) ;
#430 = DIRECTION ( 'NONE',  ( 0.000000000000000000, -1.000000000000000000, 0.000000000000000000 ) ) ;
#431 = SHAPE_REPRESENTATION_RELATIONSHIP ( 'NONE' , 'NONE' ,  #2395, #2564 ) ;
#432 = AXIS2_PLACEMENT_3D ( 'NONE', #3164, #109, #440 ) ;
#433 = CARTESIAN_POINT ( 'NONE',  ( -63.58754667120697235, 3.519685039370079149, 4.349580514064588677 ) ) ;
#434 = CARTESIAN_POINT ( 'NONE',  ( -65.99063080061155517, 3.330708661417323135, 4.929876363166312281 ) ) ;
#435 = DIRECTION ( 'NONE',  ( -0.6333943274849783700, -0.7738291968579706914, 0.000000000000000000 ) ) ;
#436 = DIRECTION ( 'NONE',  ( -0.000000000000000000, 1.000000000000000000, -0.000000000000000000 ) ) ;
#437 = ORIENTED_EDGE ( 'NONE', *, *, #4761, .T. ) ;
#438 = ORIENTED_EDGE ( 'NONE', *, *, #2810, .T. ) ;
#439 = CARTESIAN_POINT ( 'NONE',  ( -64.46868037757994330, 3.394685039370079149, 5.189021571154151857 ) ) ;
#440 = DIRECTION ( 'NONE',  ( 0.000000000000000000, 0.000000000000000000, 1.000000000000000000 ) ) ;
#441 = EDGE_CURVE ( 'NONE', #3934, #4231, #1671, .T. ) ;
#442 = ORIENTED_EDGE ( 'NONE', *, *, #4487, .T. ) ;
#443 = CARTESIAN_POINT ( 'NONE',  ( -63.32585204374033339, -1.992125984251968518, 3.883707997665515332 ) ) ;
#444 = ORIENTED_EDGE ( 'NONE', *, *, #1962, .F. ) ;
#445 = VERTEX_POINT ( 'NONE', #3368 ) ;
#446 = DIRECTION ( 'NONE',  ( 0.2894416129747776623, 1.387778780781445676E-16, 0.9571956710508877642 ) ) ;
#447 = CARTESIAN_POINT ( 'NONE',  ( -62.70327961180915111, 3.330708661417323135, 4.125031657327864032 ) ) ;
#448 = AXIS2_PLACEMENT_3D ( 'NONE', #3074, #1535, #276 ) ;
#449 = EDGE_CURVE ( 'NONE', #1103, #2547, #3393, .T. ) ;
#450 = LINE ( 'NONE', #841, #4503 ) ;
#451 = CARTESIAN_POINT ( 'NONE',  ( -6.506054539716735974, -1.992125984251968518, 21.88579473940702869 ) ) ;
#452 = LINE ( 'NONE', #1264, #2755 ) ;
#453 =( NAMED_UNIT ( * ) PLANE_ANGLE_UNIT ( ) SI_UNIT ( $, .RADIAN. ) );
#454 = CARTESIAN_POINT ( 'NONE',  ( -64.64042079919046557, -1.803149606299212948, 5.637921207175782712 ) ) ;
#455 = CARTESIAN_POINT ( 'NONE',  ( -67.32283464566928899, -1.744094488188976610, 5.519685039370074264 ) ) ;
#456 = CARTESIAN_POINT ( 'NONE',  ( -62.89185931985319655, -1.803149606299212948, 4.997318468461282137 ) ) ;
#457 = CARTESIAN_POINT ( 'NONE',  ( -64.78815412007431007, -2.053023622047244423, 6.027477030463022523 ) ) ;
#458 = ORIENTED_EDGE ( 'NONE', *, *, #4510, .T. ) ;
#459 = EDGE_CURVE ( 'NONE', #3287, #4172, #1087, .T. ) ;
#460 = CIRCLE ( 'NONE', #851, 0.03937007874015751446 ) ;
#461 = CYLINDRICAL_SURFACE ( 'NONE', #2908, 0.05905511811023705232 ) ;
#462 = EDGE_CURVE ( 'NONE', #2139, #2971, #1137, .T. ) ;
#463 = ORIENTED_EDGE ( 'NONE', *, *, #3697, .T. ) ;
#464 = CARTESIAN_POINT ( 'NONE',  ( -65.57091326672302500, -1.803149606299212948, 5.111629255494796631 ) ) ;
#465 = CARTESIAN_POINT ( 'NONE',  ( -66.13949427091743871, -1.803149606299210728, 5.327166360359817610 ) ) ;
#466 = EDGE_CURVE ( 'NONE', #2854, #2963, #1210, .T. ) ;
#467 = AXIS2_PLACEMENT_3D ( 'NONE', #4153, #446, #3441 ) ;
#468 = CIRCLE ( 'NONE', #2761, 0.03937007874015751446 ) ;
#469 = VERTEX_POINT ( 'NONE', #3346 ) ;
#470 = CARTESIAN_POINT ( 'NONE',  ( -66.43378273611068607, -1.780515856266686514, 5.204514581453013378 ) ) ;
#471 = VECTOR ( 'NONE', #4881, 39.37007874015748143 ) ;
#472 = ORIENTED_EDGE ( 'NONE', *, *, #568, .F. ) ;
#473 = CARTESIAN_POINT ( 'NONE',  ( -65.77613771333125214, -1.803149606299212948, 5.836784414354052153 ) ) ;
#474 = DIRECTION ( 'NONE',  ( 0.000000000000000000, 0.000000000000000000, -1.000000000000000000 ) ) ;
#475 = AXIS2_PLACEMENT_3D ( 'NONE', #3764, #4479, #4900 ) ;
#476 = DIRECTION ( 'NONE',  ( 0.9571956710508893185, 0.000000000000000000, -0.2894416129747722777 ) ) ;
#477 = CARTESIAN_POINT ( 'NONE',  ( -65.69048810661944060, -1.992125984251968740, 5.833350520315748078 ) ) ;
#478 = CARTESIAN_POINT ( 'NONE',  ( -64.34855752121474382, 3.519685039370079149, 4.690783838854729382 ) ) ;
#479 = AXIS2_PLACEMENT_3D ( 'NONE', #1520, #4586, #1582 ) ;
#480 = DIRECTION ( 'NONE',  ( -0.000000000000000000, -1.000000000000000000, -0.000000000000000000 ) ) ;
#481 = CARTESIAN_POINT ( 'NONE',  ( -66.03006509537983959, 3.306247230568517104, 5.003496675215071576 ) ) ;
#482 = FACE_BOUND ( 'NONE', #2341, .T. ) ;
#483 = EDGE_CURVE ( 'NONE', #312, #1125, #634, .T. ) ;
#484 = FACE_OUTER_BOUND ( 'NONE', #2942, .T. ) ;
#485 = ORIENTED_EDGE ( 'NONE', *, *, #3840, .F. ) ;
#486 = EDGE_CURVE ( 'NONE', #959, #2137, #763, .T. ) ;
#487 = CARTESIAN_POINT ( 'NONE',  ( -65.69048810661944060, -1.803149606299212948, 5.833350520315748078 ) ) ;
#488 = ORIENTED_EDGE ( 'NONE', *, *, #116, .T. ) ;
#489 = CARTESIAN_POINT ( 'NONE',  ( -66.46093454138322443, -1.803149606299212948, 5.414312152718921745 ) ) ;
#490 = DIRECTION ( 'NONE',  ( -0.5405792589364954992, 0.000000000000000000, 0.8412930909068905283 ) ) ;
#491 = EDGE_CURVE ( 'NONE', #2905, #4397, #2637, .T. ) ;
#492 = ORIENTED_EDGE ( 'NONE', *, *, #1423, .F. ) ;
#493 = ORIENTED_EDGE ( 'NONE', *, *, #4852, .T. ) ;
#494 = LINE ( 'NONE', #67, #3321 ) ;
#495 = CARTESIAN_POINT ( 'NONE',  ( -65.69048810661951165, 3.394685039370079593, 5.833350520315751631 ) ) ;
#496 = ADVANCED_FACE ( 'NONE', ( #1923 ), #1973, .F. ) ;
#497 = DIRECTION ( 'NONE',  ( -0.6333943274849798133, -0.7738291968579694702, 0.000000000000000000 ) ) ;
#498 = VERTEX_POINT ( 'NONE', #447 ) ;
#499 = DIRECTION ( 'NONE',  ( -0.8412930909068905283, 1.587296246464899341E-24, -0.5405792589364953882 ) ) ;
#500 = CARTESIAN_POINT ( 'NONE',  ( -67.32283464566928899, 5.905511811023622215, 4.960629921259842590 ) ) ;
#501 = LINE ( 'NONE', #48, #3635 ) ;
#502 = CARTESIAN_POINT ( 'NONE',  ( -65.28215887015862506, -3.621238344103700602, 5.726728194560452678 ) ) ;
#503 = CARTESIAN_POINT ( 'NONE',  ( -66.52105367739758890, -1.742251968503937265, 6.540676733074944238 ) ) ;
#504 = ORIENTED_EDGE ( 'NONE', *, *, #3770, .F. ) ;
#505 = AXIS2_PLACEMENT_3D ( 'NONE', #2965, #711, #3363 ) ;
#506 = CARTESIAN_POINT ( 'NONE',  ( -62.70327961180961296, -1.803149606299212726, 4.125031657328002588 ) ) ;
#507 = ORIENTED_EDGE ( 'NONE', *, *, #4807, .T. ) ;
#508 = CARTESIAN_POINT ( 'NONE',  ( -62.05826757963785667, 3.330708661417323135, 5.027356179781659939 ) ) ;
#509 = DIRECTION ( 'NONE',  ( -0.5405792589364953882, 0.000000000000000000, 0.8412930909068905283 ) ) ;
#510 = ORIENTED_EDGE ( 'NONE', *, *, #3556, .T. ) ;
#511 = ORIENTED_EDGE ( 'NONE', *, *, #2373, .T. ) ;
#512 = CARTESIAN_POINT ( 'NONE',  ( -67.60643676162112570, -2.051181102362205078, 5.372418507584993286 ) ) ;
#513 = CARTESIAN_POINT ( 'NONE',  ( -64.64042079919046557, 3.330708661417323135, 5.637921207175782712 ) ) ;
#514 = CARTESIAN_POINT ( 'NONE',  ( -64.53207412346139904, -1.992125984251968518, 5.933659598763443732 ) ) ;
#515 = ORIENTED_EDGE ( 'NONE', *, *, #54, .T. ) ;
#516 = CARTESIAN_POINT ( 'NONE',  ( -62.20419012182922813, -1.803149606299212726, 3.974114481908599394 ) ) ;
#517 = VECTOR ( 'NONE', #1025, 39.37007874015748854 ) ;
#518 = DIRECTION ( 'NONE',  ( 0.000000000000000000, 0.000000000000000000, -1.000000000000000000 ) ) ;
#519 = ADVANCED_FACE ( 'NONE', ( #91 ), #2138, .T. ) ;
#520 = CARTESIAN_POINT ( 'NONE',  ( -62.28380387529126239, -1.744094488188976610, 3.870683476241001397 ) ) ;
#521 = CARTESIAN_POINT ( 'NONE',  ( -61.96320344447453010, 3.330708661417323135, 4.953210634135290391 ) ) ;
#522 = DIRECTION ( 'NONE',  ( 0.000000000000000000, 0.000000000000000000, 1.000000000000000000 ) ) ;
#523 = ORIENTED_EDGE ( 'NONE', *, *, #2666, .F. ) ;
#524 = DIRECTION ( 'NONE',  ( 0.000000000000000000, -1.000000000000000000, 0.000000000000000000 ) ) ;
#525 = VECTOR ( 'NONE', #1248, 39.37007874015748143 ) ;
#526 = ORIENTED_EDGE ( 'NONE', *, *, #3029, .F. ) ;
#527 = CARTESIAN_POINT ( 'NONE',  ( -65.89062420043750024, -1.803149606299212948, 5.238806934920885006 ) ) ;
#528 = CARTESIAN_POINT ( 'NONE',  ( -64.64800489738213685, 3.330708661417323135, 5.640699716327256752 ) ) ;
#529 = AXIS2_PLACEMENT_3D ( 'NONE', #1314, #3996, #2097 ) ;
#530 = ORIENTED_EDGE ( 'NONE', *, *, #4431, .T. ) ;
#531 = DIRECTION ( 'NONE',  ( -0.000000000000000000, 1.000000000000000000, -0.000000000000000000 ) ) ;
#532 = VERTEX_POINT ( 'NONE', #536 ) ;
#533 = ORIENTED_EDGE ( 'NONE', *, *, #2193, .F. ) ;
#534 = LINE ( 'NONE', #3191, #3941 ) ;
#535 = VECTOR ( 'NONE', #649, 39.37007874015748854 ) ;
#536 = CARTESIAN_POINT ( 'NONE',  ( -67.32283464566928899, 5.905511811023622215, 4.509629921259842078 ) ) ;
#537 = AXIS2_PLACEMENT_3D ( 'NONE', #3629, #945, #3329 ) ;
#538 = AXIS2_PLACEMENT_3D ( 'NONE', #4789, #3281, #4819 ) ;
#539 = CARTESIAN_POINT ( 'NONE',  ( -64.92961420001736883, -1.803149606299212726, 4.886751997397640324 ) ) ;
#540 = EDGE_CURVE ( 'NONE', #1864, #1659, #969, .T. ) ;
#541 = ADVANCED_FACE ( 'NONE', ( #1947 ), #838, .T. ) ;
#542 = CARTESIAN_POINT ( 'NONE',  ( -66.56137092188059512, 3.519685039370079149, 5.179271321461805577 ) ) ;
#543 = ADVANCED_FACE ( 'NONE', ( #809 ), #882, .F. ) ;
#544 = AXIS2_PLACEMENT_3D ( 'NONE', #1138, #2576, #1880 ) ;
#545 = EDGE_CURVE ( 'NONE', #2250, #2799, #2378, .T. ) ;
#546 = DATE_AND_TIME ( #3964, #4880 ) ;
#547 = DIRECTION ( 'NONE',  ( -6.617444900424219930E-24, 1.000000000000000000, 1.323488980084843986E-23 ) ) ;
#548 = CIRCLE ( 'NONE', #1957, 0.08858267716535768443 ) ;
#549 = FACE_OUTER_BOUND ( 'NONE', #3024, .T. ) ;
#550 = FACE_OUTER_BOUND ( 'NONE', #4007, .T. ) ;
#551 = FACE_OUTER_BOUND ( 'NONE', #1816, .T. ) ;
#552 = VERTEX_POINT ( 'NONE', #495 ) ;
#553 = VECTOR ( 'NONE', #2261, 39.37007874015748143 ) ;
#554 = CC_DESIGN_PERSON_AND_ORGANIZATION_ASSIGNMENT ( #4727, #3198, ( #1262 ) ) ;
#555 = CARTESIAN_POINT ( 'NONE',  ( -63.07457352484861701, 3.519685039370079149, 4.210494890457447958 ) ) ;
#556 = ORIENTED_EDGE ( 'NONE', *, *, #4049, .F. ) ;
#557 = CARTESIAN_POINT ( 'NONE',  ( -65.24903709492606652, 3.457185039370079593, 5.748010842550089095 ) ) ;
#558 = CARTESIAN_POINT ( 'NONE',  ( -65.80241413507054915, 3.330708661417323135, 5.839744136100533112 ) ) ;
#559 = ORIENTED_EDGE ( 'NONE', *, *, #1429, .F. ) ;
#560 = B_SPLINE_SURFACE_WITH_KNOTS ( 'NONE', 3, 1, ( 
 ( #1513, #2235 ),
 ( #3396, #743 ),
 ( #2255, #3022 ),
 ( #372, #2947 ),
 ( #4533, #2649 ) ),
 .UNSPECIFIED., .F., .F., .F.,
 ( 4, 1, 4 ),
 ( 2, 2 ),
 ( 0.000000000000000000, 0.4900827944212210463, 1.000000000000000000 ),
 ( 0.000000000000000000, 1.000000000000000000 ),
 .UNSPECIFIED. ) ;
#561 = VERTEX_POINT ( 'NONE', #3143 ) ;
#562 = CYLINDRICAL_SURFACE ( 'NONE', #1558, 0.05905511811023705232 ) ;
#563 = DIRECTION ( 'NONE',  ( 8.881784197001638550E-14, 0.000000000000000000, 1.000000000000000000 ) ) ;
#564 = B_SPLINE_CURVE_WITH_KNOTS ( 'NONE', 3,
 ( #402, #3421, #19, #1534, #669 ),
 .UNSPECIFIED., .F., .F.,
 ( 4, 1, 4 ),
 ( 0.06607438595462271358, 0.4900827944212210463, 1.000000000000000000 ),
 .UNSPECIFIED. ) ;
#565 = CARTESIAN_POINT ( 'NONE',  ( -63.51508032308173313, -1.992125984251968740, 4.326881488480240456 ) ) ;
#566 = ORIENTED_EDGE ( 'NONE', *, *, #905, .T. ) ;
#567 = ORIENTED_EDGE ( 'NONE', *, *, #3770, .T. ) ;
#568 = EDGE_CURVE ( 'NONE', #2314, #358, #4368, .T. ) ;
#569 = CARTESIAN_POINT ( 'NONE',  ( -61.45669291338582951, 3.330708661417323135, 3.661417322834648935 ) ) ;
#570 = APPROVAL_DATE_TIME ( #546, #2518 ) ;
#571 = LINE ( 'NONE', #1311, #1225 ) ;
#572 = EDGE_CURVE ( 'NONE', #4855, #785, #4746, .T. ) ;
#573 = EDGE_CURVE ( 'NONE', #1997, #3195, #1055, .T. ) ;
#574 = DIRECTION ( 'NONE',  ( 0.000000000000000000, -1.000000000000000000, 0.000000000000000000 ) ) ;
#575 = FACE_OUTER_BOUND ( 'NONE', #2719, .T. ) ;
#576 = CARTESIAN_POINT ( 'NONE',  ( -67.32283464566928899, 5.905511811023622215, 4.960629921259842590 ) ) ;
#577 = ORIENTED_EDGE ( 'NONE', *, *, #3759, .F. ) ;
#578 = ORIENTED_EDGE ( 'NONE', *, *, #947, .F. ) ;
#579 = CARTESIAN_POINT ( 'NONE',  ( -65.32834536174675577, 3.394685039370079149, 5.800915752393452252 ) ) ;
#580 = VECTOR ( 'NONE', #1263, 39.37007874015748854 ) ;
#581 = LINE ( 'NONE', #4792, #188 ) ;
#582 = ORIENTED_EDGE ( 'NONE', *, *, #397, .T. ) ;
#583 = CARTESIAN_POINT ( 'NONE',  ( -65.20111544622893973, -1.992125984251969184, 5.780046572306654085 ) ) ;
#584 = LINE ( 'NONE', #2860, #3594 ) ;
#585 = EDGE_CURVE ( 'NONE', #1524, #4221, #663, .T. ) ;
#586 = CARTESIAN_POINT ( 'NONE',  ( -63.07457352484861701, -1.992125984251968740, 4.210494890457447958 ) ) ;
#587 = ORIENTED_EDGE ( 'NONE', *, *, #3595, .F. ) ;
#588 = DIRECTION ( 'NONE',  ( -0.9571956710508869870, 0.000000000000000000, 0.2894416129747796607 ) ) ;
#589 = LINE ( 'NONE', #4752, #2402 ) ;
#590 = VECTOR ( 'NONE', #2879, 39.37007874015748854 ) ;
#591 = APPROVAL_STATUS ( 'not_yet_approved' ) ;
#592 = CARTESIAN_POINT ( 'NONE',  ( -65.95530524942171269, 3.271653543307087020, 5.046699456877250078 ) ) ;
#593 = VECTOR ( 'NONE', #4843, 39.37007874015748143 ) ;
#594 = DIRECTION ( 'NONE',  ( -0.2894416129747778843, 0.000000000000000000, -0.9571956710508875421 ) ) ;
#595 = DIRECTION ( 'NONE',  ( 0.8412930909069116225, -1.587296246464325369E-24, 0.5405792589364626366 ) ) ;
#596 = DIRECTION ( 'NONE',  ( -0.9571956710508867650, 0.000000000000000000, 0.2894416129747803823 ) ) ;
#597 = ORIENTED_EDGE ( 'NONE', *, *, #3908, .F. ) ;
#598 = SECURITY_CLASSIFICATION ( '', '', #1013 ) ;
#599 = DIRECTION ( 'NONE',  ( -6.617444900424219930E-24, 1.000000000000000000, 1.323488980084843986E-23 ) ) ;
#600 = CYLINDRICAL_SURFACE ( 'NONE', #1504, 0.3937007874015729936 ) ;
#601 = ORIENTED_EDGE ( 'NONE', *, *, #2546, .T. ) ;
#602 = CARTESIAN_POINT ( 'NONE',  ( -62.26557133274167910, 3.271653543307080358, 3.930979266543421780 ) ) ;
#603 = EDGE_CURVE ( 'NONE', #2507, #1491, #584, .T. ) ;
#604 = CARTESIAN_POINT ( 'NONE',  ( -64.64042079919045136, 3.330708661417323135, 5.637921207175780935 ) ) ;
#605 = ORIENTED_EDGE ( 'NONE', *, *, #4354, .F. ) ;
#606 = EDGE_CURVE ( 'NONE', #2231, #2960, #982, .T. ) ;
#607 = ORIENTED_EDGE ( 'NONE', *, *, #2839, .T. ) ;
#608 = VERTEX_POINT ( 'NONE', #3614 ) ;
#609 = LINE ( 'NONE', #3215, #4496 ) ;
#610 = ADVANCED_FACE ( 'NONE', ( #1376, #184 ), #4324, .T. ) ;
#611 = LINE ( 'NONE', #3959, #3433 ) ;
#612 = AXIS2_PLACEMENT_3D ( 'NONE', #1300, #4738, #1785 ) ;
#613 = EDGE_CURVE ( 'NONE', #2345, #2411, #4348, .T. ) ;
#614 = CARTESIAN_POINT ( 'NONE',  ( -64.29627097090472887, -1.992125984251968740, 4.595560993410113149 ) ) ;
#615 = ORIENTED_EDGE ( 'NONE', *, *, #1336, .T. ) ;
#616 = DIRECTION ( 'NONE',  ( -0.2894416129747776623, -1.387778780781445676E-16, -0.9571956710508877642 ) ) ;
#617 = CIRCLE ( 'NONE', #1165, 0.1504569830859232848 ) ;
#618 = CIRCLE ( 'NONE', #1251, 0.08858267716535768443 ) ;
#619 = PERSON_AND_ORGANIZATION ( #2024, #4204 ) ;
#620 = CIRCLE ( 'NONE', #3628, 0.03937007874015751446 ) ;
#621 = DIRECTION ( 'NONE',  ( 0.000000000000000000, -1.000000000000000000, 0.000000000000000000 ) ) ;
#622 = CARTESIAN_POINT ( 'NONE',  ( -61.82800357845130179, 3.271653543307087020, 18.69586086104008160 ) ) ;
#623 = CARTESIAN_POINT ( 'NONE',  ( -40.62116550400091342, -5.905511811023622215, -27.62239254272128974 ) ) ;
#624 = AXIS2_PLACEMENT_3D ( 'NONE', #2015, #4719, #4681 ) ;
#625 = CYLINDRICAL_SURFACE ( 'NONE', #2502, 0.05905511811023480412 ) ;
#626 = ORIENTED_EDGE ( 'NONE', *, *, #3906, .T. ) ;
#627 = AXIS2_PLACEMENT_3D ( 'NONE', #712, #3341, #2915 ) ;
#628 = CARTESIAN_POINT ( 'NONE',  ( -63.08311475323797168, 3.330708661417322247, 4.211722312989519601 ) ) ;
#629 = CARTESIAN_POINT ( 'NONE',  ( -66.78147061309779531, 3.330032880819963736, 5.051538491013854326 ) ) ;
#630 = ORIENTED_EDGE ( 'NONE', *, *, #3817, .F. ) ;
#631 = CARTESIAN_POINT ( 'NONE',  ( -67.32283464566928899, 5.905511811023622215, 4.960629921259842590 ) ) ;
#632 = CARTESIAN_POINT ( 'NONE',  ( -66.82283464566928899, 3.271653543307087020, 4.960629921259855912 ) ) ;
#633 = ORIENTED_EDGE ( 'NONE', *, *, #2666, .T. ) ;
#634 = B_SPLINE_CURVE_WITH_KNOTS ( 'NONE', 3,
 ( #4905, #1114, #1480, #740, #1511, #4175, #4858, #3046, #2972, #2234, #2254, #2297, #3769, #2672, #369, #1851, #1876, #3021, #4531, #424 ),
 .UNSPECIFIED., .F., .F.,
 ( 4, 2, 2, 2, 2, 2, 2, 2, 2, 4 ),
 ( 0.5276984323891449336, 0.5312499999999787947, 0.5624999999999786837, 0.6249999999999787947, 0.6874999999999787947, 0.7499999999999789058, 0.7812499999999814593, 0.8124999999999839018, 0.8437499999999864553, 0.8529443094618577303 ),
 .UNSPECIFIED. ) ;
#635 = EDGE_CURVE ( 'NONE', #2963, #2446, #817, .T. ) ;
#636 = ORIENTED_EDGE ( 'NONE', *, *, #1206, .F. ) ;
#637 = CARTESIAN_POINT ( 'NONE',  ( -65.93821224078146770, 3.330708661417323135, 5.103226760285771491 ) ) ;
#638 = LINE ( 'NONE', #2064, #1296 ) ;
#639 = VECTOR ( 'NONE', #673, 39.37007874015748143 ) ;
#640 = LINE ( 'NONE', #211, #4339 ) ;
#641 = ORIENTED_EDGE ( 'NONE', *, *, #1058, .F. ) ;
#642 = CARTESIAN_POINT ( 'NONE',  ( -67.32283464566928899, -1.744094488188976610, 4.960629921259842590 ) ) ;
#643 = EDGE_CURVE ( 'NONE', #1398, #9, #3989, .T. ) ;
#644 = ORIENTED_EDGE ( 'NONE', *, *, #4852, .F. ) ;
#645 = CARTESIAN_POINT ( 'NONE',  ( -67.49041520736599864, -1.801533044617388946, 5.477904808403524228 ) ) ;
#646 = B_SPLINE_SURFACE_WITH_KNOTS ( 'NONE', 3, 1, ( 
 ( #2387, #3851 ),
 ( #2736, #1542 ),
 ( #503, #2335 ),
 ( #1242, #457 ),
 ( #1960, #4558 ) ),
 .UNSPECIFIED., .F., .F., .F.,
 ( 4, 1, 4 ),
 ( 2, 2 ),
 ( 0.000000000000000000, 0.2127344428930933729, 1.000000000000000000 ),
 ( 0.000000000000000000, 1.000000000000000000 ),
 .UNSPECIFIED. ) ;
#647 = APPROVAL_STATUS ( 'not_yet_approved' ) ;
#648 = CARTESIAN_POINT ( 'NONE',  ( 0.000000000000000000, -1.803149606299212726, 0.000000000000000000 ) ) ;
#649 = DIRECTION ( 'NONE',  ( -0.9929147266346842748, 0.000000000000000000, 0.1188290605532585781 ) ) ;
#650 = DIRECTION ( 'NONE',  ( 2.290736248633313191E-23, -1.000000000000000000, -8.392338112716923843E-24 ) ) ;
#651 = CARTESIAN_POINT ( 'NONE',  ( -66.48191726676772362, 3.330708661417323135, 5.205939031733649358 ) ) ;
#652 = ORIENTED_EDGE ( 'NONE', *, *, #613, .F. ) ;
#653 = CARTESIAN_POINT ( 'NONE',  ( -65.98133802111350121, 3.330708661417320471, 5.080126685233131489 ) ) ;
#654 = CARTESIAN_POINT ( 'NONE',  ( -63.12142759347489829, 3.330708661417322247, 4.219017299229278706 ) ) ;
#655 = DIRECTION ( 'NONE',  ( 0.000000000000000000, 0.000000000000000000, 1.000000000000000000 ) ) ;
#656 = DIRECTION ( 'NONE',  ( -0.2894416129747778288, 3.248611238595822703E-17, -0.9571956710508874311 ) ) ;
#657 = DIRECTION ( 'NONE',  ( -0.000000000000000000, 1.000000000000000000, -0.000000000000000000 ) ) ;
#658 = DIRECTION ( 'NONE',  ( -0.000000000000000000, -1.000000000000000000, 0.000000000000000000 ) ) ;
#659 = ORIENTED_EDGE ( 'NONE', *, *, #441, .F. ) ;
#660 = EDGE_CURVE ( 'NONE', #4515, #2263, #611, .T. ) ;
#661 = ORIENTED_EDGE ( 'NONE', *, *, #170, .F. ) ;
#662 = CARTESIAN_POINT ( 'NONE',  ( -66.46482425812747863, 3.330708661417323135, 5.262466335142171658 ) ) ;
#663 = LINE ( 'NONE', #3663, #893 ) ;
#664 = CYLINDRICAL_SURFACE ( 'NONE', #4578, 0.3937007874015723830 ) ;
#665 = ORIENTED_EDGE ( 'NONE', *, *, #2027, .F. ) ;
#666 = CARTESIAN_POINT ( 'NONE',  ( -41.69052226645929693, 30.73130679842747881, -2.356415982702613210 ) ) ;
#667 = ORIENTED_EDGE ( 'NONE', *, *, #905, .F. ) ;
#668 = ORIENTED_EDGE ( 'NONE', *, *, #3124, .T. ) ;
#669 = CARTESIAN_POINT ( 'NONE',  ( -63.11327752984468731, -1.803149606299212726, 3.858267716535433323 ) ) ;
#670 = PLANE ( 'NONE',  #1406 ) ;
#671 = DIRECTION ( 'NONE',  ( 0.9571956710508893185, 0.000000000000000000, -0.2894416129747718336 ) ) ;
#672 = VERTEX_POINT ( 'NONE', #3641 ) ;
#673 = DIRECTION ( 'NONE',  ( -0.000000000000000000, 1.000000000000000000, -0.000000000000000000 ) ) ;
#674 = AXIS2_PLACEMENT_3D ( 'NONE', #2868, #2893, #940 ) ;
#675 = DIRECTION ( 'NONE',  ( 0.000000000000000000, 0.000000000000000000, 1.000000000000000000 ) ) ;
#676 = DIRECTION ( 'NONE',  ( 0.000000000000000000, 0.000000000000000000, 1.000000000000000000 ) ) ;
#677 = CARTESIAN_POINT ( 'NONE',  ( -67.32283464566928899, -1.744094488188976610, 4.960629921259842590 ) ) ;
#678 = DIRECTION ( 'NONE',  ( 0.000000000000000000, -1.000000000000000000, 0.000000000000000000 ) ) ;
#679 = CARTESIAN_POINT ( 'NONE',  ( -65.37504207357540054, 3.394685039370079149, 5.652792248510143835 ) ) ;
#680 = VERTEX_POINT ( 'NONE', #231 ) ;
#681 = EDGE_LOOP ( 'NONE', ( #4894, #1109, #107, #3745, #3860, #2897 ) ) ;
#682 = CARTESIAN_POINT ( 'NONE',  ( -66.79363835724070952, 3.524498622661690117, 5.041254080398285708 ) ) ;
#683 = CARTESIAN_POINT ( 'NONE',  ( -64.41540032795531090, 1.098235383359804862, 4.515246269544318736 ) ) ;
#684 = DIRECTION ( 'NONE',  ( -0.2894416129747778843, -2.858594813810777634E-17, -0.9571956710508876531 ) ) ;
#685 = ORIENTED_EDGE ( 'NONE', *, *, #3099, .F. ) ;
#686 = CARTESIAN_POINT ( 'NONE',  ( -67.36673810313054389, 3.330708661417322691, 5.594323815215162199 ) ) ;
#687 = EDGE_CURVE ( 'NONE', #1592, #2466, #4859, .T. ) ;
#688 = ORIENTED_EDGE ( 'NONE', *, *, #1521, .F. ) ;
#689 = DIRECTION ( 'NONE',  ( -0.5405792589364625256, 0.000000000000000000, 0.8412930909069115115 ) ) ;
#690 = AXIS2_PLACEMENT_3D ( 'NONE', #2410, #2311, #3898 ) ;
#691 = AXIS2_PLACEMENT_3D ( 'NONE', #4249, #3082, #1171 ) ;
#692 = CARTESIAN_POINT ( 'NONE',  ( -64.04445414770417244, 0.7637795275590671951, 4.468886746516225195 ) ) ;
#693 = EDGE_LOOP ( 'NONE', ( #3383, #751, #2580, #605 ) ) ;
#694 = FACE_OUTER_BOUND ( 'NONE', #4391, .T. ) ;
#695 = EDGE_CURVE ( 'NONE', #3067, #680, #4041, .T. ) ;
#696 = CARTESIAN_POINT ( 'NONE',  ( -65.16085878710495649, -1.803149606299212948, 5.772774739603171668 ) ) ;
#697 = CIRCLE ( 'NONE', #2674, 0.08858267716535768443 ) ;
#698 = ORIENTED_EDGE ( 'NONE', *, *, #1426, .T. ) ;
#699 = AXIS2_PLACEMENT_3D ( 'NONE', #198, #995, #4443 ) ;
#700 = CARTESIAN_POINT ( 'NONE',  ( -66.24798989115039660, -1.992125984251969850, 5.807206170900101050 ) ) ;
#701 = VECTOR ( 'NONE', #2489, 39.37007874015748854 ) ;
#702 = CARTESIAN_POINT ( 'NONE',  ( -63.99798826116343520, 3.519685039370079149, 4.486385440163125793 ) ) ;
#703 = CARTESIAN_POINT ( 'NONE',  ( -65.70625982590097180, 3.394685039370079149, 5.439965768613896913 ) ) ;
#704 = CARTESIAN_POINT ( 'NONE',  ( -63.09538179617421605, -5.905511811023622215, 4.652590603716853401 ) ) ;
#705 = LINE ( 'NONE', #3736, #1622 ) ;
#706 = CARTESIAN_POINT ( 'NONE',  ( -5.828236685570407971, -5.905511811023622215, -15.90850232907071771 ) ) ;
#707 = ORIENTED_EDGE ( 'NONE', *, *, #4644, .T. ) ;
#708 = AXIS2_PLACEMENT_3D ( 'NONE', #4724, #185, #1307 ) ;
#709 = ORIENTED_EDGE ( 'NONE', *, *, #3938, .F. ) ;
#710 = CARTESIAN_POINT ( 'NONE',  ( -64.58702165410851137, 3.330708661417323135, 4.705104094044945562 ) ) ;
#711 = DIRECTION ( 'NONE',  ( -0.000000000000000000, -1.000000000000000000, 0.000000000000000000 ) ) ;
#712 = CARTESIAN_POINT ( 'NONE',  ( -41.21798801240627341, -30.34452827252707507, -2.499303253106556433 ) ) ;
#713 = EDGE_LOOP ( 'NONE', ( #2136, #3203, #4648, #485, #4643 ) ) ;
#714 = CARTESIAN_POINT ( 'NONE',  ( -66.77220858830405348, -1.803149606299212726, 5.057343777742004498 ) ) ;
#715 = ORIENTED_EDGE ( 'NONE', *, *, #1515, .T. ) ;
#716 = DIRECTION ( 'NONE',  ( 0.000000000000000000, 0.000000000000000000, 1.000000000000000000 ) ) ;
#717 = AXIS2_PLACEMENT_3D ( 'NONE', #78, #4640, #2555 ) ;
#718 =( BOUNDED_CURVE ( )  B_SPLINE_CURVE ( 3, ( #1188, #1162, #2304, #2956 ),
 .UNSPECIFIED., .F., .F. ) 
 B_SPLINE_CURVE_WITH_KNOTS ( ( 4, 4 ),
 ( 4.712388980384560000, 6.283185307179586232 ),
 .UNSPECIFIED. ) 
 CURVE ( )  GEOMETRIC_REPRESENTATION_ITEM ( )  RATIONAL_B_SPLINE_CURVE ( ( 1.000000000000000000, 0.8047378541243344063, 0.8047378541243344063, 1.000000000000000000 ) ) 
 REPRESENTATION_ITEM ( '' )  );
#719 = EDGE_CURVE ( 'NONE', #2887, #3173, #4301, .T. ) ;
#720 = CARTESIAN_POINT ( 'NONE',  ( -64.33783893493571782, 0.3807618476543760955, 4.557601905398343867 ) ) ;
#721 = ORIENTED_EDGE ( 'NONE', *, *, #2659, .F. ) ;
#722 = CARTESIAN_POINT ( 'NONE',  ( -62.71257239130766692, -1.803149606299208729, 3.974781335261186932 ) ) ;
#723 = ORIENTED_EDGE ( 'NONE', *, *, #1521, .T. ) ;
#724 = CARTESIAN_POINT ( 'NONE',  ( -65.69048810661944060, -1.803149606299212948, 5.833350520315748078 ) ) ;
#725 = EDGE_CURVE ( 'NONE', #337, #1299, #3238, .T. ) ;
#726 = DIRECTION ( 'NONE',  ( 0.000000000000000000, 0.000000000000000000, -1.000000000000000000 ) ) ;
#727 = CARTESIAN_POINT ( 'NONE',  ( -66.24798989115039660, -1.992125984251968740, 5.807206170900101050 ) ) ;
#728 = DIRECTION ( 'NONE',  ( -0.000000000000000000, 1.000000000000000000, -0.000000000000000000 ) ) ;
#729 = PLANE ( 'NONE',  #4389 ) ;
#730 = EDGE_LOOP ( 'NONE', ( #665, #3929 ) ) ;
#731 = VERTEX_POINT ( 'NONE', #3192 ) ;
#732 = VERTEX_POINT ( 'NONE', #2515 ) ;
#733 = CARTESIAN_POINT ( 'NONE',  ( -65.28215887015863927, 3.394685039370079149, 5.726728194560470442 ) ) ;
#734 = DIRECTION ( 'NONE',  ( -0.9585427335935056137, 0.000000000000000000, -0.2849488162373894351 ) ) ;
#735 = AXIS2_PLACEMENT_3D ( 'NONE', #3940, #163, #1668 ) ;
#736 = DIRECTION ( 'NONE',  ( 2.290736248633313191E-23, -1.000000000000000000, -8.392338112716923843E-24 ) ) ;
#737 = ORIENTED_EDGE ( 'NONE', *, *, #1167, .T. ) ;
#738 = DIRECTION ( 'NONE',  ( -0.9571956710508841004, -4.810966440042434539E-13, 0.2894416129747888200 ) ) ;
#739 = CARTESIAN_POINT ( 'NONE',  ( -66.54475095209032531, 3.519685039370079149, 5.426830934313483290 ) ) ;
#740 = CARTESIAN_POINT ( 'NONE',  ( -65.01789339918893518, -1.992125984251968740, 4.880658391575403598 ) ) ;
#741 = AXIS2_PLACEMENT_3D ( 'NONE', #4014, #4772, #2811 ) ;
#742 = APPROVAL_STATUS ( 'not_yet_approved' ) ;
#743 = CARTESIAN_POINT ( 'NONE',  ( -66.82283464566930320, -2.053023622047244423, 5.303566818639225744 ) ) ;
#744 = ORIENTED_EDGE ( 'NONE', *, *, #540, .F. ) ;
#745 = DIRECTION ( 'NONE',  ( -0.2894416129747778843, 0.000000000000000000, -0.9571956710508876531 ) ) ;
#746 = EDGE_LOOP ( 'NONE', ( #1969, #4064, #4563, #1060 ) ) ;
#747 = CARTESIAN_POINT ( 'NONE',  ( -66.24798989115039660, -1.803149606299212948, 5.807206170900101050 ) ) ;
#748 = DIRECTION ( 'NONE',  ( 0.2894416129747778843, -4.730536770329313524E-18, 0.9571956710508874311 ) ) ;
#749 = CARTESIAN_POINT ( 'NONE',  ( -61.45669291338582951, 3.330708661417323135, 3.858267716535433323 ) ) ;
#750 = CARTESIAN_POINT ( 'NONE',  ( -62.12598425196851082, -1.803149606299212726, 4.842519685039370358 ) ) ;
#751 = ORIENTED_EDGE ( 'NONE', *, *, #1359, .F. ) ;
#752 = EDGE_CURVE ( 'NONE', #4830, #4717, #638, .T. ) ;
#753 = ORIENTED_EDGE ( 'NONE', *, *, #3180, .F. ) ;
#754 = CARTESIAN_POINT ( 'NONE',  ( -66.80891145120514807, 3.536143102555711959, 5.021787782260094701 ) ) ;
#755 = CARTESIAN_POINT ( 'NONE',  ( -65.23911612825777695, -1.992125984251968740, 4.973191793173985076 ) ) ;
#756 = EDGE_CURVE ( 'NONE', #859, #2488, #257, .T. ) ;
#757 = DIRECTION ( 'NONE',  ( 0.000000000000000000, 0.000000000000000000, 1.000000000000000000 ) ) ;
#758 = EDGE_LOOP ( 'NONE', ( #413, #4718, #2433, #862, #343, #1608, #4374, #2609, #181 ) ) ;
#759 = PRODUCT_DEFINITION_FORMATION_WITH_SPECIFIED_SOURCE ( 'ANY', '', #1349, .NOT_KNOWN. ) ;
#760 = EDGE_CURVE ( 'NONE', #3039, #2507, #3589, .T. ) ;
#761 = ORIENTED_EDGE ( 'NONE', *, *, #331, .F. ) ;
#762 = CARTESIAN_POINT ( 'NONE',  ( -66.82283464566928899, 3.578740157480315265, 4.960629921259855912 ) ) ;
#763 = LINE ( 'NONE', #2272, #1839 ) ;
#764 = CC_DESIGN_PERSON_AND_ORGANIZATION_ASSIGNMENT ( #4403, #217, ( #2946 ) ) ;
#765 = CARTESIAN_POINT ( 'NONE',  ( -62.67587598259718362, -1.707673120111259601, 4.055049238083145546 ) ) ;
#766 = VECTOR ( 'NONE', #31, 39.37007874015748854 ) ;
#767 = FACE_OUTER_BOUND ( 'NONE', #4427, .T. ) ;
#768 = CARTESIAN_POINT ( 'NONE',  ( -66.09918920518569507, -1.803149606299212948, 5.826089031778224125 ) ) ;
#769 = VECTOR ( 'NONE', #3600, 39.37007874015748143 ) ;
#770 = CARTESIAN_POINT ( 'NONE',  ( -64.41540032795555248, 0.4293236717579841377, 4.515246269544387125 ) ) ;
#771 = CARTESIAN_POINT ( 'NONE',  ( -64.94463702649734671, 3.394685039370079149, 4.850360820107543880 ) ) ;
#772 = VECTOR ( 'NONE', #2654, 39.37007874015748143 ) ;
#773 = CARTESIAN_POINT ( 'NONE',  ( -4.127301670970403791, -2.022617031130481322E-15, -13.64916140416281287 ) ) ;
#774 = VECTOR ( 'NONE', #1984, 39.37007874015748143 ) ;
#775 = DIRECTION ( 'NONE',  ( 0.9571956710508876531, 0.000000000000000000, -0.2894416129747776623 ) ) ;
#776 = ORIENTED_EDGE ( 'NONE', *, *, #2990, .F. ) ;
#777 = CIRCLE ( 'NONE', #1410, 0.3937007874015751585 ) ;
#778 = ADVANCED_FACE ( 'NONE', ( #2464 ), #3984, .F. ) ;
#779 = ORIENTED_EDGE ( 'NONE', *, *, #466, .T. ) ;
#780 = DIRECTION ( 'NONE',  ( 0.000000000000000000, 1.000000000000000000, -0.000000000000000000 ) ) ;
#781 = CARTESIAN_POINT ( 'NONE',  ( -40.98067261052359811, -30.15028097611250502, -2.571063870900893722 ) ) ;
#782 = VECTOR ( 'NONE', #2209, 39.37007874015748854 ) ;
#783 = ADVANCED_FACE ( 'NONE', ( #2567 ), #4148, .F. ) ;
#784 = EDGE_LOOP ( 'NONE', ( #252, #442 ) ) ;
#785 = VERTEX_POINT ( 'NONE', #2228 ) ;
#786 = CARTESIAN_POINT ( 'NONE',  ( -62.95994845151290065, -1.803149606299212726, 5.022263593201440557 ) ) ;
#787 = ORIENTED_EDGE ( 'NONE', *, *, #3892, .T. ) ;
#788 = CYLINDRICAL_SURFACE ( 'NONE', #2689, 0.3937007874015751585 ) ;
#789 = DIRECTION ( 'NONE',  ( 0.000000000000000000, 0.000000000000000000, -1.000000000000000000 ) ) ;
#790 = DIRECTION ( 'NONE',  ( -0.7534764009720666955, 0.6167351661158636533, 0.2278399614953871555 ) ) ;
#791 = LINE ( 'NONE', #1075, #517 ) ;
#792 = DIRECTION ( 'NONE',  ( 0.000000000000000000, 0.000000000000000000, 1.000000000000000000 ) ) ;
#793 = CARTESIAN_POINT ( 'NONE',  ( -65.23911612825777695, 3.519685039370079149, 4.973191793173985076 ) ) ;
#794 = CARTESIAN_POINT ( 'NONE',  ( -61.45669291338582951, -1.803149606299212726, 3.858267716535433323 ) ) ;
#795 = DIRECTION ( 'NONE',  ( -0.000000000000000000, 1.000000000000000000, -0.000000000000000000 ) ) ;
#796 = LINE ( 'NONE', #3829, #766 ) ;
#797 = ADVANCED_FACE ( 'NONE', ( #1082 ), #4851, .F. ) ;
#798 = EDGE_LOOP ( 'NONE', ( #2636, #3933, #3608, #1850, #3061, #2127, #377, #3336, #4011, #3131 ) ) ;
#799 = ORIENTED_EDGE ( 'NONE', *, *, #376, .F. ) ;
#800 = VERTEX_POINT ( 'NONE', #1526 ) ;
#801 = CARTESIAN_POINT ( 'NONE',  ( -63.17371455369796251, -1.992125984251968740, 4.230617447156364008 ) ) ;
#802 = LINE ( 'NONE', #1589, #1758 ) ;
#803 = ADVANCED_FACE ( 'NONE', ( #1502 ), #1819, .T. ) ;
#804 = ORIENTED_EDGE ( 'NONE', *, *, #2344, .F. ) ;
#805 = FACE_OUTER_BOUND ( 'NONE', #3689, .T. ) ;
#806 = ORIENTED_EDGE ( 'NONE', *, *, #1329, .F. ) ;
#807 = VERTEX_POINT ( 'NONE', #388 ) ;
#808 = DIRECTION ( 'NONE',  ( 1.000000000000000000, 0.000000000000000000, 0.000000000000000000 ) ) ;
#809 = FACE_OUTER_BOUND ( 'NONE', #83, .T. ) ;
#810 = DIRECTION ( 'NONE',  ( 0.000000000000000000, 0.000000000000000000, 1.000000000000000000 ) ) ;
#811 = EDGE_LOOP ( 'NONE', ( #4235, #3998, #4134, #4234, #2677, #2571 ) ) ;
#812 = VECTOR ( 'NONE', #689, 39.37007874015748143 ) ;
#813 = ADVANCED_FACE ( 'NONE', ( #3041 ), #339, .F. ) ;
#814 = DIRECTION ( 'NONE',  ( -0.9585427335935047255, 0.000000000000000000, -0.2849488162373924327 ) ) ;
#815 = LINE ( 'NONE', #3447, #3783 ) ;
#816 =( NAMED_UNIT ( * ) SI_UNIT ( $, .STERADIAN. ) SOLID_ANGLE_UNIT ( ) );
#817 = CIRCLE ( 'NONE', #741, 0.1968503937007843041 ) ;
#818 = ADVANCED_FACE ( 'NONE', ( #2267 ), #2592, .F. ) ;
#819 = LINE ( 'NONE', #4610, #3716 ) ;
#820 = EDGE_CURVE ( 'NONE', #3010, #4786, #2793, .T. ) ;
#821 = CARTESIAN_POINT ( 'NONE',  ( -67.32283464566928899, 3.330708661417323135, 4.960629921259842590 ) ) ;
#822 = DIRECTION ( 'NONE',  ( -0.000000000000000000, -1.000000000000000000, -0.000000000000000000 ) ) ;
#823 = DIRECTION ( 'NONE',  ( 0.000000000000000000, 1.000000000000000000, -0.000000000000000000 ) ) ;
#824 = ORIENTED_EDGE ( 'NONE', *, *, #3547, .T. ) ;
#825 = CARTESIAN_POINT ( 'NONE',  ( -62.73860516299898649, 3.271653543307087020, 4.008208563616927123 ) ) ;
#826 = ORIENTED_EDGE ( 'NONE', *, *, #4590, .T. ) ;
#827 = ORIENTED_EDGE ( 'NONE', *, *, #1782, .F. ) ;
#828 = DIRECTION ( 'NONE',  ( 0.000000000000000000, 1.000000000000000000, -0.000000000000000000 ) ) ;
#829 = CARTESIAN_POINT ( 'NONE',  ( -66.32660456607217725, -1.992125984251968740, 5.383348694571214565 ) ) ;
#830 = VECTOR ( 'NONE', #1102, 39.37007874015748143 ) ;
#831 = VECTOR ( 'NONE', #3199, 39.37007874015748854 ) ;
#832 = ORIENTED_EDGE ( 'NONE', *, *, #3692, .T. ) ;
#833 = ORIENTED_EDGE ( 'NONE', *, *, #92, .F. ) ;
#834 = DIRECTION ( 'NONE',  ( 0.2894416129747776623, 1.387778780781445676E-16, 0.9571956710508877642 ) ) ;
#835 = ORIENTED_EDGE ( 'NONE', *, *, #2690, .F. ) ;
#836 = ORIENTED_EDGE ( 'NONE', *, *, #603, .F. ) ;
#837 = CARTESIAN_POINT ( 'NONE',  ( -62.69410852514678112, -1.707673120111259601, 3.994753447780727384 ) ) ;
#838 = CYLINDRICAL_SURFACE ( 'NONE', #4534, 0.3000000000000017097 ) ;
#839 = AXIS2_PLACEMENT_3D ( 'NONE', #1421, #2585, #4112 ) ;
#840 = EDGE_CURVE ( 'NONE', #4231, #1990, #3741, .T. ) ;
#841 = CARTESIAN_POINT ( 'NONE',  ( -4.110208662330160578, -1.803149606299212726, -13.59263410075429590 ) ) ;
#842 = DIRECTION ( 'NONE',  ( -0.2894416129747778843, -5.907199307353331338E-18, -0.9571956710508874311 ) ) ;
#843 = CARTESIAN_POINT ( 'NONE',  ( -62.39052523158989771, 3.330708661417323135, 4.391371762555865033 ) ) ;
#844 = ADVANCED_FACE ( 'NONE', ( #1790 ), #2248, .T. ) ;
#845 = EDGE_CURVE ( 'NONE', #4701, #255, #4699, .T. ) ;
#846 = CARTESIAN_POINT ( 'NONE',  ( -61.45669291338582951, -1.803149606299212726, 3.661417322834648935 ) ) ;
#847 = PLANE ( 'NONE',  #81 ) ;
#848 = DIRECTION ( 'NONE',  ( -0.000000000000000000, 1.000000000000000000, -0.000000000000000000 ) ) ;
#849 = ORIENTED_EDGE ( 'NONE', *, *, #2327, .T. ) ;
#850 = AXIS2_PLACEMENT_3D ( 'NONE', #750, #728, #4447 ) ;
#851 = AXIS2_PLACEMENT_3D ( 'NONE', #3878, #2686, #3452 ) ;
#852 = DIRECTION ( 'NONE',  ( 0.2894416129747776623, 1.387778780781445676E-16, 0.9571956710508877642 ) ) ;
#853 = VERTEX_POINT ( 'NONE', #1432 ) ;
#854 = CARTESIAN_POINT ( 'NONE',  ( -66.01803442982398451, 3.235232175229381113, 4.999858782411184421 ) ) ;
#855 = CARTESIAN_POINT ( 'NONE',  ( -66.28086995732653008, -1.992125984251968740, 5.370740800000248782 ) ) ;
#856 = CC_DESIGN_DATE_AND_TIME_ASSIGNMENT ( #1066, #291, ( #125 ) ) ;
#857 = CIRCLE ( 'NONE', #3627, 0.3937007874015751585 ) ;
#858 = VECTOR ( 'NONE', #3652, 39.37007874015748143 ) ;
#859 = VERTEX_POINT ( 'NONE', #2938 ) ;
#860 = VECTOR ( 'NONE', #3093, 39.37007874015748143 ) ;
#861 = ORIENTED_EDGE ( 'NONE', *, *, #3091, .F. ) ;
#862 = ORIENTED_EDGE ( 'NONE', *, *, #2372, .F. ) ;
#863 = DIRECTION ( 'NONE',  ( 0.5903362311909703397, -0.7871707152047882072, -0.1785088212588475942 ) ) ;
#864 = DIRECTION ( 'NONE',  ( 0.5623100214072884739, 0.000000000000000000, -0.8269265020695216739 ) ) ;
#865 = CARTESIAN_POINT ( 'NONE',  ( -66.57656029100523654, 3.519685039370079149, 5.717889328487624212 ) ) ;
#866 = VERTEX_POINT ( 'NONE', #4454 ) ;
#867 = LINE ( 'NONE', #3499, #1290 ) ;
#868 = VECTOR ( 'NONE', #2188, 39.37007874015748143 ) ;
#869 = CARTESIAN_POINT ( 'NONE',  ( -63.68583800086365443, 0.7637795275590671951, 4.294637565278867974 ) ) ;
#870 = CARTESIAN_POINT ( 'NONE',  ( -65.02630495410677725, 0.7637795275587393462, 4.699974664912943467 ) ) ;
#871 = DIRECTION ( 'NONE',  ( 0.000000000000000000, 0.000000000000000000, 1.000000000000000000 ) ) ;
#872 = FACE_OUTER_BOUND ( 'NONE', #1182, .T. ) ;
#873 = ORIENTED_EDGE ( 'NONE', *, *, #1453, .F. ) ;
#874 = VECTOR ( 'NONE', #1313, 39.37007874015748143 ) ;
#875 = CARTESIAN_POINT ( 'NONE',  ( -64.33733906388255264, 3.519685039370079149, 4.653045935957345947 ) ) ;
#876 = ORIENTED_EDGE ( 'NONE', *, *, #4720, .T. ) ;
#877 = CARTESIAN_POINT ( 'NONE',  ( -64.69406355222159277, 3.519685039370079149, 5.656388610341218204 ) ) ;
#878 = ORIENTED_EDGE ( 'NONE', *, *, #2306, .T. ) ;
#879 = ORIENTED_EDGE ( 'NONE', *, *, #3419, .T. ) ;
#880 = VERTEX_POINT ( 'NONE', #3715 ) ;
#881 = LINE ( 'NONE', #927, #4581 ) ;
#882 = PLANE ( 'NONE',  #3036 ) ;
#883 = EDGE_CURVE ( 'NONE', #1698, #3831, #4478, .T. ) ;
#884 = CARTESIAN_POINT ( 'NONE',  ( -66.82215724968644111, -2.038859625715883084, 4.978698049962661187 ) ) ;
#885 = CARTESIAN_POINT ( 'NONE',  ( -58.09398145949906933, 3.330708661417323135, 17.56674858266291039 ) ) ;
#886 = CARTESIAN_POINT ( 'NONE',  ( -41.21798801240640131, -30.34452827252704665, -2.499303253106514688 ) ) ;
#887 = AXIS2_PLACEMENT_3D ( 'NONE', #1308, #2815, #289 ) ;
#888 = CARTESIAN_POINT ( 'NONE',  ( -64.77489202239148369, -1.803149606299212948, 5.681553123715965548 ) ) ;
#889 = CARTESIAN_POINT ( 'NONE',  ( -64.06268669025376994, 0.7637795275590671951, 4.408590956213819467 ) ) ;
#890 = CARTESIAN_POINT ( 'NONE',  ( -64.89649242478479607, 3.394685039370079149, 4.908034645387253647 ) ) ;
#891 = DIRECTION ( 'NONE',  ( 0.000000000000000000, 0.000000000000000000, 1.000000000000000000 ) ) ;
#892 = ORIENTED_EDGE ( 'NONE', *, *, #3637, .T. ) ;
#893 = VECTOR ( 'NONE', #4723, 39.37007874015748854 ) ;
#894 = CARTESIAN_POINT ( 'NONE',  ( -6.539709911713396551, 3.394685039370079149, 21.99900844809932465 ) ) ;
#895 = ORIENTED_EDGE ( 'NONE', *, *, #2573, .T. ) ;
#896 = CARTESIAN_POINT ( 'NONE',  ( -62.23962790450375593, 3.306247230568519324, 3.923134362996127944 ) ) ;
#897 = CARTESIAN_POINT ( 'NONE',  ( -65.24903709492606652, 3.519685039370079149, 5.748010842550089095 ) ) ;
#898 = ADVANCED_FACE ( 'NONE', ( #2641 ), #3255, .F. ) ;
#899 = EDGE_CURVE ( 'NONE', #52, #2321, #4755, .T. ) ;
#900 = EDGE_CURVE ( 'NONE', #3344, #2345, #3905, .T. ) ;
#901 = ORIENTED_EDGE ( 'NONE', *, *, #114, .T. ) ;
#902 = ADVANCED_FACE ( 'NONE', ( #4567 ), #1177, .F. ) ;
#903 = ORIENTED_EDGE ( 'NONE', *, *, #2216, .T. ) ;
#904 = DIRECTION ( 'NONE',  ( 0.000000000000000000, 0.000000000000000000, 1.000000000000000000 ) ) ;
#905 = EDGE_CURVE ( 'NONE', #3695, #3498, #3886, .T. ) ;
#906 = CARTESIAN_POINT ( 'NONE',  ( -64.65774314119764199, 3.519685039370080037, 5.644151696217084790 ) ) ;
#907 = CIRCLE ( 'NONE', #361, 0.05905511811023512331 ) ;
#908 = CARTESIAN_POINT ( 'NONE',  ( -63.17371455369796251, -1.803149606299212948, 4.230617447156364008 ) ) ;
#909 = EDGE_CURVE ( 'NONE', #37, #2411, #802, .T. ) ;
#910 = EDGE_LOOP ( 'NONE', ( #4903, #4257, #4826, #297 ) ) ;
#911 = CARTESIAN_POINT ( 'NONE',  ( -41.69052226645804637, 30.73130679842787671, -2.356415982702989353 ) ) ;
#912 = PERSON_AND_ORGANIZATION ( #2024, #4204 ) ;
#913 = CARTESIAN_POINT ( 'NONE',  ( -67.56150513477690822, 3.546145342354502183, 5.410700995957940407 ) ) ;
#914 = CARTESIAN_POINT ( 'NONE',  ( -61.54517819718295613, -1.992125984251968518, 3.924246121618927052 ) ) ;
#915 = LINE ( 'NONE', #2476, #1245 ) ;
#916 = ORIENTED_EDGE ( 'NONE', *, *, #2806, .F. ) ;
#917 = DIRECTION ( 'NONE',  ( -0.2894416129747778288, -0.000000000000000000, -0.9571956710508874311 ) ) ;
#918 = ORIENTED_EDGE ( 'NONE', *, *, #2898, .T. ) ;
#919 = CARTESIAN_POINT ( 'NONE',  ( -64.06268669025376994, 0.7637795275590671951, 4.408590956213807033 ) ) ;
#920 = CARTESIAN_POINT ( 'NONE',  ( -62.68207785959046419, 3.306247230568515327, 3.991115554976683466 ) ) ;
#921 = EDGE_CURVE ( 'NONE', #2971, #2507, #4400, .T. ) ;
#922 = AXIS2_PLACEMENT_3D ( 'NONE', #1018, #2923, #2155 ) ;
#923 = ADVANCED_FACE ( 'NONE', ( #2768 ), #4278, .F. ) ;
#924 = ORIENTED_EDGE ( 'NONE', *, *, #4067, .T. ) ;
#925 = EDGE_LOOP ( 'NONE', ( #4026, #4871, #3044, #3683 ) ) ;
#926 = ORIENTED_EDGE ( 'NONE', *, *, #3029, .T. ) ;
#927 = CARTESIAN_POINT ( 'NONE',  ( -41.21798801240640131, -30.34452827252704665, -2.499303253106514688 ) ) ;
#928 = VECTOR ( 'NONE', #3096, 39.37007874015748143 ) ;
#929 = CARTESIAN_POINT ( 'NONE',  ( -61.45669291338582951, 3.519685039370079149, 3.858267716535433323 ) ) ;
#930 = VECTOR ( 'NONE', #4380, 39.37007874015748143 ) ;
#931 = ADVANCED_FACE ( 'NONE', ( #2011 ), #3531, .T. ) ;
#932 = EDGE_CURVE ( 'NONE', #532, #807, #2324, .T. ) ;
#933 = AXIS2_PLACEMENT_3D ( 'NONE', #38, #3794, #4902 ) ;
#934 = DIRECTION ( 'NONE',  ( 0.000000000000000000, 0.000000000000000000, -1.000000000000000000 ) ) ;
#935 = ORIENTED_EDGE ( 'NONE', *, *, #3699, .T. ) ;
#936 = ORIENTED_EDGE ( 'NONE', *, *, #2756, .T. ) ;
#937 = CARTESIAN_POINT ( 'NONE',  ( -63.39322505546024900, -3.621238344103700602, 5.139069716083800365 ) ) ;
#938 = VECTOR ( 'NONE', #3771, 39.37007874015748854 ) ;
#939 = APPROVAL_DATE_TIME ( #1309, #245 ) ;
#940 = DIRECTION ( 'NONE',  ( 0.000000000000000000, 0.000000000000000000, 1.000000000000000000 ) ) ;
#941 = CARTESIAN_POINT ( 'NONE',  ( -64.41540032795531090, 1.098235383359809303, 4.515246269544312518 ) ) ;
#942 = CARTESIAN_POINT ( 'NONE',  ( -63.37968172099411390, -1.992125984251968518, 5.176037015032258104 ) ) ;
#943 = CARTESIAN_POINT ( 'NONE',  ( -63.37968172099413522, -1.992125984251968518, 5.176037015032270538 ) ) ;
#944 = ORIENTED_EDGE ( 'NONE', *, *, #1302, .T. ) ;
#945 = DIRECTION ( 'NONE',  ( 0.000000000000000000, 1.000000000000000000, -0.000000000000000000 ) ) ;
#946 = EDGE_LOOP ( 'NONE', ( #2909, #2 ) ) ;
#947 = EDGE_CURVE ( 'NONE', #4036, #2843, #1065, .T. ) ;
#948 = ORIENTED_EDGE ( 'NONE', *, *, #635, .T. ) ;
#949 = LINE ( 'NONE', #1757, #3300 ) ;
#950 = FACE_OUTER_BOUND ( 'NONE', #318, .T. ) ;
#951 = ORIENTED_EDGE ( 'NONE', *, *, #643, .T. ) ;
#952 = ORIENTED_EDGE ( 'NONE', *, *, #725, .F. ) ;
#953 = ORIENTED_EDGE ( 'NONE', *, *, #3443, .F. ) ;
#954 = CARTESIAN_POINT ( 'NONE',  ( -40.96244006797400772, -30.15028097611250502, -2.510768080598475560 ) ) ;
#955 = CARTESIAN_POINT ( 'NONE',  ( -43.60058544997311714, -1.803149606299212726, -28.01588700358453465 ) ) ;
#956 = DIMENSIONAL_EXPONENTS ( 1.000000000000000000, 0.000000000000000000, 0.000000000000000000, 0.000000000000000000, 0.000000000000000000, 0.000000000000000000, 0.000000000000000000 ) ;
#957 = CARTESIAN_POINT ( 'NONE',  ( -67.54989484569694014, -2.012791460770974705, 5.421586191374959007 ) ) ;
#958 = ORIENTED_EDGE ( 'NONE', *, *, #1198, .F. ) ;
#959 = VERTEX_POINT ( 'NONE', #632 ) ;
#960 = LINE ( 'NONE', #3294, #1131 ) ;
#961 = COORDINATED_UNIVERSAL_TIME_OFFSET ( 6, 0, .BEHIND. ) ;
#962 = EDGE_CURVE ( 'NONE', #2252, #1362, #1372, .T. ) ;
#963 = LINE ( 'NONE', #1726, #4009 ) ;
#964 = ORIENTED_EDGE ( 'NONE', *, *, #4422, .T. ) ;
#965 = LINE ( 'NONE', #889, #311 ) ;
#966 = DIRECTION ( 'NONE',  ( 0.000000000000000000, 1.000000000000000000, -0.000000000000000000 ) ) ;
#967 = EDGE_LOOP ( 'NONE', ( #62, #3899, #236, #4743, #3311, #3567 ) ) ;
#968 = EDGE_CURVE ( 'NONE', #2971, #3344, #2732, .T. ) ;
#969 = CIRCLE ( 'NONE', #3114, 0.03937007874015751446 ) ;
#970 = EDGE_CURVE ( 'NONE', #986, #3039, #1800, .T. ) ;
#971 = CARTESIAN_POINT ( 'NONE',  ( -63.20756636949604257, -1.992125984251968518, 5.029969632690662884 ) ) ;
#972 = CARTESIAN_POINT ( 'NONE',  ( -61.45669291338582951, 3.330708661417323135, 3.858267716535433323 ) ) ;
#973 = CARTESIAN_POINT ( 'NONE',  ( -63.68583800086365443, 0.7637795275590671951, 4.294637565278867974 ) ) ;
#974 = CYLINDRICAL_SURFACE ( 'NONE', #1160, 0.4999999999999952260 ) ;
#975 = AXIS2_PLACEMENT_3D ( 'NONE', #4828, #283, #734 ) ;
#976 = CARTESIAN_POINT ( 'NONE',  ( -62.70173104952653631, 3.330708661417323135, 4.849027377168553699 ) ) ;
#977 = ORIENTED_EDGE ( 'NONE', *, *, #1590, .F. ) ;
#978 = CC_DESIGN_DATE_AND_TIME_ASSIGNMENT ( #4330, #4706, ( #4672 ) ) ;
#979 = VERTEX_POINT ( 'NONE', #1705 ) ;
#980 = ORIENTED_EDGE ( 'NONE', *, *, #328, .T. ) ;
#981 = LINE ( 'NONE', #3588, #1489 ) ;
#982 = LINE ( 'NONE', #2085, #1532 ) ;
#983 = DIRECTION ( 'NONE',  ( -2.220446049250311314E-13, 0.000000000000000000, 1.000000000000000000 ) ) ;
#984 = ORIENTED_EDGE ( 'NONE', *, *, #1771, .F. ) ;
#985 = CARTESIAN_POINT ( 'NONE',  ( -62.70327961180915111, 3.330708661417323135, 4.125031657327864032 ) ) ;
#986 = VERTEX_POINT ( 'NONE', #2081 ) ;
#987 = APPROVAL_STATUS ( 'not_yet_approved' ) ;
#988 = CARTESIAN_POINT ( 'NONE',  ( -61.45669291338582951, -1.992125984251968518, 3.858267716535433323 ) ) ;
#989 = FACE_OUTER_BOUND ( 'NONE', #320, .T. ) ;
#990 = CARTESIAN_POINT ( 'NONE',  ( -66.42010266526001772, 3.284982657994365063, 5.187247223457778666 ) ) ;
#991 = EDGE_CURVE ( 'NONE', #2843, #498, #1661, .T. ) ;
#992 = EDGE_LOOP ( 'NONE', ( #1407, #4600, #578, #1831, #2921, #1440 ) ) ;
#993 = ADVANCED_FACE ( 'NONE', ( #2482 ), #2435, .F. ) ;
#994 = APPROVAL_PERSON_ORGANIZATION ( #912, #183, #2423 ) ;
#995 = DIRECTION ( 'NONE',  ( -0.3440006954397640815, 0.000000000000000000, -0.9389693932908349527 ) ) ;
#996 = CARTESIAN_POINT ( 'NONE',  ( -62.63959923972904420, 3.330708661417323135, 3.916574684684676289 ) ) ;
#997 = ORIENTED_EDGE ( 'NONE', *, *, #840, .T. ) ;
#998 = DIRECTION ( 'NONE',  ( -0.9585427335935056137, 0.000000000000000000, -0.2849488162373894906 ) ) ;
#999 = LINE ( 'NONE', #4035, #830 ) ;
#1000 = ORIENTED_EDGE ( 'NONE', *, *, #4419, .T. ) ;
#1001 = EDGE_CURVE ( 'NONE', #1491, #2905, #203, .T. ) ;
#1002 = AXIS2_PLACEMENT_3D ( 'NONE', #557, #657, #4005 ) ;
#1003 = ORIENTED_EDGE ( 'NONE', *, *, #3212, .T. ) ;
#1004 = CARTESIAN_POINT ( 'NONE',  ( -64.69406355222159277, -1.992125984251968740, 5.656388610341218204 ) ) ;
#1005 = DIRECTION ( 'NONE',  ( -0.5405792589364954992, 0.000000000000000000, 0.8412930909068905283 ) ) ;
#1006 = CARTESIAN_POINT ( 'NONE',  ( -63.17371455369796251, -1.992125984251968740, 4.230617447156364008 ) ) ;
#1007 = ORIENTED_EDGE ( 'NONE', *, *, #2907, .F. ) ;
#1008 = CIRCLE ( 'NONE', #4813, 0.05905511811023512331 ) ;
#1009 = CARTESIAN_POINT ( 'NONE',  ( -65.16085878710495649, -1.803149606299212948, 5.772774739603171668 ) ) ;
#1010 = VECTOR ( 'NONE', #1042, 39.37007874015748143 ) ;
#1011 = CARTESIAN_POINT ( 'NONE',  ( -67.59550430225706918, -1.754108093863256501, 5.380713912304974755 ) ) ;
#1012 = VECTOR ( 'NONE', #1106, 39.37007874015748143 ) ;
#1013 = SECURITY_CLASSIFICATION_LEVEL ( 'unclassified' ) ;
#1014 = AXIS2_PLACEMENT_3D ( 'NONE', #3366, #2941, #3666 ) ;
#1015 = LINE ( 'NONE', #3966, #4874 ) ;
#1016 = ORIENTED_EDGE ( 'NONE', *, *, #376, .T. ) ;
#1017 = CARTESIAN_POINT ( 'NONE',  ( -65.07304460749334396, 3.519685039370079149, 4.903670785651446096 ) ) ;
#1018 = CARTESIAN_POINT ( 'NONE',  ( -67.32283464566928899, 5.905511811023622215, 4.960629921259842590 ) ) ;
#1019 = AXIS2_PLACEMENT_3D ( 'NONE', #3017, #4125, #3316 ) ;
#1020 = CARTESIAN_POINT ( 'NONE',  ( -64.53207412346139904, 3.269811023622047674, 5.933659598763447285 ) ) ;
#1021 = ORIENTED_EDGE ( 'NONE', *, *, #3360, .T. ) ;
#1022 = CIRCLE ( 'NONE', #3077, 0.4510000000000001785 ) ;
#1023 = CARTESIAN_POINT ( 'NONE',  ( -63.38280690717645882, 3.330708661417322247, 4.287054750680351134 ) ) ;
#1024 = DIRECTION ( 'NONE',  ( 0.000000000000000000, 0.000000000000000000, 1.000000000000000000 ) ) ;
#1025 = DIRECTION ( 'NONE',  ( 0.5623100214072884739, -0.000000000000000000, -0.8269265020695216739 ) ) ;
#1026 = CARTESIAN_POINT ( 'NONE',  ( -67.32283464566928899, -2.051181102362205078, 4.960629921259842590 ) ) ;
#1027 = CC_DESIGN_APPROVAL ( #1434, ( #1262 ) ) ;
#1028 = DIRECTION ( 'NONE',  ( -0.000000000000000000, 1.000000000000000000, -0.000000000000000000 ) ) ;
#1029 = VERTEX_POINT ( 'NONE', #3284 ) ;
#1030 = ORIENTED_EDGE ( 'NONE', *, *, #585, .F. ) ;
#1031 = CARTESIAN_POINT ( 'NONE',  ( -66.18730809618213584, 3.330708661417323135, 5.342652403287790897 ) ) ;
#1032 = DIRECTION ( 'NONE',  ( 0.9929147266346842748, 0.000000000000000000, -0.1188290605532585781 ) ) ;
#1033 = AXIS2_PLACEMENT_3D ( 'NONE', #3376, #3752, #3402 ) ;
#1034 = FACE_OUTER_BOUND ( 'NONE', #1243, .T. ) ;
#1035 = ORIENTED_EDGE ( 'NONE', *, *, #695, .T. ) ;
#1036 = LINE ( 'NONE', #319, #4414 ) ;
#1037 = ORIENTED_EDGE ( 'NONE', *, *, #2733, .T. ) ;
#1038 = CARTESIAN_POINT ( 'NONE',  ( -67.60380482137644265, -1.746814435943756516, 5.374231146029124773 ) ) ;
#1039 = ADVANCED_FACE ( 'NONE', ( #950 ), #1348, .F. ) ;
#1040 = CONTEXT_DEPENDENT_SHAPE_REPRESENTATION ( #2071, #2091 ) ;
#1041 = PLANE ( 'NONE',  #1381 ) ;
#1042 = DIRECTION ( 'NONE',  ( -0.000000000000000000, 1.000000000000000000, -0.000000000000000000 ) ) ;
#1043 = CARTESIAN_POINT ( 'NONE',  ( -64.73874076253984811, -1.803149606299212948, 5.670639326741962805 ) ) ;
#1044 = VERTEX_POINT ( 'NONE', #976 ) ;
#1045 = DIRECTION ( 'NONE',  ( -0.000000000000000000, -1.000000000000000000, -0.000000000000000000 ) ) ;
#1046 = CARTESIAN_POINT ( 'NONE',  ( -67.32283464566928899, 0.000000000000000000, 4.960629921259842590 ) ) ;
#1047 = CARTESIAN_POINT ( 'NONE',  ( -62.95994845151289354, 3.519685039370079149, 5.022263593201435228 ) ) ;
#1048 = CARTESIAN_POINT ( 'NONE',  ( -67.32283464566928899, -1.803149606299212948, 5.519685039370074264 ) ) ;
#1049 = ORIENTED_EDGE ( 'NONE', *, *, #1933, .F. ) ;
#1050 = AXIS2_PLACEMENT_3D ( 'NONE', #3472, #2751, #2048 ) ;
#1051 = ORIENTED_EDGE ( 'NONE', *, *, #4049, .T. ) ;
#1052 = ORIENTED_EDGE ( 'NONE', *, *, #932, .T. ) ;
#1053 = LINE ( 'NONE', #3263, #216 ) ;
#1054 = DIRECTION ( 'NONE',  ( -0.9929147266346842748, 0.000000000000000000, 0.1188290605532585781 ) ) ;
#1055 = CIRCLE ( 'NONE', #1677, 0.03937007874015751446 ) ;
#1056 = EDGE_CURVE ( 'NONE', #2466, #119, #581, .T. ) ;
#1057 = EDGE_CURVE ( 'NONE', #2388, #2458, #3633, .T. ) ;
#1058 = EDGE_CURVE ( 'NONE', #853, #2398, #999, .T. ) ;
#1059 = CARTESIAN_POINT ( 'NONE',  ( -66.82283464566928899, -1.803149606299212726, 4.960629921259855912 ) ) ;
#1060 = ORIENTED_EDGE ( 'NONE', *, *, #613, .T. ) ;
#1061 = CARTESIAN_POINT ( 'NONE',  ( -61.96320344447453010, -1.992125984251968518, 4.953210634135290391 ) ) ;
#1062 = ORIENTED_EDGE ( 'NONE', *, *, #4444, .T. ) ;
#1063 = ORIENTED_EDGE ( 'NONE', *, *, #3489, .T. ) ;
#1064 = CYLINDRICAL_SURFACE ( 'NONE', #3980, 0.3937007874015751585 ) ;
#1065 =( BOUNDED_CURVE ( )  B_SPLINE_CURVE ( 3, ( #4387, #920, #228, #156 ),
 .UNSPECIFIED., .F., .F. ) 
 B_SPLINE_CURVE_WITH_KNOTS ( ( 4, 4 ),
 ( 3.141592653589793116, 4.712388980384582204 ),
 .UNSPECIFIED. ) 
 CURVE ( )  GEOMETRIC_REPRESENTATION_ITEM ( )  RATIONAL_B_SPLINE_CURVE ( ( 1.000000000000000000, 0.8047378541243903616, 0.8047378541243903616, 1.000000000000000000 ) ) 
 REPRESENTATION_ITEM ( '' )  );
#1066 = DATE_AND_TIME ( #3370, #1863 ) ;
#1067 = CARTESIAN_POINT ( 'NONE',  ( -67.46585964989849060, -1.992125984251968518, 5.501080171745937442 ) ) ;
#1068 = CARTESIAN_POINT ( 'NONE',  ( -64.29627097090471466, 3.519685039370079149, 4.595560993410111372 ) ) ;
#1069 = LINE ( 'NONE', #4106, #1091 ) ;
#1070 = APPROVAL ( #742, 'UNSPECIFIED' ) ;
#1071 = ORIENTED_EDGE ( 'NONE', *, *, #1056, .T. ) ;
#1072 = CARTESIAN_POINT ( 'NONE',  ( -65.69048810661846005, -1.803149606299212948, 5.833350520315708998 ) ) ;
#1073 = CARTESIAN_POINT ( 'NONE',  ( -65.57091326672302500, 3.330708661417322247, 5.111629255494796631 ) ) ;
#1074 = DIRECTION ( 'NONE',  ( -0.000000000000000000, -1.000000000000000000, 0.000000000000000000 ) ) ;
#1075 = CARTESIAN_POINT ( 'NONE',  ( -40.62116550400089920, -1.992125984251968518, -27.62239254272128974 ) ) ;
#1076 = CARTESIAN_POINT ( 'NONE',  ( -67.46585964989849060, 3.330708661417323135, 5.501080171745937442 ) ) ;
#1077 = CARTESIAN_POINT ( 'NONE',  ( -63.82098822681376760, -1.803149606299212948, 4.425448902450098920 ) ) ;
#1078 = VERTEX_POINT ( 'NONE', #3708 ) ;
#1079 = ORIENTED_EDGE ( 'NONE', *, *, #1482, .F. ) ;
#1080 = ORIENTED_EDGE ( 'NONE', *, *, #1954, .F. ) ;
#1081 = CARTESIAN_POINT ( 'NONE',  ( -65.67965287061714719, 3.330708661417323135, 5.156088692845471222 ) ) ;
#1082 = FACE_OUTER_BOUND ( 'NONE', #1690, .T. ) ;
#1083 = EDGE_CURVE ( 'NONE', #2192, #4056, #3364, .T. ) ;
#1084 = CARTESIAN_POINT ( 'NONE',  ( -66.42829344133232894, -1.770023567525270902, 5.194266557572172260 ) ) ;
#1085 = ORIENTED_EDGE ( 'NONE', *, *, #483, .F. ) ;
#1086 = CARTESIAN_POINT ( 'NONE',  ( -66.80375863643924106, -1.792171212170361461, 5.030020787471357835 ) ) ;
#1087 = LINE ( 'NONE', #4883, #253 ) ;
#1088 = AXIS2_PLACEMENT_3D ( 'NONE', #4521, #775, #2932 ) ;
#1089 = EDGE_CURVE ( 'NONE', #3498, #1659, #334, .T. ) ;
#1090 = CALENDAR_DATE ( 2026, 16, 9 ) ;
#1091 = VECTOR ( 'NONE', #2256, 39.37007874015748143 ) ;
#1092 = LINE ( 'NONE', #1485, #3638 ) ;
#1093 = ORIENTED_EDGE ( 'NONE', *, *, #687, .T. ) ;
#1094 = CARTESIAN_POINT ( 'NONE',  ( -62.68207785959093314, -1.744094488188976388, 3.991115554976821134 ) ) ;
#1095 = EDGE_LOOP ( 'NONE', ( #2017, #1633, #63, #4793 ) ) ;
#1096 = VECTOR ( 'NONE', #1298, 39.37007874015748143 ) ;
#1097 = CARTESIAN_POINT ( 'NONE',  ( -62.70173104952653631, -5.905511811023622215, 4.849027377168553699 ) ) ;
#1098 = AXIS2_PLACEMENT_3D ( 'NONE', #2270, #4236, #1227 ) ;
#1099 = CARTESIAN_POINT ( 'NONE',  ( -63.09538179617421605, 3.519685039370079149, 4.652590603716853401 ) ) ;
#1100 = CARTESIAN_POINT ( 'NONE',  ( -36.30793952132390245, -1.803149606299212726, -28.14403061398192207 ) ) ;
#1101 = DIRECTION ( 'NONE',  ( 0.000000000000000000, 1.000000000000000000, 0.000000000000000000 ) ) ;
#1102 = DIRECTION ( 'NONE',  ( 0.9571956710508875421, -0.000000000000000000, -0.2894416129747776067 ) ) ;
#1103 = VERTEX_POINT ( 'NONE', #2538 ) ;
#1104 = AXIS2_PLACEMENT_3D ( 'NONE', #2643, #391, #1820 ) ;
#1105 = ORIENTED_EDGE ( 'NONE', *, *, #4564, .T. ) ;
#1106 = DIRECTION ( 'NONE',  ( -2.290736248633322007E-23, 1.000000000000000000, 8.392338112716954700E-24 ) ) ;
#1107 = CARTESIAN_POINT ( 'NONE',  ( -5.828236685570407971, -5.905511811023622215, -15.90850232907071771 ) ) ;
#1108 = DIRECTION ( 'NONE',  ( -0.9571956710508869870, 0.000000000000000000, 0.2894416129747796607 ) ) ;
#1109 = ORIENTED_EDGE ( 'NONE', *, *, #1334, .T. ) ;
#1110 = CARTESIAN_POINT ( 'NONE',  ( -65.16085878710495649, -1.992125984251968740, 5.772774739603171668 ) ) ;
#1111 = EDGE_LOOP ( 'NONE', ( #207, #2771, #892, #4480, #1203, #2783 ) ) ;
#1112 = ORIENTED_EDGE ( 'NONE', *, *, #3459, .F. ) ;
#1113 = CARTESIAN_POINT ( 'NONE',  ( -66.77220858830405348, -1.992125984251968518, 5.057343777742002722 ) ) ;
#1114 = CARTESIAN_POINT ( 'NONE',  ( -64.95083226757554939, -1.992125984251968740, 4.852918309000467723 ) ) ;
#1115 = DATE_AND_TIME ( #2999, #4394 ) ;
#1116 = DIRECTION ( 'NONE',  ( -2.290736248633313191E-23, 1.000000000000000000, 8.392338112716922374E-24 ) ) ;
#1117 = ORIENTED_EDGE ( 'NONE', *, *, #2753, .T. ) ;
#1118 = CARTESIAN_POINT ( 'NONE',  ( -64.68076422706613471, -1.803149606299212948, 5.651992342554510884 ) ) ;
#1119 = EDGE_LOOP ( 'NONE', ( #630, #3513, #2035, #4528 ) ) ;
#1120 = CARTESIAN_POINT ( 'NONE',  ( -66.82283464566928899, 3.269811023622047674, 4.960629921259857689 ) ) ;
#1121 = ADVANCED_FACE ( 'NONE', ( #1814 ), #4473, .T. ) ;
#1122 = CARTESIAN_POINT ( 'NONE',  ( -66.13949427091743871, 3.330708661417322247, 5.327166360359817610 ) ) ;
#1123 = CARTESIAN_POINT ( 'NONE',  ( -61.45669291338582951, -1.803149606299212726, 3.858267716535433323 ) ) ;
#1124 = LINE ( 'NONE', #1047, #4185 ) ;
#1125 = VERTEX_POINT ( 'NONE', #4494 ) ;
#1126 = ADVANCED_FACE ( 'NONE', ( #2615 ), #729, .T. ) ;
#1127 = ORIENTED_EDGE ( 'NONE', *, *, #3265, .F. ) ;
#1128 = DIRECTION ( 'NONE',  ( -0.000000000000000000, -1.000000000000000000, -0.000000000000000000 ) ) ;
#1129 = CARTESIAN_POINT ( 'NONE',  ( -65.07304460749334396, -1.803149606299210728, 4.903670785651446096 ) ) ;
#1130 = CC_DESIGN_PERSON_AND_ORGANIZATION_ASSIGNMENT ( #1670, #1725, ( #1262 ) ) ;
#1131 = VECTOR ( 'NONE', #3320, 39.37007874015748143 ) ;
#1132 = DIRECTION ( 'NONE',  ( 0.000000000000000000, -1.000000000000000000, 0.000000000000000000 ) ) ;
#1133 = ORIENTED_EDGE ( 'NONE', *, *, #4070, .F. ) ;
#1134 = CARTESIAN_POINT ( 'NONE',  ( -64.72874832131140010, -1.992125984251968740, 4.316086195930384228 ) ) ;
#1135 = EDGE_LOOP ( 'NONE', ( #1873, #3214, #2031, #3529 ) ) ;
#1136 = CARTESIAN_POINT ( 'NONE',  ( -65.35063841097664294, 3.519685039370079149, 5.020180295402875359 ) ) ;
#1137 = LINE ( 'NONE', #2207, #3352 ) ;
#1138 = CARTESIAN_POINT ( 'NONE',  ( -63.39322505546024900, 3.519685039370079149, 5.139069716083803030 ) ) ;
#1139 = DIRECTION ( 'NONE',  ( -0.5623100214072884739, 0.000000000000000000, 0.8269265020695216739 ) ) ;
#1140 = EDGE_CURVE ( 'NONE', #979, #3344, #3757, .T. ) ;
#1141 = CARTESIAN_POINT ( 'NONE',  ( -66.82283464566928899, 3.580582677165354610, 4.960629921259857689 ) ) ;
#1142 = CARTESIAN_POINT ( 'NONE',  ( -64.38098794236522338, 3.330708661417322247, 4.626209107568101331 ) ) ;
#1143 = DIRECTION ( 'NONE',  ( 0.000000000000000000, 0.000000000000000000, 1.000000000000000000 ) ) ;
#1144 = CARTESIAN_POINT ( 'NONE',  ( -66.03006509537965485, -1.744094488188976388, 5.003496675215023615 ) ) ;
#1145 = CARTESIAN_POINT ( 'NONE',  ( -62.70173104952653631, 3.519685039370079149, 4.849027377168553699 ) ) ;
#1146 = ORIENTED_EDGE ( 'NONE', *, *, #921, .F. ) ;
#1147 = EDGE_CURVE ( 'NONE', #1524, #3888, #2086, .T. ) ;
#1148 = CIRCLE ( 'NONE', #4635, 0.3937007874015729936 ) ;
#1149 = ORIENTED_EDGE ( 'NONE', *, *, #4300, .F. ) ;
#1150 = ORIENTED_EDGE ( 'NONE', *, *, #4354, .T. ) ;
#1151 = CARTESIAN_POINT ( 'NONE',  ( -63.58754667120697235, 3.330708661417323135, 4.349580514064588677 ) ) ;
#1152 = DIRECTION ( 'NONE',  ( 0.000000000000000000, 0.000000000000000000, 1.000000000000000000 ) ) ;
#1153 = EDGE_CURVE ( 'NONE', #4221, #1848, #3937, .T. ) ;
#1154 = AXIS2_PLACEMENT_3D ( 'NONE', #4580, #1906, #4201 ) ;
#1155 = ORIENTED_EDGE ( 'NONE', *, *, #3692, .F. ) ;
#1156 = LINE ( 'NONE', #2294, #860 ) ;
#1157 = ORIENTED_EDGE ( 'NONE', *, *, #2099, .T. ) ;
#1158 = CARTESIAN_POINT ( 'NONE',  ( -65.57091326672302500, 3.519685039370079149, 5.111629255494796631 ) ) ;
#1159 = DIRECTION ( 'NONE',  ( 0.2894416129747778843, 0.000000000000000000, 0.9571956710508876531 ) ) ;
#1160 = AXIS2_PLACEMENT_3D ( 'NONE', #631, #2481, #2903 ) ;
#1161 = EDGE_LOOP ( 'NONE', ( #2644, #1691, #4655, #2744 ) ) ;
#1162 = CARTESIAN_POINT ( 'NONE',  ( -65.98133802111333068, -1.803149606299216723, 5.080126685233089745 ) ) ;
#1163 = FACE_OUTER_BOUND ( 'NONE', #2061, .T. ) ;
#1164 = DIRECTION ( 'NONE',  ( -0.9389693932908348417, 0.000000000000000000, 0.3440006954397640260 ) ) ;
#1165 = AXIS2_PLACEMENT_3D ( 'NONE', #146, #2406, #518 ) ;
#1166 = LINE ( 'NONE', #770, #4029 ) ;
#1167 = EDGE_CURVE ( 'NONE', #1389, #1295, #3132, .T. ) ;
#1168 = CYLINDRICAL_SURFACE ( 'NONE', #3468, 0.1968503937007843041 ) ;
#1169 = FACE_OUTER_BOUND ( 'NONE', #152, .T. ) ;
#1170 = AXIS2_PLACEMENT_3D ( 'NONE', #3624, #3276, #4783 ) ;
#1171 = DIRECTION ( 'NONE',  ( 0.000000000000000000, 0.000000000000000000, -1.000000000000000000 ) ) ;
#1172 = EDGE_LOOP ( 'NONE', ( #1030, #2940, #3482, #1315, #3435, #136, #3337, #1841, #1679 ) ) ;
#1173 = AXIS2_PLACEMENT_3D ( 'NONE', #703, #225, #2876 ) ;
#1174 = VERTEX_POINT ( 'NONE', #1048 ) ;
#1175 = EDGE_LOOP ( 'NONE', ( #130, #4463, #1450, #2550 ) ) ;
#1176 = CARTESIAN_POINT ( 'NONE',  ( -65.57091326672302500, 3.330708661417323135, 5.111629255494796631 ) ) ;
#1177 = CYLINDRICAL_SURFACE ( 'NONE', #432, 0.08858267716535768443 ) ;
#1178 = AXIS2_PLACEMENT_3D ( 'NONE', #4630, #2749, #810 ) ;
#1179 = AXIS2_PLACEMENT_3D ( 'NONE', #455, #3153, #3478 ) ;
#1180 = ORIENTED_EDGE ( 'NONE', *, *, #4636, .F. ) ;
#1181 = VERTEX_POINT ( 'NONE', #679 ) ;
#1182 = EDGE_LOOP ( 'NONE', ( #1253, #2750, #386, #1051, #4295, #2616, #3267, #2969 ) ) ;
#1183 = CARTESIAN_POINT ( 'NONE',  ( -66.51849118917051840, 3.519685039370079149, 5.423325687096278713 ) ) ;
#1184 = CARTESIAN_POINT ( 'NONE',  ( -64.68076422706613471, 3.519685039370080037, 5.651992342554510884 ) ) ;
#1185 = CIRCLE ( 'NONE', #3085, 0.08858267716535768443 ) ;
#1186 = CC_DESIGN_APPROVAL ( #2060, ( #2946 ) ) ;
#1187 = LINE ( 'NONE', #2774, #4038 ) ;
#1188 = CARTESIAN_POINT ( 'NONE',  ( -65.93821224078131138, -1.803149606299212726, 5.103226760285720864 ) ) ;
#1189 = CARTESIAN_POINT ( 'NONE',  ( -66.45929106426854105, 3.308074911384794703, 5.120157460039053809 ) ) ;
#1190 = CARTESIAN_POINT ( 'NONE',  ( -64.27851008446522485, 1.098235383359796202, 4.539661750949817609 ) ) ;
#1191 = DIRECTION ( 'NONE',  ( 0.000000000000000000, 0.000000000000000000, 1.000000000000000000 ) ) ;
#1192 = DIRECTION ( 'NONE',  ( 0.000000000000000000, 0.000000000000000000, 1.000000000000000000 ) ) ;
#1193 = CARTESIAN_POINT ( 'NONE',  ( -61.96320344447452300, 3.519685039370079149, 4.953210634135295720 ) ) ;
#1194 = VERTEX_POINT ( 'NONE', #4356 ) ;
#1195 = EDGE_LOOP ( 'NONE', ( #3414, #1606, #3002, #2098 ) ) ;
#1196 = CARTESIAN_POINT ( 'NONE',  ( -63.07117274460927803, -1.992125984251968740, 4.210087895264257973 ) ) ;
#1197 = CARTESIAN_POINT ( 'NONE',  ( -64.64800489738213685, 3.519685039370079149, 5.640699716327256752 ) ) ;
#1198 = EDGE_CURVE ( 'NONE', #800, #261, #1338, .T. ) ;
#1199 = B_SPLINE_CURVE_WITH_KNOTS ( 'NONE', 3,
 ( #2980, #2284, #2685, #4139, #727, #4163, #50, #1890 ),
 .UNSPECIFIED., .F., .F.,
 ( 4, 2, 2, 4 ),
 ( 0.4263607223372742339, 0.4999999999999782396, 0.6249999999999767963, 0.6803997108582080511 ),
 .UNSPECIFIED. ) ;
#1200 = ORIENTED_EDGE ( 'NONE', *, *, #545, .F. ) ;
#1201 = EDGE_LOOP ( 'NONE', ( #3533, #1639, #953, #4565 ) ) ;
#1202 = CARTESIAN_POINT ( 'NONE',  ( -66.44139231819652025, -1.795060881751728621, 5.218720992674776404 ) ) ;
#1203 = ORIENTED_EDGE ( 'NONE', *, *, #1354, .F. ) ;
#1204 = ORIENTED_EDGE ( 'NONE', *, *, #3270, .T. ) ;
#1205 = CARTESIAN_POINT ( 'NONE',  ( -66.45399795276972554, -1.803149606299212948, 5.757641626467568940 ) ) ;
#1206 = EDGE_CURVE ( 'NONE', #37, #2639, #1015, .T. ) ;
#1207 = DIRECTION ( 'NONE',  ( -0.000000000000000000, 1.000000000000000000, -0.000000000000000000 ) ) ;
#1208 = EDGE_CURVE ( 'NONE', #3039, #4476, #571, .T. ) ;
#1209 = CARTESIAN_POINT ( 'NONE',  ( -62.53946311546748404, -1.803149606299212948, 4.146454479399649173 ) ) ;
#1210 = CIRCLE ( 'NONE', #3985, 0.1968503937007843041 ) ;
#1211 = LINE ( 'NONE', #1235, #3511 ) ;
#1212 = CARTESIAN_POINT ( 'NONE',  ( -66.42833907967887797, -1.744094488188989711, 5.123928753950712789 ) ) ;
#1213 = DIRECTION ( 'NONE',  ( 0.9571956710508875421, -0.000000000000000000, -0.2894416129747776067 ) ) ;
#1214 = CYLINDRICAL_SURFACE ( 'NONE', #1712, 0.4999999999999952260 ) ;
#1215 = LINE ( 'NONE', #4691, #3012 ) ;
#1216 = CARTESIAN_POINT ( 'NONE',  ( -65.24266448543166064, 3.519685039370079149, 5.786861749209239569 ) ) ;
#1217 = VECTOR ( 'NONE', #2904, 39.37007874015748854 ) ;
#1218 = ORIENTED_EDGE ( 'NONE', *, *, #2892, .F. ) ;
#1219 = CARTESIAN_POINT ( 'NONE',  ( -63.58754667120697235, 3.519685039370079149, 4.349580514064588677 ) ) ;
#1220 = ORIENTED_EDGE ( 'NONE', *, *, #1468, .F. ) ;
#1221 = CARTESIAN_POINT ( 'NONE',  ( -66.41665143944878480, -1.803149606299212948, 5.405123307490336870 ) ) ;
#1222 = CARTESIAN_POINT ( 'NONE',  ( -65.57091326672302500, -1.992125984251968740, 5.111629255494796631 ) ) ;
#1223 = AXIS2_PLACEMENT_3D ( 'NONE', #306, #1028, #4142 ) ;
#1224 = CIRCLE ( 'NONE', #1692, 0.07874015748031611139 ) ;
#1225 = VECTOR ( 'NONE', #165, 39.37007874015748854 ) ;
#1226 = ORIENTED_EDGE ( 'NONE', *, *, #585, .T. ) ;
#1227 = DIRECTION ( 'NONE',  ( 4.440892098500622375E-14, 0.000000000000000000, 1.000000000000000000 ) ) ;
#1228 = ORIENTED_EDGE ( 'NONE', *, *, #3037, .F. ) ;
#1229 = FACE_OUTER_BOUND ( 'NONE', #345, .T. ) ;
#1230 = CARTESIAN_POINT ( 'NONE',  ( -66.45399795277461408, 3.330708661417323135, 5.757641626466391216 ) ) ;
#1231 = ADVANCED_FACE ( 'NONE', ( #2526, #4052, #218, #1672, #3669, #3295 ), #2070, .T. ) ;
#1232 = CC_DESIGN_SECURITY_CLASSIFICATION ( #125, ( #4907 ) ) ;
#1233 = CARTESIAN_POINT ( 'NONE',  ( -62.89185931985319655, -5.905511811023622215, 4.997318468461282137 ) ) ;
#1234 = EDGE_CURVE ( 'NONE', #2082, #732, #191, .T. ) ;
#1235 = CARTESIAN_POINT ( 'NONE',  ( -61.48008446073883704, -1.803149606299212726, 3.662812061686087972 ) ) ;
#1236 = CARTESIAN_POINT ( 'NONE',  ( -65.99063080061138464, -1.803149606299212726, 4.929876363166264319 ) ) ;
#1237 = COORDINATED_UNIVERSAL_TIME_OFFSET ( 6, 0, .BEHIND. ) ;
#1238 = AXIS2_PLACEMENT_3D ( 'NONE', #4493, #3407, #1472 ) ;
#1239 = CARTESIAN_POINT ( 'NONE',  ( -62.72037262044938899, 3.271653543307087020, 4.068504353919339955 ) ) ;
#1240 = CARTESIAN_POINT ( 'NONE',  ( -66.82283464566928899, -2.051181102362205078, 4.960629921259855912 ) ) ;
#1241 = DIRECTION ( 'NONE',  ( -1.335381365373360251E-24, -1.000000000000000000, -8.580594286266758259E-25 ) ) ;
#1242 = CARTESIAN_POINT ( 'NONE',  ( -64.78815412007431007, -1.742251968503937265, 6.027477030463022523 ) ) ;
#1243 = EDGE_LOOP ( 'NONE', ( #1204, #154, #4410, #2588 ) ) ;
#1244 = VECTOR ( 'NONE', #3674, 39.37007874015748143 ) ;
#1245 = VECTOR ( 'NONE', #4025, 39.37007874015748143 ) ;
#1246 = DIRECTION ( 'NONE',  ( -0.000000000000000000, -1.000000000000000000, 0.000000000000000000 ) ) ;
#1247 = ORIENTED_EDGE ( 'NONE', *, *, #3958, .F. ) ;
#1248 = DIRECTION ( 'NONE',  ( -6.617444900424219195E-24, 1.000000000000000000, 1.323488980084843839E-23 ) ) ;
#1249 = CARTESIAN_POINT ( 'NONE',  ( -67.36673810313054389, -1.803149606299212504, 5.594323815215154205 ) ) ;
#1250 = EDGE_CURVE ( 'NONE', #2082, #2881, #963, .T. ) ;
#1251 = AXIS2_PLACEMENT_3D ( 'NONE', #1896, #2619, #313 ) ;
#1252 = AXIS2_PLACEMENT_3D ( 'NONE', #1344, #4030, #4362 ) ;
#1253 = ORIENTED_EDGE ( 'NONE', *, *, #2373, .F. ) ;
#1254 = AXIS2_PLACEMENT_3D ( 'NONE', #3477, #616, #588 ) ;
#1255 = EDGE_LOOP ( 'NONE', ( #4370, #1961, #607, #3643 ) ) ;
#1256 = ORIENTED_EDGE ( 'NONE', *, *, #2642, .T. ) ;
#1257 = CARTESIAN_POINT ( 'NONE',  ( -4.110208662330160578, 3.271653543307087020, -13.59263410075429590 ) ) ;
#1258 = CARTESIAN_POINT ( 'NONE',  ( -64.73874076253984811, 3.519685039370080037, 5.670639326741962805 ) ) ;
#1259 = VECTOR ( 'NONE', #2543, 39.37007874015748143 ) ;
#1260 = CARTESIAN_POINT ( 'NONE',  ( -66.81645582553719009, -2.020161609318741114, 5.005040570164474012 ) ) ;
#1261 = ORIENTED_EDGE ( 'NONE', *, *, #2238, .T. ) ;
#1262 = PRODUCT_DEFINITION_FORMATION_WITH_SPECIFIED_SOURCE ( 'ANY', '', #158, .NOT_KNOWN. ) ;
#1263 = DIRECTION ( 'NONE',  ( 0.9585427335935056137, 0.000000000000000000, 0.2849488162373894351 ) ) ;
#1264 = CARTESIAN_POINT ( 'NONE',  ( -4.110208662330160578, -1.803149606299212726, -13.59263410075429412 ) ) ;
#1265 = CARTESIAN_POINT ( 'NONE',  ( -64.69406355222159277, -1.992125984251968740, 5.656388610341218204 ) ) ;
#1266 = CARTESIAN_POINT ( 'NONE',  ( -66.54475095209032531, 3.330708661417323135, 5.426830934313481514 ) ) ;
#1267 = FACE_BOUND ( 'NONE', #758, .T. ) ;
#1268 = CARTESIAN_POINT ( 'NONE',  ( -67.32283464566928899, -1.992125984251968518, 4.960629921259842590 ) ) ;
#1269 = ORIENTED_EDGE ( 'NONE', *, *, #1931, .T. ) ;
#1270 = AXIS2_PLACEMENT_3D ( 'NONE', #2632, #4840, #2652 ) ;
#1271 = EDGE_CURVE ( 'NONE', #1427, #3534, #1148, .T. ) ;
#1272 = EDGE_CURVE ( 'NONE', #1855, #4172, #240, .T. ) ;
#1273 = EDGE_CURVE ( 'NONE', #3350, #2622, #2884, .T. ) ;
#1274 = EDGE_CURVE ( 'NONE', #3237, #3361, #4809, .T. ) ;
#1275 = LINE ( 'NONE', #4251, #298 ) ;
#1276 = ORIENTED_EDGE ( 'NONE', *, *, #2245, .F. ) ;
#1277 = CARTESIAN_POINT ( 'NONE',  ( -66.54475095209032531, -1.803149606299212948, 5.426830934313483290 ) ) ;
#1278 = CARTESIAN_POINT ( 'NONE',  ( -66.51849118917051840, -1.803149606299210728, 5.423325687096278713 ) ) ;
#1279 = EDGE_CURVE ( 'NONE', #2214, #2250, #907, .T. ) ;
#1280 = ADVANCED_FACE ( 'NONE', ( #2050 ), #1041, .F. ) ;
#1281 = VERTEX_POINT ( 'NONE', #1747 ) ;
#1282 = CARTESIAN_POINT ( 'NONE',  ( -66.77220858830405348, 3.330708661417323135, 5.057343777742002722 ) ) ;
#1283 = VERTEX_POINT ( 'NONE', #3597 ) ;
#1284 = CARTESIAN_POINT ( 'NONE',  ( -66.51724281795756610, 3.330708661417323135, 5.089115938022712449 ) ) ;
#1285 = CARTESIAN_POINT ( 'NONE',  ( -65.00355426147542914, 3.519685039370080037, 5.742081742517705756 ) ) ;
#1286 = CARTESIAN_POINT ( 'NONE',  ( -63.08311475323797168, -1.803149606299212948, 4.211722312989519601 ) ) ;
#1287 = ORIENTED_EDGE ( 'NONE', *, *, #1753, .F. ) ;
#1288 = CARTESIAN_POINT ( 'NONE',  ( -61.30807068591592923, -1.992125984251968518, 4.108039560296035120 ) ) ;
#1289 = APPROVAL_ROLE ( '' ) ;
#1290 = VECTOR ( 'NONE', #2383, 39.37007874015748854 ) ;
#1291 = CARTESIAN_POINT ( 'NONE',  ( -67.58426487353195000, 3.560226693644607199, 5.390195302626135110 ) ) ;
#1292 = FACE_BOUND ( 'NONE', #4711, .T. ) ;
#1293 = CYLINDRICAL_SURFACE ( 'NONE', #529, 0.03937007874015314296 ) ;
#1294 = EDGE_CURVE ( 'NONE', #2477, #2016, #3685, .T. ) ;
#1295 = VERTEX_POINT ( 'NONE', #1694 ) ;
#1296 = VECTOR ( 'NONE', #4703, 39.37007874015748143 ) ;
#1297 = ADVANCED_FACE ( 'NONE', ( #3248 ), #4332, .F. ) ;
#1298 = DIRECTION ( 'NONE',  ( -0.000000000000000000, 1.000000000000000000, -0.000000000000000000 ) ) ;
#1299 = VERTEX_POINT ( 'NONE', #265 ) ;
#1300 = CARTESIAN_POINT ( 'NONE',  ( -63.66760545831406404, 0.7637795275590671951, 4.354933355581272814 ) ) ;
#1301 = CARTESIAN_POINT ( 'NONE',  ( -62.72037262044938899, 3.330708661417323135, 4.068504353919341732 ) ) ;
#1302 = EDGE_CURVE ( 'NONE', #223, #2547, #2013, .T. ) ;
#1303 = ORIENTED_EDGE ( 'NONE', *, *, #3645, .F. ) ;
#1304 = VERTEX_POINT ( 'NONE', #1384 ) ;
#1305 = DIRECTION ( 'NONE',  ( 0.5903362311909912119, -0.7871707152047712208, -0.1785088212588539225 ) ) ;
#1306 = CARTESIAN_POINT ( 'NONE',  ( -0.3938505952792759612, 3.330708661417323135, -3.290946291470165264 ) ) ;
#1307 = DIRECTION ( 'NONE',  ( 0.2894416129747701127, 0.000000000000000000, 0.9571956710508898736 ) ) ;
#1308 = CARTESIAN_POINT ( 'NONE',  ( -67.32283464566928899, -2.051181102362205078, 4.960629921259842590 ) ) ;
#1309 = DATE_AND_TIME ( #1360, #2890 ) ;
#1310 = EDGE_CURVE ( 'NONE', #2231, #3350, #3315, .T. ) ;
#1311 = CARTESIAN_POINT ( 'NONE',  ( -5.828236685570407971, 3.330708661417323135, -15.90850232907071593 ) ) ;
#1312 = CARTESIAN_POINT ( 'NONE',  ( -67.47825441590985918, 3.519685039370079593, 5.489420414805721293 ) ) ;
#1313 = DIRECTION ( 'NONE',  ( -0.6126447955903444598, 0.000000000000000000, 0.7903583708901077420 ) ) ;
#1314 = CARTESIAN_POINT ( 'NONE',  ( -63.39322505546024900, 3.394685039370079149, 5.139069716083803030 ) ) ;
#1315 = ORIENTED_EDGE ( 'NONE', *, *, #845, .F. ) ;
#1316 = EDGE_CURVE ( 'NONE', #3410, #3739, #2914, .T. ) ;
#1317 = DIRECTION ( 'NONE',  ( 0.000000000000000000, 1.000000000000000000, -0.000000000000000000 ) ) ;
#1318 = CYLINDRICAL_SURFACE ( 'NONE', #3846, 0.03937007874015751446 ) ;
#1319 = LINE ( 'NONE', #2105, #3382 ) ;
#1320 = CARTESIAN_POINT ( 'NONE',  ( -41.69052226645804637, 30.73130679842787671, -2.356415982702989353 ) ) ;
#1321 = ORIENTED_EDGE ( 'NONE', *, *, #1647, .T. ) ;
#1322 = CIRCLE ( 'NONE', #1953, 0.5590551181102314526 ) ;
#1323 = ORIENTED_EDGE ( 'NONE', *, *, #1878, .T. ) ;
#1324 = ORIENTED_EDGE ( 'NONE', *, *, #2241, .F. ) ;
#1325 = DIRECTION ( 'NONE',  ( -0.9571956710508876531, 0.000000000000000000, 0.2894416129747776623 ) ) ;
#1326 = CIRCLE ( 'NONE', #3787, 0.05905511811023512331 ) ;
#1327 = DIRECTION ( 'NONE',  ( 0.000000000000000000, -1.000000000000000000, 0.000000000000000000 ) ) ;
#1328 = CIRCLE ( 'NONE', #60, 0.03937007874015751446 ) ;
#1329 = EDGE_CURVE ( 'NONE', #1983, #3796, #1801, .T. ) ;
#1330 = CIRCLE ( 'NONE', #4663, 0.4999999999999952260 ) ;
#1331 = CARTESIAN_POINT ( 'NONE',  ( -63.99798826116343520, -1.992125984251968740, 4.486385440163125793 ) ) ;
#1332 = ORIENTED_EDGE ( 'NONE', *, *, #3974, .F. ) ;
#1333 = EDGE_LOOP ( 'NONE', ( #984, #1968, #3592, #3738 ) ) ;
#1334 = EDGE_CURVE ( 'NONE', #3026, #4857, #2438, .T. ) ;
#1335 = VECTOR ( 'NONE', #1870, 39.37007874015748854 ) ;
#1336 = EDGE_CURVE ( 'NONE', #2182, #469, #4906, .T. ) ;
#1337 = APPROVAL_ROLE ( '' ) ;
#1338 = LINE ( 'NONE', #1361, #2259 ) ;
#1339 = CARTESIAN_POINT ( 'NONE',  ( -67.58426244009729089, 3.290168667702658034, 5.390197440054403266 ) ) ;
#1340 = PLANE ( 'NONE',  #3386 ) ;
#1341 = CARTESIAN_POINT ( 'NONE',  ( -61.45669291338582951, 3.330708661417323135, 3.661417322834648935 ) ) ;
#1342 = CC_DESIGN_DATE_AND_TIME_ASSIGNMENT ( #2493, #2816, ( #2946 ) ) ;
#1343 = ORIENTED_EDGE ( 'NONE', *, *, #4688, .T. ) ;
#1344 = CARTESIAN_POINT ( 'NONE',  ( -65.24903709492606652, -1.992125984251968518, 5.748010842550089095 ) ) ;
#1345 = DIRECTION ( 'NONE',  ( 0.000000000000000000, 1.000000000000000000, -0.000000000000000000 ) ) ;
#1346 = ORIENTED_EDGE ( 'NONE', *, *, #486, .F. ) ;
#1347 = CYLINDRICAL_SURFACE ( 'NONE', #1002, 0.03937007874015751446 ) ;
#1348 = PLANE ( 'NONE',  #2332 ) ;
#1349 = PRODUCT ( '26-PTN-3210-02 (Jacking Point)_new<As Machined>', '26-PTN-3210-02 (Jacking Point)_new<As Machined>', '', ( #1382 ) ) ;
#1350 = ORIENTED_EDGE ( 'NONE', *, *, #4877, .F. ) ;
#1351 = CARTESIAN_POINT ( 'NONE',  ( -66.54475095209032531, 3.330708661417323135, 5.426830934313481514 ) ) ;
#1352 = CARTESIAN_POINT ( 'NONE',  ( -65.24903709492606652, -1.803149606299212726, 5.748010842550089095 ) ) ;
#1353 = EDGE_CURVE ( 'NONE', #1939, #3622, #1092, .T. ) ;
#1354 = EDGE_CURVE ( 'NONE', #1283, #3162, #3323, .T. ) ;
#1355 = CARTESIAN_POINT ( 'NONE',  ( -64.24232630027363200, -1.803149606299212948, 4.575587187297032621 ) ) ;
#1356 = ORIENTED_EDGE ( 'NONE', *, *, #172, .F. ) ;
#1357 = DIRECTION ( 'NONE',  ( -0.5903362311909546856, -0.7871707152048010858, 0.1785088212588430978 ) ) ;
#1358 = CARTESIAN_POINT ( 'NONE',  ( -67.47825441590994444, -1.803149606299212948, 5.489420414805650239 ) ) ;
#1359 = EDGE_CURVE ( 'NONE', #3622, #3250, #2607, .T. ) ;
#1360 = CALENDAR_DATE ( 2026, 16, 9 ) ;
#1361 = CARTESIAN_POINT ( 'NONE',  ( -64.71142815920597968, 1.006588648076798487, 4.670569682973086501 ) ) ;
#1362 = VERTEX_POINT ( 'NONE', #765 ) ;
#1363 = CARTESIAN_POINT ( 'NONE',  ( -62.26557133274167199, -1.744094488188976610, 3.930979266543419559 ) ) ;
#1364 = PLANE ( 'NONE',  #142 ) ;
#1365 = FACE_OUTER_BOUND ( 'NONE', #1566, .T. ) ;
#1366 = ORIENTED_EDGE ( 'NONE', *, *, #4838, .F. ) ;
#1367 = VECTOR ( 'NONE', #814, 39.37007874015748854 ) ;
#1368 = CARTESIAN_POINT ( 'NONE',  ( -63.10648962523053029, 3.519685039370079149, 4.215993817325356829 ) ) ;
#1369 = CARTESIAN_POINT ( 'NONE',  ( -66.81645582553720430, 3.302673036350543434, 5.005040570164482006 ) ) ;
#1370 = CARTESIAN_POINT ( 'NONE',  ( -66.57656029100523654, -5.905511811023622215, 5.717889328487624212 ) ) ;
#1371 = LINE ( 'NONE', #4386, #290 ) ;
#1372 = LINE ( 'NONE', #2037, #1217 ) ;
#1373 = VERTEX_POINT ( 'NONE', #692 ) ;
#1374 = VERTEX_POINT ( 'NONE', #4835 ) ;
#1375 = CARTESIAN_POINT ( 'NONE',  ( -64.65774314119764199, -1.992125984251968740, 5.644151696217084790 ) ) ;
#1376 = FACE_OUTER_BOUND ( 'NONE', #2660, .T. ) ;
#1377 = CARTESIAN_POINT ( 'NONE',  ( -64.89649242478481028, -1.992125984251968740, 4.908034645387266082 ) ) ;
#1378 = ORIENTED_EDGE ( 'NONE', *, *, #2178, .T. ) ;
#1379 = CARTESIAN_POINT ( 'NONE',  ( -65.00355426147542914, -1.803149606299212948, 5.742081742517705756 ) ) ;
#1380 = LINE ( 'NONE', #2889, #177 ) ;
#1381 = AXIS2_PLACEMENT_3D ( 'NONE', #2472, #2818, #3992 ) ;
#1382 = MECHANICAL_CONTEXT ( 'NONE', #3925, 'mechanical' ) ;
#1383 = B_SPLINE_CURVE_WITH_KNOTS ( 'NONE', 3,
 ( #2886, #2519, #4044, #2087, #260, #3194, #957, #3939, #3570, #3266, #1763, #162 ),
 .UNSPECIFIED., .F., .F.,
 ( 4, 2, 2, 2, 2, 4 ),
 ( -9.061770253251563476E-06, 0.0006383528269876808259, 0.001285767424228613336, 0.002580596618710023857, 0.003875425813191433946, 0.005170255007672845335 ),
 .UNSPECIFIED. ) ;
#1384 = CARTESIAN_POINT ( 'NONE',  ( -64.94463702649741776, 3.519685039370079593, 4.850360820107579407 ) ) ;
#1385 = ORIENTED_EDGE ( 'NONE', *, *, #4876, .F. ) ;
#1386 = CARTESIAN_POINT ( 'NONE',  ( -64.95083226757559203, 3.519685039370079149, 4.852918309000485486 ) ) ;
#1387 = DIRECTION ( 'NONE',  ( -0.000000000000000000, -1.000000000000000000, -0.000000000000000000 ) ) ;
#1388 = DIRECTION ( 'NONE',  ( -0.2894416129747776623, -1.387778780781445676E-16, -0.9571956710508877642 ) ) ;
#1389 = VERTEX_POINT ( 'NONE', #3001 ) ;
#1390 = LOCAL_TIME ( 12, 14, 36.00000000000000000, #2152 ) ;
#1391 = CARTESIAN_POINT ( 'NONE',  ( -63.21848827907719937, 3.519685039370079149, 4.241708084177329141 ) ) ;
#1392 = CARTESIAN_POINT ( 'NONE',  ( -66.77699871453540936, 3.330708661417324468, 5.054573644987114811 ) ) ;
#1393 = DIRECTION ( 'NONE',  ( 0.2894416129747776623, 1.387778780781445676E-16, 0.9571956710508877642 ) ) ;
#1394 = CARTESIAN_POINT ( 'NONE',  ( -61.45669291338582951, -1.803149606299212726, 3.858267716535433323 ) ) ;
#1395 = CARTESIAN_POINT ( 'NONE',  ( -64.73874076253984811, 3.330708661417323135, 5.670639326741962805 ) ) ;
#1396 = ORIENTED_EDGE ( 'NONE', *, *, #3965, .F. ) ;
#1397 = VECTOR ( 'NONE', #1891, 39.37007874015748143 ) ;
#1398 = VERTEX_POINT ( 'NONE', #3371 ) ;
#1399 = CARTESIAN_POINT ( 'NONE',  ( -66.32660456607217725, 3.330708661417323135, 5.383348694571214565 ) ) ;
#1400 = EDGE_CURVE ( 'NONE', #4458, #4167, #3347, .T. ) ;
#1401 = DIRECTION ( 'NONE',  ( 0.9571956710508876531, 0.000000000000000000, -0.2894416129747776623 ) ) ;
#1402 = DIRECTION ( 'NONE',  ( 0.000000000000000000, 0.000000000000000000, 1.000000000000000000 ) ) ;
#1403 = ORIENTED_EDGE ( 'NONE', *, *, #2505, .T. ) ;
#1404 = AXIS2_PLACEMENT_3D ( 'NONE', #3392, #1530, #4576 ) ;
#1405 = CARTESIAN_POINT ( 'NONE',  ( -62.12598425196851082, -1.992125984251968518, 4.842519685039370358 ) ) ;
#1406 = AXIS2_PLACEMENT_3D ( 'NONE', #3673, #595, #2096 ) ;
#1407 = ORIENTED_EDGE ( 'NONE', *, *, #3958, .T. ) ;
#1408 = DIRECTION ( 'NONE',  ( 0.5903362311909532423, -0.7871707152048023071, -0.1785088212588424317 ) ) ;
#1409 = COORDINATED_UNIVERSAL_TIME_OFFSET ( 6, 0, .BEHIND. ) ;
#1410 = AXIS2_PLACEMENT_3D ( 'NONE', #3836, #15, #4547 ) ;
#1411 = DIRECTION ( 'NONE',  ( 0.000000000000000000, 1.000000000000000000, -0.000000000000000000 ) ) ;
#1412 = ORIENTED_EDGE ( 'NONE', *, *, #2151, .T. ) ;
#1413 = DIRECTION ( 'NONE',  ( -0.9571956710508841004, 0.000000000000000000, 0.2894416129747888200 ) ) ;
#1414 = DIRECTION ( 'NONE',  ( -0.000000000000000000, -1.000000000000000000, 0.000000000000000000 ) ) ;
#1415 = AXIS2_PLACEMENT_3D ( 'NONE', #2094, #4728, #2846 ) ;
#1416 = CARTESIAN_POINT ( 'NONE',  ( -62.68207785959094736, -1.778688175450404474, 3.991115554976822022 ) ) ;
#1417 = ORIENTED_EDGE ( 'NONE', *, *, #2727, .F. ) ;
#1418 = CIRCLE ( 'NONE', #467, 0.3937007874015723830 ) ;
#1419 = CARTESIAN_POINT ( 'NONE',  ( -61.54517819718295613, 3.330708661417323135, 3.924246121618927052 ) ) ;
#1420 = CARTESIAN_POINT ( 'NONE',  ( -66.78979607358283488, 3.327635192442144341, 5.044883457061567711 ) ) ;
#1421 = CARTESIAN_POINT ( 'NONE',  ( -65.24903709492606652, -1.897637795275592065, 5.748010842550089095 ) ) ;
#1422 = CYLINDRICAL_SURFACE ( 'NONE', #1088, 0.05905511811023705232 ) ;
#1423 = EDGE_CURVE ( 'NONE', #1283, #3814, #3749, .T. ) ;
#1424 =( GEOMETRIC_REPRESENTATION_CONTEXT ( 3 ) GLOBAL_UNCERTAINTY_ASSIGNED_CONTEXT ( ( #4412 ) ) GLOBAL_UNIT_ASSIGNED_CONTEXT ( ( #4608, #46, #4224 ) ) REPRESENTATION_CONTEXT ( 'NONE', 'WORKASPACE' ) );
#1425 = CARTESIAN_POINT ( 'NONE',  ( -67.32283464566928899, -2.051181102362205078, 5.519685039370074264 ) ) ;
#1426 = EDGE_CURVE ( 'NONE', #3026, #3065, #4485, .T. ) ;
#1427 = VERTEX_POINT ( 'NONE', #323 ) ;
#1428 = EDGE_CURVE ( 'NONE', #807, #1078, #4511, .T. ) ;
#1429 = EDGE_CURVE ( 'NONE', #3207, #3237, #4425, .T. ) ;
#1430 = EDGE_LOOP ( 'NONE', ( #2625, #103, #420, #2531, #2713 ) ) ;
#1431 = DIRECTION ( 'NONE',  ( -0.000000000000000000, 1.000000000000000000, -0.000000000000000000 ) ) ;
#1432 = CARTESIAN_POINT ( 'NONE',  ( -66.51724281795711136, -1.803149606299212726, 5.089115938022577446 ) ) ;
#1433 = CIRCLE ( 'NONE', #717, 0.03937007874015751446 ) ;
#1434 = APPROVAL ( #987, 'UNSPECIFIED' ) ;
#1435 = CYLINDRICAL_SURFACE ( 'NONE', #1893, 0.08858267716535768443 ) ;
#1436 = ORIENTED_EDGE ( 'NONE', *, *, #2998, .T. ) ;
#1437 = CARTESIAN_POINT ( 'NONE',  ( -66.78979573596114960, -1.800076260719147170, 5.044883749747660850 ) ) ;
#1438 = APPROVAL_DATE_TIME ( #1115, #1070 ) ;
#1439 = CARTESIAN_POINT ( 'NONE',  ( -43.69995077567320862, -1.803149606299212726, -28.07973494755255928 ) ) ;
#1440 = ORIENTED_EDGE ( 'NONE', *, *, #3997, .F. ) ;
#1441 = DIRECTION ( 'NONE',  ( 0.000000000000000000, -1.000000000000000000, 0.000000000000000000 ) ) ;
#1442 = EDGE_LOOP ( 'NONE', ( #3979, #180, #2312, #234 ) ) ;
#1443 = DIRECTION ( 'NONE',  ( 0.000000000000000000, -1.000000000000000000, 0.000000000000000000 ) ) ;
#1444 = CARTESIAN_POINT ( 'NONE',  ( -64.58702165410851137, 3.519685039370079149, 4.705104094044945562 ) ) ;
#1445 = CARTESIAN_POINT ( 'NONE',  ( -63.35385497672009336, 3.394685039370079149, 5.139069716083803030 ) ) ;
#1446 = FACE_OUTER_BOUND ( 'NONE', #4450, .T. ) ;
#1447 = CARTESIAN_POINT ( 'NONE',  ( -62.67587598259671466, 3.235232175229367790, 4.055049238083003438 ) ) ;
#1448 = ADVANCED_FACE ( 'NONE', ( #2549 ), #560, .T. ) ;
#1449 = CARTESIAN_POINT ( 'NONE',  ( -63.10648962523053029, -1.803149606299212948, 4.215993817325356829 ) ) ;
#1450 = ORIENTED_EDGE ( 'NONE', *, *, #968, .F. ) ;
#1451 = B_SPLINE_CURVE_WITH_KNOTS ( 'NONE', 3,
 ( #1067, #1925, #3868, #3823, #514 ),
 .UNSPECIFIED., .F., .F.,
 ( 4, 1, 4 ),
 ( 0.08639786719078565436, 0.2127344428930933729, 1.000000000000000000 ),
 .UNSPECIFIED. ) ;
#1452 = ORIENTED_EDGE ( 'NONE', *, *, #4665, .T. ) ;
#1453 = EDGE_CURVE ( 'NONE', #1078, #89, #1022, .T. ) ;
#1454 = EDGE_CURVE ( 'NONE', #3095, #4879, #564, .T. ) ;
#1455 = ORIENTED_EDGE ( 'NONE', *, *, #2727, .T. ) ;
#1456 = CARTESIAN_POINT ( 'NONE',  ( -65.69048810661949744, 3.519685039370079149, 5.833350520315751631 ) ) ;
#1457 = DIRECTION ( 'NONE',  ( 0.6333943274849960225, -0.7738291968579562585, 0.000000000000000000 ) ) ;
#1458 = VECTOR ( 'NONE', #1762, 39.37007874015748143 ) ;
#1459 = CARTESIAN_POINT ( 'NONE',  ( -67.36673810313054389, 3.519685039370079149, 5.594323815215154205 ) ) ;
#1460 = ORIENTED_EDGE ( 'NONE', *, *, #2389, .T. ) ;
#1461 = CARTESIAN_POINT ( 'NONE',  ( -63.07117274460927803, -1.992125984251968740, 4.210087895264257973 ) ) ;
#1462 = ORIENTED_EDGE ( 'NONE', *, *, #406, .T. ) ;
#1463 = DIRECTION ( 'NONE',  ( 0.000000000000000000, 1.000000000000000000, -0.000000000000000000 ) ) ;
#1464 = CARTESIAN_POINT ( 'NONE',  ( -5.719890009841348544, -1.992125984251968518, -15.61276393748305047 ) ) ;
#1465 = ORIENTED_EDGE ( 'NONE', *, *, #1234, .T. ) ;
#1466 = CARTESIAN_POINT ( 'NONE',  ( -62.39052523158989771, -5.905511811023622215, 4.391371762555865033 ) ) ;
#1467 = VERTEX_POINT ( 'NONE', #2181 ) ;
#1468 = EDGE_CURVE ( 'NONE', #3158, #4167, #1451, .T. ) ;
#1469 = CARTESIAN_POINT ( 'NONE',  ( -66.51608366496063240, -1.803149606299212948, 5.739399976462006059 ) ) ;
#1470 = CARTESIAN_POINT ( 'NONE',  ( -65.07304460749334396, 3.519685039370079149, 4.903670785651446096 ) ) ;
#1471 = CARTESIAN_POINT ( 'NONE',  ( -63.07117274460927803, -5.905511811023622215, 4.210087895264257973 ) ) ;
#1472 = DIRECTION ( 'NONE',  ( 0.9585427335935047255, 0.000000000000000000, 0.2849488162373924327 ) ) ;
#1473 = DIRECTION ( 'NONE',  ( 0.3440006954397640815, 0.000000000000000000, 0.9389693932908349527 ) ) ;
#1474 = EDGE_LOOP ( 'NONE', ( #1417, #1093, #1071, #2836 ) ) ;
#1475 = ORIENTED_EDGE ( 'NONE', *, *, #1428, .F. ) ;
#1476 = CARTESIAN_POINT ( 'NONE',  ( -61.45669291338582951, 3.519685039370079149, 3.946850393700791049 ) ) ;
#1477 = CARTESIAN_POINT ( 'NONE',  ( -64.94463702649719039, -1.992125984251968740, 4.850360820107487925 ) ) ;
#1478 = ORIENTED_EDGE ( 'NONE', *, *, #1336, .F. ) ;
#1479 = CARTESIAN_POINT ( 'NONE',  ( -63.96424971066527831, 0.5209704070410005050, 4.444634127823553271 ) ) ;
#1480 = CARTESIAN_POINT ( 'NONE',  ( -64.95703519139644300, -1.992125984251968740, 4.855481759916468576 ) ) ;
#1481 = AXIS2_PLACEMENT_3D ( 'NONE', #4791, #4319, #2537 ) ;
#1482 = EDGE_CURVE ( 'NONE', #1467, #3987, #450, .T. ) ;
#1483 = AXIS2_PLACEMENT_3D ( 'NONE', #74, #4203, #792 ) ;
#1484 = ADVANCED_FACE ( 'NONE', ( #1646 ), #3497, .T. ) ;
#1485 = CARTESIAN_POINT ( 'NONE',  ( -63.38200659812807203, 3.519685039370079149, 5.101331813186416930 ) ) ;
#1486 = ORIENTED_EDGE ( 'NONE', *, *, #2756, .F. ) ;
#1487 = CARTESIAN_POINT ( 'NONE',  ( -66.43378273611114082, 3.308074911384794703, 5.204514581453146604 ) ) ;
#1488 = ADVANCED_FACE ( 'NONE', ( #1617 ), #94, .F. ) ;
#1489 = VECTOR ( 'NONE', #4771, 39.37007874015748854 ) ;
#1490 = EDGE_CURVE ( 'NONE', #4272, #3660, #3717, .T. ) ;
#1491 = VERTEX_POINT ( 'NONE', #3444 ) ;
#1492 = CIRCLE ( 'NONE', #2205, 0.1574803149606245900 ) ;
#1493 = FACE_OUTER_BOUND ( 'NONE', #967, .T. ) ;
#1494 = CIRCLE ( 'NONE', #64, 0.08858267716535768443 ) ;
#1495 = CARTESIAN_POINT ( 'NONE',  ( -64.85455278676201374, 3.330708661417322247, 4.813291185145926576 ) ) ;
#1496 = PLANE ( 'NONE',  #4345 ) ;
#1497 = FACE_OUTER_BOUND ( 'NONE', #3650, .T. ) ;
#1498 = ORIENTED_EDGE ( 'NONE', *, *, #947, .T. ) ;
#1499 = AXIS2_PLACEMENT_3D ( 'NONE', #988, #2494, #3726 ) ;
#1500 = ORIENTED_EDGE ( 'NONE', *, *, #4876, .T. ) ;
#1501 = CARTESIAN_POINT ( 'NONE',  ( -65.99063080061138464, -1.803149606299212726, 4.929876363166264319 ) ) ;
#1502 = FACE_OUTER_BOUND ( 'NONE', #2618, .T. ) ;
#1503 = PRODUCT_DEFINITION_SHAPE ( 'NONE', 'NONE',  #4337 ) ;
#1504 = AXIS2_PLACEMENT_3D ( 'NONE', #4085, #2535, #4059 ) ;
#1505 = MANIFOLD_SOLID_BREP ( 'Mirror17', #2340 ) ;
#1506 = CARTESIAN_POINT ( 'NONE',  ( -67.46585964989850481, 3.519685039370079149, 5.501080171745940106 ) ) ;
#1507 = ORIENTED_EDGE ( 'NONE', *, *, #4300, .T. ) ;
#1508 = CARTESIAN_POINT ( 'NONE',  ( -64.78815412007431007, 3.330708661417323135, 6.027477030463022523 ) ) ;
#1509 = ORIENTED_EDGE ( 'NONE', *, *, #2628, .F. ) ;
#1510 = DIRECTION ( 'NONE',  ( -0.000000000000000000, 1.000000000000000000, -0.000000000000000000 ) ) ;
#1511 = CARTESIAN_POINT ( 'NONE',  ( -65.07304460749334396, -1.992125984251968740, 4.903670785651446096 ) ) ;
#1512 = DATE_AND_TIME ( #1090, #2021 ) ;
#1513 = CARTESIAN_POINT ( 'NONE',  ( -66.82283464566928899, -1.742251968503937265, 4.960629921259857689 ) ) ;
#1514 = VERTEX_POINT ( 'NONE', #1576 ) ;
#1515 = EDGE_CURVE ( 'NONE', #3506, #1524, #1187, .T. ) ;
#1516 = DIRECTION ( 'NONE',  ( 0.000000000000000000, 0.000000000000000000, 1.000000000000000000 ) ) ;
#1517 = ORIENTED_EDGE ( 'NONE', *, *, #1354, .T. ) ;
#1518 = LINE ( 'NONE', #3027, #4437 ) ;
#1519 = FACE_OUTER_BOUND ( 'NONE', #3671, .T. ) ;
#1520 = CARTESIAN_POINT ( 'NONE',  ( -64.92961420001736883, -1.897637795275588735, 4.886751997397640324 ) ) ;
#1521 = EDGE_CURVE ( 'NONE', #2547, #3026, #1599, .T. ) ;
#1522 = FACE_OUTER_BOUND ( 'NONE', #3013, .T. ) ;
#1523 = EDGE_LOOP ( 'NONE', ( #1276, #3086, #1634, #2107 ) ) ;
#1524 = VERTEX_POINT ( 'NONE', #1209 ) ;
#1525 = CARTESIAN_POINT ( 'NONE',  ( -67.32283464566928899, 5.905511811023622215, 4.460629921259847919 ) ) ;
#1526 = CARTESIAN_POINT ( 'NONE',  ( -64.72966070175557718, 1.006588648076806036, 4.610273892670670115 ) ) ;
#1527 = VERTEX_POINT ( 'NONE', #4263 ) ;
#1528 = ORIENTED_EDGE ( 'NONE', *, *, #3182, .F. ) ;
#1529 = DIRECTION ( 'NONE',  ( 0.000000000000000000, 0.000000000000000000, 1.000000000000000000 ) ) ;
#1530 = DIRECTION ( 'NONE',  ( -0.000000000000000000, 1.000000000000000000, -0.000000000000000000 ) ) ;
#1531 = PLANE ( 'NONE',  #3193 ) ;
#1532 = VECTOR ( 'NONE', #2486, 39.37007874015748854 ) ;
#1533 = AXIS2_PLACEMENT_3D ( 'NONE', #3659, #251, #3235 ) ;
#1534 = CARTESIAN_POINT ( 'NONE',  ( -63.32585204374033339, -1.803149606299212726, 3.883707997665515332 ) ) ;
#1535 = DIRECTION ( 'NONE',  ( 0.000000000000000000, 1.000000000000000000, -0.000000000000000000 ) ) ;
#1536 = DIRECTION ( 'NONE',  ( -0.000000000000000000, -1.000000000000000000, -0.000000000000000000 ) ) ;
#1537 = LINE ( 'NONE', #1886, #1656 ) ;
#1538 = CARTESIAN_POINT ( 'NONE',  ( -65.89062420043750024, 3.330708661417322247, 5.238806934920885006 ) ) ;
#1539 = AXIS2_PLACEMENT_3D ( 'NONE', #1320, #3209, #4716 ) ;
#1540 = CARTESIAN_POINT ( 'NONE',  ( -65.24903709492606652, 3.394685039370079149, 5.748010842550089095 ) ) ;
#1541 = DIRECTION ( 'NONE',  ( -0.7534764009720678057, 0.6167351661158622100, 0.2278399614953874885 ) ) ;
#1542 = CARTESIAN_POINT ( 'NONE',  ( -67.54974883678276854, -2.053023622047244423, 5.411459937986293767 ) ) ;
#1543 = EDGE_LOOP ( 'NONE', ( #1220, #3981, #2553, #3141, #1913, #2763, #1685, #2210, #707, #1921, #4654 ) ) ;
#1544 = ORIENTED_EDGE ( 'NONE', *, *, #3443, .T. ) ;
#1545 = LINE ( 'NONE', #1456, #4413 ) ;
#1546 = DIRECTION ( 'NONE',  ( 0.000000000000000000, 0.000000000000000000, -1.000000000000000000 ) ) ;
#1547 = ORIENTED_EDGE ( 'NONE', *, *, #2144, .T. ) ;
#1548 = CARTESIAN_POINT ( 'NONE',  ( -63.07117274460927803, -1.803149606299212948, 4.210087895264258862 ) ) ;
#1549 = EDGE_LOOP ( 'NONE', ( #3862, #878, #924, #1628, #3179, #4863, #1063, #1180 ) ) ;
#1550 = ORIENTED_EDGE ( 'NONE', *, *, #2221, .F. ) ;
#1551 = CARTESIAN_POINT ( 'NONE',  ( -67.51444708044462573, 3.323626968228329037, 5.455109998537015059 ) ) ;
#1552 = CARTESIAN_POINT ( 'NONE',  ( -64.77489202239148369, 3.330708661417323135, 5.681553123715965548 ) ) ;
#1553 = DIRECTION ( 'NONE',  ( 0.000000000000000000, -1.000000000000000000, 0.000000000000000000 ) ) ;
#1554 = VECTOR ( 'NONE', #4472, 39.37007874015748143 ) ;
#1555 = DIRECTION ( 'NONE',  ( -0.9571956710508875421, 6.162975822039154730E-33, 0.2894416129747776067 ) ) ;
#1556 = CIRCLE ( 'NONE', #2901, 0.05905511811023496371 ) ;
#1557 = CARTESIAN_POINT ( 'NONE',  ( -63.09538179617421605, -1.992125984251968740, 4.652590603716853401 ) ) ;
#1558 = AXIS2_PLACEMENT_3D ( 'NONE', #4430, #1325, #2937 ) ;
#1559 = FACE_OUTER_BOUND ( 'NONE', #4119, .T. ) ;
#1560 = EDGE_CURVE ( 'NONE', #3250, #4397, #1975, .T. ) ;
#1561 = CARTESIAN_POINT ( 'NONE',  ( -64.53207412346139904, 3.330708661417323135, 5.933659598763443732 ) ) ;
#1562 = ORIENTED_EDGE ( 'NONE', *, *, #449, .F. ) ;
#1563 =( BOUNDED_CURVE ( )  B_SPLINE_CURVE ( 3, ( #3252, #990, #2497, #1749 ),
 .UNSPECIFIED., .F., .F. ) 
 B_SPLINE_CURVE_WITH_KNOTS ( ( 4, 4 ),
 ( 1.570796326795097286, 2.235384702145616576 ),
 .UNSPECIFIED. ) 
 CURVE ( )  GEOMETRIC_REPRESENTATION_ITEM ( )  RATIONAL_B_SPLINE_CURVE ( ( 1.000000000000000000, 0.9635309593391072625, 0.9635309593391072625, 1.000000000000000000 ) ) 
 REPRESENTATION_ITEM ( '' )  );
#1564 = CIRCLE ( 'NONE', #2833, 0.08858267716535768443 ) ;
#1565 = ORIENTED_EDGE ( 'NONE', *, *, #1400, .F. ) ;
#1566 = EDGE_LOOP ( 'NONE', ( #1218, #737, #761, #3593 ) ) ;
#1567 = CARTESIAN_POINT ( 'NONE',  ( -64.29627097090471466, -1.992125984251968740, 4.595560993410112260 ) ) ;
#1568 = CARTESIAN_POINT ( 'NONE',  ( -64.73874076253984811, 3.519685039370079149, 5.670639326741962805 ) ) ;
#1569 = ADVANCED_FACE ( 'NONE', ( #4660 ), #3539, .F. ) ;
#1570 = VECTOR ( 'NONE', #4200, 39.37007874015748143 ) ;
#1571 = APPLICATION_CONTEXT ( 'configuration controlled 3d designs of mechanical parts and assemblies' ) ;
#1572 = VERTEX_POINT ( 'NONE', #3073 ) ;
#1573 = EDGE_LOOP ( 'NONE', ( #3837, #2781, #4901, #2246 ) ) ;
#1574 = CARTESIAN_POINT ( 'NONE',  ( -64.35118467964684896, -1.803149606299212948, 4.616190786736186880 ) ) ;
#1575 = CARTESIAN_POINT ( 'NONE',  ( -66.51608366496063240, 3.330708661417323135, 5.739399976462006059 ) ) ;
#1576 = CARTESIAN_POINT ( 'NONE',  ( -63.07117274460927803, 3.519685039370079149, 4.210087895264258862 ) ) ;
#1577 = CARTESIAN_POINT ( 'NONE',  ( -63.32585204374033339, 3.519685039370079149, 3.883707997665515332 ) ) ;
#1578 = DIRECTION ( 'NONE',  ( 0.5903362311909550186, -0.7871707152048008638, -0.1785088212588430145 ) ) ;
#1579 = DIRECTION ( 'NONE',  ( 1.000000000000000000, 0.000000000000000000, 0.000000000000000000 ) ) ;
#1580 = CARTESIAN_POINT ( 'NONE',  ( -64.68076422706613471, -1.803149606299212948, 5.651992342554510884 ) ) ;
#1581 = DIRECTION ( 'NONE',  ( 0.000000000000000000, 0.000000000000000000, -1.000000000000000000 ) ) ;
#1582 = DIRECTION ( 'NONE',  ( 0.000000000000000000, 0.000000000000000000, 1.000000000000000000 ) ) ;
#1583 = CARTESIAN_POINT ( 'NONE',  ( -61.45669291338582951, -1.803149606299212726, 3.661417322834648935 ) ) ;
#1584 = VERTEX_POINT ( 'NONE', #144 ) ;
#1585 = DIRECTION ( 'NONE',  ( -4.152228712103770520E-24, 1.000000000000000000, 1.396773186413098609E-23 ) ) ;
#1586 = EDGE_CURVE ( 'NONE', #4476, #2195, #2302, .T. ) ;
#1587 = ORIENTED_EDGE ( 'NONE', *, *, #2221, .T. ) ;
#1588 = CARTESIAN_POINT ( 'NONE',  ( -63.10648962523053029, -1.992125984251968740, 4.215993817325356829 ) ) ;
#1589 = CARTESIAN_POINT ( 'NONE',  ( -43.60058544997311714, 3.394685039370079149, -28.01588700358453465 ) ) ;
#1590 = EDGE_CURVE ( 'NONE', #1125, #4097, #2371, .T. ) ;
#1591 = ORIENTED_EDGE ( 'NONE', *, *, #572, .F. ) ;
#1592 = VERTEX_POINT ( 'NONE', #3172 ) ;
#1593 = CARTESIAN_POINT ( 'NONE',  ( -65.97353779197113965, -1.744094488188976388, 4.986403666574783067 ) ) ;
#1594 = VERTEX_POINT ( 'NONE', #4579 ) ;
#1595 = VERTEX_POINT ( 'NONE', #2326 ) ;
#1596 = CARTESIAN_POINT ( 'NONE',  ( -66.57656029100523654, -1.803149606299212948, 5.717889328487624212 ) ) ;
#1597 = CARTESIAN_POINT ( 'NONE',  ( -65.65451775345520957, 3.519685039370080037, 5.834537345213326454 ) ) ;
#1598 = VECTOR ( 'NONE', #2400, 39.37007874015748854 ) ;
#1599 = LINE ( 'NONE', #2351, #1570 ) ;
#1600 = ORIENTED_EDGE ( 'NONE', *, *, #3556, .F. ) ;
#1601 = FACE_OUTER_BOUND ( 'NONE', #1135, .T. ) ;
#1602 = CARTESIAN_POINT ( 'NONE',  ( -64.64042079919045136, -1.992125984251968740, 5.637921207175780935 ) ) ;
#1603 = DIRECTION ( 'NONE',  ( 4.440892098500819275E-14, 0.000000000000000000, 1.000000000000000000 ) ) ;
#1604 = CARTESIAN_POINT ( 'NONE',  ( -41.90960512579082575, 30.92555409484217677, -2.224359574606323164 ) ) ;
#1605 = CYLINDRICAL_SURFACE ( 'NONE', #2028, 0.3937007874015751585 ) ;
#1606 = ORIENTED_EDGE ( 'NONE', *, *, #3694, .T. ) ;
#1607 = CARTESIAN_POINT ( 'NONE',  ( -64.72874832131140010, 3.330708661417323135, 4.316086195930384228 ) ) ;
#1608 = ORIENTED_EDGE ( 'NONE', *, *, #4833, .T. ) ;
#1609 = CARTESIAN_POINT ( 'NONE',  ( -67.60643676162112570, 3.330708661417323135, 5.372418507584993286 ) ) ;
#1610 = CARTESIAN_POINT ( 'NONE',  ( -64.65774314119764199, 3.519685039370079149, 5.644151696217084790 ) ) ;
#1611 = B_SPLINE_CURVE_WITH_KNOTS ( 'NONE', 3,
 ( #3841, #1948, #3470, #1996, #3916, #71, #118, #1260, #4285, #884, #2022, #3642 ),
 .UNSPECIFIED., .F., .F.,
 ( 4, 2, 2, 2, 2, 4 ),
 ( 2.651347637902923144E-16, 0.0004147253604526799221, 0.0008294507209050946484, 0.001658901441810280153, 0.002488352162715464898, 0.003317802883620650511 ),
 .UNSPECIFIED. ) ;
#1612 = VERTEX_POINT ( 'NONE', #865 ) ;
#1613 = ORIENTED_EDGE ( 'NONE', *, *, #3544, .T. ) ;
#1614 = DIRECTION ( 'NONE',  ( 0.000000000000000000, 1.000000000000000000, -0.000000000000000000 ) ) ;
#1615 = DIRECTION ( 'NONE',  ( 0.000000000000000000, 1.000000000000000000, -0.000000000000000000 ) ) ;
#1616 = CC_DESIGN_SECURITY_CLASSIFICATION ( #4672, ( #1262 ) ) ;
#1617 = FACE_OUTER_BOUND ( 'NONE', #2832, .T. ) ;
#1618 = EDGE_CURVE ( 'NONE', #255, #3888, #3145, .T. ) ;
#1619 = CARTESIAN_POINT ( 'NONE',  ( -65.69048810661949744, 3.519685039370079149, 5.833350520315751631 ) ) ;
#1620 = CARTESIAN_POINT ( 'NONE',  ( -65.24903709492606652, -1.992125984251968518, 5.787380921290246505 ) ) ;
#1621 =( LENGTH_UNIT ( ) NAMED_UNIT ( * ) SI_UNIT ( $, .METRE. ) );
#1622 = VECTOR ( 'NONE', #3009, 39.37007874015748854 ) ;
#1623 = CARTESIAN_POINT ( 'NONE',  ( -64.65774314119764199, -1.992125984251968740, 5.644151696217084790 ) ) ;
#1624 = DIRECTION ( 'NONE',  ( -0.9571956710508869870, 6.245004513516544983E-15, 0.2894416129747796607 ) ) ;
#1625 = CARTESIAN_POINT ( 'NONE',  ( -62.73860516299944834, -1.803149606299212726, 4.008208563617065678 ) ) ;
#1626 = EDGE_CURVE ( 'NONE', #2116, #1884, #1611, .T. ) ;
#1627 = CARTESIAN_POINT ( 'NONE',  ( -63.11327752984468731, -1.992125984251968518, 3.858267716535433323 ) ) ;
#1628 = ORIENTED_EDGE ( 'NONE', *, *, #1798, .T. ) ;
#1629 = VECTOR ( 'NONE', #3844, 39.37007874015748854 ) ;
#1630 = CIRCLE ( 'NONE', #140, 0.03937007874015751446 ) ;
#1631 = AXIS2_PLACEMENT_3D ( 'NONE', #1419, #3602, #2852 ) ;
#1632 = DIRECTION ( 'NONE',  ( -0.000000000000000000, -1.000000000000000000, -0.000000000000000000 ) ) ;
#1633 = ORIENTED_EDGE ( 'NONE', *, *, #4100, .F. ) ;
#1634 = ORIENTED_EDGE ( 'NONE', *, *, #4545, .T. ) ;
#1635 = CARTESIAN_POINT ( 'NONE',  ( -63.09538179617421605, 3.394685039370079593, 4.652590603716853401 ) ) ;
#1636 = CARTESIAN_POINT ( 'NONE',  ( -66.46093454138322443, -1.803149606299210728, 5.414312152718921745 ) ) ;
#1637 = VECTOR ( 'NONE', #2566, 39.37007874015748143 ) ;
#1638 = AXIS2_PLACEMENT_3D ( 'NONE', #1239, #4225, #3502 ) ;
#1639 = ORIENTED_EDGE ( 'NONE', *, *, #1329, .T. ) ;
#1640 = AXIS2_PLACEMENT_3D ( 'NONE', #2333, #4585, #1143 ) ;
#1641 = ORIENTED_EDGE ( 'NONE', *, *, #285, .F. ) ;
#1642 = ORIENTED_EDGE ( 'NONE', *, *, #3265, .T. ) ;
#1643 = CARTESIAN_POINT ( 'NONE',  ( -66.24798989115039660, -1.803149606299212948, 5.807206170900101050 ) ) ;
#1644 = DIRECTION ( 'NONE',  ( 0.8269265020695217849, 0.000000000000000000, 0.5623100214072885850 ) ) ;
#1645 = AXIS2_PLACEMENT_3D ( 'NONE', #4757, #3551, #4333 ) ;
#1646 = FACE_OUTER_BOUND ( 'NONE', #2104, .T. ) ;
#1647 = EDGE_CURVE ( 'NONE', #2318, #2905, #640, .T. ) ;
#1648 = ORIENTED_EDGE ( 'NONE', *, *, #4101, .F. ) ;
#1649 = CARTESIAN_POINT ( 'NONE',  ( -36.30793952132390245, 3.330708661417323135, -28.14403061398192207 ) ) ;
#1650 = DIRECTION ( 'NONE',  ( 0.6333943274849782590, -0.7738291968579706914, 0.000000000000000000 ) ) ;
#1651 = EDGE_CURVE ( 'NONE', #3065, #1103, #2421, .T. ) ;
#1652 = DIRECTION ( 'NONE',  ( -0.000000000000000000, 1.000000000000000000, -0.000000000000000000 ) ) ;
#1653 = DIRECTION ( 'NONE',  ( -0.9571956710508875421, -0.000000000000000000, 0.2894416129747776067 ) ) ;
#1654 = DIRECTION ( 'NONE',  ( 0.000000000000000000, 0.000000000000000000, 1.000000000000000000 ) ) ;
#1655 = ORIENTED_EDGE ( 'NONE', *, *, #1707, .T. ) ;
#1656 = VECTOR ( 'NONE', #3, 39.37007874015748143 ) ;
#1657 = EDGE_CURVE ( 'NONE', #4646, #3065, #2120, .T. ) ;
#1658 = DIRECTION ( 'NONE',  ( 2.220446049250311314E-13, 0.000000000000000000, 1.000000000000000000 ) ) ;
#1659 = VERTEX_POINT ( 'NONE', #3615 ) ;
#1660 = DIRECTION ( 'NONE',  ( 0.2894416129747777733, 1.711783953794736643E-17, 0.9571956710508874311 ) ) ;
#1661 = LINE ( 'NONE', #1301, #2967 ) ;
#1662 = ORIENTED_EDGE ( 'NONE', *, *, #3676, .F. ) ;
#1663 = CARTESIAN_POINT ( 'NONE',  ( -62.12598425196851082, 3.330708661417323135, 4.753937007874012188 ) ) ;
#1664 = DIRECTION ( 'NONE',  ( -0.000000000000000000, 1.000000000000000000, -0.000000000000000000 ) ) ;
#1665 = ADVANCED_FACE ( 'NONE', ( #2045 ), #3664, .F. ) ;
#1666 = DIRECTION ( 'NONE',  ( -1.335381365372911176E-24, -1.000000000000000000, -8.580594286263136267E-25 ) ) ;
#1667 = ORIENTED_EDGE ( 'NONE', *, *, #4420, .T. ) ;
#1668 = DIRECTION ( 'NONE',  ( 0.000000000000000000, 0.000000000000000000, -1.000000000000000000 ) ) ;
#1669 = EDGE_CURVE ( 'NONE', #137, #106, #3949, .T. ) ;
#1670 = PERSON_AND_ORGANIZATION ( #2024, #4204 ) ;
#1671 = CIRCLE ( 'NONE', #2317, 0.07874015748031611139 ) ;
#1672 = FACE_BOUND ( 'NONE', #32, .T. ) ;
#1673 = CARTESIAN_POINT ( 'NONE',  ( -62.23962790450374172, -1.778688175450409803, 3.923134362996127500 ) ) ;
#1674 = CARTESIAN_POINT ( 'NONE',  ( -64.35649580425814520, -1.992125984251968518, 4.811642542180331716 ) ) ;
#1675 = CARTESIAN_POINT ( 'NONE',  ( -64.53207412346139904, 3.580582677165354610, 5.933659598763447285 ) ) ;
#1676 = ORIENTED_EDGE ( 'NONE', *, *, #603, .T. ) ;
#1677 = AXIS2_PLACEMENT_3D ( 'NONE', #1352, #1688, #2141 ) ;
#1678 = FACE_OUTER_BOUND ( 'NONE', #2787, .T. ) ;
#1679 = ORIENTED_EDGE ( 'NONE', *, *, #1153, .F. ) ;
#1680 = FACE_OUTER_BOUND ( 'NONE', #1175, .T. ) ;
#1681 = CARTESIAN_POINT ( 'NONE',  ( -62.73860516299944834, -1.744094488188976610, 4.008208563617075448 ) ) ;
#1682 = EDGE_CURVE ( 'NONE', #2174, #3158, #1383, .T. ) ;
#1683 = CARTESIAN_POINT ( 'NONE',  ( -64.68076422706613471, 3.330708661417323135, 5.651992342554510884 ) ) ;
#1684 = ADVANCED_FACE ( 'NONE', ( #4326 ), #4753, .F. ) ;
#1685 = ORIENTED_EDGE ( 'NONE', *, *, #1273, .T. ) ;
#1686 = LINE ( 'NONE', #3612, #1637 ) ;
#1687 = ADVANCED_FACE ( 'NONE', ( #2621 ), #664, .F. ) ;
#1688 = DIRECTION ( 'NONE',  ( -0.000000000000000000, -1.000000000000000000, 0.000000000000000000 ) ) ;
#1689 = CARTESIAN_POINT ( 'NONE',  ( -63.08311475323797168, -1.992125984251968740, 4.211722312989519601 ) ) ;
#1690 = EDGE_LOOP ( 'NONE', ( #1287, #4631, #1760, #918, #849, #3461 ) ) ;
#1691 = ORIENTED_EDGE ( 'NONE', *, *, #2201, .T. ) ;
#1692 = AXIS2_PLACEMENT_3D ( 'NONE', #3679, #1393, #3304 ) ;
#1693 = PERSON_AND_ORGANIZATION ( #2024, #4204 ) ;
#1694 = CARTESIAN_POINT ( 'NONE',  ( -67.32283464566928899, -2.051181102362205078, 5.460629921259838149 ) ) ;
#1695 = CARTESIAN_POINT ( 'NONE',  ( -67.60643676162112570, 3.578740157480315265, 5.372418507584993286 ) ) ;
#1696 = DIRECTION ( 'NONE',  ( 0.000000000000000000, 0.000000000000000000, 1.000000000000000000 ) ) ;
#1697 = LINE ( 'NONE', #4055, #2593 ) ;
#1698 = VERTEX_POINT ( 'NONE', #342 ) ;
#1699 = EDGE_CURVE ( 'NONE', #4879, #2960, #4829, .T. ) ;
#1700 = DIRECTION ( 'NONE',  ( 0.000000000000000000, 0.000000000000000000, -1.000000000000000000 ) ) ;
#1701 = LINE ( 'NONE', #1755, #3946 ) ;
#1702 = VECTOR ( 'NONE', #51, 39.37007874015748143 ) ;
#1703 = ORIENTED_EDGE ( 'NONE', *, *, #900, .F. ) ;
#1704 = DIRECTION ( 'NONE',  ( 0.5903362311909550186, -0.7871707152048008638, -0.1785088212588430145 ) ) ;
#1705 = CARTESIAN_POINT ( 'NONE',  ( -65.24903709492606652, 3.394685039370079149, 5.787380921290246505 ) ) ;
#1706 = EDGE_LOOP ( 'NONE', ( #4429, #1465 ) ) ;
#1707 = EDGE_CURVE ( 'NONE', #2595, #1594, #3476, .T. ) ;
#1708 = TOROIDAL_SURFACE ( 'NONE', #2199, 0.5590551181102316747, 0.05905511811023622659 ) ;
#1709 = EDGE_CURVE ( 'NONE', #4786, #2882, #3791, .T. ) ;
#1710 = EDGE_LOOP ( 'NONE', ( #601, #936, #3087, #4188, #526, #4315, #4016, #169, #2417 ) ) ;
#1711 = DIRECTION ( 'NONE',  ( -0.000000000000000000, -1.000000000000000000, -0.000000000000000000 ) ) ;
#1712 = AXIS2_PLACEMENT_3D ( 'NONE', #2734, #2358, #3876 ) ;
#1713 = DIRECTION ( 'NONE',  ( -1.335381365373359333E-24, -1.000000000000000000, -8.580594286266752749E-25 ) ) ;
#1714 = VECTOR ( 'NONE', #1357, 39.37007874015748854 ) ;
#1715 =( BOUNDED_CURVE ( )  B_SPLINE_CURVE ( 3, ( #2796, #3651, #2820, #520 ),
 .UNSPECIFIED., .F., .F. ) 
 B_SPLINE_CURVE_WITH_KNOTS ( ( 4, 4 ),
 ( -5.329070518200751394E-15, 1.570796326794832831 ),
 .UNSPECIFIED. ) 
 CURVE ( )  GEOMETRIC_REPRESENTATION_ITEM ( )  RATIONAL_B_SPLINE_CURVE ( ( 1.000000000000000000, 0.8047378541243788153, 0.8047378541243788153, 1.000000000000000000 ) ) 
 REPRESENTATION_ITEM ( '' )  );
#1716 = CIRCLE ( 'NONE', #4502, 0.1968503937007799465 ) ;
#1717 = CARTESIAN_POINT ( 'NONE',  ( -62.52074987758508229, 3.519685039370079149, 4.302819003279124921 ) ) ;
#1718 = ORIENTED_EDGE ( 'NONE', *, *, #2575, .F. ) ;
#1719 = CARTESIAN_POINT ( 'NONE',  ( -64.64800489738213685, -1.803149606299212948, 5.640699716327256752 ) ) ;
#1720 = VERTEX_POINT ( 'NONE', #2249 ) ;
#1721 = CARTESIAN_POINT ( 'NONE',  ( -67.57860789841191718, -1.766339163117794042, 5.395221502077436782 ) ) ;
#1722 = B_SPLINE_CURVE_WITH_KNOTS ( 'NONE', 3,
 ( #1282, #1392, #629, #1420, #3678, #3704, #2131, #1369, #4470, #3330, #3656, #3603 ),
 .UNSPECIFIED., .F., .F.,
 ( 4, 2, 2, 2, 2, 4 ),
 ( 2.651347637902923144E-16, 0.0004147253604526443061, 0.0008294507209050234163, 0.001658901441810267793, 0.002488352162715511736, 0.003317802883620755462 ),
 .UNSPECIFIED. ) ;
#1723 = VECTOR ( 'NONE', #4220, 39.37007874015748143 ) ;
#1724 = CC_DESIGN_PERSON_AND_ORGANIZATION_ASSIGNMENT ( #619, #2122, ( #759 ) ) ;
#1725 = PERSON_AND_ORGANIZATION_ROLE ( 'creator' ) ;
#1726 = CARTESIAN_POINT ( 'NONE',  ( -62.12598425196851082, -1.803149606299212726, 4.753937007874012188 ) ) ;
#1727 = DIRECTION ( 'NONE',  ( -0.9571956710508841004, 0.000000000000000000, 0.2894416129747888200 ) ) ;
#1728 = CARTESIAN_POINT ( 'NONE',  ( -67.60643676162112570, -1.803149606299212726, 5.372418507584993286 ) ) ;
#1729 = CARTESIAN_POINT ( 'NONE',  ( -67.54974883678276854, 3.269811023622047674, 5.411459937986293767 ) ) ;
#1730 = EDGE_LOOP ( 'NONE', ( #1857, #3910, #4004, #3491 ) ) ;
#1731 = CARTESIAN_POINT ( 'NONE',  ( -63.07457352484861701, 3.330708661417322247, 4.210494890457447958 ) ) ;
#1732 = CYLINDRICAL_SURFACE ( 'NONE', #1938, 0.3937007874015723830 ) ;
#1733 = CARTESIAN_POINT ( 'NONE',  ( -65.57179006422376233, 3.394685039370079149, 5.826965148396467953 ) ) ;
#1734 = AXIS2_PLACEMENT_3D ( 'NONE', #329, #2681, #2215 ) ;
#1735 = CARTESIAN_POINT ( 'NONE',  ( -66.09918920518569507, 3.330708661417323135, 5.826089031778224125 ) ) ;
#1736 = ORIENTED_EDGE ( 'NONE', *, *, #1787, .F. ) ;
#1737 = ADVANCED_FACE ( 'NONE', ( #4802 ), #2968, .F. ) ;
#1738 = LOCAL_TIME ( 12, 14, 36.00000000000000000, #1877 ) ;
#1739 = B_SPLINE_SURFACE_WITH_KNOTS ( 'NONE', 3, 1, ( 
 ( #1020, #1675 ),
 ( #3202, #222 ),
 ( #4759, #3969 ),
 ( #1729, #4732 ),
 ( #2052, #4710 ) ),
 .UNSPECIFIED., .F., .F., .F.,
 ( 4, 1, 4 ),
 ( 2, 2 ),
 ( 0.000000000000000000, 0.7872655571069065994, 1.000000000000000000 ),
 ( 0.000000000000000000, 1.000000000000000000 ),
 .UNSPECIFIED. ) ;
#1740 = VERTEX_POINT ( 'NONE', #363 ) ;
#1741 = DIRECTION ( 'NONE',  ( 0.5903362311909703397, -0.7871707152047882072, -0.1785088212588475942 ) ) ;
#1742 = CARTESIAN_POINT ( 'NONE',  ( -0.4359553805146830219, 3.519685039370079149, -3.642766470198991691 ) ) ;
#1743 = CARTESIAN_POINT ( 'NONE',  ( -63.32297718505464701, -1.992125984251968740, 4.269924451661772480 ) ) ;
#1744 = ORIENTED_EDGE ( 'NONE', *, *, #2229, .F. ) ;
#1745 = CARTESIAN_POINT ( 'NONE',  ( -66.79363835724072374, -1.798336023007597095, 5.041254080398301696 ) ) ;
#1746 = COORDINATED_UNIVERSAL_TIME_OFFSET ( 6, 0, .BEHIND. ) ;
#1747 = CARTESIAN_POINT ( 'NONE',  ( -64.53207412346139904, 3.519685039370079149, 5.933659598763443732 ) ) ;
#1748 = CARTESIAN_POINT ( 'NONE',  ( -67.54989661758614261, 3.540351337251224972, 5.421584528039568696 ) ) ;
#1749 = CARTESIAN_POINT ( 'NONE',  ( -66.43378273611114082, 3.308074911384794703, 5.204514581453146604 ) ) ;
#1750 = DIRECTION ( 'NONE',  ( -0.000000000000000000, 1.000000000000000000, -0.000000000000000000 ) ) ;
#1751 = ORIENTED_EDGE ( 'NONE', *, *, #1468, .T. ) ;
#1752 = VECTOR ( 'NONE', #2023, 39.37007874015748143 ) ;
#1753 = EDGE_CURVE ( 'NONE', #2046, #310, #4878, .T. ) ;
#1754 = CARTESIAN_POINT ( 'NONE',  ( -66.45929106426854105, 3.308074911384794703, 5.120157460039053809 ) ) ;
#1755 = CARTESIAN_POINT ( 'NONE',  ( -43.60058544997311714, 3.519685039370079149, -28.01588700358453465 ) ) ;
#1756 = LINE ( 'NONE', #4060, #4008 ) ;
#1757 = CARTESIAN_POINT ( 'NONE',  ( -4.127301670970403791, 3.271653543307087020, -13.64916140416281287 ) ) ;
#1758 = VECTOR ( 'NONE', #490, 39.37007874015747433 ) ;
#1759 = DIRECTION ( 'NONE',  ( 0.000000000000000000, 0.000000000000000000, 1.000000000000000000 ) ) ;
#1760 = ORIENTED_EDGE ( 'NONE', *, *, #2178, .F. ) ;
#1761 = CARTESIAN_POINT ( 'NONE',  ( -64.89930391185124847, -1.992125984251968740, 5.716281199457174722 ) ) ;
#1762 = DIRECTION ( 'NONE',  ( -0.000000000000000000, 1.000000000000000000, -0.000000000000000000 ) ) ;
#1763 = CARTESIAN_POINT ( 'NONE',  ( -67.47825414880855988, -1.992125984251969406, 5.489420666067936772 ) ) ;
#1764 = ORIENTED_EDGE ( 'NONE', *, *, #2966, .T. ) ;
#1765 = CARTESIAN_POINT ( 'NONE',  ( -66.82283464566928899, -1.744094488188976610, 4.960629921259855912 ) ) ;
#1766 = EDGE_LOOP ( 'NONE', ( #4751, #2290, #4459, #4104 ) ) ;
#1767 = CYLINDRICAL_SURFACE ( 'NONE', #4156, 0.03937007874015314296 ) ;
#1768 = AXIS2_PLACEMENT_3D ( 'NONE', #4438, #2123, #3575 ) ;
#1769 = PERSON_AND_ORGANIZATION ( #2024, #4204 ) ;
#1770 = ADVANCED_FACE ( 'NONE', ( #2230 ), #3387, .T. ) ;
#1771 = EDGE_CURVE ( 'NONE', #358, #3486, #3874, .T. ) ;
#1772 = DIRECTION ( 'NONE',  ( 0.2894416129747778288, 1.063773607768264409E-17, 0.9571956710508874311 ) ) ;
#1773 = EDGE_CURVE ( 'NONE', #2016, #1281, #1774, .T. ) ;
#1774 = B_SPLINE_CURVE_WITH_KNOTS ( 'NONE', 3,
 ( #1506, #1459, #4072, #2268, #4527 ),
 .UNSPECIFIED., .F., .F.,
 ( 4, 1, 4 ),
 ( 0.08639786719078156041, 0.2127344428930934006, 1.000000000000000000 ),
 .UNSPECIFIED. ) ;
#1775 = CARTESIAN_POINT ( 'NONE',  ( -66.32660456607217725, 3.519685039370079149, 5.383348694571214565 ) ) ;
#1776 = LINE ( 'NONE', #243, #1010 ) ;
#1777 = ADVANCED_FACE ( 'NONE', ( #3291 ), #1435, .F. ) ;
#1778 = CARTESIAN_POINT ( 'NONE',  ( -65.20111544622896815, -1.803149606299212948, 5.780046572306657637 ) ) ;
#1779 = ADVANCED_FACE ( 'NONE', ( #1034 ), #3718, .T. ) ;
#1780 = ORIENTED_EDGE ( 'NONE', *, *, #3543, .F. ) ;
#1781 = CARTESIAN_POINT ( 'NONE',  ( -63.10648962523053029, 3.330708661417322247, 4.215993817325356829 ) ) ;
#1782 = EDGE_CURVE ( 'NONE', #1740, #1029, #3688, .T. ) ;
#1783 = CARTESIAN_POINT ( 'NONE',  ( -62.12598425196851082, -1.803149606299212948, 4.842519685039370358 ) ) ;
#1784 = CARTESIAN_POINT ( 'NONE',  ( -67.60643676162112570, -1.744094488188976610, 5.372418507584993286 ) ) ;
#1785 = DIRECTION ( 'NONE',  ( -0.9571956710508869870, 0.000000000000000000, 0.2894416129747796607 ) ) ;
#1786 = CARTESIAN_POINT ( 'NONE',  ( -64.29627097090472887, -1.803149606299212948, 4.595560993410113149 ) ) ;
#1787 = EDGE_CURVE ( 'NONE', #2313, #2388, #284, .T. ) ;
#1788 = CIRCLE ( 'NONE', #3538, 0.08858267716535768443 ) ;
#1789 = ORIENTED_EDGE ( 'NONE', *, *, #1669, .T. ) ;
#1790 = FACE_OUTER_BOUND ( 'NONE', #2986, .T. ) ;
#1791 = VECTOR ( 'NONE', #1536, 39.37007874015748143 ) ;
#1792 = DIRECTION ( 'NONE',  ( 0.9571956710508875421, 0.000000000000000000, -0.2894416129747776067 ) ) ;
#1793 = ORIENTED_EDGE ( 'NONE', *, *, #1626, .T. ) ;
#1794 = AXIS2_PLACEMENT_3D ( 'NONE', #1257, #4283, #3935 ) ;
#1795 = CARTESIAN_POINT ( 'NONE',  ( -65.20111544622896815, -1.992125984251968740, 5.780046572306657637 ) ) ;
#1796 = CIRCLE ( 'NONE', #4331, 0.4999999999999952260 ) ;
#1797 = AXIS2_PLACEMENT_3D ( 'NONE', #303, #1345, #3232 ) ;
#1798 = EDGE_CURVE ( 'NONE', #4770, #1884, #4455, .T. ) ;
#1799 = EDGE_CURVE ( 'NONE', #880, #3162, #4606, .T. ) ;
#1800 = B_SPLINE_CURVE_WITH_KNOTS ( 'NONE', 3,
 ( #3187, #3954, #2856, #2135, #1735, #558, #3585, #2506, #4698, #4739, #4320, #3931, #1395, #178, #1683, #2415, #528, #604 ),
 .UNSPECIFIED., .F., .F.,
 ( 4, 2, 2, 2, 2, 2, 2, 2, 4 ),
 ( 0.3196002891418269765, 0.3750000000000232037, 0.5000000000000217604, 0.6250000000000204281, 0.7500000000000190958, 0.8750000000000175415, 0.9375000000000170974, 0.9687500000000086597, 1.000000000000000000 ),
 .UNSPECIFIED. ) ;
#1801 = LINE ( 'NONE', #4177, #2281 ) ;
#1802 = LINE ( 'NONE', #4836, #930 ) ;
#1803 = VECTOR ( 'NONE', #317, 39.37007874015748143 ) ;
#1804 = LINE ( 'NONE', #3729, #4020 ) ;
#1805 = ORIENTED_EDGE ( 'NONE', *, *, #1709, .F. ) ;
#1806 = CARTESIAN_POINT ( 'NONE',  ( -66.82283464566930320, 3.269811023622047674, 5.303566818639225744 ) ) ;
#1807 = EDGE_CURVE ( 'NONE', #2458, #2799, #3060, .T. ) ;
#1808 = AXIS2_PLACEMENT_3D ( 'NONE', #2670, #368, #4197 ) ;
#1809 = CYLINDRICAL_SURFACE ( 'NONE', #3550, 0.4510000000000007336 ) ;
#1810 = DIRECTION ( 'NONE',  ( 0.000000000000000000, 1.000000000000000000, -0.000000000000000000 ) ) ;
#1811 = AXIS2_PLACEMENT_3D ( 'NONE', #1100, #3735, #4206 ) ;
#1812 = DIRECTION ( 'NONE',  ( 0.000000000000000000, 0.000000000000000000, 1.000000000000000000 ) ) ;
#1813 = CARTESIAN_POINT ( 'NONE',  ( -67.32283464566928899, 5.905511811023622215, 4.960629921259842590 ) ) ;
#1814 = FACE_OUTER_BOUND ( 'NONE', #3586, .T. ) ;
#1815 = ORIENTED_EDGE ( 'NONE', *, *, #1798, .F. ) ;
#1816 = EDGE_LOOP ( 'NONE', ( #2265, #3278, #1718, #3528, #3334, #159 ) ) ;
#1817 = EDGE_LOOP ( 'NONE', ( #1000, #4216, #977, #935 ) ) ;
#1818 = DIRECTION ( 'NONE',  ( 0.000000000000000000, 0.000000000000000000, 1.000000000000000000 ) ) ;
#1819 = PLANE ( 'NONE',  #975 ) ;
#1820 = DIRECTION ( 'NONE',  ( 0.000000000000000000, 0.000000000000000000, -1.000000000000000000 ) ) ;
#1821 = VERTEX_POINT ( 'NONE', #4611 ) ;
#1822 = DIRECTION ( 'NONE',  ( 0.000000000000000000, 0.000000000000000000, 1.000000000000000000 ) ) ;
#1823 = EDGE_LOOP ( 'NONE', ( #2808, #3565, #659, #2166 ) ) ;
#1824 = EDGE_CURVE ( 'NONE', #469, #3780, #3799, .T. ) ;
#1825 = DIRECTION ( 'NONE',  ( -0.000000000000000000, -1.000000000000000000, 0.000000000000000000 ) ) ;
#1826 = DATE_TIME_ROLE ( 'classification_date' ) ;
#1827 = CARTESIAN_POINT ( 'NONE',  ( -64.72966070175556297, 0.5209704070406842025, 4.610273892670670115 ) ) ;
#1828 = CARTESIAN_POINT ( 'NONE',  ( -62.95994845151290065, 3.519685039370079149, 5.022263593201440557 ) ) ;
#1829 = DIRECTION ( 'NONE',  ( -0.9571956710508875421, 6.162975822039154730E-33, 0.2894416129747776067 ) ) ;
#1830 = EDGE_CURVE ( 'NONE', #3453, #2877, #3849, .T. ) ;
#1831 = ORIENTED_EDGE ( 'NONE', *, *, #3606, .F. ) ;
#1832 = CARTESIAN_POINT ( 'NONE',  ( -63.39322505546024900, -1.992125984251968518, 5.139069716083800365 ) ) ;
#1833 = CARTESIAN_POINT ( 'NONE',  ( -66.41665143944878480, 3.330708661417322247, 5.405123307490336870 ) ) ;
#1834 = LINE ( 'NONE', #1471, #401 ) ;
#1835 = FACE_OUTER_BOUND ( 'NONE', #1201, .T. ) ;
#1836 = CARTESIAN_POINT ( 'NONE',  ( -65.24903709492606652, 3.457185039370079593, 5.787380921290246505 ) ) ;
#1837 = ORIENTED_EDGE ( 'NONE', *, *, #2642, .F. ) ;
#1838 = AXIS2_PLACEMENT_3D ( 'NONE', #1903, #4549, #4198 ) ;
#1839 = VECTOR ( 'NONE', #3798, 39.37007874015748143 ) ;
#1840 = EDGE_CURVE ( 'NONE', #132, #1174, #148, .T. ) ;
#1841 = ORIENTED_EDGE ( 'NONE', *, *, #3908, .T. ) ;
#1842 = EDGE_LOOP ( 'NONE', ( #3772, #1112 ) ) ;
#1843 = CARTESIAN_POINT ( 'NONE',  ( -43.60058544997311714, -1.992125984251968518, -28.01588700358453465 ) ) ;
#1844 = DIRECTION ( 'NONE',  ( -0.000000000000000000, 1.000000000000000000, -0.000000000000000000 ) ) ;
#1845 = EDGE_CURVE ( 'NONE', #1374, #1864, #4043, .T. ) ;
#1846 = ADVANCED_FACE ( 'NONE', ( #2283 ), #1168, .T. ) ;
#1847 = CARTESIAN_POINT ( 'NONE',  ( -66.41010653712929468, -1.744094488188989711, 5.184224544253130063 ) ) ;
#1848 = VERTEX_POINT ( 'NONE', #30 ) ;
#1849 = FACE_OUTER_BOUND ( 'NONE', #3721, .T. ) ;
#1850 = ORIENTED_EDGE ( 'NONE', *, *, #3746, .T. ) ;
#1851 = CARTESIAN_POINT ( 'NONE',  ( -66.41665143944878480, -1.992125984251968740, 5.405123307490336870 ) ) ;
#1852 = SECURITY_CLASSIFICATION_LEVEL ( 'unclassified' ) ;
#1853 = CC_DESIGN_PERSON_AND_ORGANIZATION_ASSIGNMENT ( #1693, #3247, ( #4672 ) ) ;
#1854 = DIRECTION ( 'NONE',  ( -0.000000000000000000, 1.000000000000000000, -0.000000000000000000 ) ) ;
#1855 = VERTEX_POINT ( 'NONE', #3809 ) ;
#1856 = CARTESIAN_POINT ( 'NONE',  ( -64.77489202239148369, -1.803149606299212948, 5.681553123715965548 ) ) ;
#1857 = ORIENTED_EDGE ( 'NONE', *, *, #719, .T. ) ;
#1858 = DIRECTION ( 'NONE',  ( 0.000000000000000000, 1.000000000000000000, -0.000000000000000000 ) ) ;
#1859 = CARTESIAN_POINT ( 'NONE',  ( -65.57091326672302500, 3.519685039370079149, 5.111629255494796631 ) ) ;
#1860 = DIRECTION ( 'NONE',  ( 0.000000000000000000, 0.000000000000000000, -1.000000000000000000 ) ) ;
#1861 = DIRECTION ( 'NONE',  ( 0.000000000000000000, 1.000000000000000000, -0.000000000000000000 ) ) ;
#1862 = EDGE_LOOP ( 'NONE', ( #779, #2631, #2721, #4115 ) ) ;
#1863 = LOCAL_TIME ( 12, 14, 36.00000000000000000, #3724 ) ;
#1864 = VERTEX_POINT ( 'NONE', #410 ) ;
#1865 = CARTESIAN_POINT ( 'NONE',  ( -63.08311475323797168, 3.330708661417323135, 4.211722312989519601 ) ) ;
#1866 = CARTESIAN_POINT ( 'NONE',  ( -65.01789339918893518, -1.803149606299210728, 4.880658391575403598 ) ) ;
#1867 = EDGE_CURVE ( 'NONE', #3814, #800, #2444, .T. ) ;
#1868 = CIRCLE ( 'NONE', #2103, 0.4999999999999952260 ) ;
#1869 = ADVANCED_FACE ( 'NONE', ( #1956 ), #4226, .F. ) ;
#1870 = DIRECTION ( 'NONE',  ( 0.2894416129747777733, 0.000000000000000000, 0.9571956710508874311 ) ) ;
#1871 = ORIENTED_EDGE ( 'NONE', *, *, #756, .T. ) ;
#1872 = DIRECTION ( 'NONE',  ( 1.000000000000000000, 0.000000000000000000, 0.000000000000000000 ) ) ;
#1873 = ORIENTED_EDGE ( 'NONE', *, *, #2401, .T. ) ;
#1874 = ORIENTED_EDGE ( 'NONE', *, *, #3239, .F. ) ;
#1875 = CYLINDRICAL_SURFACE ( 'NONE', #1404, 0.08858267716535768443 ) ;
#1876 = CARTESIAN_POINT ( 'NONE',  ( -66.46093454138322443, -1.992125984251968740, 5.414312152718921745 ) ) ;
#1877 = COORDINATED_UNIVERSAL_TIME_OFFSET ( 6, 0, .BEHIND. ) ;
#1878 = EDGE_CURVE ( 'NONE', #2411, #979, #2596, .T. ) ;
#1879 = CIRCLE ( 'NONE', #1885, 0.03937007874015751446 ) ;
#1880 = DIRECTION ( 'NONE',  ( 0.000000000000000000, 0.000000000000000000, -1.000000000000000000 ) ) ;
#1881 = ORIENTED_EDGE ( 'NONE', *, *, #1807, .T. ) ;
#1882 = CARTESIAN_POINT ( 'NONE',  ( -66.44139231819696079, 3.322619936869834589, 5.218720992674913184 ) ) ;
#1883 = VECTOR ( 'NONE', #1128, 39.37007874015748143 ) ;
#1884 = VERTEX_POINT ( 'NONE', #1240 ) ;
#1885 = AXIS2_PLACEMENT_3D ( 'NONE', #2895, #4407, #2529 ) ;
#1886 = CARTESIAN_POINT ( 'NONE',  ( -41.67228972390969943, 30.73130679842747881, -2.296120192400195048 ) ) ;
#1887 =( BOUNDED_CURVE ( )  B_SPLINE_CURVE ( 3, ( #3492, #3066, #4624, #2645 ),
 .UNSPECIFIED., .F., .F. ) 
 B_SPLINE_CURVE_WITH_KNOTS ( ( 4, 4 ),
 ( 0.6645883753507141334, 1.570796326794896558 ),
 .UNSPECIFIED. ) 
 CURVE ( )  GEOMETRIC_REPRESENTATION_ITEM ( )  RATIONAL_B_SPLINE_CURVE ( ( 1.000000000000000000, 0.9327284295420726901, 0.9327284295420726901, 1.000000000000000000 ) ) 
 REPRESENTATION_ITEM ( '' )  );
#1888 = AXIS2_PLACEMENT_3D ( 'NONE', #1557, #4637, #2331 ) ;
#1889 = CARTESIAN_POINT ( 'NONE',  ( -62.12598425196851082, 3.330708661417323135, 4.931102362204727640 ) ) ;
#1890 = CARTESIAN_POINT ( 'NONE',  ( -66.57656029100523654, -1.992125984251968740, 5.717889328487624212 ) ) ;
#1891 = DIRECTION ( 'NONE',  ( -0.000000000000000000, 1.000000000000000000, -0.000000000000000000 ) ) ;
#1892 = ORIENTED_EDGE ( 'NONE', *, *, #3606, .T. ) ;
#1893 = AXIS2_PLACEMENT_3D ( 'NONE', #2173, #2200, #1402 ) ;
#1894 = LOCAL_TIME ( 12, 14, 36.00000000000000000, #1746 ) ;
#1895 = ORIENTED_EDGE ( 'NONE', *, *, #2172, .T. ) ;
#1896 = CARTESIAN_POINT ( 'NONE',  ( -61.45669291338582951, 3.519685039370079149, 3.858267716535433323 ) ) ;
#1897 = CARTESIAN_POINT ( 'NONE',  ( -65.23911612825777695, -1.803149606299210728, 4.973191793173985076 ) ) ;
#1898 = ORIENTED_EDGE ( 'NONE', *, *, #4316, .F. ) ;
#1899 = FACE_OUTER_BOUND ( 'NONE', #4032, .T. ) ;
#1900 = EDGE_LOOP ( 'NONE', ( #2397, #951, #626, #3310 ) ) ;
#1901 = ORIENTED_EDGE ( 'NONE', *, *, #86, .F. ) ;
#1902 = FACE_OUTER_BOUND ( 'NONE', #2404, .T. ) ;
#1903 = CARTESIAN_POINT ( 'NONE',  ( -63.39322505546024900, 3.394685039370079149, 5.139069716083803030 ) ) ;
#1904 = CIRCLE ( 'NONE', #4679, 0.3937007874015729936 ) ;
#1905 = DIRECTION ( 'NONE',  ( 0.000000000000000000, 0.000000000000000000, 1.000000000000000000 ) ) ;
#1906 = DIRECTION ( 'NONE',  ( 0.000000000000000000, -1.000000000000000000, 0.000000000000000000 ) ) ;
#1907 = PLANE ( 'NONE',  #4808 ) ;
#1908 = CARTESIAN_POINT ( 'NONE',  ( -63.11327752984468731, 3.269811023622047674, 3.858267716535433323 ) ) ;
#1909 = CARTESIAN_POINT ( 'NONE',  ( -66.51849118917051840, 3.519685039370079149, 5.423325687096278713 ) ) ;
#1910 = DIRECTION ( 'NONE',  ( -0.000000000000000000, -1.000000000000000000, -0.000000000000000000 ) ) ;
#1911 = CYLINDRICAL_SURFACE ( 'NONE', #2613, 0.1968503937007843041 ) ;
#1912 = CARTESIAN_POINT ( 'NONE',  ( -61.45669291338582951, 3.330708661417323135, 3.769685039370075597 ) ) ;
#1913 = ORIENTED_EDGE ( 'NONE', *, *, #606, .F. ) ;
#1914 = EDGE_CURVE ( 'NONE', #672, #2510, #3084, .T. ) ;
#1915 = VERTEX_POINT ( 'NONE', #4556 ) ;
#1916 = CARTESIAN_POINT ( 'NONE',  ( -65.23911612825777695, 3.330708661417323135, 4.973191793173985076 ) ) ;
#1917 = CARTESIAN_POINT ( 'NONE',  ( -66.54475095209032531, -1.992125984251968518, 5.426830934313483290 ) ) ;
#1918 = CIRCLE ( 'NONE', #2556, 0.03937007874015751446 ) ;
#1919 = ORIENTED_EDGE ( 'NONE', *, *, #2961, .F. ) ;
#1920 = PLANE ( 'NONE',  #933 ) ;
#1921 = ORIENTED_EDGE ( 'NONE', *, *, #3938, .T. ) ;
#1922 = CARTESIAN_POINT ( 'NONE',  ( -66.46093454138322443, 3.519685039370079149, 5.414312152718921745 ) ) ;
#1923 = FACE_OUTER_BOUND ( 'NONE', #1195, .T. ) ;
#1924 = VECTOR ( 'NONE', #2664, 39.37007874015748854 ) ;
#1925 = CARTESIAN_POINT ( 'NONE',  ( -67.36673810313054389, -1.992125984251968296, 5.594323815215162199 ) ) ;
#1926 = ORIENTED_EDGE ( 'NONE', *, *, #3725, .F. ) ;
#1927 = PLANE ( 'NONE',  #3926 ) ;
#1928 = DIRECTION ( 'NONE',  ( -0.000000000000000000, -1.000000000000000000, 0.000000000000000000 ) ) ;
#1929 = EDGE_CURVE ( 'NONE', #2828, #4184, #2044, .T. ) ;
#1930 = ADVANCED_FACE ( 'NONE', ( #3107 ), #1214, .T. ) ;
#1931 = EDGE_CURVE ( 'NONE', #959, #672, #4409, .T. ) ;
#1932 = CARTESIAN_POINT ( 'NONE',  ( -64.90859838036783458, 3.519685039370079149, 4.835443776639679392 ) ) ;
#1933 = EDGE_CURVE ( 'NONE', #2799, #866, #1008, .T. ) ;
#1934 = CARTESIAN_POINT ( 'NONE',  ( -67.32283464566928899, 5.905511811023622215, 4.509629921259842078 ) ) ;
#1935 = CARTESIAN_POINT ( 'NONE',  ( -4.110208662330160578, 3.330708661417323135, -13.59263410075429412 ) ) ;
#1936 = ORIENTED_EDGE ( 'NONE', *, *, #4510, .F. ) ;
#1937 = ORIENTED_EDGE ( 'NONE', *, *, #92, .T. ) ;
#1938 = AXIS2_PLACEMENT_3D ( 'NONE', #973, #2079, #3258 ) ;
#1939 = VERTEX_POINT ( 'NONE', #4379 ) ;
#1940 = CARTESIAN_POINT ( 'NONE',  ( -64.95083226757556361, -1.803149606299212948, 4.852918309000468611 ) ) ;
#1941 = CARTESIAN_POINT ( 'NONE',  ( -65.99280450103626094, -1.992125984251968740, 5.277067812005676650 ) ) ;
#1942 = CC_DESIGN_PERSON_AND_ORGANIZATION_ASSIGNMENT ( #4130, #2574, ( #598 ) ) ;
#1943 = ORIENTED_EDGE ( 'NONE', *, *, #3572, .T. ) ;
#1944 = CARTESIAN_POINT ( 'NONE',  ( -67.32283464566928899, -2.051181102362205078, 4.960629921259842590 ) ) ;
#1945 = ORIENTED_EDGE ( 'NONE', *, *, #3394, .F. ) ;
#1946 = CARTESIAN_POINT ( 'NONE',  ( -66.47349747549031918, 3.322619936869831925, 5.112547877953242725 ) ) ;
#1947 = FACE_OUTER_BOUND ( 'NONE', #3112, .T. ) ;
#1948 = CARTESIAN_POINT ( 'NONE',  ( -66.77699871453540936, -1.992125984251968518, 5.054573644987114811 ) ) ;
#1949 = AXIS2_PLACEMENT_3D ( 'NONE', #354, #1861, #3779 ) ;
#1950 = CARTESIAN_POINT ( 'NONE',  ( -62.39052523158989771, 3.519685039370079149, 4.391371762555865033 ) ) ;
#1951 = DIRECTION ( 'NONE',  ( 0.000000000000000000, 0.000000000000000000, 1.000000000000000000 ) ) ;
#1952 = APPROVAL_STATUS ( 'not_yet_approved' ) ;
#1953 = AXIS2_PLACEMENT_3D ( 'NONE', #3995, #2453, #1696 ) ;
#1954 = EDGE_CURVE ( 'NONE', #785, #310, #4797, .T. ) ;
#1955 = CARTESIAN_POINT ( 'NONE',  ( -64.33733906388256685, -1.803149606299212726, 4.653045935957352164 ) ) ;
#1956 = FACE_OUTER_BOUND ( 'NONE', #2770, .T. ) ;
#1957 = AXIS2_PLACEMENT_3D ( 'NONE', #4323, #4683, #2377 ) ;
#1958 = DIRECTION ( 'NONE',  ( -0.5903362311909546856, -0.7871707152048010858, 0.1785088212588430978 ) ) ;
#1959 = VECTOR ( 'NONE', #3404, 39.37007874015748143 ) ;
#1960 = CARTESIAN_POINT ( 'NONE',  ( -64.53207412346139904, -1.742251968503937265, 5.933659598763447285 ) ) ;
#1961 = ORIENTED_EDGE ( 'NONE', *, *, #2099, .F. ) ;
#1962 = EDGE_CURVE ( 'NONE', #3095, #1174, #4570, .T. ) ;
#1963 = CIRCLE ( 'NONE', #1797, 0.1504569830859232848 ) ;
#1964 = DIRECTION ( 'NONE',  ( 0.2894416129747701127, 0.000000000000000000, 0.9571956710508898736 ) ) ;
#1965 = ORIENTED_EDGE ( 'NONE', *, *, #70, .F. ) ;
#1966 = DIRECTION ( 'NONE',  ( 0.000000000000000000, 1.000000000000000000, 0.000000000000000000 ) ) ;
#1967 = CARTESIAN_POINT ( 'NONE',  ( -66.28086995732653008, -1.803149606299210728, 5.370740800000248782 ) ) ;
#1968 = ORIENTED_EDGE ( 'NONE', *, *, #3099, .T. ) ;
#1969 = ORIENTED_EDGE ( 'NONE', *, *, #909, .F. ) ;
#1970 = CARTESIAN_POINT ( 'NONE',  ( -66.77220858830405348, -1.992125984251968518, 5.057343777742002722 ) ) ;
#1971 = ORIENTED_EDGE ( 'NONE', *, *, #2364, .T. ) ;
#1972 = FACE_OUTER_BOUND ( 'NONE', #2206, .T. ) ;
#1973 = CYLINDRICAL_SURFACE ( 'NONE', #340, 0.1574803149606245900 ) ;
#1974 = B_SPLINE_CURVE_WITH_KNOTS ( 'NONE', 3,
 ( #4457, #686, #3720, #1508, #3118 ),
 .UNSPECIFIED., .F., .F.,
 ( 4, 1, 4 ),
 ( 0.08639786719078565436, 0.2127344428930933729, 1.000000000000000000 ),
 .UNSPECIFIED. ) ;
#1975 = LINE ( 'NONE', #3100, #2212 ) ;
#1976 = DIRECTION ( 'NONE',  ( -0.5405792589364953882, 0.000000000000000000, 0.8412930909068905283 ) ) ;
#1977 = CARTESIAN_POINT ( 'NONE',  ( -61.45669291338582951, -1.992125984251968518, 3.661417322834648935 ) ) ;
#1978 = PERSON_AND_ORGANIZATION_ROLE ( 'design_owner' ) ;
#1979 = CYLINDRICAL_SURFACE ( 'NONE', #3156, 0.05905511811023512331 ) ;
#1980 = CARTESIAN_POINT ( 'NONE',  ( -64.35118467964682054, 3.394685039370079149, 4.616190786736175333 ) ) ;
#1981 = FACE_BOUND ( 'NONE', #1706, .T. ) ;
#1982 = FACE_OUTER_BOUND ( 'NONE', #2303, .T. ) ;
#1983 = VERTEX_POINT ( 'NONE', #1266 ) ;
#1984 = DIRECTION ( 'NONE',  ( -0.000000000000000000, 1.000000000000000000, -0.000000000000000000 ) ) ;
#1985 = ORIENTED_EDGE ( 'NONE', *, *, #4118, .T. ) ;
#1986 = ORIENTED_EDGE ( 'NONE', *, *, #4632, .F. ) ;
#1987 = CARTESIAN_POINT ( 'NONE',  ( -64.35118467964682054, -1.992125984251968740, 4.616190786736179774 ) ) ;
#1988 = CARTESIAN_POINT ( 'NONE',  ( -66.46093454138322443, -1.992125984251968740, 5.414312152718921745 ) ) ;
#1989 = EDGE_CURVE ( 'NONE', #1373, #2650, #965, .T. ) ;
#1990 = VERTEX_POINT ( 'NONE', #941 ) ;
#1991 = CYLINDRICAL_SURFACE ( 'NONE', #3395, 0.3937007874015729936 ) ;
#1992 = ORIENTED_EDGE ( 'NONE', *, *, #4833, .F. ) ;
#1993 = CARTESIAN_POINT ( 'NONE',  ( -65.65451775345520957, 3.330708661417323135, 5.834537345213326454 ) ) ;
#1994 = AXIS2_PLACEMENT_3D ( 'NONE', #677, #2189, #1812 ) ;
#1995 = EDGE_CURVE ( 'NONE', #2046, #4522, #1715, .T. ) ;
#1996 = CARTESIAN_POINT ( 'NONE',  ( -66.78979607358283488, -1.995199453227145536, 5.044883457061562382 ) ) ;
#1997 = VERTEX_POINT ( 'NONE', #3577 ) ;
#1998 = AXIS2_PLACEMENT_3D ( 'NONE', #4093, #4897, #4122 ) ;
#1999 = LINE ( 'NONE', #96, #1752 ) ;
#2000 = CARTESIAN_POINT ( 'NONE',  ( -41.21798801240627341, -30.34452827252707507, -2.499303253106556433 ) ) ;
#2001 = CARTESIAN_POINT ( 'NONE',  ( 0.000000000000000000, 0.000000000000000000, 0.000000000000000000 ) ) ;
#2002 = DIRECTION ( 'NONE',  ( 6.617444900424219930E-24, -1.000000000000000000, -1.323488980084843986E-23 ) ) ;
#2003 = CARTESIAN_POINT ( 'NONE',  ( -64.34855752121475803, -3.621238344103700602, 4.690783838854724941 ) ) ;
#2004 = FACE_BOUND ( 'NONE', #1710, .T. ) ;
#2005 = CYLINDRICAL_SURFACE ( 'NONE', #690, 0.05905511811023705232 ) ;
#2006 = VERTEX_POINT ( 'NONE', #2452 ) ;
#2007 = CARTESIAN_POINT ( 'NONE',  ( -62.52074987758508229, -1.992125984251968740, 4.302819003279124921 ) ) ;
#2008 = ORIENTED_EDGE ( 'NONE', *, *, #26, .T. ) ;
#2009 = ORIENTED_EDGE ( 'NONE', *, *, #54, .F. ) ;
#2010 = CARTESIAN_POINT ( 'NONE',  ( -64.24232630027363200, -1.992125984251968740, 4.575587187297031733 ) ) ;
#2011 = FACE_OUTER_BOUND ( 'NONE', #3292, .T. ) ;
#2012 = ADVANCED_FACE ( 'NONE', ( #549 ), #3200, .T. ) ;
#2013 = CIRCLE ( 'NONE', #1415, 0.3937007874015751585 ) ;
#2014 = ORIENTED_EDGE ( 'NONE', *, *, #1089, .T. ) ;
#2015 = CARTESIAN_POINT ( 'NONE',  ( -62.12598425196851082, 3.330708661417323135, 4.842519685039370358 ) ) ;
#2016 = VERTEX_POINT ( 'NONE', #2029 ) ;
#2017 = ORIENTED_EDGE ( 'NONE', *, *, #1250, .F. ) ;
#2018 = DIRECTION ( 'NONE',  ( 0.000000000000000000, -1.000000000000000000, 0.000000000000000000 ) ) ;
#2019 = CARTESIAN_POINT ( 'NONE',  ( -64.73874076253984811, 3.330708661417323135, 5.670639326741962805 ) ) ;
#2020 = ADVANCED_FACE ( 'NONE', ( #989 ), #149, .F. ) ;
#2021 = LOCAL_TIME ( 12, 14, 36.00000000000000000, #2627 ) ;
#2022 = CARTESIAN_POINT ( 'NONE',  ( -66.82283464566928899, -2.045136197675629486, 4.969682344334402480 ) ) ;
#2023 = DIRECTION ( 'NONE',  ( 6.617444900424219930E-24, -1.000000000000000000, -1.323488980084843986E-23 ) ) ;
#2024 = PERSON ( 'UNSPECIFIED', 'UNSPECIFIED', 'UNSPECIFIED', ('UNSPECIFIED'), ('UNSPECIFIED'), ('UNSPECIFIED') ) ;
#2025 = DIRECTION ( 'NONE',  ( -0.7534764009720676947, -0.6167351661158620990, 0.2278399614953874608 ) ) ;
#2027 = EDGE_CURVE ( 'NONE', #9, #1398, #697, .T. ) ;
#2026 = DIRECTION ( 'NONE',  ( 0.000000000000000000, 0.000000000000000000, 1.000000000000000000 ) ) ;
#2028 = AXIS2_PLACEMENT_3D ( 'NONE', #3431, #848, #891 ) ;
#2029 = CARTESIAN_POINT ( 'NONE',  ( -67.46585964989850481, 3.519685039370079149, 5.501080171745940106 ) ) ;
#2030 = DIRECTION ( 'NONE',  ( -0.000000000000000000, -1.000000000000000000, -0.000000000000000000 ) ) ;
#2031 = ORIENTED_EDGE ( 'NONE', *, *, #725, .T. ) ;
#2032 = CIRCLE ( 'NONE', #3228, 0.1574803149606245900 ) ;
#2033 = AXIS2_PLACEMENT_3D ( 'NONE', #4084, #2187, #3655 ) ;
#2034 = DIRECTION ( 'NONE',  ( 0.000000000000000000, 0.000000000000000000, -1.000000000000000000 ) ) ;
#2035 = ORIENTED_EDGE ( 'NONE', *, *, #573, .F. ) ;
#2036 = CARTESIAN_POINT ( 'NONE',  ( -66.51849118917051840, -1.803149606299212948, 5.423325687096277825 ) ) ;
#2037 = CARTESIAN_POINT ( 'NONE',  ( -62.67587598259717652, -1.707673120111266707, 4.055049238083142882 ) ) ;
#2038 = EDGE_LOOP ( 'NONE', ( #1498, #2428, #2346, #2461 ) ) ;
#2039 = ORIENTED_EDGE ( 'NONE', *, *, #4545, .F. ) ;
#2040 = ORIENTED_EDGE ( 'NONE', *, *, #4644, .F. ) ;
#2041 = DIRECTION ( 'NONE',  ( -0.000000000000000000, 1.000000000000000000, -0.000000000000000000 ) ) ;
#2042 = EDGE_CURVE ( 'NONE', #2016, #2192, #2129, .T. ) ;
#2043 = DIRECTION ( 'NONE',  ( -4.440892098500696213E-14, 0.000000000000000000, 1.000000000000000000 ) ) ;
#2044 = CIRCLE ( 'NONE', #4428, 0.5590551181102314526 ) ;
#2045 = FACE_OUTER_BOUND ( 'NONE', #3802, .T. ) ;
#2046 = VERTEX_POINT ( 'NONE', #4690 ) ;
#2047 = LOCAL_TIME ( 12, 14, 36.00000000000000000, #1237 ) ;
#2048 = DIRECTION ( 'NONE',  ( -0.9571956710508893185, 0.000000000000000000, 0.2894416129747718336 ) ) ;
#2049 = DATE_TIME_ROLE ( 'creation_date' ) ;
#2050 = FACE_OUTER_BOUND ( 'NONE', #4693, .T. ) ;
#2051 = DIRECTION ( 'NONE',  ( 0.2849488162373894906, 1.457184053940610770E-23, -0.9585427335935057247 ) ) ;
#2052 = CARTESIAN_POINT ( 'NONE',  ( -67.60643676162111149, 3.269811023622047674, 5.372418507584971081 ) ) ;
#2053 = ORIENTED_EDGE ( 'NONE', *, *, #1302, .F. ) ;
#2054 = VECTOR ( 'NONE', #1958, 39.37007874015748854 ) ;
#2055 = CARTESIAN_POINT ( 'NONE',  ( -67.32283464566928899, 5.905511811023622215, 5.460629921259838149 ) ) ;
#2056 = ORIENTED_EDGE ( 'NONE', *, *, #2142, .T. ) ;
#2057 = CARTESIAN_POINT ( 'NONE',  ( -64.79989812990550035, 3.519685039370079149, 4.976195091257908487 ) ) ;
#2058 = CARTESIAN_POINT ( 'NONE',  ( -67.32283464566928899, 5.905511811023622215, 4.960629921259842590 ) ) ;
#2059 = EDGE_LOOP ( 'NONE', ( #3784, #1789, #4740, #2062 ) ) ;
#2060 = APPROVAL ( #1952, 'UNSPECIFIED' ) ;
#2061 = EDGE_LOOP ( 'NONE', ( #2951, #2864, #3274, #2484 ) ) ;
#2062 = ORIENTED_EDGE ( 'NONE', *, *, #3072, .F. ) ;
#2063 = FACE_OUTER_BOUND ( 'NONE', #713, .T. ) ;
#2064 = CARTESIAN_POINT ( 'NONE',  ( -64.89649242478479607, 3.394685039370079593, 4.908034645387255424 ) ) ;
#2065 =( BOUNDED_CURVE ( )  B_SPLINE_CURVE ( 3, ( #1212, #4634, #3075, #2330 ),
 .UNSPECIFIED., .F., .F. ) 
 B_SPLINE_CURVE_WITH_KNOTS ( ( 4, 4 ),
 ( 1.570796326795170339, 2.235384702145664093 ),
 .UNSPECIFIED. ) 
 CURVE ( )  GEOMETRIC_REPRESENTATION_ITEM ( )  RATIONAL_B_SPLINE_CURVE ( ( 1.000000000000000000, 0.9635309593391101490, 0.9635309593391101490, 1.000000000000000000 ) ) 
 REPRESENTATION_ITEM ( '' )  );
#2066 = CARTESIAN_POINT ( 'NONE',  ( -63.82098822681376760, -1.992125984251968740, 4.425448902450098920 ) ) ;
#2067 = ORIENTED_EDGE ( 'NONE', *, *, #2394, .F. ) ;
#2069 = EDGE_CURVE ( 'NONE', #2510, #2828, #3973, .T. ) ;
#2068 = PERSON_AND_ORGANIZATION ( #2024, #4204 ) ;
#2070 = PLANE ( 'NONE',  #4311 ) ;
#2071 =( REPRESENTATION_RELATIONSHIP ('NONE','NONE', #2928, #2395 ) REPRESENTATION_RELATIONSHIP_WITH_TRANSFORMATION ( #2180 )SHAPE_REPRESENTATION_RELATIONSHIP( ) );
#2072 = DIRECTION ( 'NONE',  ( -0.9571956710508893185, 0.000000000000000000, 0.2894416129747718336 ) ) ;
#2073 = DIRECTION ( 'NONE',  ( 0.8269265020695217849, 0.000000000000000000, 0.5623100214072885850 ) ) ;
#2074 = CARTESIAN_POINT ( 'NONE',  ( -61.96320344447453010, -1.803149606299212726, 4.953210634135290391 ) ) ;
#2075 = ORIENTED_EDGE ( 'NONE', *, *, #1153, .T. ) ;
#2076 = EDGE_CURVE ( 'NONE', #3506, #4045, #266, .T. ) ;
#2077 = DIRECTION ( 'NONE',  ( -0.000000000000000000, 1.000000000000000000, -0.000000000000000000 ) ) ;
#2078 = AXIS2_PLACEMENT_3D ( 'NONE', #2058, #2460, #1759 ) ;
#2079 = DIRECTION ( 'NONE',  ( -0.2894416129747778843, 2.858594813810741272E-17, -0.9571956710508875421 ) ) ;
#2080 = FACE_OUTER_BOUND ( 'NONE', #3654, .T. ) ;
#2081 = CARTESIAN_POINT ( 'NONE',  ( -66.57656029100523654, 3.330708661417323135, 5.717889328487624212 ) ) ;
#2082 = VERTEX_POINT ( 'NONE', #3838 ) ;
#2083 = ORIENTED_EDGE ( 'NONE', *, *, #3459, .T. ) ;
#2084 = LINE ( 'NONE', #208, #4892 ) ;
#2085 = CARTESIAN_POINT ( 'NONE',  ( -0.4359553805146830219, -1.992125984251968518, -3.642766470198991691 ) ) ;
#2086 = CIRCLE ( 'NONE', #2337, 0.1574803149606245900 ) ;
#2087 = CARTESIAN_POINT ( 'NONE',  ( -67.58426244009653772, -2.032665977966153115, 5.390197440055072065 ) ) ;
#2088 = ORIENTED_EDGE ( 'NONE', *, *, #3270, .F. ) ;
#2089 = CARTESIAN_POINT ( 'NONE',  ( -64.69406355222159277, -1.803149606299212948, 5.656388610341218204 ) ) ;
#2090 = LINE ( 'NONE', #2918, #3903 ) ;
#2091 = PRODUCT_DEFINITION_SHAPE ( 'NONE', 'NONE',  #4907 ) ;
#2092 = CC_DESIGN_SECURITY_CLASSIFICATION ( #598, ( #759 ) ) ;
#2093 = CALENDAR_DATE ( 2026, 16, 9 ) ;
#2094 = CARTESIAN_POINT ( 'NONE',  ( -65.70625982590092917, -1.992125984251968518, 5.439965768613910235 ) ) ;
#2095 = CARTESIAN_POINT ( 'NONE',  ( -67.59550311848978765, 3.281792487393711433, 5.380656802916727877 ) ) ;
#2096 = DIRECTION ( 'NONE',  ( 0.5405792589364625256, 0.000000000000000000, -0.8412930909069115115 ) ) ;
#2097 = DIRECTION ( 'NONE',  ( 1.000000000000000000, 0.000000000000000000, 0.000000000000000000 ) ) ;
#2098 = ORIENTED_EDGE ( 'NONE', *, *, #1147, .F. ) ;
#2099 = EDGE_CURVE ( 'NONE', #2314, #3067, #4548, .T. ) ;
#2100 = CARTESIAN_POINT ( 'NONE',  ( -66.01183255283022788, 3.271653543307087020, 5.063792465517493291 ) ) ;
#2101 = FACE_OUTER_BOUND ( 'NONE', #2740, .T. ) ;
#2102 = FACE_OUTER_BOUND ( 'NONE', #2374, .T. ) ;
#2103 = AXIS2_PLACEMENT_3D ( 'NONE', #1813, #1101, #2560 ) ;
#2104 = EDGE_LOOP ( 'NONE', ( #2662, #1105, #4775, #3463 ) ) ;
#2105 = CARTESIAN_POINT ( 'NONE',  ( -41.92783766834041614, 30.92555409484217677, -2.284655364908741326 ) ) ;
#2106 = EDGE_CURVE ( 'NONE', #3796, #1304, #4551, .T. ) ;
#2107 = ORIENTED_EDGE ( 'NONE', *, *, #355, .T. ) ;
#2108 = AXIS2_PLACEMENT_3D ( 'NONE', #2530, #966, #4381 ) ;
#2109 = EDGE_LOOP ( 'NONE', ( #1149, #4721 ) ) ;
#2110 = ORIENTED_EDGE ( 'NONE', *, *, #2603, .F. ) ;
#2111 = CARTESIAN_POINT ( 'NONE',  ( -62.12598425196851082, 3.330708661417323135, 4.842519685039370358 ) ) ;
#2112 = AXIS2_PLACEMENT_3D ( 'NONE', #3288, #2883, #4722 ) ;
#2113 = DIRECTION ( 'NONE',  ( -0.9571956710508875421, 6.162975822039154730E-33, 0.2894416129747776067 ) ) ;
#2114 = CIRCLE ( 'NONE', #2033, 0.4999999999999952260 ) ;
#2115 = CARTESIAN_POINT ( 'NONE',  ( -64.35118467964682054, -1.803149606299212948, 4.616190786736182439 ) ) ;
#2116 = VERTEX_POINT ( 'NONE', #1113 ) ;
#2117 = DIRECTION ( 'NONE',  ( 0.000000000000000000, 1.000000000000000000, 0.000000000000000000 ) ) ;
#2118 = ORIENTED_EDGE ( 'NONE', *, *, #3732, .T. ) ;
#2119 = DIRECTION ( 'NONE',  ( 2.290736248633313485E-23, -1.000000000000000000, -8.392338112716923843E-24 ) ) ;
#2120 = CIRCLE ( 'NONE', #4124, 0.03937007874015751446 ) ;
#2121 = EDGE_CURVE ( 'NONE', #1181, #4717, #3672, .T. ) ;
#2122 = PERSON_AND_ORGANIZATION_ROLE ( 'creator' ) ;
#2123 = DIRECTION ( 'NONE',  ( -0.000000000000000000, -1.000000000000000000, 0.000000000000000000 ) ) ;
#2124 = CARTESIAN_POINT ( 'NONE',  ( -67.52631627045229834, 3.530630490297200996, 5.443828205020627919 ) ) ;
#2125 = CARTESIAN_POINT ( 'NONE',  ( -6.539709911713398327, -1.803149606299212726, 21.99900844809932465 ) ) ;
#2126 = CARTESIAN_POINT ( 'NONE',  ( -62.72037262044985084, -1.744094488188976610, 4.068504353919480288 ) ) ;
#2127 = ORIENTED_EDGE ( 'NONE', *, *, #4219, .T. ) ;
#2128 = AXIS2_PLACEMENT_3D ( 'NONE', #749, #2708, #3778 ) ;
#2129 = B_SPLINE_CURVE_WITH_KNOTS ( 'NONE', 3,
 ( #3177, #1312, #4291, #4312, #2124, #1748, #913, #2408, #1291, #2425, #3921, #3598, #192, #1695 ),
 .UNSPECIFIED., .F., .F.,
 ( 4, 2, 2, 2, 2, 2, 4 ),
 ( 3.002224531865041098E-16, 0.001279102324568640254, 0.002558204649136979966, 0.003837306973705319896, 0.004476858135989498534, 0.004796633717131355834, 0.005116409298273213134 ),
 .UNSPECIFIED. ) ;
#2130 = CARTESIAN_POINT ( 'NONE',  ( -63.12142759347489829, 3.519685039370079149, 4.219017299229278706 ) ) ;
#2131 = CARTESIAN_POINT ( 'NONE',  ( -66.80891195778433200, 3.314250023524722977, 5.021786921463879061 ) ) ;
#2132 = FACE_BOUND ( 'NONE', #174, .T. ) ;
#2133 = CARTESIAN_POINT ( 'NONE',  ( -64.35607147748505952, 1.146797207463417401, 4.497306115095855539 ) ) ;
#2134 = AXIS2_PLACEMENT_3D ( 'NONE', #1832, #1858, #351 ) ;
#2135 = CARTESIAN_POINT ( 'NONE',  ( -66.24798989115039660, 3.330708661417323135, 5.807206170900101050 ) ) ;
#2136 = ORIENTED_EDGE ( 'NONE', *, *, #2042, .F. ) ;
#2137 = VERTEX_POINT ( 'NONE', #762 ) ;
#2138 = B_SPLINE_SURFACE_WITH_KNOTS ( 'NONE', 3, 1, ( 
 ( #513, #4602 ),
 ( #4628, #2323 ),
 ( #4218, #906 ),
 ( #4657, #1184 ),
 ( #2773, #2724 ),
 ( #2019, #1258 ),
 ( #1552, #2701 ),
 ( #141, #4259 ),
 ( #3069, #1285 ),
 ( #3171, #4306 ),
 ( #2419, #3466 ),
 ( #1993, #1597 ),
 ( #3123, #3516 ),
 ( #3839, #3537 ),
 ( #4577, #3495 ),
 ( #1230, #2789 ),
 ( #1575, #4240 ),
 ( #3864, #3936 ) ),
 .UNSPECIFIED., .F., .F., .F.,
 ( 4, 2, 2, 2, 2, 2, 2, 2, 4 ),
 ( 2, 2 ),
 ( 0.000000000000000000, 0.03124999999999143740, 0.06249999999998287481, 0.1249999999999824030, 0.2499999999999810152, 0.3749999999999796274, 0.4999999999999782396, 0.6249999999999767963, 0.6803997108624949552 ),
 ( 0.000000000000000000, 1.000000000000000000 ),
 .UNSPECIFIED. ) ;
#2139 = VERTEX_POINT ( 'NONE', #3768 ) ;
#2140 = CARTESIAN_POINT ( 'NONE',  ( -66.46093454138322443, 3.330708661417323135, 5.414312152718921745 ) ) ;
#2141 = DIRECTION ( 'NONE',  ( -2.220446049250311314E-13, 0.000000000000000000, 1.000000000000000000 ) ) ;
#2142 = EDGE_CURVE ( 'NONE', #4733, #14, #1326, .T. ) ;
#2143 = ADVANCED_FACE ( 'NONE', ( #3797 ), #4810, .F. ) ;
#2144 = EDGE_CURVE ( 'NONE', #1194, #2650, #1418, .T. ) ;
#2145 = ADVANCED_FACE ( 'NONE', ( #2647 ), #1875, .F. ) ;
#2146 = DIRECTION ( 'NONE',  ( -0.000000000000000000, -1.000000000000000000, 0.000000000000000000 ) ) ;
#2147 = ORIENTED_EDGE ( 'NONE', *, *, #1234, .F. ) ;
#2148 = DIRECTION ( 'NONE',  ( -0.9571956710508876531, 0.000000000000000000, 0.2894416129747776067 ) ) ;
#2149 = ORIENTED_EDGE ( 'NONE', *, *, #2216, .F. ) ;
#2150 = CARTESIAN_POINT ( 'NONE',  ( -67.32283464566928899, 3.271653543307087020, 4.960629921259842590 ) ) ;
#2151 = EDGE_CURVE ( 'NONE', #4682, #286, #3308, .T. ) ;
#2152 = COORDINATED_UNIVERSAL_TIME_OFFSET ( 6, 0, .BEHIND. ) ;
#2153 = DIRECTION ( 'NONE',  ( 0.000000000000000000, 0.000000000000000000, 1.000000000000000000 ) ) ;
#2154 = CARTESIAN_POINT ( 'NONE',  ( -64.94463702649741776, 3.519685039370079593, 4.850360820107579407 ) ) ;
#2155 = DIRECTION ( 'NONE',  ( 0.000000000000000000, 0.000000000000000000, 1.000000000000000000 ) ) ;
#2156 = CARTESIAN_POINT ( 'NONE',  ( -66.41010653712929468, -1.744094488188989711, 5.184224544253130063 ) ) ;
#2157 = EDGE_CURVE ( 'NONE', #4036, #4895, #3045, .T. ) ;
#2158 = ORIENTED_EDGE ( 'NONE', *, *, #3699, .F. ) ;
#2159 = CARTESIAN_POINT ( 'NONE',  ( -65.93821224078146770, 3.330708661417323135, 5.103226760285771491 ) ) ;
#2160 = CIRCLE ( 'NONE', #1994, 0.4999999999999952260 ) ;
#2161 = CARTESIAN_POINT ( 'NONE',  ( -63.51508032308173313, 3.330708661417322247, 4.326881488480240456 ) ) ;
#2162 = CARTESIAN_POINT ( 'NONE',  ( -64.35118467964682054, 3.519685039370079149, 4.616190786736180662 ) ) ;
#2163 = FACE_BOUND ( 'NONE', #111, .T. ) ;
#2164 = FACE_OUTER_BOUND ( 'NONE', #3760, .T. ) ;
#2165 = DIRECTION ( 'NONE',  ( -0.3440006954397640815, 0.000000000000000000, -0.9389693932908349527 ) ) ;
#2166 = ORIENTED_EDGE ( 'NONE', *, *, #4137, .F. ) ;
#2167 = ORIENTED_EDGE ( 'NONE', *, *, #3360, .F. ) ;
#2168 = ORIENTED_EDGE ( 'NONE', *, *, #2327, .F. ) ;
#2169 = CARTESIAN_POINT ( 'NONE',  ( -65.99280450103626094, 3.330708661417323135, 5.277067812005676650 ) ) ;
#2170 = CARTESIAN_POINT ( 'NONE',  ( -4.127301670970403791, -1.744094488188976388, -13.64916140416281287 ) ) ;
#2171 = ADVANCED_FACE ( 'NONE', ( #1902 ), #788, .F. ) ;
#2172 = EDGE_CURVE ( 'NONE', #4717, #1374, #1630, .T. ) ;
#2173 = CARTESIAN_POINT ( 'NONE',  ( -62.12598425196851082, -1.803149606299212726, 4.842519685039370358 ) ) ;
#2174 = VERTEX_POINT ( 'NONE', #512 ) ;
#2175 = CARTESIAN_POINT ( 'NONE',  ( -65.24266448543167485, -1.992125984251968740, 5.786861749209239569 ) ) ;
#2176 = ORIENTED_EDGE ( 'NONE', *, *, #3932, .T. ) ;
#2177 = FACE_OUTER_BOUND ( 'NONE', #1430, .T. ) ;
#2178 = EDGE_CURVE ( 'NONE', #364, #4522, #4702, .T. ) ;
#2179 = AXIS2_PLACEMENT_3D ( 'NONE', #3273, #190, #4756 ) ;
#2180 = ITEM_DEFINED_TRANSFORMATION ( 'NONE', 'NONE', #3807,  #2289 ) ;
#2181 = CARTESIAN_POINT ( 'NONE',  ( -65.93821224078131138, -1.803149606299212726, 5.103226760285720864 ) ) ;
#2182 = VERTEX_POINT ( 'NONE', #3494 ) ;
#2183 = CARTESIAN_POINT ( 'NONE',  ( -67.32283464566928899, -5.905511811023622215, 4.960629921259842590 ) ) ;
#2184 = LINE ( 'NONE', #3750, #1244 ) ;
#2185 = ORIENTED_EDGE ( 'NONE', *, *, #1773, .T. ) ;
#2186 = CARTESIAN_POINT ( 'NONE',  ( -64.89649242478479607, 3.519685039370079149, 4.908034645387253647 ) ) ;
#2187 = DIRECTION ( 'NONE',  ( -0.000000000000000000, 1.000000000000000000, -0.000000000000000000 ) ) ;
#2188 = DIRECTION ( 'NONE',  ( 0.000000000000000000, -1.000000000000000000, 0.000000000000000000 ) ) ;
#2189 = DIRECTION ( 'NONE',  ( 0.000000000000000000, 1.000000000000000000, -0.000000000000000000 ) ) ;
#2190 = CYLINDRICAL_SURFACE ( 'NONE', #3620, 0.05905511811023705232 ) ;
#2191 = CARTESIAN_POINT ( 'NONE',  ( -62.52074987758508229, -1.803149606299212948, 4.302819003279124921 ) ) ;
#2192 = VERTEX_POINT ( 'NONE', #3170 ) ;
#2193 = EDGE_CURVE ( 'NONE', #1915, #2881, #548, .T. ) ;
#2194 = VECTOR ( 'NONE', #3953, 39.37007874015748854 ) ;
#2195 = VERTEX_POINT ( 'NONE', #2399 ) ;
#2196 = ORIENTED_EDGE ( 'NONE', *, *, #4877, .T. ) ;
#2197 = CARTESIAN_POINT ( 'NONE',  ( -66.77220858830405348, 3.519685039370079149, 5.057343777742004498 ) ) ;
#2198 = CARTESIAN_POINT ( 'NONE',  ( -63.02729266451451906, -1.803149606299212948, 4.627645478976700311 ) ) ;
#2199 = AXIS2_PLACEMENT_3D ( 'NONE', #2798, #4408, #3253 ) ;
#2200 = DIRECTION ( 'NONE',  ( -0.000000000000000000, 1.000000000000000000, -0.000000000000000000 ) ) ;
#2201 = EDGE_CURVE ( 'NONE', #1527, #1997, #494, .T. ) ;
#2202 = ORIENTED_EDGE ( 'NONE', *, *, #2106, .F. ) ;
#2203 = VECTOR ( 'NONE', #4406, 39.37007874015748143 ) ;
#2204 = DIRECTION ( 'NONE',  ( -0.000000000000000000, 1.000000000000000000, -0.000000000000000000 ) ) ;
#2205 = AXIS2_PLACEMENT_3D ( 'NONE', #2007, #1246, #3111 ) ;
#2206 = EDGE_LOOP ( 'NONE', ( #3206, #2319, #861, #3380 ) ) ;
#2207 = CARTESIAN_POINT ( 'NONE',  ( -65.24266448543163222, 3.394685039370078705, 5.786861749209236017 ) ) ;
#2208 = TOROIDAL_SURFACE ( 'NONE', #301, 0.5590551181102316747, 0.05905511811023622659 ) ;
#2209 = DIRECTION ( 'NONE',  ( 0.5405792589364625256, 0.000000000000000000, -0.8412930909069115115 ) ) ;
#2210 = ORIENTED_EDGE ( 'NONE', *, *, #4614, .T. ) ;
#2211 = FACE_BOUND ( 'NONE', #4588, .T. ) ;
#2212 = VECTOR ( 'NONE', #3125, 39.37007874015748143 ) ;
#2213 = LINE ( 'NONE', #4157, #3865 ) ;
#2214 = VERTEX_POINT ( 'NONE', #3465 ) ;
#2215 = DIRECTION ( 'NONE',  ( -4.440892098500696213E-14, 0.000000000000000000, 1.000000000000000000 ) ) ;
#2216 = EDGE_CURVE ( 'NONE', #3005, #800, #881, .T. ) ;
#2217 = CARTESIAN_POINT ( 'NONE',  ( -65.07304460749334396, 3.330708661417322247, 4.903670785651446096 ) ) ;
#2218 = FACE_OUTER_BOUND ( 'NONE', #1111, .T. ) ;
#2219 = AXIS2_PLACEMENT_3D ( 'NONE', #773, #5, #4182 ) ;
#2220 = DIRECTION ( 'NONE',  ( -0.2894416129747701127, 0.000000000000000000, -0.9571956710508898736 ) ) ;
#2221 = EDGE_CURVE ( 'NONE', #445, #3835, #4768, .T. ) ;
#2222 = CARTESIAN_POINT ( 'NONE',  ( -63.58754667120697235, -1.803149606299212948, 4.349580514064588677 ) ) ;
#2223 = ORIENTED_EDGE ( 'NONE', *, *, #2299, .F. ) ;
#2224 = EDGE_CURVE ( 'NONE', #1398, #4682, #113, .T. ) ;
#2225 = AXIS2_PLACEMENT_3D ( 'NONE', #4270, #2797, #871 ) ;
#2226 = ORIENTED_EDGE ( 'NONE', *, *, #760, .F. ) ;
#2227 = CARTESIAN_POINT ( 'NONE',  ( -66.82283464566928899, 3.578740157480315265, 4.960629921259855912 ) ) ;
#2228 = CARTESIAN_POINT ( 'NONE',  ( -62.26557133274167199, -1.744094488188976610, 3.930979266543419559 ) ) ;
#2229 = EDGE_CURVE ( 'NONE', #4620, #1194, #139, .T. ) ;
#2230 = FACE_OUTER_BOUND ( 'NONE', #1333, .T. ) ;
#2231 = VERTEX_POINT ( 'NONE', #3568 ) ;
#2232 = DIRECTION ( 'NONE',  ( -0.5903362311909532423, -0.7871707152048021960, 0.1785088212588426537 ) ) ;
#2233 = ORIENTED_EDGE ( 'NONE', *, *, #2534, .T. ) ;
#2234 = CARTESIAN_POINT ( 'NONE',  ( -65.89062420043750024, -1.992125984251968740, 5.238806934920885006 ) ) ;
#2235 = CARTESIAN_POINT ( 'NONE',  ( -66.82283464566928899, -2.053023622047244423, 4.960629921259857689 ) ) ;
#2236 = DIRECTION ( 'NONE',  ( -0.000000000000000000, 1.000000000000000000, -0.000000000000000000 ) ) ;
#2237 = ORIENTED_EDGE ( 'NONE', *, *, #2606, .T. ) ;
#2238 = EDGE_CURVE ( 'NONE', #1848, #3616, #3912, .T. ) ;
#2239 = CARTESIAN_POINT ( 'NONE',  ( -5.719890009841348544, -1.803149606299212726, -15.61276393748305047 ) ) ;
#2240 = CARTESIAN_POINT ( 'NONE',  ( -63.58754667120697235, 3.330708661417322247, 4.349580514064588677 ) ) ;
#2241 = EDGE_CURVE ( 'NONE', #3319, #3195, #2441, .T. ) ;
#2242 = FACE_OUTER_BOUND ( 'NONE', #3855, .T. ) ;
#2243 = CARTESIAN_POINT ( 'NONE',  ( -5.719890009841348544, 3.330708661417323135, -15.61276393748305047 ) ) ;
#2244 = VERTEX_POINT ( 'NONE', #3957 ) ;
#2245 = EDGE_CURVE ( 'NONE', #4857, #2244, #3023, .T. ) ;
#2246 = ORIENTED_EDGE ( 'NONE', *, *, #4742, .T. ) ;
#2247 = CARTESIAN_POINT ( 'NONE',  ( -65.99063080061155517, 3.330708661417323135, 4.929876363166312281 ) ) ;
#2248 = PLANE ( 'NONE',  #3272 ) ;
#2249 = CARTESIAN_POINT ( 'NONE',  ( -62.66384531704087379, 3.271653543307087020, 4.051411345279099407 ) ) ;
#2250 = VERTEX_POINT ( 'NONE', #4239 ) ;
#2251 = DIRECTION ( 'NONE',  ( -0.000000000000000000, 1.000000000000000000, -0.000000000000000000 ) ) ;
#2252 = VERTEX_POINT ( 'NONE', #837 ) ;
#2253 = CARTESIAN_POINT ( 'NONE',  ( -66.41665143944878480, 3.519685039370079149, 5.405123307490336870 ) ) ;
#2254 = CARTESIAN_POINT ( 'NONE',  ( -65.99280450103626094, -1.992125984251968740, 5.277067812005676650 ) ) ;
#2255 = CARTESIAN_POINT ( 'NONE',  ( -64.82800195426081302, -1.742251968503937265, 4.346676559360687087 ) ) ;
#2256 = DIRECTION ( 'NONE',  ( -0.000000000000000000, 1.000000000000000000, -0.000000000000000000 ) ) ;
#2257 = ORIENTED_EDGE ( 'NONE', *, *, #1482, .T. ) ;
#2258 = CARTESIAN_POINT ( 'NONE',  ( -66.57656029101917738, -1.992125984251969850, 5.717889328482669953 ) ) ;
#2259 = VECTOR ( 'NONE', #1772, 39.37007874015748854 ) ;
#2260 = CARTESIAN_POINT ( 'NONE',  ( -65.99280450103626094, 3.330708661417322247, 5.277067812005676650 ) ) ;
#2261 = DIRECTION ( 'NONE',  ( -0.000000000000000000, -1.000000000000000000, -0.000000000000000000 ) ) ;
#2262 = CARTESIAN_POINT ( 'NONE',  ( -62.05826757963785667, 3.330708661417323135, 5.027356179781659939 ) ) ;
#2263 = VERTEX_POINT ( 'NONE', #3142 ) ;
#2264 = LOCAL_TIME ( 12, 14, 36.00000000000000000, #961 ) ;
#2265 = ORIENTED_EDGE ( 'NONE', *, *, #1773, .F. ) ;
#2266 = CARTESIAN_POINT ( 'NONE',  ( -66.80375863643921264, 3.530663433498923087, 5.030020787471338295 ) ) ;
#2267 = FACE_OUTER_BOUND ( 'NONE', #1766, .T. ) ;
#2268 = CARTESIAN_POINT ( 'NONE',  ( -64.78815412007431007, 3.519685039370079149, 6.027477030463022523 ) ) ;
#2269 = ORIENTED_EDGE ( 'NONE', *, *, #3553, .F. ) ;
#2270 = CARTESIAN_POINT ( 'NONE',  ( -64.46868037757994330, -1.803149606299212726, 5.189021571154142976 ) ) ;
#2271 = CARTESIAN_POINT ( 'NONE',  ( -66.18730809618213584, 3.519685039370079149, 5.342652403287790897 ) ) ;
#2272 = CARTESIAN_POINT ( 'NONE',  ( -66.82283464566928899, 3.330708661417323135, 4.960629921259855912 ) ) ;
#2273 = AXIS2_PLACEMENT_3D ( 'NONE', #151, #1750, #1654 ) ;
#2274 = VECTOR ( 'NONE', #2528, 39.37007874015748143 ) ;
#2275 = CARTESIAN_POINT ( 'NONE',  ( -67.32283464566928899, -5.905511811023622215, 4.960629921259842590 ) ) ;
#2276 = DIRECTION ( 'NONE',  ( 2.290736248633321419E-23, -1.000000000000000000, -8.392338112716950292E-24 ) ) ;
#2277 = LINE ( 'NONE', #3805, #1791 ) ;
#2278 = ADVANCED_FACE ( 'NONE', ( #1972 ), #2349, .F. ) ;
#2279 = CIRCLE ( 'NONE', #3554, 0.05905511811023512331 ) ;
#2280 = DIRECTION ( 'NONE',  ( -0.5623100214072884739, 0.000000000000000000, 0.8269265020695216739 ) ) ;
#2281 = VECTOR ( 'NONE', #4462, 39.37007874015748143 ) ;
#2282 = CYLINDRICAL_SURFACE ( 'NONE', #4893, 0.3937007874015723830 ) ;
#2283 = FACE_OUTER_BOUND ( 'NONE', #1862, .T. ) ;
#2284 = CARTESIAN_POINT ( 'NONE',  ( -65.77613771333125214, -1.992125984251968740, 5.836784414354052153 ) ) ;
#2285 = CARTESIAN_POINT ( 'NONE',  ( -4.162627222160238283, -1.744094488188976388, -13.76598449787375067 ) ) ;
#2286 = ORIENTED_EDGE ( 'NONE', *, *, #1294, .T. ) ;
#2287 = AXIS2_PLACEMENT_3D ( 'NONE', #4668, #574, #3944 ) ;
#2288 = ORIENTED_EDGE ( 'NONE', *, *, #3180, .T. ) ;
#2289 = AXIS2_PLACEMENT_3D ( 'NONE', #98, #3105, #1579 ) ;
#2290 = ORIENTED_EDGE ( 'NONE', *, *, #1560, .T. ) ;
#2291 = CARTESIAN_POINT ( 'NONE',  ( -64.64042079919045136, 3.519685039370079149, 5.637921207175780935 ) ) ;
#2292 = CARTESIAN_POINT ( 'NONE',  ( -65.99280450103626094, -1.803149606299210728, 5.277067812005676650 ) ) ;
#2293 = ORIENTED_EDGE ( 'NONE', *, *, #3204, .F. ) ;
#2294 = CARTESIAN_POINT ( 'NONE',  ( -64.94463702649734671, 3.394685039370077373, 4.850360820107550985 ) ) ;
#2295 = ORIENTED_EDGE ( 'NONE', *, *, #263, .T. ) ;
#2296 = DIRECTION ( 'NONE',  ( -0.2894416129747776623, -1.387778780781445676E-16, -0.9571956710508877642 ) ) ;
#2297 = CARTESIAN_POINT ( 'NONE',  ( -66.13949427091743871, -1.992125984251968740, 5.327166360359817610 ) ) ;
#2298 = ADVANCED_FACE ( 'NONE', ( #1229 ), #2747, .F. ) ;
#2299 = EDGE_CURVE ( 'NONE', #2214, #4231, #534, .T. ) ;
#2300 = ADVANCED_FACE ( 'NONE', ( #2809 ), #562, .F. ) ;
#2301 = ADVANCED_FACE ( 'NONE', ( #2063 ), #3710, .F. ) ;
#2302 = LINE ( 'NONE', #1233, #1723 ) ;
#2303 = EDGE_LOOP ( 'NONE', ( #510, #3879, #1751, #65, #280, #582 ) ) ;
#2304 = CARTESIAN_POINT ( 'NONE',  ( -66.01183255283008577, -1.778688175450411357, 5.063792465517449770 ) ) ;
#2305 = LINE ( 'NONE', #4178, #55 ) ;
#2306 = EDGE_CURVE ( 'NONE', #357, #132, #609, .T. ) ;
#2307 = CARTESIAN_POINT ( 'NONE',  ( -62.28380387529126949, 3.271653543307080358, 3.870683476241003618 ) ) ;
#2308 = CARTESIAN_POINT ( 'NONE',  ( -65.89062420043750024, 3.519685039370079149, 5.238806934920885006 ) ) ;
#2309 = CARTESIAN_POINT ( 'NONE',  ( -64.33733906388256685, -1.897637795275590955, 4.653045935957352164 ) ) ;
#2310 = CARTESIAN_POINT ( 'NONE',  ( -62.24659582901962551, 3.330708661417323135, 3.833877012481477831 ) ) ;
#2311 = DIRECTION ( 'NONE',  ( -0.9571956710508876531, 0.000000000000000000, 0.2894416129747776623 ) ) ;
#2312 = ORIENTED_EDGE ( 'NONE', *, *, #1807, .F. ) ;
#2313 = VERTEX_POINT ( 'NONE', #662 ) ;
#2314 = VERTEX_POINT ( 'NONE', #4799 ) ;
#2315 = CARTESIAN_POINT ( 'NONE',  ( -63.99798826116343520, -1.992125984251968740, 4.486385440163125793 ) ) ;
#2316 = CARTESIAN_POINT ( 'NONE',  ( -64.77489202239148369, 3.519685039370079149, 5.681553123715965548 ) ) ;
#2317 = AXIS2_PLACEMENT_3D ( 'NONE', #4482, #17, #4099 ) ;
#2318 = VERTEX_POINT ( 'NONE', #256 ) ;
#2319 = ORIENTED_EDGE ( 'NONE', *, *, #1699, .F. ) ;
#2320 = CARTESIAN_POINT ( 'NONE',  ( -66.77220858830405348, 3.330708661417323135, 5.057343777742002722 ) ) ;
#2321 = VERTEX_POINT ( 'NONE', #4827 ) ;
#2322 = CARTESIAN_POINT ( 'NONE',  ( -43.69995077567320152, 3.394685039370079149, -28.07973494755255928 ) ) ;
#2323 = CARTESIAN_POINT ( 'NONE',  ( -64.64800489738213685, 3.519685039370080037, 5.640699716327256752 ) ) ;
#2324 = CIRCLE ( 'NONE', #2078, 0.4510000000000001785 ) ;
#2325 = EDGE_CURVE ( 'NONE', #3092, #3287, #981, .T. ) ;
#2326 = CARTESIAN_POINT ( 'NONE',  ( -64.29674262701482235, 1.098235383359796202, 4.479365960647399447 ) ) ;
#2327 = EDGE_CURVE ( 'NONE', #4128, #785, #4392, .T. ) ;
#2328 = LINE ( 'NONE', #451, #580 ) ;
#2329 = EDGE_CURVE ( 'NONE', #286, #4682, #4261, .T. ) ;
#2330 = CARTESIAN_POINT ( 'NONE',  ( -66.45929106426807209, -1.780515856266689623, 5.120157460038911701 ) ) ;
#2331 = DIRECTION ( 'NONE',  ( 0.000000000000000000, 0.000000000000000000, 1.000000000000000000 ) ) ;
#2332 = AXIS2_PLACEMENT_3D ( 'NONE', #3260, #3978, #4366 ) ;
#2333 = CARTESIAN_POINT ( 'NONE',  ( -61.45669291338582951, -1.803149606299212726, 3.858267716535433323 ) ) ;
#2334 = LINE ( 'NONE', #1625, #3490 ) ;
#2335 = CARTESIAN_POINT ( 'NONE',  ( -66.52105367739758890, -2.053023622047244423, 6.540676733074944238 ) ) ;
#2336 = EDGE_LOOP ( 'NONE', ( #3956, #641, #4091, #3634, #2462 ) ) ;
#2337 = AXIS2_PLACEMENT_3D ( 'NONE', #2191, #658, #2587 ) ;
#2338 = FACE_OUTER_BOUND ( 'NONE', #4744, .T. ) ;
#2339 = ORIENTED_EDGE ( 'NONE', *, *, #2563, .T. ) ;
#2340 = CLOSED_SHELL ( 'NONE', ( #3782, #3032, #196, #3907, #4243, #47, #1777, #2710, #1846, #818, #25, #3246, #4451, #204, #2661, #3327, #1770, #4520, #1231, #2834, #3454, #3028, #1930, #3542, #3576, #3789, #519, #3847, #3079, #1126, #4328, #4166, #4816, #610, #29, #902, #1297, #783, #2143, #543, #4325, #3766, #2730, #803, #3244, #428, #4673, #923, #813, #2692, #3059, #4351, #425, #1737, #122, #4000, #4853, #898, #1121, #1684, #2926, #2012, #931, #4562, #2278, #1448, #3221, #4641, #3030, #2145, #1569, #496, #3455, #4475, #844, #4071, #4712, #2764, #232, #3508, #4594, #1869, #3011, #336, #2874, #2171, #3733, #4483, #541, #797, #1779, #4568, #4484, #3430, #1280, #1484, #993, #4069, #4569, #1488, #2665, #1687, #24, #2790, #3116, #2867, #2020, #2298, #1665, #3971, #2300, #2671, #2805, #3181, #778, #3613, #8, #2301, #4241, #3053, #399, #2738, #1039 ) ) ;
#2341 = EDGE_LOOP ( 'NONE', ( #567, #1403 ) ) ;
#2342 = CARTESIAN_POINT ( 'NONE',  ( -65.35063841097664294, -1.803149606299212948, 5.020180295402875359 ) ) ;
#2343 = CARTESIAN_POINT ( 'NONE',  ( -65.67965287061714719, -1.803149606299210728, 5.156088692845471222 ) ) ;
#2344 = EDGE_CURVE ( 'NONE', #731, #3010, #1686, .T. ) ;
#2345 = VERTEX_POINT ( 'NONE', #4453 ) ;
#2346 = ORIENTED_EDGE ( 'NONE', *, *, #4590, .F. ) ;
#2347 = DIRECTION ( 'NONE',  ( 0.000000000000000000, 0.000000000000000000, 1.000000000000000000 ) ) ;
#2348 = ORIENTED_EDGE ( 'NONE', *, *, #4513, .T. ) ;
#2349 = PLANE ( 'NONE',  #4191 ) ;
#2350 = CARTESIAN_POINT ( 'NONE',  ( -61.54517819718295613, -1.803149606299212726, 3.924246121618927052 ) ) ;
#2351 = CARTESIAN_POINT ( 'NONE',  ( -65.37504207357540054, -3.621238344103700602, 5.652792248510130513 ) ) ;
#2352 = VECTOR ( 'NONE', #1704, 39.37007874015748854 ) ;
#2353 = CYLINDRICAL_SURFACE ( 'NONE', #1050, 0.05905511811023480412 ) ;
#2354 = CARTESIAN_POINT ( 'NONE',  ( -66.03006509537965485, -1.744094488188976388, 5.003496675215023615 ) ) ;
#2355 = DIRECTION ( 'NONE',  ( 1.000000000000000000, 0.000000000000000000, 0.000000000000000000 ) ) ;
#2356 = VECTOR ( 'NONE', #1829, 39.37007874015748143 ) ;
#2357 = CARTESIAN_POINT ( 'NONE',  ( -64.73874076253984811, -1.992125984251968740, 5.670639326741962805 ) ) ;
#2358 = DIRECTION ( 'NONE',  ( -0.000000000000000000, -1.000000000000000000, -0.000000000000000000 ) ) ;
#2359 = VECTOR ( 'NONE', #4253, 39.37007874015748854 ) ;
#2360 = DIRECTION ( 'NONE',  ( 0.000000000000000000, 0.000000000000000000, -1.000000000000000000 ) ) ;
#2361 = VECTOR ( 'NONE', #3560, 39.37007874015747433 ) ;
#2362 = DIRECTION ( 'NONE',  ( 0.000000000000000000, 0.000000000000000000, 1.000000000000000000 ) ) ;
#2363 = ORIENTED_EDGE ( 'NONE', *, *, #1359, .T. ) ;
#2364 = EDGE_CURVE ( 'NONE', #866, #1990, #1053, .T. ) ;
#2365 = VECTOR ( 'NONE', #2501, 39.37007874015748143 ) ;
#2366 = CARTESIAN_POINT ( 'NONE',  ( -62.89185931985319655, -5.905511811023622215, 4.997318468461282137 ) ) ;
#2367 = EDGE_CURVE ( 'NONE', #1304, #4830, #2759, .T. ) ;
#2368 = ORIENTED_EDGE ( 'NONE', *, *, #2344, .T. ) ;
#2369 = CARTESIAN_POINT ( 'NONE',  ( -63.21848827907719937, -1.992125984251968740, 4.241708084177329141 ) ) ;
#2370 = CARTESIAN_POINT ( 'NONE',  ( -66.54475095209032531, -1.803149606299210506, 5.426830934313483290 ) ) ;
#2371 = CIRCLE ( 'NONE', #1178, 0.1504569830859232848 ) ;
#2372 = EDGE_CURVE ( 'NONE', #3287, #1527, #3088, .T. ) ;
#2373 = EDGE_CURVE ( 'NONE', #3765, #4056, #2084, .T. ) ;
#2374 = EDGE_LOOP ( 'NONE', ( #744, #3557, #3917, #1155 ) ) ;
#2375 = ORIENTED_EDGE ( 'NONE', *, *, #3480, .T. ) ;
#2376 = ORIENTED_EDGE ( 'NONE', *, *, #300, .F. ) ;
#2377 = DIRECTION ( 'NONE',  ( 0.000000000000000000, 0.000000000000000000, 1.000000000000000000 ) ) ;
#2378 = LINE ( 'NONE', #3891, #1598 ) ;
#2379 = VECTOR ( 'NONE', #3524, 39.37007874015748143 ) ;
#2380 = B_SPLINE_CURVE_WITH_KNOTS ( 'NONE', 3,
 ( #1351, #2859, #4371, #2140, #3662, #1399, #2911, #1031, #4065, #2169, #3684, #1081, #1176, #4500, #1916, #3762, #3815, #4896, #4121, #710, #4850, #3436, #35, #1151, #2987, #2591, #3740, #3015, #3362, #338, #360, #1865, #387, #3384 ),
 .UNSPECIFIED., .F., .F.,
 ( 4, 2, 2, 2, 2, 2, 2, 2, 2, 2, 2, 2, 2, 2, 2, 2, 4 ),
 ( 0.1470556905381448787, 0.1562500000000135447, 0.1875000000000160982, 0.2187500000000185407, 0.2500000000000210942, 0.3125000000000212053, 0.3750000000000212053, 0.4375000000000213163, 0.4687500000000212053, 0.5000000000000213163, 0.6250000000000122125, 0.7500000000000033307, 0.8124999999999984457, 0.8749999999999940048, 0.9374999999999893419, 0.9687499999999946709, 1.000000000000000000 ),
 .UNSPECIFIED. ) ;
#2381 = CARTESIAN_POINT ( 'NONE',  ( -40.62116550400089920, -1.803149606299212726, -27.62239254272128974 ) ) ;
#2382 = AXIS2_PLACEMENT_3D ( 'NONE', #378, #2978, #3701 ) ;
#2383 = DIRECTION ( 'NONE',  ( 0.9389693932908348417, 0.000000000000000000, -0.3440006954397640260 ) ) ;
#2384 = FACE_OUTER_BOUND ( 'NONE', #4089, .T. ) ;
#2385 = FACE_OUTER_BOUND ( 'NONE', #2985, .T. ) ;
#2386 = CARTESIAN_POINT ( 'NONE',  ( -62.70327961180961296, -1.803149606299212726, 4.125031657328002588 ) ) ;
#2387 = CARTESIAN_POINT ( 'NONE',  ( -67.60643676162111149, -1.742251968503937265, 5.372418507584971081 ) ) ;
#2388 = VERTEX_POINT ( 'NONE', #637 ) ;
#2389 = EDGE_CURVE ( 'NONE', #1983, #859, #2380, .T. ) ;
#2390 = CARTESIAN_POINT ( 'NONE',  ( -63.07117274460927803, 3.519685039370079149, 4.210087895264258862 ) ) ;
#2391 = ORIENTED_EDGE ( 'NONE', *, *, #820, .T. ) ;
#2392 = CARTESIAN_POINT ( 'NONE',  ( -63.08311475323797168, -1.992125984251968740, 4.211722312989519601 ) ) ;
#2393 = CARTESIAN_POINT ( 'NONE',  ( -43.60058544997311714, 3.394685039370079149, -28.01588700358453465 ) ) ;
#2394 = EDGE_CURVE ( 'NONE', #1594, #552, #1545, .T. ) ;
#2395 = SHAPE_REPRESENTATION ( '26-PTN-3210-02 (Jacking Point)_new<As Machined>', ( #2289 ), #1424 ) ;
#2396 = ORIENTED_EDGE ( 'NONE', *, *, #3051, .F. ) ;
#2397 = ORIENTED_EDGE ( 'NONE', *, *, #2224, .F. ) ;
#2398 = VERTEX_POINT ( 'NONE', #1501 ) ;
#2399 = CARTESIAN_POINT ( 'NONE',  ( -62.89185931985319655, 3.519685039370079149, 4.997318468461282137 ) ) ;
#2400 = DIRECTION ( 'NONE',  ( -0.2894416129747778288, 0.000000000000000000, -0.9571956710508874311 ) ) ;
#2401 = EDGE_CURVE ( 'NONE', #2541, #4022, #2964, .T. ) ;
#2402 = VECTOR ( 'NONE', #1408, 39.37007874015748854 ) ;
#2403 = CARTESIAN_POINT ( 'NONE',  ( -41.92783766834041614, 30.92555409484217677, -2.284655364908741326 ) ) ;
#2404 = EDGE_LOOP ( 'NONE', ( #1396, #3761, #3587, #4749 ) ) ;
#2405 = DIRECTION ( 'NONE',  ( -0.2894416129747778288, 0.000000000000000000, -0.9571956710508874311 ) ) ;
#2406 = DIRECTION ( 'NONE',  ( 0.000000000000000000, -1.000000000000000000, 0.000000000000000000 ) ) ;
#2407 = DIRECTION ( 'NONE',  ( 1.000000000000000000, 0.000000000000000000, 0.000000000000000000 ) ) ;
#2408 = CARTESIAN_POINT ( 'NONE',  ( -67.57860789841245719, 3.556495482551812248, 5.395221502076979370 ) ) ;
#2409 = LINE ( 'NONE', #1604, #2054 ) ;
#2410 = CARTESIAN_POINT ( 'NONE',  ( -4.162627222160238283, 3.271653543307087020, -13.76598449787375067 ) ) ;
#2411 = VERTEX_POINT ( 'NONE', #733 ) ;
#2412 = CARTESIAN_POINT ( 'NONE',  ( -66.56137092188059512, 3.330708661417323135, 5.179271321461806465 ) ) ;
#2413 = ORIENTED_EDGE ( 'NONE', *, *, #1669, .F. ) ;
#2414 = CARTESIAN_POINT ( 'NONE',  ( -66.13949427091743871, -1.803149606299212948, 5.327166360359817610 ) ) ;
#2415 = CARTESIAN_POINT ( 'NONE',  ( -64.65774314119764199, 3.330708661417323135, 5.644151696217084790 ) ) ;
#2416 = ORIENTED_EDGE ( 'NONE', *, *, #2299, .T. ) ;
#2417 = ORIENTED_EDGE ( 'NONE', *, *, #2076, .T. ) ;
#2418 = CARTESIAN_POINT ( 'NONE',  ( -65.69048810661944060, -1.803149606299212948, 5.833350520315748078 ) ) ;
#2419 = CARTESIAN_POINT ( 'NONE',  ( -65.37366325617672658, 3.330708661417323135, 5.808830286910967367 ) ) ;
#2420 =( BOUNDED_CURVE ( )  B_SPLINE_CURVE ( 3, ( #2863, #213, #4375, #985 ),
 .UNSPECIFIED., .F., .F. ) 
 B_SPLINE_CURVE_WITH_KNOTS ( ( 4, 4 ),
 ( 0.000000000000000000, 1.570796326794992259 ),
 .UNSPECIFIED. ) 
 CURVE ( )  GEOMETRIC_REPRESENTATION_ITEM ( )  RATIONAL_B_SPLINE_CURVE ( ( 1.000000000000000000, 0.8047378541243423999, 0.8047378541243423999, 1.000000000000000000 ) ) 
 REPRESENTATION_ITEM ( '' )  );
#2421 = LINE ( 'NONE', #1377, #4824 ) ;
#2422 = FACE_OUTER_BOUND ( 'NONE', #1442, .T. ) ;
#2423 = APPROVAL_ROLE ( '' ) ;
#2424 = CIRCLE ( 'NONE', #3381, 0.4999999999999952260 ) ;
#2425 = CARTESIAN_POINT ( 'NONE',  ( -67.59269554740401986, 3.566509181070866674, 5.383039792725735850 ) ) ;
#2426 = PLANE ( 'NONE',  #2225 ) ;
#2427 = CARTESIAN_POINT ( 'NONE',  ( -61.48008446073883704, 3.519685039370079149, 3.662812061686087972 ) ) ;
#2428 = ORIENTED_EDGE ( 'NONE', *, *, #4431, .F. ) ;
#2429 = AXIS2_PLACEMENT_3D ( 'NONE', #4334, #1441, #4054 ) ;
#2430 = DESIGN_CONTEXT ( 'detailed design', #4187, 'design' ) ;
#2431 = VECTOR ( 'NONE', #1585, 39.37007874015748143 ) ;
#2432 = DIRECTION ( 'NONE',  ( -0.9571956710508876531, 0.000000000000000000, 0.2894416129747776623 ) ) ;
#2433 = ORIENTED_EDGE ( 'NONE', *, *, #3817, .T. ) ;
#2434 = CARTESIAN_POINT ( 'NONE',  ( -65.24266448543163222, 3.394685039370079149, 5.786861749209235128 ) ) ;
#2435 = PLANE ( 'NONE',  #1539 ) ;
#2436 = CIRCLE ( 'NONE', #2602, 0.3000000000000017097 ) ;
#2437 = ORIENTED_EDGE ( 'NONE', *, *, #3913, .F. ) ;
#2438 = CIRCLE ( 'NONE', #3559, 0.3937007874015751585 ) ;
#2439 = ORIENTED_EDGE ( 'NONE', *, *, #1830, .T. ) ;
#2440 = ORIENTED_EDGE ( 'NONE', *, *, #2579, .F. ) ;
#2441 = LINE ( 'NONE', #4601, #2906 ) ;
#2442 = CARTESIAN_POINT ( 'NONE',  ( -62.12598425196851082, 3.519685039370079149, 4.842519685039370358 ) ) ;
#2443 = EDGE_CURVE ( 'NONE', #2466, #1592, #618, .T. ) ;
#2444 = CIRCLE ( 'NONE', #3070, 0.3937007874015723830 ) ;
#2445 = CARTESIAN_POINT ( 'NONE',  ( -63.38280690717645882, -1.992125984251968740, 4.287054750680351134 ) ) ;
#2446 = VERTEX_POINT ( 'NONE', #4525 ) ;
#2447 = ORIENTED_EDGE ( 'NONE', *, *, #4094, .T. ) ;
#2448 = CARTESIAN_POINT ( 'NONE',  ( -63.98248225321487581, 0.5209704070410005050, 4.384338337521135109 ) ) ;
#2449 = EDGE_CURVE ( 'NONE', #3952, #4303, #3411, .T. ) ;
#2450 = SHAPE_DEFINITION_REPRESENTATION ( #400, #2928 ) ;
#2451 = CARTESIAN_POINT ( 'NONE',  ( -63.02729266451451906, -1.992125984251968740, 4.627645478976700311 ) ) ;
#2452 = CARTESIAN_POINT ( 'NONE',  ( -62.26557133274167910, 3.271653543307080358, 3.930979266543421780 ) ) ;
#2453 = DIRECTION ( 'NONE',  ( -0.000000000000000000, -1.000000000000000000, 0.000000000000000000 ) ) ;
#2454 = CARTESIAN_POINT ( 'NONE',  ( -66.77220858830405348, -1.803149606299212726, 5.057343777742004498 ) ) ;
#2455 = ORIENTED_EDGE ( 'NONE', *, *, #2540, .F. ) ;
#2456 = CARTESIAN_POINT ( 'NONE',  ( -64.46868037757994330, -3.621238344103700602, 5.189021571154142976 ) ) ;
#2457 = EDGE_LOOP ( 'NONE', ( #1226, #1945, #4146, #715 ) ) ;
#2458 = VERTEX_POINT ( 'NONE', #2247 ) ;
#2459 = CARTESIAN_POINT ( 'NONE',  ( -64.35118467964682054, 3.519685039370079149, 4.616190786736179774 ) ) ;
#2460 = DIRECTION ( 'NONE',  ( 0.000000000000000000, 1.000000000000000000, 0.000000000000000000 ) ) ;
#2461 = ORIENTED_EDGE ( 'NONE', *, *, #2157, .F. ) ;
#2462 = ORIENTED_EDGE ( 'NONE', *, *, #660, .F. ) ;
#2463 = CARTESIAN_POINT ( 'NONE',  ( -64.73874076253984811, -1.992125984251968740, 5.670639326741962805 ) ) ;
#2464 = FACE_OUTER_BOUND ( 'NONE', #2336, .T. ) ;
#2465 = CARTESIAN_POINT ( 'NONE',  ( -63.51508032308173313, -1.803149606299212948, 4.326881488480240456 ) ) ;
#2466 = VERTEX_POINT ( 'NONE', #1476 ) ;
#2467 = CARTESIAN_POINT ( 'NONE',  ( -64.89930391185124847, -1.992125984251968740, 5.716281199457174722 ) ) ;
#2468 = EDGE_CURVE ( 'NONE', #2873, #4322, #4477, .T. ) ;
#2469 = CARTESIAN_POINT ( 'NONE',  ( -67.32283464566928899, 0.000000000000000000, 5.460629921259838149 ) ) ;
#2470 = VECTOR ( 'NONE', #41, 39.37007874015748143 ) ;
#2471 = CALENDAR_DATE ( 2026, 16, 9 ) ;
#2472 = CARTESIAN_POINT ( 'NONE',  ( -40.98067261052191412, -30.15028097611284608, -2.571063870901403092 ) ) ;
#2473 = EDGE_CURVE ( 'NONE', #2137, #2477, #3138, .T. ) ;
#2474 = DIRECTION ( 'NONE',  ( -0.2894416129747778288, 2.858594813810740656E-17, -0.9571956710508874311 ) ) ;
#2475 = CARTESIAN_POINT ( 'NONE',  ( -62.70173104952653631, -1.992125984251968740, 4.849027377168553699 ) ) ;
#2476 = CARTESIAN_POINT ( 'NONE',  ( -62.70173104952653631, -5.905511811023622215, 4.849027377168553699 ) ) ;
#2477 = VERTEX_POINT ( 'NONE', #2197 ) ;
#2478 = CYLINDRICAL_SURFACE ( 'NONE', #3867, 0.3937007874015751585 ) ;
#2479 = CARTESIAN_POINT ( 'NONE',  ( -62.05826757963785667, -1.992125984251968518, 5.027356179781659939 ) ) ;
#2480 = ORIENTED_EDGE ( 'NONE', *, *, #3072, .T. ) ;
#2481 = DIRECTION ( 'NONE',  ( -0.000000000000000000, -1.000000000000000000, -0.000000000000000000 ) ) ;
#2482 = FACE_OUTER_BOUND ( 'NONE', #3417, .T. ) ;
#2483 = ORIENTED_EDGE ( 'NONE', *, *, #4307, .T. ) ;
#2484 = ORIENTED_EDGE ( 'NONE', *, *, #3906, .F. ) ;
#2485 = DIRECTION ( 'NONE',  ( 0.5903362311909912119, -0.7871707152047712208, -0.1785088212588539225 ) ) ;
#2486 = DIRECTION ( 'NONE',  ( -0.9929147266346842748, 0.000000000000000000, 0.1188290605532586197 ) ) ;
#2487 = CARTESIAN_POINT ( 'NONE',  ( -63.07117274460927803, -1.803149606299212948, 4.210087895264258862 ) ) ;
#2488 = VERTEX_POINT ( 'NONE', #3062 ) ;
#2489 = DIRECTION ( 'NONE',  ( -0.9585427335935056137, 0.000000000000000000, -0.2849488162373894351 ) ) ;
#2490 = EDGE_LOOP ( 'NONE', ( #4474, #2880, #2202, #806, #1460, #112, #3561, #212 ) ) ;
#2491 = CARTESIAN_POINT ( 'NONE',  ( -67.60103775763367651, -1.749376484693881739, 5.376326631314034543 ) ) ;
#2492 = B_SPLINE_SURFACE_WITH_KNOTS ( 'NONE', 3, 1, ( 
 ( #302, #224 ),
 ( #1731, #3256 ),
 ( #628, #4762 ),
 ( #1781, #1368 ),
 ( #654, #2130 ),
 ( #3280, #3677 ),
 ( #4788, #1391 ),
 ( #2533, #2899 ),
 ( #1023, #4058 ),
 ( #2161, #4 ),
 ( #2240, #433 ),
 ( #4205, #3031 ),
 ( #3808, #702 ),
 ( #1142, #3754 ),
 ( #352, #1444 ),
 ( #1495, #4841 ),
 ( #2684, #1932 ),
 ( #2954, #4538 ),
 ( #2217, #1470 ),
 ( #28, #793 ),
 ( #2653, #4469 ),
 ( #1073, #1859 ),
 ( #2583, #4555 ),
 ( #1538, #2308 ),
 ( #2260, #3826 ),
 ( #1122, #4109 ),
 ( #3427, #3734 ),
 ( #409, #4138 ),
 ( #3007, #330 ),
 ( #1833, #3353 ),
 ( #4888, #4865 ),
 ( #4518, #1909 ),
 ( #2979, #4181 ),
 ( #4490, #3777 ) ),
 .UNSPECIFIED., .F., .F., .F.,
 ( 4, 2, 2, 2, 2, 2, 2, 2, 2, 2, 2, 2, 2, 2, 2, 2, 4 ),
 ( 2, 2 ),
 ( 0.000000000000000000, 0.03125000000000530131, 0.06250000000001060263, 0.1250000000000060507, 0.1875000000000014988, 0.2499999999999969469, 0.3749999999999878431, 0.4999999999999787392, 0.5312499999999787947, 0.5624999999999786837, 0.6249999999999787947, 0.6874999999999787947, 0.7499999999999789058, 0.7812499999999814593, 0.8124999999999839018, 0.8437499999999864553, 0.8529443094618597287 ),
 ( 0.000000000000000000, 1.000000000000000000 ),
 .UNSPECIFIED. ) ;
#2493 = DATE_AND_TIME ( #4377, #3403 ) ;
#2494 = DIRECTION ( 'NONE',  ( -0.000000000000000000, -1.000000000000000000, 0.000000000000000000 ) ) ;
#2495 = VERTEX_POINT ( 'NONE', #2663 ) ;
#2496 = DIRECTION ( 'NONE',  ( 0.2894416129747776623, 1.387778780781445676E-16, 0.9571956710508877642 ) ) ;
#2497 = CARTESIAN_POINT ( 'NONE',  ( -66.42829344133279790, 3.297582622643374428, 5.194266557572305487 ) ) ;
#2498 = FACE_OUTER_BOUND ( 'NONE', #992, .T. ) ;
#2499 = ORIENTED_EDGE ( 'NONE', *, *, #4614, .F. ) ;
#2500 = CARTESIAN_POINT ( 'NONE',  ( -67.32283464566928899, -5.905511811023622215, 5.460629921259838149 ) ) ;
#2501 = DIRECTION ( 'NONE',  ( -0.9571956710508875421, -0.000000000000000000, 0.2894416129747776067 ) ) ;
#2502 = AXIS2_PLACEMENT_3D ( 'NONE', #3653, #745, #2925 ) ;
#2503 = ORIENTED_EDGE ( 'NONE', *, *, #4067, .F. ) ;
#2504 = LINE ( 'NONE', #4034, #2352 ) ;
#2505 = EDGE_CURVE ( 'NONE', #2182, #2687, #384, .T. ) ;
#2506 = CARTESIAN_POINT ( 'NONE',  ( -65.37366325617672658, 3.330708661417323135, 5.808830286910967367 ) ) ;
#2507 = VERTEX_POINT ( 'NONE', #2291 ) ;
#2508 = B_SPLINE_CURVE_WITH_KNOTS ( 'NONE', 3,
 ( #4464, #1068, #3728, #325, #4105, #1219, #4230, #2739, #4713, #4694, #3184, #4617, #2712, #3133, #555, #2390 ),
 .UNSPECIFIED., .F., .F.,
 ( 4, 2, 2, 2, 2, 2, 2, 4 ),
 ( 0.5905102855807311535, 0.6250000000000122125, 0.7500000000000031086, 0.8124999999999984457, 0.8749999999999940048, 0.9374999999999893419, 0.9687499999999946709, 1.000000000000000000 ),
 .UNSPECIFIED. ) ;
#2509 = VECTOR ( 'NONE', #1387, 39.37007874015748143 ) ;
#2510 = VERTEX_POINT ( 'NONE', #3714 ) ;
#2511 = ORIENTED_EDGE ( 'NONE', *, *, #2306, .F. ) ;
#2512 = CARTESIAN_POINT ( 'NONE',  ( -65.00355426147542914, -1.992125984251968740, 5.742081742517705756 ) ) ;
#2513 = AXIS2_PLACEMENT_3D ( 'NONE', #2111, #1431, #3640 ) ;
#2514 = EDGE_CURVE ( 'NONE', #866, #2214, #3338, .T. ) ;
#2515 = CARTESIAN_POINT ( 'NONE',  ( -62.12598425196851082, -1.992125984251968518, 4.931102362204727640 ) ) ;
#2516 = CIRCLE ( 'NONE', #1638, 0.05905511811023496371 ) ;
#2517 = CIRCLE ( 'NONE', #1888, 0.3937007874015751585 ) ;
#2518 = APPROVAL ( #647, 'UNSPECIFIED' ) ;
#2519 = CARTESIAN_POINT ( 'NONE',  ( -67.60110816046605464, -2.045674322021779012, 5.376088358117083743 ) ) ;
#2520 = EDGE_LOOP ( 'NONE', ( #3218, #2067, #3227, #3982 ) ) ;
#2521 = CARTESIAN_POINT ( 'NONE',  ( -66.82283464566928899, -1.750175881716585558, 4.969736987474851375 ) ) ;
#2522 = EDGE_LOOP ( 'NONE', ( #1475, #2083, #458, #873 ) ) ;
#2523 = LINE ( 'NONE', #2997, #2470 ) ;
#2524 = AXIS2_PLACEMENT_3D ( 'NONE', #3517, #1159, #476 ) ;
#2525 = PERSON_AND_ORGANIZATION ( #2024, #4204 ) ;
#2526 = FACE_BOUND ( 'NONE', #4767, .T. ) ;
#2527 = ORIENTED_EDGE ( 'NONE', *, *, #4785, .F. ) ;
#2528 = DIRECTION ( 'NONE',  ( 0.5405792589364626366, 0.000000000000000000, -0.8412930909069115115 ) ) ;
#2529 = DIRECTION ( 'NONE',  ( 0.000000000000000000, 0.000000000000000000, 1.000000000000000000 ) ) ;
#2530 = CARTESIAN_POINT ( 'NONE',  ( -67.32283464566928899, -1.744094488188976610, 4.960629921259842590 ) ) ;
#2531 = ORIENTED_EDGE ( 'NONE', *, *, #4349, .F. ) ;
#2532 = AXIS2_PLACEMENT_3D ( 'NONE', #3755, #3354, #332 ) ;
#2533 = CARTESIAN_POINT ( 'NONE',  ( -63.32297718505464701, 3.330708661417322247, 4.269924451661772480 ) ) ;
#2534 = EDGE_CURVE ( 'NONE', #1821, #37, #3154, .T. ) ;
#2535 = DIRECTION ( 'NONE',  ( -0.000000000000000000, 1.000000000000000000, -0.000000000000000000 ) ) ;
#2536 = CARTESIAN_POINT ( 'NONE',  ( -64.79989812990550035, 3.394685039370079149, 4.976195091257908487 ) ) ;
#2537 = DIRECTION ( 'NONE',  ( -0.9571956710508869870, 0.000000000000000000, 0.2894416129747796607 ) ) ;
#2538 = CARTESIAN_POINT ( 'NONE',  ( -64.89649242478481028, -1.992125984251968518, 4.908034645387275852 ) ) ;
#2539 = ORIENTED_EDGE ( 'NONE', *, *, #3124, .F. ) ;
#2540 = EDGE_CURVE ( 'NONE', #1514, #106, #3186, .T. ) ;
#2541 = VERTEX_POINT ( 'NONE', #84 ) ;
#2542 = DIRECTION ( 'NONE',  ( -0.9929147266346842748, 0.000000000000000000, 0.1188290605532586197 ) ) ;
#2543 = DIRECTION ( 'NONE',  ( 0.000000000000000000, 1.000000000000000000, 0.000000000000000000 ) ) ;
#2544 = ORIENTED_EDGE ( 'NONE', *, *, #4077, .F. ) ;
#2545 = DIRECTION ( 'NONE',  ( -0.000000000000000000, 1.000000000000000000, -0.000000000000000000 ) ) ;
#2546 = EDGE_CURVE ( 'NONE', #4045, #3616, #4033, .T. ) ;
#2547 = VERTEX_POINT ( 'NONE', #3457 ) ;
#2548 = CARTESIAN_POINT ( 'NONE',  ( -67.58426487353102630, -1.762607952025259328, 5.390195302626936247 ) ) ;
#2549 = FACE_OUTER_BOUND ( 'NONE', #3818, .T. ) ;
#2550 = ORIENTED_EDGE ( 'NONE', *, *, #462, .F. ) ;
#2551 = DIRECTION ( 'NONE',  ( 8.881784197001638550E-14, 0.000000000000000000, 1.000000000000000000 ) ) ;
#2552 = FACE_OUTER_BOUND ( 'NONE', #811, .T. ) ;
#2553 = ORIENTED_EDGE ( 'NONE', *, *, #2892, .T. ) ;
#2554 = EDGE_CURVE ( 'NONE', #3498, #2318, #857, .T. ) ;
#2555 = DIRECTION ( 'NONE',  ( 0.000000000000000000, 0.000000000000000000, 1.000000000000000000 ) ) ;
#2556 = AXIS2_PLACEMENT_3D ( 'NONE', #2648, #346, #2944 ) ;
#2557 = CARTESIAN_POINT ( 'NONE',  ( -63.11327752984468731, 3.330708661417323135, 3.858267716535433323 ) ) ;
#2558 = DIRECTION ( 'NONE',  ( 0.000000000000000000, 0.000000000000000000, 1.000000000000000000 ) ) ;
#2559 = LINE ( 'NONE', #3446, #200 ) ;
#2560 = DIRECTION ( 'NONE',  ( 0.000000000000000000, 0.000000000000000000, 1.000000000000000000 ) ) ;
#2561 = AXIS2_PLACEMENT_3D ( 'NONE', #2198, #3313, #4190 ) ;
#2562 = CARTESIAN_POINT ( 'NONE',  ( -6.506054539716736862, 3.394685039370079149, 21.88579473940702869 ) ) ;
#2563 = EDGE_CURVE ( 'NONE', #3486, #3660, #3856, .T. ) ;
#2564 = ADVANCED_BREP_SHAPE_REPRESENTATION ( '', ( #1505, #2289 ), #1424 ) ;
#2565 = ORIENTED_EDGE ( 'NONE', *, *, #2238, .F. ) ;
#2566 = DIRECTION ( 'NONE',  ( -2.290736248633313191E-23, 1.000000000000000000, 8.392338112716922374E-24 ) ) ;
#2567 = FACE_OUTER_BOUND ( 'NONE', #4499, .T. ) ;
#2568 = DIRECTION ( 'NONE',  ( -0.000000000000000000, -1.000000000000000000, -0.000000000000000000 ) ) ;
#2569 = ORIENTED_EDGE ( 'NONE', *, *, #1840, .T. ) ;
#2570 = CARTESIAN_POINT ( 'NONE',  ( -66.80891145120514807, -1.786691543113592573, 5.021787782260087596 ) ) ;
#2571 = ORIENTED_EDGE ( 'NONE', *, *, #2142, .F. ) ;
#2572 = CARTESIAN_POINT ( 'NONE',  ( 8.271806125530273994E-25, 3.394685039370079149, -1.654361225106054799E-24 ) ) ;
#2573 = EDGE_CURVE ( 'NONE', #4646, #2862, #4209, .T. ) ;
#2574 = PERSON_AND_ORGANIZATION_ROLE ( 'classification_officer' ) ;
#2575 = EDGE_CURVE ( 'NONE', #2510, #2192, #133, .T. ) ;
#2576 = DIRECTION ( 'NONE',  ( 0.000000000000000000, -1.000000000000000000, 0.000000000000000000 ) ) ;
#2577 = DIRECTION ( 'NONE',  ( 0.000000000000000000, 1.000000000000000000, 0.000000000000000000 ) ) ;
#2578 = LINE ( 'NONE', #1466, #2989 ) ;
#2579 = EDGE_CURVE ( 'NONE', #4022, #337, #4649, .T. ) ;
#2580 = ORIENTED_EDGE ( 'NONE', *, *, #1353, .F. ) ;
#2581 = CARTESIAN_POINT ( 'NONE',  ( -65.77613771333059844, -1.803149606299212948, 5.836784414354050377 ) ) ;
#2582 =( BOUNDED_CURVE ( )  B_SPLINE_CURVE ( 3, ( #2100, #272, #653, #2159 ),
 .UNSPECIFIED., .F., .F. ) 
 B_SPLINE_CURVE_WITH_KNOTS ( ( 4, 4 ),
 ( 3.141592653589793116, 4.712388980384609738 ),
 .UNSPECIFIED. ) 
 CURVE ( )  GEOMETRIC_REPRESENTATION_ITEM ( )  RATIONAL_B_SPLINE_CURVE ( ( 1.000000000000000000, 0.8047378541243839223, 0.8047378541243839223, 1.000000000000000000 ) ) 
 REPRESENTATION_ITEM ( '' )  );
#2583 = CARTESIAN_POINT ( 'NONE',  ( -65.67965287061714719, 3.330708661417322247, 5.156088692845471222 ) ) ;
#2584 = DIRECTION ( 'NONE',  ( -0.5405792589364954992, 0.000000000000000000, 0.8412930909068905283 ) ) ;
#2585 = DIRECTION ( 'NONE',  ( -0.000000000000000000, 1.000000000000000000, -0.000000000000000000 ) ) ;
#2586 = FACE_BOUND ( 'NONE', #2109, .T. ) ;
#2587 = DIRECTION ( 'NONE',  ( 0.000000000000000000, 0.000000000000000000, 1.000000000000000000 ) ) ;
#2588 = ORIENTED_EDGE ( 'NONE', *, *, #1274, .T. ) ;
#2589 = ORIENTED_EDGE ( 'NONE', *, *, #2514, .F. ) ;
#2590 = ORIENTED_EDGE ( 'NONE', *, *, #4747, .F. ) ;
#2591 = CARTESIAN_POINT ( 'NONE',  ( -63.38280690717645882, 3.330708661417323135, 4.287054750680351134 ) ) ;
#2592 = CYLINDRICAL_SURFACE ( 'NONE', #1998, 0.03937007874015314296 ) ;
#2593 = VECTOR ( 'NONE', #168, 39.37007874015748854 ) ;
#2594 = CARTESIAN_POINT ( 'NONE',  ( -66.42010266525956297, -1.757423602876262647, 5.187247223457640999 ) ) ;
#2595 = VERTEX_POINT ( 'NONE', #4277 ) ;
#2596 = CIRCLE ( 'NONE', #3229, 0.03937007874015751446 ) ;
#2597 = DIRECTION ( 'NONE',  ( -0.2894416129747776067, -1.387778780781445922E-16, -0.9571956710508876531 ) ) ;
#2598 = EDGE_CURVE ( 'NONE', #4575, #2006, #3249, .T. ) ;
#2599 = CIRCLE ( 'NONE', #1631, 0.3000000000000017097 ) ;
#2600 = VERTEX_POINT ( 'NONE', #508 ) ;
#2601 = FACE_OUTER_BOUND ( 'NONE', #2520, .T. ) ;
#2602 = AXIS2_PLACEMENT_3D ( 'NONE', #4384, #2900, #4416 ) ;
#2603 = EDGE_CURVE ( 'NONE', #119, #128, #1788, .T. ) ;
#2604 = CARTESIAN_POINT ( 'NONE',  ( -67.32283464566928899, 5.905511811023622215, 5.411629921259843101 ) ) ;
#2605 = ORIENTED_EDGE ( 'NONE', *, *, #1651, .F. ) ;
#2606 = EDGE_CURVE ( 'NONE', #2139, #552, #3558, .T. ) ;
#2607 = CIRCLE ( 'NONE', #544, 0.03937007874015751446 ) ;
#2608 = CARTESIAN_POINT ( 'NONE',  ( -62.12598425196851082, 3.330708661417323135, 4.842519685039370358 ) ) ;
#2609 = ORIENTED_EDGE ( 'NONE', *, *, #271, .T. ) ;
#2610 = CARTESIAN_POINT ( 'NONE',  ( -64.82800195426081302, 3.269811023622047674, 4.346676559360687087 ) ) ;
#2611 = DIRECTION ( 'NONE',  ( 0.000000000000000000, -1.000000000000000000, 0.000000000000000000 ) ) ;
#2612 = LINE ( 'NONE', #1934, #553 ) ;
#2613 = AXIS2_PLACEMENT_3D ( 'NONE', #1123, #353, #1860 ) ;
#2614 = FACE_OUTER_BOUND ( 'NONE', #3094, .T. ) ;
#2615 = FACE_OUTER_BOUND ( 'NONE', #270, .T. ) ;
#2616 = ORIENTED_EDGE ( 'NONE', *, *, #1914, .T. ) ;
#2617 = PRODUCT_RELATED_PRODUCT_CATEGORY ( 'detail', '', ( #1349 ) ) ;
#2618 = EDGE_LOOP ( 'NONE', ( #3722, #566, #2014, #832 ) ) ;
#2619 = DIRECTION ( 'NONE',  ( -0.000000000000000000, 1.000000000000000000, -0.000000000000000000 ) ) ;
#2620 = CARTESIAN_POINT ( 'NONE',  ( -64.95703519139635773, -1.992125984251968740, 4.855481759916427720 ) ) ;
#2621 = FACE_OUTER_BOUND ( 'NONE', #3326, .T. ) ;
#2622 = VERTEX_POINT ( 'NONE', #3305 ) ;
#2623 = CARTESIAN_POINT ( 'NONE',  ( -62.68207785959046419, 3.271653543307087020, 3.991115554976680357 ) ) ;
#2624 = ORIENTED_EDGE ( 'NONE', *, *, #406, .F. ) ;
#2625 = ORIENTED_EDGE ( 'NONE', *, *, #2069, .F. ) ;
#2626 = CARTESIAN_POINT ( 'NONE',  ( -66.13949427091743871, 3.519685039370079149, 5.327166360359817610 ) ) ;
#2627 = COORDINATED_UNIVERSAL_TIME_OFFSET ( 6, 0, .BEHIND. ) ;
#2628 = EDGE_CURVE ( 'NONE', #1295, #2174, #2424, .T. ) ;
#2629 = DIRECTION ( 'NONE',  ( -0.2894416129747776623, -1.387778780781445676E-16, -0.9571956710508877642 ) ) ;
#2630 = FACE_BOUND ( 'NONE', #3408, .T. ) ;
#2631 = ORIENTED_EDGE ( 'NONE', *, *, #3951, .T. ) ;
#2632 = CARTESIAN_POINT ( 'NONE',  ( -67.32283464566928899, -5.905511811023622215, 4.960629921259842590 ) ) ;
#2633 = DIRECTION ( 'NONE',  ( 0.2894416129747778843, 0.000000000000000000, 0.9571956710508874311 ) ) ;
#2634 = PLANE ( 'NONE',  #2532 ) ;
#2635 = DIRECTION ( 'NONE',  ( -2.290736248633320832E-23, 1.000000000000000000, 8.392338112716951761E-24 ) ) ;
#2636 = ORIENTED_EDGE ( 'NONE', *, *, #2839, .F. ) ;
#2637 = CIRCLE ( 'NONE', #1838, 0.03937007874015751446 ) ;
#2638 = AXIS2_PLACEMENT_3D ( 'NONE', #4544, #1844, #1152 ) ;
#2639 = VERTEX_POINT ( 'NONE', #2057 ) ;
#2640 = CARTESIAN_POINT ( 'NONE',  ( -66.82215703185677569, 3.566417366820992196, 4.978699924625808571 ) ) ;
#2641 = FACE_OUTER_BOUND ( 'NONE', #4849, .T. ) ;
#2642 = EDGE_CURVE ( 'NONE', #2650, #364, #3064, .T. ) ;
#2643 = CARTESIAN_POINT ( 'NONE',  ( -61.45669291338582951, 3.330708661417323135, 3.858267716535433323 ) ) ;
#2644 = ORIENTED_EDGE ( 'NONE', *, *, #2372, .T. ) ;
#2645 = CARTESIAN_POINT ( 'NONE',  ( -66.51724281795711136, -1.803149606299212726, 5.089115938022577446 ) ) ;
#2646 = ORIENTED_EDGE ( 'NONE', *, *, #462, .T. ) ;
#2647 = FACE_OUTER_BOUND ( 'NONE', #1095, .T. ) ;
#2648 = CARTESIAN_POINT ( 'NONE',  ( -65.24903709492606652, 3.394685039370079149, 5.748010842550089095 ) ) ;
#2649 = CARTESIAN_POINT ( 'NONE',  ( -63.11327752984468731, -2.053023622047244423, 3.858267716535433323 ) ) ;
#2650 = VERTEX_POINT ( 'NONE', #919 ) ;
#2651 = CARTESIAN_POINT ( 'NONE',  ( -64.64800489738213685, -1.803149606299212948, 5.640699716327256752 ) ) ;
#2652 = DIRECTION ( 'NONE',  ( 0.000000000000000000, 0.000000000000000000, 1.000000000000000000 ) ) ;
#2653 = CARTESIAN_POINT ( 'NONE',  ( -65.35063841097664294, 3.330708661417322247, 5.020180295402875359 ) ) ;
#2654 = DIRECTION ( 'NONE',  ( -4.152228712103771254E-24, 1.000000000000000000, 1.396773186413098902E-23 ) ) ;
#2655 = PLANE ( 'NONE',  #1811 ) ;
#2656 = LINE ( 'NONE', #4821, #1554 ) ;
#2657 = ORIENTED_EDGE ( 'NONE', *, *, #3188, .F. ) ;
#2658 = EDGE_CURVE ( 'NONE', #3237, #1362, #2504, .T. ) ;
#2659 = EDGE_CURVE ( 'NONE', #2250, #4803, #949, .T. ) ;
#2660 = EDGE_LOOP ( 'NONE', ( #2948, #254 ) ) ;
#2661 = ADVANCED_FACE ( 'NONE', ( #4365 ), #974, .T. ) ;
#2662 = ORIENTED_EDGE ( 'NONE', *, *, #4720, .F. ) ;
#2663 = CARTESIAN_POINT ( 'NONE',  ( -62.25660868165932271, 3.330708661417323135, 3.800764084789143737 ) ) ;
#2664 = DIRECTION ( 'NONE',  ( -0.2894416129747777733, -3.896621584622208039E-17, -0.9571956710508874311 ) ) ;
#2665 = ADVANCED_FACE ( 'NONE', ( #3584 ), #277, .F. ) ;
#2666 = EDGE_CURVE ( 'NONE', #2006, #4620, #3259, .T. ) ;
#2667 = VECTOR ( 'NONE', #1966, 39.37007874015748143 ) ;
#2668 = ORIENTED_EDGE ( 'NONE', *, *, #4636, .T. ) ;
#2669 = DIRECTION ( 'NONE',  ( -0.9389693932908348417, 0.000000000000000000, 0.3440006954397640260 ) ) ;
#2670 = CARTESIAN_POINT ( 'NONE',  ( -62.52074987758508229, -5.905511811023622215, 4.302819003279124921 ) ) ;
#2671 = ADVANCED_FACE ( 'NONE', ( #2080 ), #202, .F. ) ;
#2672 = CARTESIAN_POINT ( 'NONE',  ( -66.28086995732653008, -1.992125984251968740, 5.370740800000248782 ) ) ;
#2673 = AXIS2_PLACEMENT_3D ( 'NONE', #500, #3103, #1951 ) ;
#2674 = AXIS2_PLACEMENT_3D ( 'NONE', #242, #1652, #219 ) ;
#2675 = CIRCLE ( 'NONE', #2995, 0.3937007874015746034 ) ;
#2676 = CARTESIAN_POINT ( 'NONE',  ( -61.45669291338582951, 3.519685039370079149, 3.858267716535433323 ) ) ;
#2677 = ORIENTED_EDGE ( 'NONE', *, *, #309, .F. ) ;
#2678 = CARTESIAN_POINT ( 'NONE',  ( -67.32283464566928899, -1.744094488188976610, 5.460629921259838149 ) ) ;
#2679 = FACE_OUTER_BOUND ( 'NONE', #72, .T. ) ;
#2680 = CIRCLE ( 'NONE', #3474, 0.03937007874015751446 ) ;
#2681 = DIRECTION ( 'NONE',  ( 0.000000000000000000, -1.000000000000000000, 0.000000000000000000 ) ) ;
#2682 = B_SPLINE_CURVE_WITH_KNOTS ( 'NONE', 3,
 ( #1970, #366, #1134, #443, #88 ),
 .UNSPECIFIED., .F., .F.,
 ( 4, 1, 4 ),
 ( 0.06607438595462204745, 0.4900827944212210463, 1.000000000000000000 ),
 .UNSPECIFIED. ) ;
#2683 = VECTOR ( 'NONE', #3047, 39.37007874015748854 ) ;
#2684 = CARTESIAN_POINT ( 'NONE',  ( -64.90859838036783458, 3.330708661417322247, 4.835443776639679392 ) ) ;
#2685 = CARTESIAN_POINT ( 'NONE',  ( -65.86338446296181814, -1.992125984251968740, 5.836938792014192856 ) ) ;
#2686 = DIRECTION ( 'NONE',  ( 0.000000000000000000, -1.000000000000000000, 0.000000000000000000 ) ) ;
#2687 = VERTEX_POINT ( 'NONE', #4342 ) ;
#2688 = DESIGN_CONTEXT ( 'detailed design', #3670, 'design' ) ;
#2689 = AXIS2_PLACEMENT_3D ( 'NONE', #3418, #4217, #808 ) ;
#2690 = EDGE_CURVE ( 'NONE', #4128, #1373, #4255, .T. ) ;
#2691 = CIRCLE ( 'NONE', #4583, 0.07874015748031611139 ) ;
#2692 = ADVANCED_FACE ( 'NONE', ( #2164 ), #1347, .F. ) ;
#2693 = ORIENTED_EDGE ( 'NONE', *, *, #1867, .T. ) ;
#2694 = CARTESIAN_POINT ( 'NONE',  ( -63.38280690717645882, -1.992125984251968740, 4.287054750680351134 ) ) ;
#2695 = CARTESIAN_POINT ( 'NONE',  ( -63.20756636949602836, 3.394685039370079593, 5.029969632690672654 ) ) ;
#2696 = EDGE_CURVE ( 'NONE', #3535, #1595, #1319, .T. ) ;
#2697 = ORIENTED_EDGE ( 'NONE', *, *, #1845, .T. ) ;
#2698 = LINE ( 'NONE', #3043, #2913 ) ;
#2699 = VERTEX_POINT ( 'NONE', #2459 ) ;
#2700 = CARTESIAN_POINT ( 'NONE',  ( -66.53158802167058639, 3.519685039370079149, 5.425190076936061701 ) ) ;
#2701 = CARTESIAN_POINT ( 'NONE',  ( -64.77489202239148369, 3.519685039370080037, 5.681553123715965548 ) ) ;
#2702 = VECTOR ( 'NONE', #4361, 39.37007874015748143 ) ;
#2703 = DIRECTION ( 'NONE',  ( -0.9929147266346842748, 0.000000000000000000, 0.1188290605532585781 ) ) ;
#2704 = FACE_OUTER_BOUND ( 'NONE', #3820, .T. ) ;
#2705 = CARTESIAN_POINT ( 'NONE',  ( -66.44904304038769283, 3.297582622643376649, 5.125646754817393180 ) ) ;
#2706 = LINE ( 'NONE', #3242, #701 ) ;
#2707 = DIRECTION ( 'NONE',  ( 0.000000000000000000, -1.000000000000000000, 0.000000000000000000 ) ) ;
#2708 = DIRECTION ( 'NONE',  ( -0.000000000000000000, 1.000000000000000000, -0.000000000000000000 ) ) ;
#2709 = CARTESIAN_POINT ( 'NONE',  ( -66.42833907967933271, 3.271653543307093681, 5.123928753950849568 ) ) ;
#2710 = ADVANCED_FACE ( 'NONE', ( #3977 ), #2878, .F. ) ;
#2711 = ORIENTED_EDGE ( 'NONE', *, *, #4665, .F. ) ;
#2712 = CARTESIAN_POINT ( 'NONE',  ( -63.10648962523053029, 3.519685039370079149, 4.215993817325356829 ) ) ;
#2713 = ORIENTED_EDGE ( 'NONE', *, *, #1929, .F. ) ;
#2714 = ORIENTED_EDGE ( 'NONE', *, *, #3522, .F. ) ;
#2715 = CARTESIAN_POINT ( 'NONE',  ( -64.94463702649743198, -1.803149606299212948, 4.850360820107583848 ) ) ;
#2716 = CARTESIAN_POINT ( 'NONE',  ( -66.53158802167057218, -1.992125984251968518, 5.425190076936063477 ) ) ;
#2717 = EDGE_CURVE ( 'NONE', #3695, #3254, #1371, .T. ) ;
#2718 = TOROIDAL_SURFACE ( 'NONE', #4076, 0.5590551181102316747, 0.05905511811023622659 ) ;
#2719 = EDGE_LOOP ( 'NONE', ( #2766, #2269, #3526, #507 ) ) ;
#2720 = DIRECTION ( 'NONE',  ( 0.000000000000000000, 0.000000000000000000, -1.000000000000000000 ) ) ;
#2721 = ORIENTED_EDGE ( 'NONE', *, *, #1310, .F. ) ;
#2722 = ORIENTED_EDGE ( 'NONE', *, *, #3840, .T. ) ;
#2723 = CARTESIAN_POINT ( 'NONE',  ( -66.09918920518569507, -1.803149606299212948, 5.826089031778224125 ) ) ;
#2724 = CARTESIAN_POINT ( 'NONE',  ( -64.69406355222159277, 3.519685039370080037, 5.656388610341218204 ) ) ;
#2725 = VECTOR ( 'NONE', #2542, 39.37007874015748854 ) ;
#2726 = DIRECTION ( 'NONE',  ( 0.000000000000000000, 0.000000000000000000, 1.000000000000000000 ) ) ;
#2727 = EDGE_CURVE ( 'NONE', #1592, #128, #3811, .T. ) ;
#2728 = CARTESIAN_POINT ( 'NONE',  ( -66.01803442982382819, -1.707673120111272702, 4.999858782411128466 ) ) ;
#2729 = CARTESIAN_POINT ( 'NONE',  ( -67.32283464566928899, -5.905511811023622215, 4.460629921259847919 ) ) ;
#2730 = ADVANCED_FACE ( 'NONE', ( #1835 ), #3756, .F. ) ;
#2731 = DIRECTION ( 'NONE',  ( -0.000000000000000000, -1.000000000000000000, 0.000000000000000000 ) ) ;
#2732 = CIRCLE ( 'NONE', #269, 0.03937007874015751446 ) ;
#2733 = EDGE_CURVE ( 'NONE', #3162, #4733, #2656, .T. ) ;
#2734 = CARTESIAN_POINT ( 'NONE',  ( -67.32283464566928899, 5.905511811023622215, 4.960629921259842590 ) ) ;
#2735 = CARTESIAN_POINT ( 'NONE',  ( -62.68017953675698095, -1.803149606299212948, 4.081905876995977955 ) ) ;
#2736 = CARTESIAN_POINT ( 'NONE',  ( -67.54974883678276854, -1.742251968503937265, 5.411459937986293767 ) ) ;
#2737 = ORIENTED_EDGE ( 'NONE', *, *, #2554, .F. ) ;
#2738 = ADVANCED_FACE ( 'NONE', ( #2614 ), #4140, .T. ) ;
#2739 = CARTESIAN_POINT ( 'NONE',  ( -63.38280690717645882, 3.519685039370079149, 4.287054750680351134 ) ) ;
#2740 = EDGE_LOOP ( 'NONE', ( #2503, #2569, #444, #2544 ) ) ;
#2741 = DIRECTION ( 'NONE',  ( 0.000000000000000000, 1.000000000000000000, -0.000000000000000000 ) ) ;
#2742 = CARTESIAN_POINT ( 'NONE',  ( -65.57091326672302500, -1.803149606299210728, 5.111629255494796631 ) ) ;
#2743 =( BOUNDED_CURVE ( )  B_SPLINE_CURVE ( 3, ( #3056, #4557, #2310, #3451 ),
 .UNSPECIFIED., .F., .F. ) 
 B_SPLINE_CURVE_WITH_KNOTS ( ( 4, 4 ),
 ( 1.570796326794814846, 3.141592653589797113 ),
 .UNSPECIFIED. ) 
 CURVE ( )  GEOMETRIC_REPRESENTATION_ITEM ( )  RATIONAL_B_SPLINE_CURVE ( ( 1.000000000000000000, 0.8047378541243448424, 0.8047378541243448424, 1.000000000000000000 ) ) 
 REPRESENTATION_ITEM ( '' )  );
#2744 = ORIENTED_EDGE ( 'NONE', *, *, #459, .F. ) ;
#2745 = CARTESIAN_POINT ( 'NONE',  ( -64.39716778540572761, 1.098235383359809303, 4.575542059846730680 ) ) ;
#2746 = ORIENTED_EDGE ( 'NONE', *, *, #1454, .F. ) ;
#2747 = CYLINDRICAL_SURFACE ( 'NONE', #1794, 0.05905511811023705232 ) ;
#2748 = CARTESIAN_POINT ( 'NONE',  ( -40.62116550400091342, -5.905511811023622215, -27.62239254272128974 ) ) ;
#2749 = DIRECTION ( 'NONE',  ( 0.000000000000000000, 1.000000000000000000, -0.000000000000000000 ) ) ;
#2750 = ORIENTED_EDGE ( 'NONE', *, *, #2804, .F. ) ;
#2751 = DIRECTION ( 'NONE',  ( -0.2894416129747778843, 0.000000000000000000, -0.9571956710508875421 ) ) ;
#2752 = DIRECTION ( 'NONE',  ( -0.2849488162373924327, -1.457184053940611358E-23, 0.9585427335935049475 ) ) ;
#2753 = EDGE_CURVE ( 'NONE', #2318, #3583, #1124, .T. ) ;
#2754 = CALENDAR_DATE ( 2026, 16, 9 ) ;
#2755 = VECTOR ( 'NONE', #3825, 39.37007874015748143 ) ;
#2756 = EDGE_CURVE ( 'NONE', #3616, #3453, #2817, .T. ) ;
#2757 = LINE ( 'NONE', #846, #385 ) ;
#2758 = CARTESIAN_POINT ( 'NONE',  ( -66.01373087566419429, 3.330708661417321803, 4.973002143498336913 ) ) ;
#2759 = CIRCLE ( 'NONE', #2112, 0.03937007874015751446 ) ;
#2760 = FACE_OUTER_BOUND ( 'NONE', #1543, .T. ) ;
#2761 = AXIS2_PLACEMENT_3D ( 'NONE', #1955, #3521, #3152 ) ;
#2762 = LINE ( 'NONE', #3157, #4492 ) ;
#2763 = ORIENTED_EDGE ( 'NONE', *, *, #1310, .T. ) ;
#2764 = ADVANCED_FACE ( 'NONE', ( #4540 ), #3707, .T. ) ;
#2765 = CARTESIAN_POINT ( 'NONE',  ( -63.20756636949602836, 3.519685039370079149, 5.029969632690667325 ) ) ;
#2766 = ORIENTED_EDGE ( 'NONE', *, *, #1618, .T. ) ;
#2767 = CARTESIAN_POINT ( 'NONE',  ( -63.07457352484861701, -1.992125984251968740, 4.210494890457447958 ) ) ;
#2768 = FACE_OUTER_BOUND ( 'NONE', #746, .T. ) ;
#2769 = AXIS2_PLACEMENT_3D ( 'NONE', #2676, #1553, #2726 ) ;
#2770 = EDGE_LOOP ( 'NONE', ( #1486, #2565, #597, #4523 ) ) ;
#2771 = ORIENTED_EDGE ( 'NONE', *, *, #3400, .T. ) ;
#2772 = DIRECTION ( 'NONE',  ( -0.000000000000000000, 1.000000000000000000, -0.000000000000000000 ) ) ;
#2773 = CARTESIAN_POINT ( 'NONE',  ( -64.69406355222159277, 3.330708661417323135, 5.656388610341218204 ) ) ;
#2774 = CARTESIAN_POINT ( 'NONE',  ( -62.53946311546748404, -5.905511811023622215, 4.146454479399649173 ) ) ;
#2775 = LINE ( 'NONE', #4309, #1367 ) ;
#2776 = FACE_BOUND ( 'NONE', #3727, .T. ) ;
#2777 = LENGTH_MEASURE_WITH_UNIT ( LENGTH_MEASURE( 0.02539999999999999897 ), #1621 );
#2778 = CARTESIAN_POINT ( 'NONE',  ( -64.77489202239148369, -1.992125984251968740, 5.681553123715965548 ) ) ;
#2779 = CARTESIAN_POINT ( 'NONE',  ( -43.69995077567320152, 3.394685039370079149, -28.07973494755255928 ) ) ;
#2780 = DIRECTION ( 'NONE',  ( 0.000000000000000000, 1.000000000000000000, -0.000000000000000000 ) ) ;
#2781 = ORIENTED_EDGE ( 'NONE', *, *, #1787, .T. ) ;
#2782 = CARTESIAN_POINT ( 'NONE',  ( -66.77220858830405348, 3.330708661417323135, 5.057343777742002722 ) ) ;
#2783 = ORIENTED_EDGE ( 'NONE', *, *, #1423, .T. ) ;
#2784 = CARTESIAN_POINT ( 'NONE',  ( -64.79989812990548614, -3.621238344103700602, 4.976195091257887171 ) ) ;
#2785 = CARTESIAN_POINT ( 'NONE',  ( -65.89062420043750024, -1.803149606299210728, 5.238806934920885006 ) ) ;
#2786 = ORIENTED_EDGE ( 'NONE', *, *, #1651, .T. ) ;
#2787 = EDGE_LOOP ( 'NONE', ( #3580, #3018, #195, #2440 ) ) ;
#2788 = DIRECTION ( 'NONE',  ( -0.2894416129747777733, 1.536827284801059252E-17, -0.9571956710508874311 ) ) ;
#2789 = CARTESIAN_POINT ( 'NONE',  ( -66.45399795277461408, 3.519685039370080037, 5.757641626466391216 ) ) ;
#2790 = ADVANCED_FACE ( 'NONE', ( #1522 ), #1422, .F. ) ;
#2791 = CARTESIAN_POINT ( 'NONE',  ( -63.10648962523053029, -1.992125984251968740, 4.215993817325356829 ) ) ;
#2792 = ORIENTED_EDGE ( 'NONE', *, *, #2389, .F. ) ;
#2793 = CIRCLE ( 'NONE', #505, 0.03937007874015751446 ) ;
#2794 = LINE ( 'NONE', #911, #4697 ) ;
#2795 = COORDINATED_UNIVERSAL_TIME_OFFSET ( 6, 0, .BEHIND. ) ;
#2796 = CARTESIAN_POINT ( 'NONE',  ( -62.25660868165930850, -1.803149606299212726, 3.800764084789141073 ) ) ;
#2797 = DIRECTION ( 'NONE',  ( 0.000000000000000000, 1.000000000000000000, -0.000000000000000000 ) ) ;
#2798 = CARTESIAN_POINT ( 'NONE',  ( -67.32283464566928899, -2.051181102362205078, 4.960629921259842590 ) ) ;
#2799 = VERTEX_POINT ( 'NONE', #3034 ) ;
#2800 = LINE ( 'NONE', #2366, #774 ) ;
#2801 = CARTESIAN_POINT ( 'NONE',  ( -62.12598425196851082, 3.519685039370079149, 4.931102362204727640 ) ) ;
#2802 = DIRECTION ( 'NONE',  ( -0.000000000000000000, -1.000000000000000000, 0.000000000000000000 ) ) ;
#2803 = DIRECTION ( 'NONE',  ( 0.2894416129747778288, 0.000000000000000000, 0.9571956710508874311 ) ) ;
#2804 = EDGE_CURVE ( 'NONE', #2873, #3765, #1868, .T. ) ;
#2805 = ADVANCED_FACE ( 'NONE', ( #2957 ), #2190, .F. ) ;
#2806 = EDGE_CURVE ( 'NONE', #2600, #2927, #305, .T. ) ;
#2807 = VERTEX_POINT ( 'NONE', #1145 ) ;
#2808 = ORIENTED_EDGE ( 'NONE', *, *, #45, .F. ) ;
#2809 = FACE_OUTER_BOUND ( 'NONE', #157, .T. ) ;
#2810 = EDGE_CURVE ( 'NONE', #2881, #1915, #3781, .T. ) ;
#2811 = DIRECTION ( 'NONE',  ( 0.000000000000000000, 0.000000000000000000, 1.000000000000000000 ) ) ;
#2812 = VECTOR ( 'NONE', #429, 39.37007874015748143 ) ;
#2813 = DIRECTION ( 'NONE',  ( -0.9389693932908348417, 0.000000000000000000, 0.3440006954397640260 ) ) ;
#2814 = ORIENTED_EDGE ( 'NONE', *, *, #4847, .T. ) ;
#2815 = DIRECTION ( 'NONE',  ( -0.000000000000000000, -1.000000000000000000, 0.000000000000000000 ) ) ;
#2816 = DATE_TIME_ROLE ( 'creation_date' ) ;
#2817 = CIRCLE ( 'NONE', #373, 0.03937007874015751446 ) ;
#2818 = DIRECTION ( 'NONE',  ( -0.7534764009720380518, -0.6167351661159017340, 0.2278399614953784957 ) ) ;
#2819 = DIMENSIONAL_EXPONENTS ( 1.000000000000000000, 0.000000000000000000, 0.000000000000000000, 0.000000000000000000, 0.000000000000000000, 0.000000000000000000, 0.000000000000000000 ) ;
#2820 = CARTESIAN_POINT ( 'NONE',  ( -62.25786044705336053, -1.778688175450410025, 3.862838572693704897 ) ) ;
#2821 = CARTESIAN_POINT ( 'NONE',  ( -64.94463702649743198, -1.803149606299212948, 4.850360820107583848 ) ) ;
#2822 = DIRECTION ( 'NONE',  ( -0.000000000000000000, 1.000000000000000000, -0.000000000000000000 ) ) ;
#2823 = VERTEX_POINT ( 'NONE', #1447 ) ;
#2824 = LINE ( 'NONE', #3972, #2702 ) ;
#2825 = AXIS2_PLACEMENT_3D ( 'NONE', #3994, #3967, #4708 ) ;
#2826 = CIRCLE ( 'NONE', #3391, 0.03937007874015751446 ) ;
#2827 = FACE_OUTER_BOUND ( 'NONE', #2850, .T. ) ;
#2828 = VERTEX_POINT ( 'NONE', #1076 ) ;
#2829 = DIRECTION ( 'NONE',  ( -0.000000000000000000, 1.000000000000000000, -0.000000000000000000 ) ) ;
#2830 = DIRECTION ( 'NONE',  ( -0.9571956710508875421, 6.162975822039154730E-33, 0.2894416129747776067 ) ) ;
#2831 = CARTESIAN_POINT ( 'NONE',  ( -63.37968172099411390, 3.394685039370079593, 5.176037015032260769 ) ) ;
#2832 = EDGE_LOOP ( 'NONE', ( #4846, #327, #559, #4591 ) ) ;
#2833 = AXIS2_PLACEMENT_3D ( 'NONE', #1405, #2917, #4435 ) ;
#2834 = ADVANCED_FACE ( 'NONE', ( #1497, #2586 ), #4113, .T. ) ;
#2835 = VECTOR ( 'NONE', #3893, 39.37007874015748854 ) ;
#2836 = ORIENTED_EDGE ( 'NONE', *, *, #4487, .F. ) ;
#2837 = CARTESIAN_POINT ( 'NONE',  ( -64.68076422706613471, -1.992125984251968740, 5.651992342554510884 ) ) ;
#2838 = DIRECTION ( 'NONE',  ( 0.000000000000000000, 0.000000000000000000, 1.000000000000000000 ) ) ;
#2839 = EDGE_CURVE ( 'NONE', #2314, #4615, #705, .T. ) ;
#2840 = EDGE_CURVE ( 'NONE', #2600, #3173, #3355, .T. ) ;
#2841 = CARTESIAN_POINT ( 'NONE',  ( -63.99798826116343520, -1.803149606299212948, 4.486385440163125793 ) ) ;
#2842 = ORIENTED_EDGE ( 'NONE', *, *, #3951, .F. ) ;
#2843 = VERTEX_POINT ( 'NONE', #4613 ) ;
#2844 = FACE_OUTER_BOUND ( 'NONE', #4760, .T. ) ;
#2845 = COORDINATED_UNIVERSAL_TIME_OFFSET ( 6, 0, .BEHIND. ) ;
#2846 = DIRECTION ( 'NONE',  ( 0.000000000000000000, 0.000000000000000000, 1.000000000000000000 ) ) ;
#2847 = CARTESIAN_POINT ( 'NONE',  ( -67.57860557561714643, 3.293899707723456860, 5.395223577493975853 ) ) ;
#2848 = LINE ( 'NONE', #942, #4111 ) ;
#2849 = DIRECTION ( 'NONE',  ( 0.000000000000000000, 0.000000000000000000, -1.000000000000000000 ) ) ;
#2850 = EDGE_LOOP ( 'NONE', ( #3035, #1117, #4360, #421, #3700, #34, #1676, #3058 ) ) ;
#2851 = B_SPLINE_SURFACE_WITH_KNOTS ( 'NONE', 3, 1, ( 
 ( #1908, #299 ),
 ( #4468, #3006 ),
 ( #2610, #4536 ),
 ( #1806, #4516 ),
 ( #1120, #1141 ) ),
 .UNSPECIFIED., .F., .F., .F.,
 ( 4, 1, 4 ),
 ( 2, 2 ),
 ( 0.000000000000000000, 0.5099172055787789537, 1.000000000000000000 ),
 ( 0.000000000000000000, 1.000000000000000000 ),
 .UNSPECIFIED. ) ;
#2852 = DIRECTION ( 'NONE',  ( 0.000000000000000000, 0.000000000000000000, -1.000000000000000000 ) ) ;
#2853 = CARTESIAN_POINT ( 'NONE',  ( -5.719890009841348544, 3.519685039370079149, -15.61276393748305047 ) ) ;
#2854 = VERTEX_POINT ( 'NONE', #4587 ) ;
#2855 = DIRECTION ( 'NONE',  ( -0.000000000000000000, 1.000000000000000000, -0.000000000000000000 ) ) ;
#2856 = CARTESIAN_POINT ( 'NONE',  ( -66.45399795276968291, 3.330708661417323135, 5.757641626467577822 ) ) ;
#2857 = ORIENTED_EDGE ( 'NONE', *, *, #4870, .F. ) ;
#2858 = ORIENTED_EDGE ( 'NONE', *, *, #2606, .F. ) ;
#2859 = CARTESIAN_POINT ( 'NONE',  ( -66.53158802167055796, 3.330708661417323135, 5.425190076936060812 ) ) ;
#2860 = CARTESIAN_POINT ( 'NONE',  ( -5.828236685570407971, 3.519685039370079149, -15.90850232907071593 ) ) ;
#2861 = CARTESIAN_POINT ( 'NONE',  ( -64.29627097090472887, -1.803149606299212948, 4.595560993410113149 ) ) ;
#2862 = VERTEX_POINT ( 'NONE', #4207 ) ;
#2863 = CARTESIAN_POINT ( 'NONE',  ( -62.66384531704087379, 3.271653543307087020, 4.051411345279099407 ) ) ;
#2864 = ORIENTED_EDGE ( 'NONE', *, *, #2224, .T. ) ;
#2865 = DATE_AND_TIME ( #2093, #1390 ) ;
#2866 = AXIS2_PLACEMENT_3D ( 'NONE', #209, #1327, #2838 ) ;
#2867 = ADVANCED_FACE ( 'NONE', ( #3923 ), #2005, .F. ) ;
#2868 = CARTESIAN_POINT ( 'NONE',  ( -62.12598425196851082, -1.992125984251968518, 4.842519685039370358 ) ) ;
#2869 = EDGE_LOOP ( 'NONE', ( #3485, #530, #186, #3464 ) ) ;
#2870 = CARTESIAN_POINT ( 'NONE',  ( -67.54989484569655644, 3.310043184898479041, 5.421586191375314279 ) ) ;
#2871 = DIRECTION ( 'NONE',  ( 0.000000000000000000, 1.000000000000000000, 0.000000000000000000 ) ) ;
#2872 = LINE ( 'NONE', #2074, #769 ) ;
#2873 = VERTEX_POINT ( 'NONE', #3109 ) ;
#2874 = ADVANCED_FACE ( 'NONE', ( #3525 ), #1605, .F. ) ;
#2875 = DIRECTION ( 'NONE',  ( 0.000000000000000000, 1.000000000000000000, -0.000000000000000000 ) ) ;
#2876 = DIRECTION ( 'NONE',  ( 0.000000000000000000, 0.000000000000000000, 1.000000000000000000 ) ) ;
#2877 = VERTEX_POINT ( 'NONE', #4642 ) ;
#2878 = CYLINDRICAL_SURFACE ( 'NONE', #4560, 0.08858267716535768443 ) ;
#2879 = DIRECTION ( 'NONE',  ( -0.2894416129747778288, 0.000000000000000000, -0.9571956710508874311 ) ) ;
#2880 = ORIENTED_EDGE ( 'NONE', *, *, #4273, .T. ) ;
#2881 = VERTEX_POINT ( 'NONE', #3481 ) ;
#2882 = VERTEX_POINT ( 'NONE', #79 ) ;
#2883 = DIRECTION ( 'NONE',  ( 0.000000000000000000, -1.000000000000000000, 0.000000000000000000 ) ) ;
#2884 = CIRCLE ( 'NONE', #1768, 0.1968503937007843041 ) ;
#2885 = DIRECTION ( 'NONE',  ( 0.000000000000000000, -1.000000000000000000, 0.000000000000000000 ) ) ;
#2886 = CARTESIAN_POINT ( 'NONE',  ( -67.60643676162112570, -2.051181102362205078, 5.372418507584993286 ) ) ;
#2887 = VERTEX_POINT ( 'NONE', #1193 ) ;
#2888 = DIRECTION ( 'NONE',  ( 0.000000000000000000, 0.000000000000000000, 1.000000000000000000 ) ) ;
#2889 = CARTESIAN_POINT ( 'NONE',  ( -65.37504207357540054, 3.394685039370079149, 5.652792248510143835 ) ) ;
#2890 = LOCAL_TIME ( 12, 14, 36.00000000000000000, #3942 ) ;
#2891 = APPROVAL_DATE_TIME ( #4266, #2060 ) ;
#2892 = EDGE_CURVE ( 'NONE', #1389, #2116, #3460, .T. ) ;
#2893 = DIRECTION ( 'NONE',  ( 0.000000000000000000, 1.000000000000000000, -0.000000000000000000 ) ) ;
#2894 = DIRECTION ( 'NONE',  ( 0.9571956710508875421, -6.162975822039154730E-33, -0.2894416129747776067 ) ) ;
#2895 = CARTESIAN_POINT ( 'NONE',  ( -65.24903709492606652, -1.992125984251968518, 5.748010842550089095 ) ) ;
#2896 = CARTESIAN_POINT ( 'NONE',  ( -0.4359553805146830219, -1.803149606299212726, -3.642766470198991691 ) ) ;
#2897 = ORIENTED_EDGE ( 'NONE', *, *, #1657, .T. ) ;
#2898 = EDGE_CURVE ( 'NONE', #364, #4128, #796, .T. ) ;
#2899 = CARTESIAN_POINT ( 'NONE',  ( -63.32297718505464701, 3.519685039370079149, 4.269924451661772480 ) ) ;
#2900 = DIRECTION ( 'NONE',  ( -0.000000000000000000, -1.000000000000000000, -0.000000000000000000 ) ) ;
#2901 = AXIS2_PLACEMENT_3D ( 'NONE', #2126, #1388, #596 ) ;
#2902 = FACE_OUTER_BOUND ( 'NONE', #1119, .T. ) ;
#2903 = DIRECTION ( 'NONE',  ( 0.000000000000000000, 0.000000000000000000, -1.000000000000000000 ) ) ;
#2904 = DIRECTION ( 'NONE',  ( 0.2894416129747778288, 0.000000000000000000, 0.9571956710508874311 ) ) ;
#2905 = VERTEX_POINT ( 'NONE', #4228 ) ;
#2906 = VECTOR ( 'NONE', #2041, 39.37007874015748143 ) ;
#2907 = EDGE_CURVE ( 'NONE', #498, #4575, #127, .T. ) ;
#2908 = AXIS2_PLACEMENT_3D ( 'NONE', #3853, #2432, #1964 ) ;
#2909 = ORIENTED_EDGE ( 'NONE', *, *, #4426, .F. ) ;
#2910 = ORIENTED_EDGE ( 'NONE', *, *, #3279, .T. ) ;
#2911 = CARTESIAN_POINT ( 'NONE',  ( -66.28086995732653008, 3.330708661417323135, 5.370740800000248782 ) ) ;
#2912 = DIRECTION ( 'NONE',  ( -0.2894416129747701127, 0.000000000000000000, -0.9571956710508898736 ) ) ;
#2913 = VECTOR ( 'NONE', #2669, 39.37007874015748854 ) ;
#2914 = CIRCLE ( 'NONE', #390, 0.4999999999999952260 ) ;
#2915 = DIRECTION ( 'NONE',  ( 0.6333943274849800353, -0.7738291968579691371, 0.000000000000000000 ) ) ;
#2916 = EDGE_LOOP ( 'NONE', ( #4505, #3375 ) ) ;
#2917 = DIRECTION ( 'NONE',  ( 0.000000000000000000, 1.000000000000000000, -0.000000000000000000 ) ) ;
#2918 = CARTESIAN_POINT ( 'NONE',  ( -6.539709911713396551, 3.519685039370079149, 21.99900844809932465 ) ) ;
#2920 = DIRECTION ( 'NONE',  ( -0.2894416129747776623, -1.387778780781445676E-16, -0.9571956710508877642 ) ) ;
#2919 = AXIS2_PLACEMENT_3D ( 'NONE', #3448, #2026, #2355 ) ;
#2921 = ORIENTED_EDGE ( 'NONE', *, *, #4564, .F. ) ;
#2922 = CARTESIAN_POINT ( 'NONE',  ( -66.28086995732653008, 3.519685039370079149, 5.370740800000248782 ) ) ;
#2923 = DIRECTION ( 'NONE',  ( 0.000000000000000000, 1.000000000000000000, 0.000000000000000000 ) ) ;
#2924 = B_SPLINE_CURVE_WITH_KNOTS ( 'NONE', 3,
 ( #2782, #2412, #1607, #3205, #3484 ),
 .UNSPECIFIED., .F., .F.,
 ( 4, 1, 4 ),
 ( 0.06607438595462204745, 0.4900827944212210463, 1.000000000000000000 ),
 .UNSPECIFIED. ) ;
#2925 = DIRECTION ( 'NONE',  ( -0.9571956710508893185, 0.000000000000000000, 0.2894416129747718336 ) ) ;
#2926 = ADVANCED_FACE ( 'NONE', ( #1982 ), #646, .F. ) ;
#2927 = VERTEX_POINT ( 'NONE', #1561 ) ;
#2928 = SHAPE_REPRESENTATION ( 'jpoint', ( #2919, #3807 ), #3322 ) ;
#2929 = CARTESIAN_POINT ( 'NONE',  ( -67.32283464566928899, 5.905511811023622215, 5.460629921259838149 ) ) ;
#2930 = CARTESIAN_POINT ( 'NONE',  ( -63.39322505546024900, 3.394685039370079149, 5.139069716083803030 ) ) ;
#2931 = CARTESIAN_POINT ( 'NONE',  ( -67.32283464566928899, 5.905511811023622215, 5.460629921259838149 ) ) ;
#2932 = DIRECTION ( 'NONE',  ( -0.2894416129747701127, 0.000000000000000000, -0.9571956710508898736 ) ) ;
#2933 = DIRECTION ( 'NONE',  ( -1.000000000000000000, 0.000000000000000000, 0.000000000000000000 ) ) ;
#2934 = ORIENTED_EDGE ( 'NONE', *, *, #1428, .T. ) ;
#2935 = ORIENTED_EDGE ( 'NONE', *, *, #3759, .T. ) ;
#2936 = ORIENTED_EDGE ( 'NONE', *, *, #398, .T. ) ;
#2937 = DIRECTION ( 'NONE',  ( 0.2894416129747701127, 0.000000000000000000, 0.9571956710508898736 ) ) ;
#2938 = CARTESIAN_POINT ( 'NONE',  ( -63.07117274460927803, 3.330708661417323135, 4.210087895264257973 ) ) ;
#2939 = CARTESIAN_POINT ( 'NONE',  ( -4.110208662330160578, 3.330708661417323135, -13.59263410075429412 ) ) ;
#2940 = ORIENTED_EDGE ( 'NONE', *, *, #1147, .T. ) ;
#2941 = DIRECTION ( 'NONE',  ( -0.2894416129747776623, -1.387778780781445676E-16, -0.9571956710508877642 ) ) ;
#2942 = EDGE_LOOP ( 'NONE', ( #1324, #4165, #3388, #3168 ) ) ;
#2943 = ORIENTED_EDGE ( 'NONE', *, *, #4170, .T. ) ;
#2944 = DIRECTION ( 'NONE',  ( 0.000000000000000000, 0.000000000000000000, 1.000000000000000000 ) ) ;
#2945 = DATE_AND_TIME ( #322, #1738 ) ;
#2946 = PRODUCT_DEFINITION ( 'UNKNOWN', '', #1262, #2688 ) ;
#2947 = CARTESIAN_POINT ( 'NONE',  ( -63.32585204374033339, -2.053023622047244423, 3.883707997665515332 ) ) ;
#2948 = ORIENTED_EDGE ( 'NONE', *, *, #4219, .F. ) ;
#2949 = DIRECTION ( 'NONE',  ( 0.000000000000000000, -0.000000000000000000, 1.000000000000000000 ) ) ;
#2950 = CARTESIAN_POINT ( 'NONE',  ( -64.89930391185124847, -1.803149606299212948, 5.716281199457174722 ) ) ;
#2951 = ORIENTED_EDGE ( 'NONE', *, *, #2027, .T. ) ;
#2952 = FACE_OUTER_BOUND ( 'NONE', #1523, .T. ) ;
#2953 = AXIS2_PLACEMENT_3D ( 'NONE', #3545, #499, #1976 ) ;
#2954 = CARTESIAN_POINT ( 'NONE',  ( -65.01789339918893518, 3.330708661417322247, 4.880658391575403598 ) ) ;
#2955 = CARTESIAN_POINT ( 'NONE',  ( -65.24903709492606652, -1.803149606299212726, 5.748010842550089095 ) ) ;
#2956 = CARTESIAN_POINT ( 'NONE',  ( -66.01183255283007156, -1.744094488188976388, 5.063792465517444441 ) ) ;
#2957 = FACE_OUTER_BOUND ( 'NONE', #3884, .T. ) ;
#2958 = AXIS2_PLACEMENT_3D ( 'NONE', #781, #314, #1457 ) ;
#2959 = CARTESIAN_POINT ( 'NONE',  ( -63.21848827907719937, -1.803149606299212948, 4.241708084177329141 ) ) ;
#2960 = VERTEX_POINT ( 'NONE', #1627 ) ;
#2961 = EDGE_CURVE ( 'NONE', #3158, #1389, #210, .T. ) ;
#2962 = ORIENTED_EDGE ( 'NONE', *, *, #3037, .T. ) ;
#2963 = VERTEX_POINT ( 'NONE', #1583 ) ;
#2964 = LINE ( 'NONE', #1843, #3389 ) ;
#2965 = CARTESIAN_POINT ( 'NONE',  ( -63.39322505546024900, -1.803149606299212726, 5.139069716083800365 ) ) ;
#2966 = EDGE_CURVE ( 'NONE', #3250, #1491, #460, .T. ) ;
#2967 = VECTOR ( 'NONE', #2803, 39.37007874015748854 ) ;
#2968 = CYLINDRICAL_SURFACE ( 'NONE', #475, 0.3937007874015751585 ) ;
#2969 = ORIENTED_EDGE ( 'NONE', *, *, #1083, .T. ) ;
#2970 = CARTESIAN_POINT ( 'NONE',  ( -66.82215703185678990, -1.756417278848299901, 4.978699924625813900 ) ) ;
#2971 = VERTEX_POINT ( 'NONE', #1216 ) ;
#2972 = CARTESIAN_POINT ( 'NONE',  ( -65.67965287061714719, -1.992125984251968740, 5.156088692845471222 ) ) ;
#2973 = PERSON_AND_ORGANIZATION ( #18, #3962 ) ;
#2974 = CARTESIAN_POINT ( 'NONE',  ( -41.90960512579082575, 30.92555409484217677, -2.224359574606323164 ) ) ;
#2975 = CARTESIAN_POINT ( 'NONE',  ( -64.65774314119764199, -1.803149606299212948, 5.644151696217084790 ) ) ;
#2976 = CC_DESIGN_PERSON_AND_ORGANIZATION_ASSIGNMENT ( #2973, #4176, ( #125 ) ) ;
#2977 = ORIENTED_EDGE ( 'NONE', *, *, #1824, .T. ) ;
#2978 = DIRECTION ( 'NONE',  ( 0.000000000000000000, -1.000000000000000000, 0.000000000000000000 ) ) ;
#2979 = CARTESIAN_POINT ( 'NONE',  ( -66.53158802167057218, 3.330708661417322247, 5.425190076936063477 ) ) ;
#2980 = CARTESIAN_POINT ( 'NONE',  ( -65.69048810661944060, -1.992125984251968740, 5.833350520315748078 ) ) ;
#2981 = CARTESIAN_POINT ( 'NONE',  ( -5.719890009841348544, 3.330708661417323135, -15.61276393748305047 ) ) ;
#2982 = CARTESIAN_POINT ( 'NONE',  ( -64.24232630027363200, -1.803149606299212948, 4.575587187297032621 ) ) ;
#2983 = ORIENTED_EDGE ( 'NONE', *, *, #3915, .T. ) ;
#2984 = AXIS2_PLACEMENT_3D ( 'NONE', #1268, #2780, #2362 ) ;
#2985 = EDGE_LOOP ( 'NONE', ( #4075, #1874, #1587, #1965 ) ) ;
#2986 = EDGE_LOOP ( 'NONE', ( #4508, #2375, #4495, #4063 ) ) ;
#2987 = CARTESIAN_POINT ( 'NONE',  ( -63.51508032308173313, 3.330708661417323135, 4.326881488480240456 ) ) ;
#2988 = CARTESIAN_POINT ( 'NONE',  ( -64.95083226757535044, -1.803149606299210728, 4.852918309000385122 ) ) ;
#2989 = VECTOR ( 'NONE', #4486, 39.37007874015748143 ) ;
#2990 = EDGE_CURVE ( 'NONE', #986, #1983, #3705, .T. ) ;
#2991 = CARTESIAN_POINT ( 'NONE',  ( -58.09398145949906223, -1.803149606299212726, 17.56674858266290329 ) ) ;
#2992 = ORIENTED_EDGE ( 'NONE', *, *, #2717, .T. ) ;
#2993 = VECTOR ( 'NONE', #1660, 39.37007874015748854 ) ;
#2994 = LINE ( 'NONE', #3318, #4037 ) ;
#2995 = AXIS2_PLACEMENT_3D ( 'NONE', #1099, #2611, #726 ) ;
#2996 = ORIENTED_EDGE ( 'NONE', *, *, #752, .F. ) ;
#2997 = CARTESIAN_POINT ( 'NONE',  ( -64.94463702649734671, -1.992125984251970960, 4.850360820107555426 ) ) ;
#2998 = EDGE_CURVE ( 'NONE', #2488, #106, #2762, .T. ) ;
#2999 = CALENDAR_DATE ( 2026, 16, 9 ) ;
#3000 = CIRCLE ( 'NONE', #4731, 0.4999999999999952260 ) ;
#3001 = CARTESIAN_POINT ( 'NONE',  ( -67.32283464566928899, -1.992125984251968740, 5.519685039370074264 ) ) ;
#3002 = ORIENTED_EDGE ( 'NONE', *, *, #3553, .T. ) ;
#3003 = AXIS2_PLACEMENT_3D ( 'NONE', #4171, #1132, #757 ) ;
#3004 = CARTESIAN_POINT ( 'NONE',  ( -66.46482425812747863, 3.330708661417323135, 5.262466335142171658 ) ) ;
#3005 = VERTEX_POINT ( 'NONE', #2709 ) ;
#3006 = CARTESIAN_POINT ( 'NONE',  ( -63.32585204374033339, 3.580582677165354610, 3.883707997665515332 ) ) ;
#3007 = CARTESIAN_POINT ( 'NONE',  ( -66.32660456607217725, 3.330708661417322247, 5.383348694571214565 ) ) ;
#3008 = CARTESIAN_POINT ( 'NONE',  ( -62.28380387529126239, -1.744094488188976610, 3.870683476241001397 ) ) ;
#3009 = DIRECTION ( 'NONE',  ( -0.9929147266346842748, 0.000000000000000000, 0.1188290605532586197 ) ) ;
#3010 = VERTEX_POINT ( 'NONE', #4670 ) ;
#3011 = ADVANCED_FACE ( 'NONE', ( #484 ), #102, .F. ) ;
#3012 = VECTOR ( 'NONE', #822, 39.37007874015748143 ) ;
#3013 = EDGE_LOOP ( 'NONE', ( #4839, #1007, #1247, #4524 ) ) ;
#3014 = ORIENTED_EDGE ( 'NONE', *, *, #3394, .T. ) ;
#3015 = CARTESIAN_POINT ( 'NONE',  ( -63.21848827907719937, 3.330708661417323135, 4.241708084177329141 ) ) ;
#3016 = DIRECTION ( 'NONE',  ( 2.290736248633322007E-23, -1.000000000000000000, -8.392338112716953231E-24 ) ) ;
#3017 = CARTESIAN_POINT ( 'NONE',  ( -65.70625982590097180, 3.519685039370079149, 5.439965768613896913 ) ) ;
#3018 = ORIENTED_EDGE ( 'NONE', *, *, #171, .F. ) ;
#3019 = FACE_OUTER_BOUND ( 'NONE', #179, .T. ) ;
#3020 = CARTESIAN_POINT ( 'NONE',  ( -65.67965287061714719, 3.519685039370079149, 5.156088692845471222 ) ) ;
#3021 = CARTESIAN_POINT ( 'NONE',  ( -66.51849118917051840, -1.992125984251968740, 5.423325687096278713 ) ) ;
#3022 = CARTESIAN_POINT ( 'NONE',  ( -64.82800195426081302, -2.053023622047244423, 4.346676559360687087 ) ) ;
#3023 = B_SPLINE_CURVE_WITH_KNOTS ( 'NONE', 3,
 ( #2418, #473, #3515, #2723, #1643, #1205, #4305, #1596 ),
 .UNSPECIFIED., .F., .F.,
 ( 4, 2, 2, 4 ),
 ( 0.4263607223372742339, 0.4999999999999782396, 0.6249999999999767963, 0.6803997108582080511 ),
 .UNSPECIFIED. ) ;
#3024 = EDGE_LOOP ( 'NONE', ( #1565, #3852, #3110, #901 ) ) ;
#3025 = CARTESIAN_POINT ( 'NONE',  ( -64.27851008446546643, 0.4293236717580016237, 4.539661750949889552 ) ) ;
#3026 = VERTEX_POINT ( 'NONE', #4271 ) ;
#3027 = CARTESIAN_POINT ( 'NONE',  ( -40.62116550400089920, 3.330708661417323135, -27.62239254272128974 ) ) ;
#3028 = ADVANCED_FACE ( 'NONE', ( #872 ), #3226, .T. ) ;
#3029 = EDGE_CURVE ( 'NONE', #1427, #3952, #1697, .T. ) ;
#3030 = ADVANCED_FACE ( 'NONE', ( #3555 ), #4692, .F. ) ;
#3031 = CARTESIAN_POINT ( 'NONE',  ( -63.82098822681376760, 3.519685039370079149, 4.425448902450098920 ) ) ;
#3032 = ADVANCED_FACE ( 'NONE', ( #1365 ), #1708, .F. ) ;
#3033 = DIRECTION ( 'NONE',  ( -0.2894416129747777733, 2.302503884529966162E-17, -0.9571956710508874311 ) ) ;
#3034 = CARTESIAN_POINT ( 'NONE',  ( -66.03006509537982538, 3.271653543307087020, 5.003496675215076017 ) ) ;
#3035 = ORIENTED_EDGE ( 'NONE', *, *, #1647, .F. ) ;
#3036 = AXIS2_PLACEMENT_3D ( 'NONE', #2748, #1644, #864 ) ;
#3037 = EDGE_CURVE ( 'NONE', #1044, #2807, #915, .T. ) ;
#3038 = AXIS2_PLACEMENT_3D ( 'NONE', #929, #1664, #4801 ) ;
#3039 = VERTEX_POINT ( 'NONE', #3579 ) ;
#3040 = CARTESIAN_POINT ( 'NONE',  ( -66.78147042463307059, 3.520360791854115323, 5.051538618858374186 ) ) ;
#3041 = FACE_OUTER_BOUND ( 'NONE', #110, .T. ) ;
#3042 = ORIENTED_EDGE ( 'NONE', *, *, #1782, .T. ) ;
#3043 = CARTESIAN_POINT ( 'NONE',  ( -5.828236685570407971, -1.803149606299212726, -15.90850232907071593 ) ) ;
#3044 = ORIENTED_EDGE ( 'NONE', *, *, #1271, .F. ) ;
#3045 = LINE ( 'NONE', #395, #3866 ) ;
#3046 = CARTESIAN_POINT ( 'NONE',  ( -65.57091326672302500, -1.992125984251968740, 5.111629255494796631 ) ) ;
#3047 = DIRECTION ( 'NONE',  ( -0.5903362311909546856, -0.7871707152048010858, 0.1785088212588430978 ) ) ;
#3048 = ORIENTED_EDGE ( 'NONE', *, *, #3880, .T. ) ;
#3049 = CARTESIAN_POINT ( 'NONE',  ( -67.46585964989850481, -1.803149606299212948, 5.501080171745940106 ) ) ;
#3050 = CARTESIAN_POINT ( 'NONE',  ( -63.35385497672009336, 3.519685039370079149, 5.139069716083803030 ) ) ;
#3051 = EDGE_CURVE ( 'NONE', #1362, #4855, #1556, .T. ) ;
#3052 = CARTESIAN_POINT ( 'NONE',  ( -63.35385497672009336, -1.803149606299212726, 5.139069716083800365 ) ) ;
#3053 = ADVANCED_FACE ( 'NONE', ( #4784 ), #4186, .F. ) ;
#3054 = CARTESIAN_POINT ( 'NONE',  ( -61.82800357845114547, -1.803149606299212726, 18.69586086104003186 ) ) ;
#3055 = DIRECTION ( 'NONE',  ( 0.000000000000000000, 0.000000000000000000, -1.000000000000000000 ) ) ;
#3056 = CARTESIAN_POINT ( 'NONE',  ( -62.28380387529126949, 3.271653543307080358, 3.870683476241003618 ) ) ;
#3057 = DIRECTION ( 'NONE',  ( 0.000000000000000000, 0.000000000000000000, 1.000000000000000000 ) ) ;
#3058 = ORIENTED_EDGE ( 'NONE', *, *, #1001, .T. ) ;
#3059 = ADVANCED_FACE ( 'NONE', ( #244 ), #1293, .F. ) ;
#3060 =( BOUNDED_CURVE ( )  B_SPLINE_CURVE ( 3, ( #434, #2758, #481, #4269 ),
 .UNSPECIFIED., .F., .F. ) 
 B_SPLINE_CURVE_WITH_KNOTS ( ( 4, 4 ),
 ( 4.712388980384735859, 6.283185307179586232 ),
 .UNSPECIFIED. ) 
 CURVE ( )  GEOMETRIC_REPRESENTATION_ITEM ( )  RATIONAL_B_SPLINE_CURVE ( ( 1.000000000000000000, 0.8047378541243759287, 0.8047378541243759287, 1.000000000000000000 ) ) 
 REPRESENTATION_ITEM ( '' )  );
#3061 = ORIENTED_EDGE ( 'NONE', *, *, #172, .T. ) ;
#3062 = CARTESIAN_POINT ( 'NONE',  ( -62.53946311546748404, 3.330708661417323135, 4.146454479399649173 ) ) ;
#3063 = CARTESIAN_POINT ( 'NONE',  ( -66.37133485158899759, -1.803149606299212504, 6.496337373326330322 ) ) ;
#3064 = CIRCLE ( 'NONE', #1481, 0.3937007874015723830 ) ;
#3065 = VERTEX_POINT ( 'NONE', #4314 ) ;
#3066 = CARTESIAN_POINT ( 'NONE',  ( -66.47349747548985022, -1.795060881751728177, 5.112547877953099729 ) ) ;
#3067 = VERTEX_POINT ( 'NONE', #2427 ) ;
#3068 = CARTESIAN_POINT ( 'NONE',  ( -64.95703519139647142, 3.519685039370079149, 4.855481759916478346 ) ) ;
#3069 = CARTESIAN_POINT ( 'NONE',  ( -65.00355426147542914, 3.330708661417323135, 5.742081742517705756 ) ) ;
#3070 = AXIS2_PLACEMENT_3D ( 'NONE', #870, #100, #1624 ) ;
#3071 = VECTOR ( 'NONE', #1632, 39.37007874015748143 ) ;
#3072 = EDGE_CURVE ( 'NONE', #3299, #2488, #2032, .T. ) ;
#3073 = CARTESIAN_POINT ( 'NONE',  ( -64.35649580425814520, 3.519685039370079149, 4.811642542180337934 ) ) ;
#3074 = CARTESIAN_POINT ( 'NONE',  ( -64.46868037757994330, -1.992125984251968518, 5.189021571154142976 ) ) ;
#3075 = CARTESIAN_POINT ( 'NONE',  ( -66.44904304038723808, -1.770023567525267350, 5.125646754817256401 ) ) ;
#3076 = CARTESIAN_POINT ( 'NONE',  ( 0.000000000000000000, 0.000000000000000000, 0.000000000000000000 ) ) ;
#3077 = AXIS2_PLACEMENT_3D ( 'NONE', #2275, #3801, #3693 ) ;
#3078 = DIRECTION ( 'NONE',  ( -0.9571956710508869870, 0.000000000000000000, 0.2894416129747796607 ) ) ;
#3079 = ADVANCED_FACE ( 'NONE', ( #551 ), #1739, .T. ) ;
#3080 = CARTESIAN_POINT ( 'NONE',  ( -64.84847179536600947, 3.394685039370079149, 4.810832089026463088 ) ) ;
#3081 = CYLINDRICAL_SURFACE ( 'NONE', #479, 0.03937007874015751446 ) ;
#3082 = DIRECTION ( 'NONE',  ( 0.000000000000000000, -1.000000000000000000, 0.000000000000000000 ) ) ;
#3083 = ORIENTED_EDGE ( 'NONE', *, *, #1454, .T. ) ;
#3084 = CIRCLE ( 'NONE', #4202, 0.4999999999999952260 ) ;
#3085 = AXIS2_PLACEMENT_3D ( 'NONE', #4866, #795, #1192 ) ;
#3086 = ORIENTED_EDGE ( 'NONE', *, *, #3609, .T. ) ;
#3087 = ORIENTED_EDGE ( 'NONE', *, *, #170, .T. ) ;
#3088 = B_SPLINE_CURVE_WITH_KNOTS ( 'NONE', 3,
 ( #4745, #4012, #1375, #2837, #1004, #2463, #3983, #1761, #2512, #182, #583, #4040 ),
 .UNSPECIFIED., .F., .F.,
 ( 4, 2, 2, 2, 2, 4 ),
 ( 0.000000000000000000, 0.03124999999999144087, 0.06249999999998288175, 0.1249999999999823891, 0.2499999999999810152, 0.2908208233039822899 ),
 .UNSPECIFIED. ) ;
#3089 = CARTESIAN_POINT ( 'NONE',  ( -65.01789339918893518, -1.803149606299212948, 4.880658391575403598 ) ) ;
#3090 = CARTESIAN_POINT ( 'NONE',  ( -66.41665143944878480, -1.992125984251968740, 5.405123307490336870 ) ) ;
#3091 = EDGE_CURVE ( 'NONE', #2854, #4879, #3277, .T. ) ;
#3092 = VERTEX_POINT ( 'NONE', #943 ) ;
#3093 = DIRECTION ( 'NONE',  ( -0.000000000000000000, 1.000000000000000000, -0.000000000000000000 ) ) ;
#3094 = EDGE_LOOP ( 'NONE', ( #964, #827, #7, #2339 ) ) ;
#3095 = VERTEX_POINT ( 'NONE', #2454 ) ;
#3096 = DIRECTION ( 'NONE',  ( 0.000000000000000000, -1.000000000000000000, 0.000000000000000000 ) ) ;
#3097 = CARTESIAN_POINT ( 'NONE',  ( -62.52074987758508229, -5.905511811023622215, 4.302819003279124921 ) ) ;
#3098 = EDGE_CURVE ( 'NONE', #3976, #4010, #2872, .T. ) ;
#3099 = EDGE_CURVE ( 'NONE', #358, #4272, #194, .T. ) ;
#3100 = CARTESIAN_POINT ( 'NONE',  ( -63.35385497672009336, 3.394685039370079149, 5.139069716083803030 ) ) ;
#3101 = ORIENTED_EDGE ( 'NONE', *, *, #466, .F. ) ;
#3102 = CARTESIAN_POINT ( 'NONE',  ( -62.12598425196851082, 3.330708661417323135, 4.931102362204727640 ) ) ;
#3103 = DIRECTION ( 'NONE',  ( 0.000000000000000000, 1.000000000000000000, 0.000000000000000000 ) ) ;
#3104 = CC_DESIGN_PERSON_AND_ORGANIZATION_ASSIGNMENT ( #4689, #1978, ( #158 ) ) ;
#3105 = DIRECTION ( 'NONE',  ( 0.000000000000000000, 0.000000000000000000, 1.000000000000000000 ) ) ;
#3106 = CARTESIAN_POINT ( 'NONE',  ( -41.92783766834041614, 30.92555409484217677, -2.284655364908741326 ) ) ;
#3107 = FACE_OUTER_BOUND ( 'NONE', #4541, .T. ) ;
#3108 = DIRECTION ( 'NONE',  ( 0.000000000000000000, -1.000000000000000000, 0.000000000000000000 ) ) ;
#3109 = CARTESIAN_POINT ( 'NONE',  ( -67.32283464566928899, 5.905511811023622215, 4.460629921259847919 ) ) ;
#3110 = ORIENTED_EDGE ( 'NONE', *, *, #4785, .T. ) ;
#3111 = DIRECTION ( 'NONE',  ( 0.000000000000000000, 0.000000000000000000, 1.000000000000000000 ) ) ;
#3112 = EDGE_LOOP ( 'NONE', ( #2499, #1127, #4275, #1937 ) ) ;
#3113 = CARTESIAN_POINT ( 'NONE',  ( -65.67965287061714719, -1.803149606299212948, 5.156088692845471222 ) ) ;
#3114 = AXIS2_PLACEMENT_3D ( 'NONE', #68, #1615, #4284 ) ;
#3115 = CARTESIAN_POINT ( 'NONE',  ( -65.16085878710495649, 3.519685039370079149, 5.772774739603171668 ) ) ;
#3116 = ADVANCED_FACE ( 'NONE', ( #2498 ), #625, .F. ) ;
#3117 = EDGE_LOOP ( 'NONE', ( #4080, #2936, #417, #4542 ) ) ;
#3118 = CARTESIAN_POINT ( 'NONE',  ( -64.53207412346139904, 3.330708661417323135, 5.933659598763443732 ) ) ;
#3119 = ORIENTED_EDGE ( 'NONE', *, *, #3098, .F. ) ;
#3120 = ORIENTED_EDGE ( 'NONE', *, *, #1709, .T. ) ;
#3121 = DIRECTION ( 'NONE',  ( 0.5903362311909532423, -0.7871707152048023071, -0.1785088212588424317 ) ) ;
#3122 = EDGE_CURVE ( 'NONE', #2006, #1720, #4837, .T. ) ;
#3123 = CARTESIAN_POINT ( 'NONE',  ( -65.80241413507054915, 3.330708661417323135, 5.839744136100533112 ) ) ;
#3124 = EDGE_CURVE ( 'NONE', #2687, #3780, #1069, .T. ) ;
#3125 = DIRECTION ( 'NONE',  ( 2.290736248633313191E-23, -1.000000000000000000, -8.392338112716923843E-24 ) ) ;
#3126 = FACE_OUTER_BOUND ( 'NONE', #4399, .T. ) ;
#3127 = CARTESIAN_POINT ( 'NONE',  ( -61.45669291338582951, -1.803149606299212948, 3.858267716535433323 ) ) ;
#3128 = APPROVAL ( #371, 'UNKNOWN' ) ;
#3129 = LINE ( 'NONE', #150, #4350 ) ;
#3130 = CARTESIAN_POINT ( 'NONE',  ( -67.32283464566928899, -1.992125984251968518, 4.960629921259842590 ) ) ;
#3131 = ORIENTED_EDGE ( 'NONE', *, *, #3636, .T. ) ;
#3132 = CIRCLE ( 'NONE', #3289, 0.05905511811023627516 ) ;
#3133 = CARTESIAN_POINT ( 'NONE',  ( -63.08311475323797168, 3.519685039370079149, 4.211722312989519601 ) ) ;
#3134 = ORIENTED_EDGE ( 'NONE', *, *, #4273, .F. ) ;
#3135 = DIRECTION ( 'NONE',  ( -0.000000000000000000, 1.000000000000000000, -0.000000000000000000 ) ) ;
#3136 = CARTESIAN_POINT ( 'NONE',  ( -65.24266448543166064, 3.519685039370079149, 5.786861749209239569 ) ) ;
#3137 = APPROVAL_PERSON_ORGANIZATION ( #1769, #2518, #4779 ) ;
#3138 = B_SPLINE_CURVE_WITH_KNOTS ( 'NONE', 3,
 ( #2227, #4147, #2640, #4168, #4566, #754, #2266, #682, #3785, #3040, #4543, #415 ),
 .UNSPECIFIED., .F., .F.,
 ( 4, 2, 2, 2, 2, 4 ),
 ( -1.160666765083028917E-05, 0.0008228508658574427894, 0.001657308399365715976, 0.002491765932873988947, 0.002908994699627917915, 0.003326223466381846884 ),
 .UNSPECIFIED. ) ;
#3139 = ORIENTED_EDGE ( 'NONE', *, *, #3279, .F. ) ;
#3140 = DIRECTION ( 'NONE',  ( 0.000000000000000000, 0.000000000000000000, 1.000000000000000000 ) ) ;
#3141 = ORIENTED_EDGE ( 'NONE', *, *, #4316, .T. ) ;
#3142 = CARTESIAN_POINT ( 'NONE',  ( -66.42833907967887797, -1.744094488188989711, 5.123928753950712789 ) ) ;
#3143 = CARTESIAN_POINT ( 'NONE',  ( -61.30807068591592923, -1.803149606299212726, 4.108039560296035120 ) ) ;
#3144 = VECTOR ( 'NONE', #4844, 39.37007874015748854 ) ;
#3145 = LINE ( 'NONE', #2381, #2835 ) ;
#3146 = AXIS2_PLACEMENT_3D ( 'NONE', #3127, #1928, #405 ) ;
#3147 = ORIENTED_EDGE ( 'NONE', *, *, #396, .T. ) ;
#3148 = DIRECTION ( 'NONE',  ( -0.000000000000000000, -1.000000000000000000, -0.000000000000000000 ) ) ;
#3149 = DIRECTION ( 'NONE',  ( 0.9585427335935049475, 0.000000000000000000, 0.2849488162373924327 ) ) ;
#3150 =( CONVERSION_BASED_UNIT ( 'INCH', #4289 ) LENGTH_UNIT ( ) NAMED_UNIT ( #2819 ) );
#3151 = CIRCLE ( 'NONE', #1170, 0.05905511811023496371 ) ;
#3152 = DIRECTION ( 'NONE',  ( 0.000000000000000000, 0.000000000000000000, 1.000000000000000000 ) ) ;
#3153 = DIRECTION ( 'NONE',  ( -1.000000000000000000, 0.000000000000000000, 0.000000000000000000 ) ) ;
#3154 = CIRCLE ( 'NONE', #3793, 0.3937007874015751585 ) ;
#3155 = CARTESIAN_POINT ( 'NONE',  ( -6.506054539716735974, -3.621238344103700602, 21.88579473940702869 ) ) ;
#3156 = AXIS2_PLACEMENT_3D ( 'NONE', #3449, #4268, #4247 ) ;
#3157 = CARTESIAN_POINT ( 'NONE',  ( -62.53946311546748404, -5.905511811023622215, 4.146454479399649173 ) ) ;
#3158 = VERTEX_POINT ( 'NONE', #4514 ) ;
#3159 = VECTOR ( 'NONE', #1792, 39.37007874015748143 ) ;
#3160 = DIRECTION ( 'NONE',  ( 0.2894416129747777733, -2.302503884529966162E-17, 0.9571956710508874311 ) ) ;
#3161 = ORIENTED_EDGE ( 'NONE', *, *, #1453, .T. ) ;
#3162 = VERTEX_POINT ( 'NONE', #2156 ) ;
#3163 = CARTESIAN_POINT ( 'NONE',  ( -65.23911612825777695, -1.803149606299212948, 4.973191793173985076 ) ) ;
#3164 = CARTESIAN_POINT ( 'NONE',  ( -61.45669291338582951, 3.330708661417323135, 3.858267716535433323 ) ) ;
#3165 = VECTOR ( 'NONE', #736, 39.37007874015748143 ) ;
#3166 = EDGE_CURVE ( 'NONE', #4172, #1997, #61, .T. ) ;
#3167 = AXIS2_PLACEMENT_3D ( 'NONE', #3076, #4664, #3475 ) ;
#3168 = ORIENTED_EDGE ( 'NONE', *, *, #4444, .F. ) ;
#3169 = ORIENTED_EDGE ( 'NONE', *, *, #45, .T. ) ;
#3170 = CARTESIAN_POINT ( 'NONE',  ( -67.60643676162112570, 3.578740157480315265, 5.372418507584993286 ) ) ;
#3171 = CARTESIAN_POINT ( 'NONE',  ( -65.24071465317895502, 3.330708661417323135, 5.788356083209516889 ) ) ;
#3172 = CARTESIAN_POINT ( 'NONE',  ( -61.45669291338582951, 3.519685039370079149, 3.769685039370075597 ) ) ;
#3173 = VERTEX_POINT ( 'NONE', #326 ) ;
#3174 = CARTESIAN_POINT ( 'NONE',  ( -64.94463702649743198, -1.992125984251969184, 4.850360820107582960 ) ) ;
#3175 = FACE_BOUND ( 'NONE', #1573, .T. ) ;
#3176 = B_SPLINE_SURFACE_WITH_KNOTS ( 'NONE', 3, 1, ( 
 ( #4554, #1072 ),
 ( #3426, #2581 ),
 ( #4108, #4159 ),
 ( #4135, #768 ),
 ( #700, #747 ),
 ( #3351, #3731 ),
 ( #4864, #1469 ),
 ( #2258, #3776 ) ),
 .UNSPECIFIED., .F., .F., .F.,
 ( 4, 2, 2, 4 ),
 ( 2, 2 ),
 ( 0.4263607223369946242, 0.4999999999999782396, 0.6249999999999767963, 0.6803997108624949552 ),
 ( 0.000000000000000000, 1.000000000000000000 ),
 .UNSPECIFIED. ) ;
#3177 = CARTESIAN_POINT ( 'NONE',  ( -67.46585964989850481, 3.519685039370079149, 5.501080171745940106 ) ) ;
#3178 = LINE ( 'NONE', #3877, #2379 ) ;
#3179 = ORIENTED_EDGE ( 'NONE', *, *, #331, .T. ) ;
#3180 = EDGE_CURVE ( 'NONE', #4882, #4652, #4090, .T. ) ;
#3181 = ADVANCED_FACE ( 'NONE', ( #2552 ), #4082, .F. ) ;
#3182 = EDGE_CURVE ( 'NONE', #2595, #4830, #2184, .T. ) ;
#3183 = EDGE_CURVE ( 'NONE', #4737, #2600, #3540, .T. ) ;
#3184 = CARTESIAN_POINT ( 'NONE',  ( -63.17371455369796251, 3.519685039370079149, 4.230617447156364008 ) ) ;
#3185 = ORIENTED_EDGE ( 'NONE', *, *, #4422, .F. ) ;
#3186 = LINE ( 'NONE', #155, #2359 ) ;
#3187 = CARTESIAN_POINT ( 'NONE',  ( -66.57656029100523654, 3.330708661417323135, 5.717889328487624212 ) ) ;
#3188 = EDGE_CURVE ( 'NONE', #3299, #137, #2578, .T. ) ;
#3189 = ORIENTED_EDGE ( 'NONE', *, *, #309, .T. ) ;
#3190 = ORIENTED_EDGE ( 'NONE', *, *, #3997, .T. ) ;
#3191 = CARTESIAN_POINT ( 'NONE',  ( -40.96244006797232373, -30.15028097611284608, -2.510768080598984930 ) ) ;
#3192 = CARTESIAN_POINT ( 'NONE',  ( -63.38200659812807203, -1.992125984251968518, 5.101331813186413378 ) ) ;
#3193 = AXIS2_PLACEMENT_3D ( 'NONE', #2572, #1463, #716 ) ;
#3194 = CARTESIAN_POINT ( 'NONE',  ( -67.56150314633802623, -2.018585251521757495, 5.410702849515320878 ) ) ;
#3195 = VERTEX_POINT ( 'NONE', #268 ) ;
#3196 = VECTOR ( 'NONE', #3216, 39.37007874015748143 ) ;
#3197 = CARTESIAN_POINT ( 'NONE',  ( -63.11327752984468731, 3.519685039370079149, 3.858267716535433323 ) ) ;
#3198 = PERSON_AND_ORGANIZATION_ROLE ( 'design_supplier' ) ;
#3199 = DIRECTION ( 'NONE',  ( -0.9389693932908348417, 0.000000000000000000, 0.3440006954397640260 ) ) ;
#3200 = PLANE ( 'NONE',  #2825 ) ;
#3201 = CARTESIAN_POINT ( 'NONE',  ( -62.68207785959093314, -1.744094488188976388, 3.991115554976821134 ) ) ;
#3202 = CARTESIAN_POINT ( 'NONE',  ( -64.78815412007431007, 3.269811023622047674, 6.027477030463022523 ) ) ;
#3203 = ORIENTED_EDGE ( 'NONE', *, *, #1294, .F. ) ;
#3204 = EDGE_CURVE ( 'NONE', #4737, #2887, #2213, .T. ) ;
#3205 = CARTESIAN_POINT ( 'NONE',  ( -63.32585204374033339, 3.330708661417323135, 3.883707997665515332 ) ) ;
#3206 = ORIENTED_EDGE ( 'NONE', *, *, #606, .T. ) ;
#3207 = VERTEX_POINT ( 'NONE', #3698 ) ;
#3208 = CARTESIAN_POINT ( 'NONE',  ( -65.69048810661951165, 3.394685039370079593, 5.833350520315751631 ) ) ;
#3209 = DIRECTION ( 'NONE',  ( -0.7534764009720545941, 0.6167351661158798626, 0.2278399614953834917 ) ) ;
#3210 = EDGE_CURVE ( 'NONE', #1584, #2313, #206, .T. ) ;
#3211 = ORIENTED_EDGE ( 'NONE', *, *, #3544, .F. ) ;
#3212 = EDGE_CURVE ( 'NONE', #137, #2807, #1804, .T. ) ;
#3213 = AXIS2_PLACEMENT_3D ( 'NONE', #4297, #4385, #3631 ) ;
#3214 = ORIENTED_EDGE ( 'NONE', *, *, #2579, .T. ) ;
#3215 = CARTESIAN_POINT ( 'NONE',  ( -67.32283464566928899, 5.905511811023622215, 5.460629921259838149 ) ) ;
#3216 = DIRECTION ( 'NONE',  ( 0.9571956710508875421, -6.162975822039154730E-33, -0.2894416129747776067 ) ) ;
#3217 = CARTESIAN_POINT ( 'NONE',  ( -63.82098822681376760, -1.803149606299212948, 4.425448902450098920 ) ) ;
#3218 = ORIENTED_EDGE ( 'NONE', *, *, #4376, .F. ) ;
#3219 = ORIENTED_EDGE ( 'NONE', *, *, #1058, .T. ) ;
#3220 = CALENDAR_DATE ( 2026, 16, 9 ) ;
#3221 = ADVANCED_FACE ( 'NONE', ( #3325, #2630 ), #3773, .T. ) ;
#3222 = AXIS2_PLACEMENT_3D ( 'NONE', #4087, #3332, #4890 ) ;
#3223 = CARTESIAN_POINT ( 'NONE',  ( -62.12598425196851082, 3.330708661417323135, 4.842519685039370358 ) ) ;
#3224 = CARTESIAN_POINT ( 'NONE',  ( -67.60643676162112570, 3.271653543307087020, 5.372418507584993286 ) ) ;
#3225 = CARTESIAN_POINT ( 'NONE',  ( -64.41540032795555248, 0.4293236717579754225, 4.515246269544384461 ) ) ;
#3226 = CYLINDRICAL_SURFACE ( 'NONE', #135, 0.4999999999999952260 ) ;
#3227 = ORIENTED_EDGE ( 'NONE', *, *, #1707, .F. ) ;
#3228 = AXIS2_PLACEMENT_3D ( 'NONE', #3947, #2822, #3625 ) ;
#3229 = AXIS2_PLACEMENT_3D ( 'NONE', #1540, #4638, #49 ) ;
#3230 = CIRCLE ( 'NONE', #382, 0.1968503937007788362 ) ;
#3231 = CARTESIAN_POINT ( 'NONE',  ( -66.54475095209032531, 3.519685039370079149, 5.426830934313483290 ) ) ;
#3232 = DIRECTION ( 'NONE',  ( 0.000000000000000000, 0.000000000000000000, 1.000000000000000000 ) ) ;
#3233 = LINE ( 'NONE', #1370, #593 ) ;
#3234 = DIRECTION ( 'NONE',  ( -0.9571956710508867650, 0.000000000000000000, 0.2894416129747803823 ) ) ;
#3235 = DIRECTION ( 'NONE',  ( 0.000000000000000000, 0.000000000000000000, -1.000000000000000000 ) ) ;
#3236 = CIRCLE ( 'NONE', #1098, 0.3937007874015751585 ) ;
#3237 = VERTEX_POINT ( 'NONE', #3025 ) ;
#3238 = LINE ( 'NONE', #955, #4618 ) ;
#3239 = EDGE_CURVE ( 'NONE', #445, #2313, #4535, .T. ) ;
#3240 = CARTESIAN_POINT ( 'NONE',  ( -63.21848827907719937, -1.803149606299212948, 4.241708084177329141 ) ) ;
#3241 = ORIENTED_EDGE ( 'NONE', *, *, #2449, .T. ) ;
#3242 = CARTESIAN_POINT ( 'NONE',  ( -6.506054539716735974, -1.803149606299212726, 21.88579473940702869 ) ) ;
#3243 = CIRCLE ( 'NONE', #4047, 0.3000000000000017097 ) ;
#3244 = ADVANCED_FACE ( 'NONE', ( #2679 ), #1907, .T. ) ;
#3245 = CARTESIAN_POINT ( 'NONE',  ( -67.59269554740230035, -1.756325464599743480, 5.383039792727188910 ) ) ;
#3246 = ADVANCED_FACE ( 'NONE', ( #1163 ), #3895, .F. ) ;
#3247 = PERSON_AND_ORGANIZATION_ROLE ( 'classification_officer' ) ;
#3248 = FACE_OUTER_BOUND ( 'NONE', #1900, .T. ) ;
#3249 =( BOUNDED_CURVE ( )  B_SPLINE_CURVE ( 3, ( #4298, #3530, #896, #602 ),
 .UNSPECIFIED., .F., .F. ) 
 B_SPLINE_CURVE_WITH_KNOTS ( ( 4, 4 ),
 ( -9.148237722911289893E-14, 1.570796326794956288 ),
 .UNSPECIFIED. ) 
 CURVE ( )  GEOMETRIC_REPRESENTATION_ITEM ( )  RATIONAL_B_SPLINE_CURVE ( ( 1.000000000000000000, 0.8047378541243294103, 0.8047378541243294103, 1.000000000000000000 ) ) 
 REPRESENTATION_ITEM ( '' )  );
#3250 = VERTEX_POINT ( 'NONE', #3050 ) ;
#3251 = CARTESIAN_POINT ( 'NONE',  ( -67.52631499346880162, 3.319763645994520118, 5.443829417731322451 ) ) ;
#3252 = CARTESIAN_POINT ( 'NONE',  ( -66.41010653712974943, 3.271653543307093681, 5.184224544253267730 ) ) ;
#3253 = DIRECTION ( 'NONE',  ( 0.000000000000000000, 0.000000000000000000, 1.000000000000000000 ) ) ;
#3254 = VERTEX_POINT ( 'NONE', #478 ) ;
#3255 = B_SPLINE_SURFACE_WITH_KNOTS ( 'NONE', 3, 1, ( 
 ( #1477, #4526 ),
 ( #3786, #2988 ),
 ( #2620, #4501 ),
 ( #3763, #1866 ),
 ( #3385, #1129 ),
 ( #755, #1897 ),
 ( #3412, #12 ),
 ( #1222, #2742 ),
 ( #4212, #2343 ),
 ( #4254, #2785 ),
 ( #1941, #2292 ),
 ( #85, #465 ),
 ( #3437, #4233 ),
 ( #855, #1967 ),
 ( #829, #3816 ),
 ( #3090, #416 ),
 ( #1988, #1636 ),
 ( #3857, #1278 ),
 ( #2716, #3834 ),
 ( #1917, #2370 ) ),
 .UNSPECIFIED., .F., .F., .F.,
 ( 4, 2, 2, 2, 2, 2, 2, 2, 2, 4 ),
 ( 2, 2 ),
 ( 0.5276984323890874240, 0.5312499999999787947, 0.5624999999999786837, 0.6249999999999787947, 0.6874999999999787947, 0.7499999999999789058, 0.7812499999999814593, 0.8124999999999839018, 0.8437499999999864553, 0.8529443094618597287 ),
 ( 0.000000000000000000, 1.000000000000000000 ),
 .UNSPECIFIED. ) ;
#3256 = CARTESIAN_POINT ( 'NONE',  ( -63.07457352484861701, 3.519685039370079149, 4.210494890457447958 ) ) ;
#3257 = DIRECTION ( 'NONE',  ( -0.9389693932908348417, 0.000000000000000000, 0.3440006954397640260 ) ) ;
#3258 = DIRECTION ( 'NONE',  ( -0.9571956710508869870, 0.000000000000000000, 0.2894416129747796607 ) ) ;
#3259 = LINE ( 'NONE', #176, #2194 ) ;
#3260 = CARTESIAN_POINT ( 'NONE',  ( -36.30793952132390245, 3.330708661417323135, -28.14403061398192207 ) ) ;
#3261 = ORIENTED_EDGE ( 'NONE', *, *, #1753, .T. ) ;
#3262 = ORIENTED_EDGE ( 'NONE', *, *, #1657, .F. ) ;
#3263 = CARTESIAN_POINT ( 'NONE',  ( -40.98067261052191412, -30.15028097611284608, -2.571063870901403092 ) ) ;
#3264 = DIRECTION ( 'NONE',  ( 0.000000000000000000, 0.000000000000000000, 1.000000000000000000 ) ) ;
#3265 = EDGE_CURVE ( 'NONE', #2446, #2622, #2305, .T. ) ;
#3266 = CARTESIAN_POINT ( 'NONE',  ( -67.49041468308841729, -1.993742477970549709, 5.477905304961256938 ) ) ;
#3267 = ORIENTED_EDGE ( 'NONE', *, *, #2575, .T. ) ;
#3268 = CARTESIAN_POINT ( 'NONE',  ( -66.57656029100523654, -1.992125984251968740, 5.717889328487624212 ) ) ;
#3269 = AXIS2_PLACEMENT_3D ( 'NONE', #704, #2276, #3803 ) ;
#3270 = EDGE_CURVE ( 'NONE', #3361, #2252, #3473, .T. ) ;
#3271 = COORDINATED_UNIVERSAL_TIME_OFFSET ( 6, 0, .BEHIND. ) ;
#3272 = AXIS2_PLACEMENT_3D ( 'NONE', #1107, #4169, #4875 ) ;
#3273 = CARTESIAN_POINT ( 'NONE',  ( -67.32283464566928899, 3.519685039370079149, 4.960629921259842590 ) ) ;
#3274 = ORIENTED_EDGE ( 'NONE', *, *, #2329, .F. ) ;
#3275 = CARTESIAN_POINT ( 'NONE',  ( -67.49041468308828939, 3.329092167698752380, 5.477905304961351973 ) ) ;
#3276 = DIRECTION ( 'NONE',  ( 0.2894416129747776623, 1.387778780781445676E-16, 0.9571956710508877642 ) ) ;
#3277 = LINE ( 'NONE', #2896, #4260 ) ;
#3278 = ORIENTED_EDGE ( 'NONE', *, *, #2042, .T. ) ;
#3279 = EDGE_CURVE ( 'NONE', #310, #3709, #452, .T. ) ;
#3280 = CARTESIAN_POINT ( 'NONE',  ( -63.17371455369796251, 3.330708661417322247, 4.230617447156364008 ) ) ;
#3281 = DIRECTION ( 'NONE',  ( -0.000000000000000000, 1.000000000000000000, -0.000000000000000000 ) ) ;
#3282 = CYLINDRICAL_SURFACE ( 'NONE', #839, 0.03937007874015751446 ) ;
#3283 = DIRECTION ( 'NONE',  ( 0.000000000000000000, 0.000000000000000000, 1.000000000000000000 ) ) ;
#3284 = CARTESIAN_POINT ( 'NONE',  ( -61.30807068591592923, 3.519685039370079149, 4.108039560296035120 ) ) ;
#3285 = ORIENTED_EDGE ( 'NONE', *, *, #483, .T. ) ;
#3286 = ORIENTED_EDGE ( 'NONE', *, *, #53, .T. ) ;
#3287 = VERTEX_POINT ( 'NONE', #1602 ) ;
#3288 = CARTESIAN_POINT ( 'NONE',  ( -64.92961420001735462, 3.519685039370079149, 4.886751997397633218 ) ) ;
#3289 = AXIS2_PLACEMENT_3D ( 'NONE', #1425, #2933, #4449 ) ;
#3290 = CARTESIAN_POINT ( 'NONE',  ( -4.162627222160238283, -1.744094488188976388, -13.76598449787375067 ) ) ;
#3291 = FACE_OUTER_BOUND ( 'NONE', #10, .T. ) ;
#3292 = EDGE_LOOP ( 'NONE', ( #709, #3119, #1943, #3889 ) ) ;
#3293 = CARTESIAN_POINT ( 'NONE',  ( -66.81896726174494461, -1.768892079442838883, 4.996363633646378588 ) ) ;
#3294 = CARTESIAN_POINT ( 'NONE',  ( -66.57656029100523654, -5.905511811023622215, 5.717889328487624212 ) ) ;
#3295 = FACE_OUTER_BOUND ( 'NONE', #66, .T. ) ;
#3296 = CARTESIAN_POINT ( 'NONE',  ( -67.46585964989849060, 3.330708661417323135, 5.501080171745937442 ) ) ;
#3297 = CARTESIAN_POINT ( 'NONE',  ( -67.32283464566928899, 5.905511811023622215, 4.960629921259842590 ) ) ;
#3298 = CARTESIAN_POINT ( 'NONE',  ( -62.75569817163968622, -1.803149606299212726, 3.951681260208543822 ) ) ;
#3299 = VERTEX_POINT ( 'NONE', #843 ) ;
#3300 = VECTOR ( 'NONE', #2830, 39.37007874015748143 ) ;
#3301 = FACE_OUTER_BOUND ( 'NONE', #2522, .T. ) ;
#3302 = FACE_OUTER_BOUND ( 'NONE', #4252, .T. ) ;
#3303 = AXIS2_PLACEMENT_3D ( 'NONE', #886, #2025, #1650 ) ;
#3304 = DIRECTION ( 'NONE',  ( -0.9571956710508893185, 2.949029909160529146E-14, 0.2894416129747722777 ) ) ;
#3305 = CARTESIAN_POINT ( 'NONE',  ( -61.26329074247357909, -1.992125984251968518, 3.821584235422193387 ) ) ;
#3306 = CARTESIAN_POINT ( 'NONE',  ( -64.35118467964683475, -1.803149606299212948, 4.616190786736187768 ) ) ;
#3307 = ORIENTED_EDGE ( 'NONE', *, *, #3676, .T. ) ;
#3308 = CIRCLE ( 'NONE', #3955, 0.08858267716535768443 ) ;
#3309 = VECTOR ( 'NONE', #105, 39.37007874015748143 ) ;
#3310 = ORIENTED_EDGE ( 'NONE', *, *, #2151, .F. ) ;
#3311 = ORIENTED_EDGE ( 'NONE', *, *, #3636, .F. ) ;
#3312 = CARTESIAN_POINT ( 'NONE',  ( -67.32283464566928899, 3.578740157480315265, 4.960629921259842590 ) ) ;
#3313 = DIRECTION ( 'NONE',  ( 0.000000000000000000, 1.000000000000000000, -0.000000000000000000 ) ) ;
#3314 = CIRCLE ( 'NONE', #1173, 0.3937007874015751585 ) ;
#3315 = CIRCLE ( 'NONE', #1499, 0.1968503937007843041 ) ;
#3316 = DIRECTION ( 'NONE',  ( 0.000000000000000000, 0.000000000000000000, -1.000000000000000000 ) ) ;
#3317 = EDGE_LOOP ( 'NONE', ( #1500, #3189, #3665, #787 ) ) ;
#3318 = CARTESIAN_POINT ( 'NONE',  ( -64.29674262701480814, 1.098235383359809303, 4.479365960647398559 ) ) ;
#3319 = VERTEX_POINT ( 'NONE', #1620 ) ;
#3320 = DIRECTION ( 'NONE',  ( -0.000000000000000000, 1.000000000000000000, -0.000000000000000000 ) ) ;
#3321 = VECTOR ( 'NONE', #2772, 39.37007874015748143 ) ;
#3323 = LINE ( 'NONE', #2974, #2683 ) ;
#3322 =( GEOMETRIC_REPRESENTATION_CONTEXT ( 3 ) GLOBAL_UNCERTAINTY_ASSIGNED_CONTEXT ( ( #3881 ) ) GLOBAL_UNIT_ASSIGNED_CONTEXT ( ( #3150, #453, #816 ) ) REPRESENTATION_CONTEXT ( 'NONE', 'WORKASPACE' ) );
#3324 = CARTESIAN_POINT ( 'NONE',  ( -61.26329074247357909, 3.330708661417323135, 3.821584235422195608 ) ) ;
#3325 = FACE_OUTER_BOUND ( 'NONE', #946, .T. ) ;
#3326 = EDGE_LOOP ( 'NONE', ( #4364, #492, #1133, #958 ) ) ;
#3327 = ADVANCED_FACE ( 'NONE', ( #767 ), #4223, .T. ) ;
#3328 = LINE ( 'NONE', #1097, #639 ) ;
#3329 = DIRECTION ( 'NONE',  ( 0.000000000000000000, 0.000000000000000000, 1.000000000000000000 ) ) ;
#3330 = CARTESIAN_POINT ( 'NONE',  ( -66.82215724968645532, 3.283975019953439212, 4.978698049962638983 ) ) ;
#3331 = CARTESIAN_POINT ( 'NONE',  ( -61.45669291338582951, 3.330708661417323135, 3.946850393700791049 ) ) ;
#3332 = DIRECTION ( 'NONE',  ( -0.000000000000000000, 1.000000000000000000, -0.000000000000000000 ) ) ;
#3333 = CARTESIAN_POINT ( 'NONE',  ( -63.08311475323797168, -1.803149606299212948, 4.211722312989519601 ) ) ;
#3334 = ORIENTED_EDGE ( 'NONE', *, *, #4141, .T. ) ;
#3335 = EDGE_CURVE ( 'NONE', #3397, #4458, #2277, .T. ) ;
#3336 = ORIENTED_EDGE ( 'NONE', *, *, #4141, .F. ) ;
#3337 = ORIENTED_EDGE ( 'NONE', *, *, #3991, .T. ) ;
#3338 = LINE ( 'NONE', #854, #2993 ) ;
#3339 = CARTESIAN_POINT ( 'NONE',  ( -0.3938505952792759612, -5.905511811023622215, -3.290946291470164375 ) ) ;
#3340 = B_SPLINE_CURVE_WITH_KNOTS ( 'NONE', 3,
 ( #1765, #2521, #2970, #3293, #235, #2570, #1086, #1745, #1437, #4804, #4074, #714 ),
 .UNSPECIFIED., .F., .F.,
 ( 4, 2, 2, 2, 2, 4 ),
 ( -1.160666765010685696E-05, 0.0008228508658562143883, 0.001657308399362535795, 0.002491765932868857201, 0.002908994699622021590, 0.003326223466375186413 ),
 .UNSPECIFIED. ) ;
#3341 = DIRECTION ( 'NONE',  ( -0.7534764009720664735, -0.6167351661158639864, 0.2278399614953871277 ) ) ;
#3342 = ORIENTED_EDGE ( 'NONE', *, *, #171, .T. ) ;
#3343 = CARTESIAN_POINT ( 'NONE',  ( -65.20111544622896815, -1.803149606299212948, 5.780046572306657637 ) ) ;
#3344 = VERTEX_POINT ( 'NONE', #4553 ) ;
#3345 = ORIENTED_EDGE ( 'NONE', *, *, #3091, .T. ) ;
#3346 = CARTESIAN_POINT ( 'NONE',  ( -61.45669291338582951, -1.803149606299212726, 3.769685039370075597 ) ) ;
#3347 = LINE ( 'NONE', #1464, #69 ) ;
#3348 = PLANE ( 'NONE',  #4659 ) ;
#3349 = CARTESIAN_POINT ( 'NONE',  ( -61.82800357845113126, -1.744094488188976388, 18.69586086104003186 ) ) ;
#3350 = VERTEX_POINT ( 'NONE', #1977 ) ;
#3351 = CARTESIAN_POINT ( 'NONE',  ( -66.45399795277461408, -1.992125984251969850, 5.757641626466391216 ) ) ;
#3352 = VECTOR ( 'NONE', #3822, 39.37007874015748143 ) ;
#3353 = CARTESIAN_POINT ( 'NONE',  ( -66.41665143944878480, 3.519685039370079149, 5.405123307490336870 ) ) ;
#3354 = DIRECTION ( 'NONE',  ( -0.7534764009720666955, 0.6167351661158636533, 0.2278399614953871555 ) ) ;
#3355 = LINE ( 'NONE', #2262, #1397 ) ;
#3356 = VECTOR ( 'NONE', #3016, 39.37007874015748143 ) ;
#3357 = EDGE_CURVE ( 'NONE', #2446, #2854, #379, .T. ) ;
#3358 = CARTESIAN_POINT ( 'NONE',  ( -63.38280690717645882, -1.803149606299212948, 4.287054750680351134 ) ) ;
#3359 = ORIENTED_EDGE ( 'NONE', *, *, #4420, .F. ) ;
#3360 = EDGE_CURVE ( 'NONE', #3765, #2873, #4561, .T. ) ;
#3361 = VERTEX_POINT ( 'NONE', #4265 ) ;
#3362 = CARTESIAN_POINT ( 'NONE',  ( -63.17371455369796251, 3.330708661417323135, 4.230617447156364008 ) ) ;
#3363 = DIRECTION ( 'NONE',  ( 0.000000000000000000, 0.000000000000000000, 1.000000000000000000 ) ) ;
#3364 = CIRCLE ( 'NONE', #1223, 0.4999999999999952260 ) ;
#3365 = ORIENTED_EDGE ( 'NONE', *, *, #4070, .T. ) ;
#3366 = CARTESIAN_POINT ( 'NONE',  ( -65.00807241155717975, 0.7637795275587393462, 4.760270455215363405 ) ) ;
#3367 = ORIENTED_EDGE ( 'NONE', *, *, #2121, .T. ) ;
#3368 = CARTESIAN_POINT ( 'NONE',  ( -66.51724281795756610, 3.330708661417323135, 5.089115938022712449 ) ) ;
#3369 = CIRCLE ( 'NONE', #448, 0.3937007874015751585 ) ;
#3370 = CALENDAR_DATE ( 2026, 16, 9 ) ;
#3371 = CARTESIAN_POINT ( 'NONE',  ( -62.12598425196851082, 3.519685039370079149, 4.753937007874012188 ) ) ;
#3372 = ORIENTED_EDGE ( 'NONE', *, *, #1799, .F. ) ;
#3373 = CARTESIAN_POINT ( 'NONE',  ( -65.00355426147542914, -1.803149606299212948, 5.742081742517705756 ) ) ;
#3374 = APPROVAL_PERSON_ORGANIZATION ( #3748, #1070, #4532 ) ;
#3375 = ORIENTED_EDGE ( 'NONE', *, *, #687, .F. ) ;
#3376 = CARTESIAN_POINT ( 'NONE',  ( -61.54517819718295613, -1.803149606299212726, 3.924246121618927052 ) ) ;
#3377 = LINE ( 'NONE', #3054, #4117 ) ;
#3378 = CARTESIAN_POINT ( 'NONE',  ( -62.69410852514629795, 3.235232175229374896, 3.994753447780579947 ) ) ;
#3379 = DIRECTION ( 'NONE',  ( 0.000000000000000000, 0.000000000000000000, 1.000000000000000000 ) ) ;
#3380 = ORIENTED_EDGE ( 'NONE', *, *, #238, .T. ) ;
#3381 = AXIS2_PLACEMENT_3D ( 'NONE', #1026, #2802, #3283 ) ;
#3382 = VECTOR ( 'NONE', #4715, 39.37007874015748854 ) ;
#3383 = ORIENTED_EDGE ( 'NONE', *, *, #1560, .F. ) ;
#3384 = CARTESIAN_POINT ( 'NONE',  ( -63.07117274460927803, 3.330708661417323135, 4.210087895264257973 ) ) ;
#3385 = CARTESIAN_POINT ( 'NONE',  ( -65.07304460749334396, -1.992125984251968740, 4.903670785651446096 ) ) ;
#3386 = AXIS2_PLACEMENT_3D ( 'NONE', #623, #2073, #3599 ) ;
#3387 = CYLINDRICAL_SURFACE ( 'NONE', #1104, 0.1968503937007843041 ) ;
#3388 = ORIENTED_EDGE ( 'NONE', *, *, #4595, .F. ) ;
#3389 = VECTOR ( 'NONE', #4873, 39.37007874015747433 ) ;
#3390 = CARTESIAN_POINT ( 'NONE',  ( -67.32283464566928899, 0.000000000000000000, 4.460629921259847919 ) ) ;
#3391 = AXIS2_PLACEMENT_3D ( 'NONE', #4818, #2875, #274 ) ;
#3392 = CARTESIAN_POINT ( 'NONE',  ( -62.12598425196851082, -1.803149606299212726, 4.842519685039370358 ) ) ;
#3393 = LINE ( 'NONE', #3723, #812 ) ;
#3394 = EDGE_CURVE ( 'NONE', #4045, #4221, #815, .T. ) ;
#3395 = AXIS2_PLACEMENT_3D ( 'NONE', #4281, #531, #3140 ) ;
#3396 = CARTESIAN_POINT ( 'NONE',  ( -66.82283464566930320, -1.742251968503937265, 5.303566818639225744 ) ) ;
#3397 = VERTEX_POINT ( 'NONE', #3500 ) ;
#3398 = AXIS2_PLACEMENT_3D ( 'NONE', #426, #4603, #2703 ) ;
#3399 = CARTESIAN_POINT ( 'NONE',  ( 0.000000000000000000, -1.803149606299212726, 0.000000000000000000 ) ) ;
#3400 = EDGE_CURVE ( 'NONE', #2263, #3675, #2065, .T. ) ;
#3401 = ORIENTED_EDGE ( 'NONE', *, *, #3522, .T. ) ;
#3402 = DIRECTION ( 'NONE',  ( 0.000000000000000000, 0.000000000000000000, -1.000000000000000000 ) ) ;
#3403 = LOCAL_TIME ( 12, 14, 36.00000000000000000, #2795 ) ;
#3404 = DIRECTION ( 'NONE',  ( 0.000000000000000000, -1.000000000000000000, 0.000000000000000000 ) ) ;
#3405 = LINE ( 'NONE', #3378, #316 ) ;
#3406 = CIRCLE ( 'NONE', #3646, 0.4999999999999952260 ) ;
#3407 = DIRECTION ( 'NONE',  ( -0.2849488162373924882, -1.457184053940611064E-23, 0.9585427335935048365 ) ) ;
#3408 = EDGE_LOOP ( 'NONE', ( #533, #3901 ) ) ;
#3409 = CIRCLE ( 'NONE', #1270, 0.4510000000000001785 ) ;
#3410 = VERTEX_POINT ( 'NONE', #2729 ) ;
#3411 = LINE ( 'NONE', #11, #1012 ) ;
#3412 = CARTESIAN_POINT ( 'NONE',  ( -65.35063841097664294, -1.992125984251968740, 5.020180295402875359 ) ) ;
#3413 = ORIENTED_EDGE ( 'NONE', *, *, #660, .T. ) ;
#3414 = ORIENTED_EDGE ( 'NONE', *, *, #1515, .F. ) ;
#3415 = CARTESIAN_POINT ( 'NONE',  ( -61.45669291338582951, 3.519685039370079149, 3.661417322834648935 ) ) ;
#3416 = ORIENTED_EDGE ( 'NONE', *, *, #1089, .F. ) ;
#3417 = EDGE_LOOP ( 'NONE', ( #2376, #4143, #633, #392, #3948, #826 ) ) ;
#3418 = CARTESIAN_POINT ( 'NONE',  ( -63.09538179617421605, -5.905511811023622215, 4.652590603716853401 ) ) ;
#3419 = EDGE_CURVE ( 'NONE', #3835, #3005, #4424, .T. ) ;
#3420 = DIRECTION ( 'NONE',  ( -0.000000000000000000, 1.000000000000000000, -0.000000000000000000 ) ) ;
#3421 = CARTESIAN_POINT ( 'NONE',  ( -66.56137092188059512, -1.803149606299212726, 5.179271321461805577 ) ) ;
#3422 = ORIENTED_EDGE ( 'NONE', *, *, #883, .T. ) ;
#3423 = EDGE_CURVE ( 'NONE', #4515, #2398, #370, .T. ) ;
#3424 = FACE_BOUND ( 'NONE', #730, .T. ) ;
#3425 = CARTESIAN_POINT ( 'NONE',  ( -6.539709911713396551, 3.394685039370079149, 21.99900844809932465 ) ) ;
#3426 = CARTESIAN_POINT ( 'NONE',  ( -65.77613771333059844, -1.992125984251969850, 5.836784414354050377 ) ) ;
#3427 = CARTESIAN_POINT ( 'NONE',  ( -66.18730809618213584, 3.330708661417322247, 5.342652403287790897 ) ) ;
#3428 = DIRECTION ( 'NONE',  ( -0.000000000000000000, 1.000000000000000000, -0.000000000000000000 ) ) ;
#3429 = CARTESIAN_POINT ( 'NONE',  ( -64.35607147748530110, 0.3807618476543760955, 4.497306115095923928 ) ) ;
#3430 = ADVANCED_FACE ( 'NONE', ( #2384 ), #3520, .T. ) ;
#3431 = CARTESIAN_POINT ( 'NONE',  ( -65.70625982590092917, -1.897637795275590955, 5.439965768613910235 ) ) ;
#3432 = ORIENTED_EDGE ( 'NONE', *, *, #1250, .T. ) ;
#3433 = VECTOR ( 'NONE', #2113, 39.37007874015748143 ) ;
#3434 = ORIENTED_EDGE ( 'NONE', *, *, #1316, .F. ) ;
#3435 = ORIENTED_EDGE ( 'NONE', *, *, #4279, .T. ) ;
#3436 = CARTESIAN_POINT ( 'NONE',  ( -63.99798826116343520, 3.330708661417323135, 4.486385440163125793 ) ) ;
#3437 = CARTESIAN_POINT ( 'NONE',  ( -66.18730809618213584, -1.992125984251968740, 5.342652403287790897 ) ) ;
#3438 = ORIENTED_EDGE ( 'NONE', *, *, #4376, .T. ) ;
#3439 = CARTESIAN_POINT ( 'NONE',  ( -64.64042079919045136, -1.803149606299212948, 5.637921207175780935 ) ) ;
#3440 = ORIENTED_EDGE ( 'NONE', *, *, #4787, .F. ) ;
#3441 = DIRECTION ( 'NONE',  ( -0.9571956710508869870, -6.938893903907271292E-14, 0.2894416129747796607 ) ) ;
#3442 = VECTOR ( 'NONE', #4343, 39.37007874015748143 ) ;
#3443 = EDGE_CURVE ( 'NONE', #1612, #3796, #617, .T. ) ;
#3444 = CARTESIAN_POINT ( 'NONE',  ( -63.37968172099413522, 3.519685039370079149, 5.176037015032270538 ) ) ;
#3445 = ORIENTED_EDGE ( 'NONE', *, *, #3357, .T. ) ;
#3446 = CARTESIAN_POINT ( 'NONE',  ( -64.53207412346139904, -1.803149606299212726, 5.933659598763443732 ) ) ;
#3447 = CARTESIAN_POINT ( 'NONE',  ( -63.07117274460927803, -5.905511811023622215, 4.210087895264257973 ) ) ;
#3448 = CARTESIAN_POINT ( 'NONE',  ( 0.000000000000000000, 0.000000000000000000, 0.000000000000000000 ) ) ;
#3449 = CARTESIAN_POINT ( 'NONE',  ( -66.50014980931730690, 3.271653543307084799, 5.145643241431248072 ) ) ;
#3450 = DIRECTION ( 'NONE',  ( 0.000000000000000000, 0.000000000000000000, -1.000000000000000000 ) ) ;
#3451 = CARTESIAN_POINT ( 'NONE',  ( -62.25660868165932271, 3.330708661417323135, 3.800764084789143737 ) ) ;
#3452 = DIRECTION ( 'NONE',  ( 0.000000000000000000, 0.000000000000000000, -1.000000000000000000 ) ) ;
#3453 = VERTEX_POINT ( 'NONE', #3546 ) ;
#3454 = ADVANCED_FACE ( 'NONE', ( #4288, #3919, #3175, #4687, #2776 ), #220, .T. ) ;
#3455 = ADVANCED_FACE ( 'NONE', ( #575 ), #1340, .F. ) ;
#3456 = ORIENTED_EDGE ( 'NONE', *, *, #2443, .T. ) ;
#3457 = CARTESIAN_POINT ( 'NONE',  ( -65.37504207357541475, -1.992125984251968518, 5.652792248510148276 ) ) ;
#3458 = DIRECTION ( 'NONE',  ( 2.290736248633320832E-23, -1.000000000000000000, -8.392338112716951761E-24 ) ) ;
#3459 = EDGE_CURVE ( 'NONE', #807, #532, #292, .T. ) ;
#3460 = CIRCLE ( 'NONE', #3859, 0.5590551181102314526 ) ;
#3461 = ORIENTED_EDGE ( 'NONE', *, *, #1954, .T. ) ;
#3462 = CARTESIAN_POINT ( 'NONE',  ( -63.39322505546024900, -3.621238344103700602, 5.139069716083800365 ) ) ;
#3463 = ORIENTED_EDGE ( 'NONE', *, *, #4137, .T. ) ;
#3464 = ORIENTED_EDGE ( 'NONE', *, *, #2907, .T. ) ;
#3465 = CARTESIAN_POINT ( 'NONE',  ( -65.99980188727440122, 3.235232175229385110, 5.060154572713595478 ) ) ;
#3466 = CARTESIAN_POINT ( 'NONE',  ( -65.37366325617672658, 3.519685039370080037, 5.808830286910967367 ) ) ;
#3467 = AXIS2_PLACEMENT_3D ( 'NONE', #21, #4607, #4662 ) ;
#3468 = AXIS2_PLACEMENT_3D ( 'NONE', #794, #1910, #3450 ) ;
#3469 = VECTOR ( 'NONE', #2077, 39.37007874015748143 ) ;
#3470 = CARTESIAN_POINT ( 'NONE',  ( -66.78147061309780952, -1.992801764849325918, 5.051538491013848109 ) ) ;
#3471 = ORIENTED_EDGE ( 'NONE', *, *, #573, .T. ) ;
#3472 = CARTESIAN_POINT ( 'NONE',  ( -61.82800357845130179, 3.271653543307087020, 18.69586086104008160 ) ) ;
#3473 = LINE ( 'NONE', #2000, #4651 ) ;
#3474 = AXIS2_PLACEMENT_3D ( 'NONE', #2930, #1810, #199 ) ;
#3475 = DIRECTION ( 'NONE',  ( 1.000000000000000000, 0.000000000000000000, 0.000000000000000000 ) ) ;
#3476 = CIRCLE ( 'NONE', #1019, 0.3937007874015751585 ) ;
#3477 = CARTESIAN_POINT ( 'NONE',  ( -63.66760545831406404, 0.7637795275590671951, 4.354933355581272814 ) ) ;
#3478 = DIRECTION ( 'NONE',  ( 0.000000000000000000, 0.000000000000000000, 1.000000000000000000 ) ) ;
#3479 = CARTESIAN_POINT ( 'NONE',  ( -63.96424971066526410, 1.006588648077125114, 4.444634127823550607 ) ) ;
#3480 = EDGE_CURVE ( 'NONE', #1855, #3092, #2848, .T. ) ;
#3481 = CARTESIAN_POINT ( 'NONE',  ( -62.12598425196851082, -1.803149606299212726, 4.753937007874012188 ) ) ;
#3482 = ORIENTED_EDGE ( 'NONE', *, *, #1618, .F. ) ;
#3483 = EDGE_CURVE ( 'NONE', #1174, #52, #1322, .T. ) ;
#3484 = CARTESIAN_POINT ( 'NONE',  ( -63.11327752984468731, 3.330708661417323135, 3.858267716535433323 ) ) ;
#3485 = ORIENTED_EDGE ( 'NONE', *, *, #300, .T. ) ;
#3486 = VERTEX_POINT ( 'NONE', #3324 ) ;
#3487 = CARTESIAN_POINT ( 'NONE',  ( -66.28086995732653008, -1.803149606299212948, 5.370740800000248782 ) ) ;
#3488 = CARTESIAN_POINT ( 'NONE',  ( -65.24903709492606652, 3.519685039370079149, 5.748010842550089095 ) ) ;
#3489 = EDGE_CURVE ( 'NONE', #3739, #3410, #1796, .T. ) ;
#3490 = VECTOR ( 'NONE', #4709, 39.37007874015748854 ) ;
#3491 = ORIENTED_EDGE ( 'NONE', *, *, #3204, .T. ) ;
#3492 = CARTESIAN_POINT ( 'NONE',  ( -66.45929106426807209, -1.780515856266689623, 5.120157460038911701 ) ) ;
#3493 = EDGE_LOOP ( 'NONE', ( #2295, #87, #2858, #2646, #4695, #2226, #3601, #2008 ) ) ;
#3494 = CARTESIAN_POINT ( 'NONE',  ( -61.45669291338582951, -1.992125984251968518, 3.769685039370075597 ) ) ;
#3495 = CARTESIAN_POINT ( 'NONE',  ( -66.24798989115039660, 3.519685039370080037, 5.807206170900101050 ) ) ;
#3496 = APPROVAL_PERSON_ORGANIZATION ( #2973, #3128, #4102 ) ;
#3497 = PLANE ( 'NONE',  #4199 ) ;
#3498 = VERTEX_POINT ( 'NONE', #3968 ) ;
#3499 = CARTESIAN_POINT ( 'NONE',  ( -5.828236685570407971, 3.519685039370079149, -15.90850232907071593 ) ) ;
#3500 = CARTESIAN_POINT ( 'NONE',  ( -62.05826757963785667, -1.803149606299212726, 5.027356179781659939 ) ) ;
#3501 = PERSON_AND_ORGANIZATION ( #2024, #4204 ) ;
#3502 = DIRECTION ( 'NONE',  ( -0.9571956710508867650, 0.000000000000000000, 0.2894416129747803823 ) ) ;
#3503 = CARTESIAN_POINT ( 'NONE',  ( -64.49529301873369036, 3.394685039370079149, 4.670328912170162994 ) ) ;
#3504 = LINE ( 'NONE', #126, #874 ) ;
#3505 = CARTESIAN_POINT ( 'NONE',  ( -65.24903709492606652, -1.897637795275592065, 5.748010842550089095 ) ) ;
#3506 = VERTEX_POINT ( 'NONE', #193 ) ;
#3507 = CARTESIAN_POINT ( 'NONE',  ( -66.45929106426807209, -1.780515856266689623, 5.120157460038911701 ) ) ;
#3508 = ADVANCED_FACE ( 'NONE', ( #3696 ), #670, .F. ) ;
#3509 = ORIENTED_EDGE ( 'NONE', *, *, #2144, .F. ) ;
#3510 = CARTESIAN_POINT ( 'NONE',  ( -66.18730809618213584, -1.803149606299212948, 5.342652403287790897 ) ) ;
#3511 = VECTOR ( 'NONE', #3148, 39.37007874015748143 ) ;
#3512 = CARTESIAN_POINT ( 'NONE',  ( -64.53207412346139904, -1.803149606299212726, 5.933659598763443732 ) ) ;
#3513 = ORIENTED_EDGE ( 'NONE', *, *, #2241, .T. ) ;
#3514 = VERTEX_POINT ( 'NONE', #3225 ) ;
#3515 = CARTESIAN_POINT ( 'NONE',  ( -65.86338446296181814, -1.803149606299212948, 5.836938792014192856 ) ) ;
#3516 = CARTESIAN_POINT ( 'NONE',  ( -65.80241413507054915, 3.519685039370080037, 5.839744136100533112 ) ) ;
#3517 = CARTESIAN_POINT ( 'NONE',  ( -64.35607147748530110, 0.3807618476543760955, 4.497306115095928369 ) ) ;
#3518 = ORIENTED_EDGE ( 'NONE', *, *, #1198, .T. ) ;
#3519 = CARTESIAN_POINT ( 'NONE',  ( -65.86338446296183236, 3.519685039370079149, 5.836938792014191968 ) ) ;
#3520 = PLANE ( 'NONE',  #3303 ) ;
#3521 = DIRECTION ( 'NONE',  ( -0.000000000000000000, -1.000000000000000000, 0.000000000000000000 ) ) ;
#3522 = EDGE_CURVE ( 'NONE', #4597, #3010, #4758, .T. ) ;
#3523 = CARTESIAN_POINT ( 'NONE',  ( -64.89632076592236842, 3.394685039370079149, 4.830415139510457756 ) ) ;
#3524 = DIRECTION ( 'NONE',  ( -0.000000000000000000, 1.000000000000000000, -0.000000000000000000 ) ) ;
#3525 = FACE_OUTER_BOUND ( 'NONE', #4302, .T. ) ;
#3526 = ORIENTED_EDGE ( 'NONE', *, *, #27, .F. ) ;
#3527 = LINE ( 'NONE', #487, #3309 ) ;
#3528 = ORIENTED_EDGE ( 'NONE', *, *, #2069, .T. ) ;
#3529 = ORIENTED_EDGE ( 'NONE', *, *, #4595, .T. ) ;
#3530 = CARTESIAN_POINT ( 'NONE',  ( -62.21420297446893244, 3.330708661417327132, 3.941001554216271963 ) ) ;
#3531 = CYLINDRICAL_SURFACE ( 'NONE', #1533, 0.1968503937007782811 ) ;
#3532 = CC_DESIGN_APPROVAL ( #2518, ( #4337 ) ) ;
#3533 = ORIENTED_EDGE ( 'NONE', *, *, #2990, .T. ) ;
#3534 = VERTEX_POINT ( 'NONE', #2475 ) ;
#3535 = VERTEX_POINT ( 'NONE', #294 ) ;
#3536 = CARTESIAN_POINT ( 'NONE',  ( -66.45929106426854105, 3.308074911384794703, 5.120157460039053809 ) ) ;
#3537 = CARTESIAN_POINT ( 'NONE',  ( -66.09918920518569507, 3.519685039370080037, 5.826089031778224125 ) ) ;
#3538 = AXIS2_PLACEMENT_3D ( 'NONE', #4061, #2855, #3680 ) ;
#3539 = PLANE ( 'NONE',  #3398 ) ;
#3540 = CIRCLE ( 'NONE', #4327, 0.1968503937007788362 ) ;
#3541 = ORIENTED_EDGE ( 'NONE', *, *, #1273, .F. ) ;
#3542 = ADVANCED_FACE ( 'NONE', ( #4730, #267 ), #1364, .T. ) ;
#3543 = EDGE_CURVE ( 'NONE', #4652, #2252, #3151, .T. ) ;
#3544 = EDGE_CURVE ( 'NONE', #1029, #2887, #1802, .T. ) ;
#3545 = CARTESIAN_POINT ( 'NONE',  ( -43.60058544997311714, -3.621238344103700602, -28.01588700358453465 ) ) ;
#3546 = CARTESIAN_POINT ( 'NONE',  ( -64.34855752121475803, -1.992125984251968518, 4.690783838854722276 ) ) ;
#3547 = EDGE_CURVE ( 'NONE', #4803, #1584, #1563, .T. ) ;
#3548 = VECTOR ( 'NONE', #863, 39.37007874015748854 ) ;
#3549 = APPLICATION_PROTOCOL_DEFINITION ( 'international standard', 'config_control_design', 1994, #1571 ) ;
#3550 = AXIS2_PLACEMENT_3D ( 'NONE', #4415, #1045, #1700 ) ;
#3551 = DIRECTION ( 'NONE',  ( -0.000000000000000000, -1.000000000000000000, 0.000000000000000000 ) ) ;
#3552 = CARTESIAN_POINT ( 'NONE',  ( -62.66384531704133565, -1.744094488188976388, 4.051411345279239740 ) ) ;
#3553 = EDGE_CURVE ( 'NONE', #608, #3888, #1776, .T. ) ;
#3554 = AXIS2_PLACEMENT_3D ( 'NONE', #1593, #834, #738 ) ;
#3555 = FACE_OUTER_BOUND ( 'NONE', #205, .T. ) ;
#3556 = EDGE_CURVE ( 'NONE', #80, #2174, #4440, .T. ) ;
#3557 = ORIENTED_EDGE ( 'NONE', *, *, #4467, .F. ) ;
#3558 = B_SPLINE_CURVE_WITH_KNOTS ( 'NONE', 3,
 ( #2434, #579, #227, #1733, #250, #3208 ),
 .UNSPECIFIED., .F., .F.,
 ( 4, 2, 4 ),
 ( 0.2908208233039848989, 0.3749999999999795719, 0.4263607223374336064 ),
 .UNSPECIFIED. ) ;
#3559 = AXIS2_PLACEMENT_3D ( 'NONE', #4884, #4860, #4079 ) ;
#3560 = DIRECTION ( 'NONE',  ( 0.9585427335935049475, 0.000000000000000000, 0.2849488162373924327 ) ) ;
#3561 = ORIENTED_EDGE ( 'NONE', *, *, #3590, .F. ) ;
#3562 = CARTESIAN_POINT ( 'NONE',  ( -66.53158802167057218, -1.803149606299212948, 5.425190076936060812 ) ) ;
#3563 = DIRECTION ( 'NONE',  ( 0.000000000000000000, 0.000000000000000000, -1.000000000000000000 ) ) ;
#3564 = APPROVAL_PERSON_ORGANIZATION ( #3501, #2060, #1289 ) ;
#3565 = ORIENTED_EDGE ( 'NONE', *, *, #840, .F. ) ;
#3566 = ORIENTED_EDGE ( 'NONE', *, *, #3590, .T. ) ;
#3567 = ORIENTED_EDGE ( 'NONE', *, *, #4349, .T. ) ;
#3568 = CARTESIAN_POINT ( 'NONE',  ( -61.48008446073883704, -1.992125984251968518, 3.662812061686087972 ) ) ;
#3569 = DIRECTION ( 'NONE',  ( 0.000000000000000000, 0.000000000000000000, 1.000000000000000000 ) ) ;
#3570 = CARTESIAN_POINT ( 'NONE',  ( -67.51444708044485310, -1.999207677441015907, 5.455109998536816107 ) ) ;
#3571 = EDGE_CURVE ( 'NONE', #2541, #3319, #1879, .T. ) ;
#3572 = EDGE_CURVE ( 'NONE', #3976, #3397, #3230, .T. ) ;
#3573 = CYLINDRICAL_SURFACE ( 'NONE', #735, 0.4510000000000007336 ) ;
#3574 = CALENDAR_DATE ( 2026, 16, 9 ) ;
#3575 = DIRECTION ( 'NONE',  ( 0.000000000000000000, 0.000000000000000000, 1.000000000000000000 ) ) ;
#3576 = ADVANCED_FACE ( 'NONE', ( #694, #2211 ), #3348, .F. ) ;
#3577 = CARTESIAN_POINT ( 'NONE',  ( -65.24266448543166064, -1.803149606299212948, 5.786861749209239569 ) ) ;
#3578 = CARTESIAN_POINT ( 'NONE',  ( -64.35649580425814520, -1.803149606299212726, 4.811642542180336157 ) ) ;
#3579 = CARTESIAN_POINT ( 'NONE',  ( -64.64042079919045136, 3.330708661417323135, 5.637921207175780935 ) ) ;
#3580 = ORIENTED_EDGE ( 'NONE', *, *, #33, .F. ) ;
#3581 = DIRECTION ( 'NONE',  ( -0.9571956710508867650, 2.220446049250360286E-13, 0.2894416129747803823 ) ) ;
#3582 = ORIENTED_EDGE ( 'NONE', *, *, #3974, .T. ) ;
#3583 = VERTEX_POINT ( 'NONE', #1828 ) ;
#3584 = FACE_OUTER_BOUND ( 'NONE', #1823, .T. ) ;
#3585 = CARTESIAN_POINT ( 'NONE',  ( -65.65451775345520957, 3.330708661417323135, 5.834537345213326454 ) ) ;
#3586 = EDGE_LOOP ( 'NONE', ( #926, #3241, #95, #1303 ) ) ;
#3587 = ORIENTED_EDGE ( 'NONE', *, *, #4294, .F. ) ;
#3588 = CARTESIAN_POINT ( 'NONE',  ( -5.828236685570407971, -1.992125984251968518, -15.90850232907071593 ) ) ;
#3589 = LINE ( 'NONE', #4066, #1458 ) ;
#3590 = EDGE_CURVE ( 'NONE', #2699, #1514, #2508, .T. ) ;
#3591 = CARTESIAN_POINT ( 'NONE',  ( -63.32297718505464701, -1.803149606299212948, 4.269924451661772480 ) ) ;
#3592 = ORIENTED_EDGE ( 'NONE', *, *, #1490, .T. ) ;
#3593 = ORIENTED_EDGE ( 'NONE', *, *, #1626, .F. ) ;
#3594 = VECTOR ( 'NONE', #4372, 39.37007874015748854 ) ;
#3595 = EDGE_CURVE ( 'NONE', #1295, #3739, #3883, .T. ) ;
#3596 = PERSON_AND_ORGANIZATION ( #2024, #4204 ) ;
#3597 = CARTESIAN_POINT ( 'NONE',  ( -64.71142815920597968, 0.5209704070406770970, 4.670569682973089165 ) ) ;
#3598 = CARTESIAN_POINT ( 'NONE',  ( -67.60103775763425915, 3.573458160975870879, 5.376326631313609994 ) ) ;
#3599 = DIRECTION ( 'NONE',  ( 0.5623100214072884739, 0.000000000000000000, -0.8269265020695216739 ) ) ;
#3600 = DIRECTION ( 'NONE',  ( -0.000000000000000000, -1.000000000000000000, -0.000000000000000000 ) ) ;
#3601 = ORIENTED_EDGE ( 'NONE', *, *, #970, .F. ) ;
#3602 = DIRECTION ( 'NONE',  ( -0.000000000000000000, -1.000000000000000000, -0.000000000000000000 ) ) ;
#3603 = CARTESIAN_POINT ( 'NONE',  ( -66.82283464566928899, 3.271653543307087020, 4.960629921259855912 ) ) ;
#3604 = CARTESIAN_POINT ( 'NONE',  ( -65.24903709492606652, 3.457185039370079593, 5.748010842550089095 ) ) ;
#3605 = DIRECTION ( 'NONE',  ( 0.2894416129747778288, 1.088571478665792762E-30, 0.9571956710508875421 ) ) ;
#3606 = EDGE_CURVE ( 'NONE', #3535, #4036, #3711, .T. ) ;
#3607 = DIRECTION ( 'NONE',  ( 0.000000000000000000, -1.000000000000000000, 0.000000000000000000 ) ) ;
#3608 = ORIENTED_EDGE ( 'NONE', *, *, #1771, .T. ) ;
#3609 = EDGE_CURVE ( 'NONE', #4857, #223, #3527, .T. ) ;
#3610 = VECTOR ( 'NONE', #1555, 39.37007874015748143 ) ;
#3611 = ORIENTED_EDGE ( 'NONE', *, *, #1995, .F. ) ;
#3612 = CARTESIAN_POINT ( 'NONE',  ( -63.38200659812806492, -1.803149606299212726, 5.101331813186416930 ) ) ;
#3613 = ADVANCED_FACE ( 'NONE', ( #2338 ), #461, .F. ) ;
#3614 = CARTESIAN_POINT ( 'NONE',  ( -62.39052523158989771, -1.992125984251968740, 4.391371762555865033 ) ) ;
#3615 = CARTESIAN_POINT ( 'NONE',  ( -64.34855752121474382, 3.394685039370079149, 4.690783838854729382 ) ) ;
#3616 = VERTEX_POINT ( 'NONE', #4274 ) ;
#3617 = CARTESIAN_POINT ( 'NONE',  ( -64.64042079919046557, -1.992125984251968740, 5.637921207175782712 ) ) ;
#3618 = CARTESIAN_POINT ( 'NONE',  ( -67.46585964989850481, -1.803149606299212948, 5.501080171745940106 ) ) ;
#3619 = SECURITY_CLASSIFICATION_LEVEL ( 'unclassified' ) ;
#3620 = AXIS2_PLACEMENT_3D ( 'NONE', #2285, #4164, #2220 ) ;
#3621 = DIRECTION ( 'NONE',  ( -0.000000000000000000, 1.000000000000000000, -0.000000000000000000 ) ) ;
#3622 = VERTEX_POINT ( 'NONE', #153 ) ;
#3623 = CARTESIAN_POINT ( 'NONE',  ( -62.21420297446893244, -1.803149606299214502, 3.941001554216270630 ) ) ;
#3624 = CARTESIAN_POINT ( 'NONE',  ( -62.73860516299944834, -1.744094488188976610, 4.008208563617064790 ) ) ;
#3625 = DIRECTION ( 'NONE',  ( 0.000000000000000000, 0.000000000000000000, -1.000000000000000000 ) ) ;
#3626 = ORIENTED_EDGE ( 'NONE', *, *, #2733, .F. ) ;
#3627 = AXIS2_PLACEMENT_3D ( 'NONE', #1635, #828, #3833 ) ;
#3628 = AXIS2_PLACEMENT_3D ( 'NONE', #4645, #173, #1658 ) ;
#3629 = CARTESIAN_POINT ( 'NONE',  ( -67.32283464566928899, -1.744094488188976610, 4.960629921259842590 ) ) ;
#3630 = LINE ( 'NONE', #2162, #868 ) ;
#3631 = DIRECTION ( 'NONE',  ( -0.9571956710508841004, 0.000000000000000000, 0.2894416129747888200 ) ) ;
#3632 = DIRECTION ( 'NONE',  ( 0.9571956710508893185, 0.000000000000000000, -0.2894416129747722777 ) ) ;
#3633 = LINE ( 'NONE', #4766, #590 ) ;
#3634 = ORIENTED_EDGE ( 'NONE', *, *, #3400, .F. ) ;
#3635 = VECTOR ( 'NONE', #2002, 39.37007874015748143 ) ;
#3636 = EDGE_CURVE ( 'NONE', #4184, #4615, #2924, .T. ) ;
#3637 = EDGE_CURVE ( 'NONE', #3675, #880, #1275, .T. ) ;
#3638 = VECTOR ( 'NONE', #1116, 39.37007874015748143 ) ;
#3639 = ORIENTED_EDGE ( 'NONE', *, *, #1279, .T. ) ;
#3640 = DIRECTION ( 'NONE',  ( 0.000000000000000000, 0.000000000000000000, 1.000000000000000000 ) ) ;
#3641 = CARTESIAN_POINT ( 'NONE',  ( -67.32283464566928899, 3.271653543307087020, 5.460629921259838149 ) ) ;
#3642 = CARTESIAN_POINT ( 'NONE',  ( -66.82283464566928899, -2.051181102362205078, 4.960629921259855912 ) ) ;
#3643 = ORIENTED_EDGE ( 'NONE', *, *, #3800, .T. ) ;
#3644 = CARTESIAN_POINT ( 'NONE',  ( -67.32283464566928899, 3.578740157480315265, 5.460629921259838149 ) ) ;
#3645 = EDGE_CURVE ( 'NONE', #1427, #4701, #2800, .T. ) ;
#3646 = AXIS2_PLACEMENT_3D ( 'NONE', #1046, #4842, #1024 ) ;
#3647 = PERSON_AND_ORGANIZATION ( #2024, #4204 ) ;
#3648 = AXIS2_PLACEMENT_3D ( 'NONE', #2779, #4313, #4248 ) ;
#3649 = DIRECTION ( 'NONE',  ( 0.000000000000000000, 0.000000000000000000, 1.000000000000000000 ) ) ;
#3650 = EDGE_LOOP ( 'NONE', ( #4466, #4338, #3101 ) ) ;
#3651 = CARTESIAN_POINT ( 'NONE',  ( -62.24659582901962551, -1.803149606299213170, 3.833877012481473834 ) ) ;
#3652 = DIRECTION ( 'NONE',  ( 0.9585427335935047255, 0.000000000000000000, 0.2849488162373924327 ) ) ;
#3653 = CARTESIAN_POINT ( 'NONE',  ( -58.59307094947898520, 3.271653543307087020, 17.71766575808216970 ) ) ;
#3654 = EDGE_LOOP ( 'NONE', ( #4382, #1780, #753, #3712, #1452, #2396 ) ) ;
#3655 = DIRECTION ( 'NONE',  ( 0.000000000000000000, 0.000000000000000000, -1.000000000000000000 ) ) ;
#3656 = CARTESIAN_POINT ( 'NONE',  ( -66.82283464566927478, 3.277698447950315952, 4.969682344363347326 ) ) ;
#3657 = DIRECTION ( 'NONE',  ( 0.000000000000000000, -1.000000000000000000, 0.000000000000000000 ) ) ;
#3658 = DIRECTION ( 'NONE',  ( -0.2894416129747778843, 0.000000000000000000, -0.9571956710508875421 ) ) ;
#3659 = CARTESIAN_POINT ( 'NONE',  ( -62.12598425196851082, -1.803149606299212726, 4.842519685039370358 ) ) ;
#3660 = VERTEX_POINT ( 'NONE', #3950 ) ;
#3661 = ORIENTED_EDGE ( 'NONE', *, *, #970, .T. ) ;
#3662 = CARTESIAN_POINT ( 'NONE',  ( -66.41665143944878480, 3.330708661417323135, 5.405123307490336870 ) ) ;
#3663 = CARTESIAN_POINT ( 'NONE',  ( -0.3938505952792759612, -1.803149606299212726, -3.290946291470165264 ) ) ;
#3664 = CYLINDRICAL_SURFACE ( 'NONE', #708, 0.05905511811023705232 ) ;
#3665 = ORIENTED_EDGE ( 'NONE', *, *, #4094, .F. ) ;
#3666 = DIRECTION ( 'NONE',  ( -0.9571956710508869870, 0.000000000000000000, 0.2894416129747796607 ) ) ;
#3667 = DIRECTION ( 'NONE',  ( 0.000000000000000000, -1.000000000000000000, 0.000000000000000000 ) ) ;
#3668 = APPROVAL_DATE_TIME ( #2865, #183 ) ;
#3669 = FACE_BOUND ( 'NONE', #1172, .T. ) ;
#3670 = APPLICATION_CONTEXT ( 'configuration controlled 3d designs of mechanical parts and assemblies' ) ;
#3671 = EDGE_LOOP ( 'NONE', ( #4238, #4126, #3509, #1744 ) ) ;
#3672 = LINE ( 'NONE', #2322, #2274 ) ;
#3673 = CARTESIAN_POINT ( 'NONE',  ( -43.69995077567320862, -3.621238344103700602, -28.07973494755255928 ) ) ;
#3674 = DIRECTION ( 'NONE',  ( 0.5405792589364626366, 0.000000000000000000, -0.8412930909069115115 ) ) ;
#3675 = VERTEX_POINT ( 'NONE', #3507 ) ;
#3676 = EDGE_CURVE ( 'NONE', #4786, #1855, #620, .T. ) ;
#3677 = CARTESIAN_POINT ( 'NONE',  ( -63.17371455369796251, 3.519685039370079149, 4.230617447156364008 ) ) ;
#3678 = CARTESIAN_POINT ( 'NONE',  ( -66.79363874709319759, 3.325894889992677683, 5.041253699549717027 ) ) ;
#3679 = CARTESIAN_POINT ( 'NONE',  ( -64.35607147748505952, 1.146797207463417401, 4.497306115095852874 ) ) ;
#3680 = DIRECTION ( 'NONE',  ( 0.000000000000000000, 0.000000000000000000, 1.000000000000000000 ) ) ;
#3681 = CARTESIAN_POINT ( 'NONE',  ( -63.17371455369796251, -1.803149606299212948, 4.230617447156364008 ) ) ;
#3682 = EDGE_LOOP ( 'NONE', ( #3456, #1455, #2110, #4596 ) ) ;
#3683 = ORIENTED_EDGE ( 'NONE', *, *, #3645, .T. ) ;
#3684 = CARTESIAN_POINT ( 'NONE',  ( -65.89062420043750024, 3.330708661417323135, 5.238806934920885006 ) ) ;
#3685 = CIRCLE ( 'NONE', #2179, 0.5590551181102314526 ) ;
#3686 = DIRECTION ( 'NONE',  ( -0.1188290605532585920, 0.000000000000000000, -0.9929147266346843859 ) ) ;
#3687 = AXIS2_PLACEMENT_3D ( 'NONE', #3223, #621, #2153 ) ;
#3688 = LINE ( 'NONE', #4433, #1259 ) ;
#3689 = EDGE_LOOP ( 'NONE', ( #1662, #3120, #1992, #4304 ) ) ;
#3690 = DIRECTION ( 'NONE',  ( 0.000000000000000000, 1.000000000000000000, -0.000000000000000000 ) ) ;
#3691 = APPROVAL_DATE_TIME ( #2945, #3128 ) ;
#3692 = EDGE_CURVE ( 'NONE', #1659, #3254, #82, .T. ) ;
#3693 = DIRECTION ( 'NONE',  ( 0.000000000000000000, 0.000000000000000000, 1.000000000000000000 ) ) ;
#3694 = EDGE_CURVE ( 'NONE', #3506, #608, #1492, .T. ) ;
#3695 = VERTEX_POINT ( 'NONE', #2765 ) ;
#3696 = FACE_OUTER_BOUND ( 'NONE', #4388, .T. ) ;
#3697 = EDGE_CURVE ( 'NONE', #3254, #2699, #1328, .T. ) ;
#3698 = CARTESIAN_POINT ( 'NONE',  ( -64.39716778540596920, 0.4293236717579754225, 4.575542059846802623 ) ) ;
#3699 = EDGE_CURVE ( 'NONE', #1125, #2862, #3900, .T. ) ;
#3700 = ORIENTED_EDGE ( 'NONE', *, *, #1208, .F. ) ;
#3701 = DIRECTION ( 'NONE',  ( 0.000000000000000000, 0.000000000000000000, -1.000000000000000000 ) ) ;
#3702 = VECTOR ( 'NONE', #678, 39.37007874015748143 ) ;
#3703 = CARTESIAN_POINT ( 'NONE',  ( -61.45669291338582951, -1.992125984251968518, 3.858267716535433323 ) ) ;
#3704 = CARTESIAN_POINT ( 'NONE',  ( -66.80375913575491609, 3.319729864424409982, 5.030020129473154356 ) ) ;
#3705 = CIRCLE ( 'NONE', #691, 0.1504569830859232848 ) ;
#3706 = CARTESIAN_POINT ( 'NONE',  ( -67.32283464566928899, -5.905511811023622215, 4.509629921259842078 ) ) ;
#3707 = PLANE ( 'NONE',  #1238 ) ;
#3708 = CARTESIAN_POINT ( 'NONE',  ( -67.32283464566928899, -5.905511811023622215, 5.411629921259843101 ) ) ;
#3709 = VERTEX_POINT ( 'NONE', #506 ) ;
#3710 = TOROIDAL_SURFACE ( 'NONE', #4329, 0.5590551181102316747, 0.05905511811023622659 ) ;
#3711 = CIRCLE ( 'NONE', #4571, 0.05905511811023496371 ) ;
#3712 = ORIENTED_EDGE ( 'NONE', *, *, #4688, .F. ) ;
#3713 = ORIENTED_EDGE ( 'NONE', *, *, #3122, .T. ) ;
#3714 = CARTESIAN_POINT ( 'NONE',  ( -67.60643676162112570, 3.271653543307087020, 5.372418507584993286 ) ) ;
#3715 = CARTESIAN_POINT ( 'NONE',  ( -66.43378273611068607, -1.780515856266686514, 5.204514581453013378 ) ) ;
#3716 = VECTOR ( 'NONE', #1213, 39.37007874015748143 ) ;
#3717 = CIRCLE ( 'NONE', #2769, 0.1968503937007843041 ) ;
#3718 = PLANE ( 'NONE',  #627 ) ;
#3719 = ORIENTED_EDGE ( 'NONE', *, *, #3609, .F. ) ;
#3720 = CARTESIAN_POINT ( 'NONE',  ( -66.37133485158899759, 3.330708661417322691, 6.496337373326328546 ) ) ;
#3721 = EDGE_LOOP ( 'NONE', ( #4213, #1892, #418, #980, #1547, #1256, #1378, #515, #4286, #2088, #2348, #2447, #2943, #3413, #2437, #2693, #2149, #437, #4158, #1971, #3169 ) ) ;
#3722 = ORIENTED_EDGE ( 'NONE', *, *, #2717, .F. ) ;
#3723 = CARTESIAN_POINT ( 'NONE',  ( -43.69995077567320862, -1.992125984251968518, -28.07973494755255928 ) ) ;
#3724 = COORDINATED_UNIVERSAL_TIME_OFFSET ( 6, 0, .BEHIND. ) ;
#3725 = EDGE_CURVE ( 'NONE', #3987, #853, #4317, .T. ) ;
#3726 = DIRECTION ( 'NONE',  ( -4.440892098500696213E-14, 0.000000000000000000, 1.000000000000000000 ) ) ;
#3727 = EDGE_LOOP ( 'NONE', ( #4107, #2792, #776, #3661, #4195, #1366, #1350, #2480 ) ) ;
#3728 = CARTESIAN_POINT ( 'NONE',  ( -64.24232630027363200, 3.519685039370079149, 4.575587187297031733 ) ) ;
#3729 = CARTESIAN_POINT ( 'NONE',  ( -40.62116550400089920, 3.519685039370079149, -27.62239254272128974 ) ) ;
#3730 = ORIENTED_EDGE ( 'NONE', *, *, #4144, .T. ) ;
#3731 = CARTESIAN_POINT ( 'NONE',  ( -66.45399795277461408, -1.803149606299212948, 5.757641626466391216 ) ) ;
#3732 = EDGE_CURVE ( 'NONE', #1821, #1939, #4675, .T. ) ;
#3733 = ADVANCED_FACE ( 'NONE', ( #1678 ), #2478, .F. ) ;
#3734 = CARTESIAN_POINT ( 'NONE',  ( -66.18730809618213584, 3.519685039370079149, 5.342652403287790897 ) ) ;
#3735 = DIRECTION ( 'NONE',  ( 0.7903583708901077420, 0.000000000000000000, 0.6126447955903444598 ) ) ;
#3736 = CARTESIAN_POINT ( 'NONE',  ( -0.4359553805146830219, 3.330708661417323135, -3.642766470198991691 ) ) ;
#3737 = CARTESIAN_POINT ( 'NONE',  ( -63.07457352484861701, -1.803149606299212948, 4.210494890457447958 ) ) ;
#3738 = ORIENTED_EDGE ( 'NONE', *, *, #2563, .F. ) ;
#3739 = VERTEX_POINT ( 'NONE', #2500 ) ;
#3740 = CARTESIAN_POINT ( 'NONE',  ( -63.32297718505464701, 3.330708661417323135, 4.269924451661772480 ) ) ;
#3741 = LINE ( 'NONE', #683, #1924 ) ;
#3742 = CARTESIAN_POINT ( 'NONE',  ( -66.43378273611068607, -1.780515856266686514, 5.204514581453013378 ) ) ;
#3743 = ORIENTED_EDGE ( 'NONE', *, *, #4780, .T. ) ;
#3744 = LINE ( 'NONE', #344, #471 ) ;
#3745 = ORIENTED_EDGE ( 'NONE', *, *, #4419, .F. ) ;
#3746 = EDGE_CURVE ( 'NONE', #3486, #1740, #2599, .T. ) ;
#3747 = DIRECTION ( 'NONE',  ( 0.000000000000000000, 0.000000000000000000, 1.000000000000000000 ) ) ;
#3748 = PERSON_AND_ORGANIZATION ( #2024, #4204 ) ;
#3749 = LINE ( 'NONE', #1827, #938 ) ;
#3750 = CARTESIAN_POINT ( 'NONE',  ( -43.69995077567320152, 3.519685039370079149, -28.07973494755255928 ) ) ;
#3751 = ORIENTED_EDGE ( 'NONE', *, *, #3932, .F. ) ;
#3752 = DIRECTION ( 'NONE',  ( 0.000000000000000000, -1.000000000000000000, 0.000000000000000000 ) ) ;
#3753 = AXIS2_PLACEMENT_3D ( 'NONE', #3488, #4299, #1546 ) ;
#3754 = CARTESIAN_POINT ( 'NONE',  ( -64.38098794236522338, 3.519685039370079149, 4.626209107568101331 ) ) ;
#3755 = CARTESIAN_POINT ( 'NONE',  ( -41.92783766834041614, 30.92555409484217677, -2.284655364908741326 ) ) ;
#3756 = CYLINDRICAL_SURFACE ( 'NONE', #3222, 0.1504569830859232848 ) ;
#3757 = LINE ( 'NONE', #1836, #117 ) ;
#3758 = ORIENTED_EDGE ( 'NONE', *, *, #540, .T. ) ;
#3759 = EDGE_CURVE ( 'NONE', #1103, #312, #2826, .T. ) ;
#3760 = EDGE_LOOP ( 'NONE', ( #3909, #4546, #652, #1703 ) ) ;
#3761 = ORIENTED_EDGE ( 'NONE', *, *, #883, .F. ) ;
#3762 = CARTESIAN_POINT ( 'NONE',  ( -65.07304460749334396, 3.330708661417323135, 4.903670785651446096 ) ) ;
#3763 = CARTESIAN_POINT ( 'NONE',  ( -65.01789339918893518, -1.992125984251968740, 4.880658391575403598 ) ) ;
#3764 = CARTESIAN_POINT ( 'NONE',  ( -64.46868037757994330, 3.394685039370079149, 5.189021571154151857 ) ) ;
#3765 = VERTEX_POINT ( 'NONE', #2929 ) ;
#3766 = ADVANCED_FACE ( 'NONE', ( #2827 ), #4340, .T. ) ;
#3767 = DIRECTION ( 'NONE',  ( 2.290736248633313485E-23, -1.000000000000000000, -8.392338112716923843E-24 ) ) ;
#3768 = CARTESIAN_POINT ( 'NONE',  ( -65.24266448543163222, 3.394685039370079149, 5.786861749209235128 ) ) ;
#3769 = CARTESIAN_POINT ( 'NONE',  ( -66.18730809618213584, -1.992125984251968740, 5.342652403287790897 ) ) ;
#3770 = EDGE_CURVE ( 'NONE', #2687, #2182, #4262, .T. ) ;
#3771 = DIRECTION ( 'NONE',  ( -0.2894416129747777733, -4.730536770329238028E-18, -0.9571956710508874311 ) ) ;
#3772 = ORIENTED_EDGE ( 'NONE', *, *, #932, .F. ) ;
#3773 = PLANE ( 'NONE',  #4404 ) ;
#3774 = APPROVAL_PERSON_ORGANIZATION ( #2068, #245, #1337 ) ;
#3775 = EDGE_LOOP ( 'NONE', ( #3854, #1332, #1901, #636 ) ) ;
#3776 = CARTESIAN_POINT ( 'NONE',  ( -66.57656029101917738, -1.803149606299212948, 5.717889328482669953 ) ) ;
#3777 = CARTESIAN_POINT ( 'NONE',  ( -66.54475095209032531, 3.519685039370079149, 5.426830934313483290 ) ) ;
#3778 = DIRECTION ( 'NONE',  ( 0.000000000000000000, 0.000000000000000000, -1.000000000000000000 ) ) ;
#3779 = DIRECTION ( 'NONE',  ( 0.000000000000000000, 0.000000000000000000, 1.000000000000000000 ) ) ;
#3780 = VERTEX_POINT ( 'NONE', #3975 ) ;
#3781 = CIRCLE ( 'NONE', #850, 0.08858267716535768443 ) ;
#3782 = ADVANCED_FACE ( 'NONE', ( #2101 ), #4815, .F. ) ;
#3783 = VECTOR ( 'NONE', #44, 39.37007874015748143 ) ;
#3784 = ORIENTED_EDGE ( 'NONE', *, *, #3188, .T. ) ;
#3785 = CARTESIAN_POINT ( 'NONE',  ( -66.78979573596114960, 3.522758384950145594, 5.044883749747672397 ) ) ;
#3786 = CARTESIAN_POINT ( 'NONE',  ( -64.95083226757535044, -1.992125984251968740, 4.852918309000385122 ) ) ;
#3787 = AXIS2_PLACEMENT_3D ( 'NONE', #4904, #2296, #1413 ) ;
#3788 = VECTOR ( 'NONE', #917, 39.37007874015748854 ) ;
#3789 = ADVANCED_FACE ( 'NONE', ( #3301 ), #1809, .F. ) ;
#3790 =( BOUNDED_CURVE ( )  B_SPLINE_CURVE ( 3, ( #2386, #2735, #4612, #3552 ),
 .UNSPECIFIED., .F., .F. ) 
 B_SPLINE_CURVE_WITH_KNOTS ( ( 4, 4 ),
 ( 1.570796326794890785, 3.141592653589797557 ),
 .UNSPECIFIED. ) 
 CURVE ( )  GEOMETRIC_REPRESENTATION_ITEM ( )  RATIONAL_B_SPLINE_CURVE ( ( 1.000000000000000000, 0.8047378541243626060, 0.8047378541243626060, 1.000000000000000000 ) ) 
 REPRESENTATION_ITEM ( '' )  );
#3791 = LINE ( 'NONE', #4854, #3165 ) ;
#3792 = EDGE_LOOP ( 'NONE', ( #2714, #3342, #394, #2368 ) ) ;
#3793 = AXIS2_PLACEMENT_3D ( 'NONE', #439, #2741, #4592 ) ;
#3794 = DIRECTION ( 'NONE',  ( 0.1188290605532586336, 0.000000000000000000, 0.9929147266346843859 ) ) ;
#3795 = VECTOR ( 'NONE', #2232, 39.37007874015748143 ) ;
#3796 = VERTEX_POINT ( 'NONE', #3231 ) ;
#3797 = FACE_OUTER_BOUND ( 'NONE', #2059, .T. ) ;
#3798 = DIRECTION ( 'NONE',  ( -0.000000000000000000, 1.000000000000000000, -0.000000000000000000 ) ) ;
#3799 = CIRCLE ( 'NONE', #1640, 0.08858267716535768443 ) ;
#3800 = EDGE_CURVE ( 'NONE', #4615, #680, #4735, .T. ) ;
#3801 = DIRECTION ( 'NONE',  ( 0.000000000000000000, 1.000000000000000000, 0.000000000000000000 ) ) ;
#3802 = EDGE_LOOP ( 'NONE', ( #4434, #4559, #1550, #3832, #1881 ) ) ;
#3803 = DIRECTION ( 'NONE',  ( 1.000000000000000000, 0.000000000000000000, 0.000000000000000000 ) ) ;
#3804 = AXIS2_PLACEMENT_3D ( 'NONE', #622, #594, #2072 ) ;
#3805 = CARTESIAN_POINT ( 'NONE',  ( -62.05826757963785667, -1.803149606299212726, 5.027356179781659939 ) ) ;
#3806 = CARTESIAN_POINT ( 'NONE',  ( -63.11327752984468731, -1.803149606299212726, 3.858267716535433323 ) ) ;
#3807 = AXIS2_PLACEMENT_3D ( 'NONE', #2001, #3872, #2407 ) ;
#3808 = CARTESIAN_POINT ( 'NONE',  ( -63.99798826116343520, 3.330708661417322247, 4.486385440163125793 ) ) ;
#3809 = CARTESIAN_POINT ( 'NONE',  ( -63.37968172099413522, -1.803149606299212726, 5.176037015032270538 ) ) ;
#3810 = CARTESIAN_POINT ( 'NONE',  ( -62.20419012182923524, 3.330708661417323135, 3.974114481908603835 ) ) ;
#3811 = LINE ( 'NONE', #1912, #3702 ) ;
#3812 = ORIENTED_EDGE ( 'NONE', *, *, #2514, .T. ) ;
#3813 = ORIENTED_EDGE ( 'NONE', *, *, #4077, .T. ) ;
#3814 = VERTEX_POINT ( 'NONE', #4383 ) ;
#3815 = CARTESIAN_POINT ( 'NONE',  ( -65.01789339918893518, 3.330708661417323135, 4.880658391575403598 ) ) ;
#3816 = CARTESIAN_POINT ( 'NONE',  ( -66.32660456607217725, -1.803149606299210728, 5.383348694571214565 ) ) ;
#3817 = EDGE_CURVE ( 'NONE', #3319, #1527, #4192, .T. ) ;
#3818 = EDGE_LOOP ( 'NONE', ( #1898, #1793, #1815, #3813, #3083, #4777 ) ) ;
#3819 = ORIENTED_EDGE ( 'NONE', *, *, #1316, .T. ) ;
#3820 = EDGE_LOOP ( 'NONE', ( #1641, #2286, #2185, #3359, #4237, #3211, #3185, #4083, #3440, #1035 ) ) ;
#3821 = CARTESIAN_POINT ( 'NONE',  ( -62.12598425196851082, 3.330708661417323135, 4.842519685039370358 ) ) ;
#3822 = DIRECTION ( 'NONE',  ( -0.000000000000000000, 1.000000000000000000, -0.000000000000000000 ) ) ;
#3823 = CARTESIAN_POINT ( 'NONE',  ( -64.78815412007431007, -1.992125984251968518, 6.027477030463022523 ) ) ;
#3824 = CARTESIAN_POINT ( 'NONE',  ( -62.53946311546748404, 3.519685039370079149, 4.146454479399649173 ) ) ;
#3825 = DIRECTION ( 'NONE',  ( -0.9571956710508875421, 0.000000000000000000, 0.2894416129747776067 ) ) ;
#3826 = CARTESIAN_POINT ( 'NONE',  ( -65.99280450103626094, 3.519685039370079149, 5.277067812005676650 ) ) ;
#3827 = DIRECTION ( 'NONE',  ( -0.000000000000000000, 1.000000000000000000, -0.000000000000000000 ) ) ;
#3828 = CARTESIAN_POINT ( 'NONE',  ( -41.69052226645929693, 30.73130679842747881, -2.356415982702613210 ) ) ;
#3829 = CARTESIAN_POINT ( 'NONE',  ( -63.96424971066527121, 0.5209704070410012822, 4.444634127823552383 ) ) ;
#3830 = ORIENTED_EDGE ( 'NONE', *, *, #2106, .T. ) ;
#3831 = VERTEX_POINT ( 'NONE', #971 ) ;
#3832 = ORIENTED_EDGE ( 'NONE', *, *, #4742, .F. ) ;
#3833 = DIRECTION ( 'NONE',  ( 0.000000000000000000, 0.000000000000000000, 1.000000000000000000 ) ) ;
#3834 = CARTESIAN_POINT ( 'NONE',  ( -66.53158802167057218, -1.803149606299210506, 5.425190076936063477 ) ) ;
#3835 = VERTEX_POINT ( 'NONE', #1754 ) ;
#3836 = CARTESIAN_POINT ( 'NONE',  ( -63.09538179617421605, -1.803149606299212948, 4.652590603716853401 ) ) ;
#3837 = ORIENTED_EDGE ( 'NONE', *, *, #3239, .T. ) ;
#3838 = CARTESIAN_POINT ( 'NONE',  ( -62.12598425196851082, -1.992125984251968518, 4.753937007874012188 ) ) ;
#3839 = CARTESIAN_POINT ( 'NONE',  ( -66.09918920518569507, 3.330708661417323135, 5.826089031778224125 ) ) ;
#3840 = EDGE_CURVE ( 'NONE', #4056, #2137, #2114, .T. ) ;
#3841 = CARTESIAN_POINT ( 'NONE',  ( -66.77220858830405348, -1.992125984251968518, 5.057343777742002722 ) ) ;
#3842 = ORIENTED_EDGE ( 'NONE', *, *, #820, .F. ) ;
#3843 = CARTESIAN_POINT ( 'NONE',  ( -66.51608366495095481, 3.519685039370079149, 5.739399976464851783 ) ) ;
#3844 = DIRECTION ( 'NONE',  ( 0.2894416129747778843, -0.000000000000000000, 0.9571956710508874311 ) ) ;
#3845 = APPLICATION_PROTOCOL_DEFINITION ( 'international standard', 'config_control_design', 1994, #3670 ) ;
#3846 = AXIS2_PLACEMENT_3D ( 'NONE', #3604, #2829, #4341 ) ;
#3847 = ADVANCED_FACE ( 'NONE', ( #4002 ), #2492, .F. ) ;
#3848 = CARTESIAN_POINT ( 'NONE',  ( -66.46482425812702388, -1.803149606299212726, 5.262466335142033991 ) ) ;
#3849 = LINE ( 'NONE', #2003, #772 ) ;
#3850 = LINE ( 'NONE', #502, #75 ) ;
#3851 = CARTESIAN_POINT ( 'NONE',  ( -67.60643676162111149, -2.053023622047244423, 5.372418507584971081 ) ) ;
#3852 = ORIENTED_EDGE ( 'NONE', *, *, #3335, .F. ) ;
#3853 = CARTESIAN_POINT ( 'NONE',  ( -4.110208662330160578, -1.744094488188976388, -13.59263410075429590 ) ) ;
#3854 = ORIENTED_EDGE ( 'NONE', *, *, #2534, .F. ) ;
#3855 = EDGE_LOOP ( 'NONE', ( #2842, #948, #1642, #3541 ) ) ;
#3856 = LINE ( 'NONE', #3902, #2667 ) ;
#3857 = CARTESIAN_POINT ( 'NONE',  ( -66.51849118917051840, -1.992125984251968740, 5.423325687096278713 ) ) ;
#3858 = CC_DESIGN_DATE_AND_TIME_ASSIGNMENT ( #1512, #1826, ( #598 ) ) ;
#3859 = AXIS2_PLACEMENT_3D ( 'NONE', #3130, #823, #522 ) ;
#3860 = ORIENTED_EDGE ( 'NONE', *, *, #2573, .F. ) ;
#3861 = CARTESIAN_POINT ( 'NONE',  ( -66.45248576584721434, -1.803149606299215169, 5.239431470256292300 ) ) ;
#3862 = ORIENTED_EDGE ( 'NONE', *, *, #4448, .F. ) ;
#3863 = CARTESIAN_POINT ( 'NONE',  ( -40.98067261052359811, -30.15028097611250502, -2.571063870900893722 ) ) ;
#3864 = CARTESIAN_POINT ( 'NONE',  ( -66.57656029101917738, 3.330708661417323135, 5.717889328482669953 ) ) ;
#3865 = VECTOR ( 'NONE', #2236, 39.37007874015748143 ) ;
#3866 = VECTOR ( 'NONE', #2894, 39.37007874015748143 ) ;
#3867 = AXIS2_PLACEMENT_3D ( 'NONE', #2456, #599, #247 ) ;
#3868 = CARTESIAN_POINT ( 'NONE',  ( -66.37133485158899759, -1.992125984251968296, 6.496337373326328546 ) ) ;
#3869 = LINE ( 'NONE', #1649, #4769 ) ;
#3870 = CARTESIAN_POINT ( 'NONE',  ( -66.42833907967933271, 3.271653543307093681, 5.123928753950849568 ) ) ;
#3871 = AXIS2_PLACEMENT_3D ( 'NONE', #4127, #2597, #2148 ) ;
#3872 = DIRECTION ( 'NONE',  ( 0.000000000000000000, 0.000000000000000000, 1.000000000000000000 ) ) ;
#3873 = EDGE_CURVE ( 'NONE', #3583, #3695, #2675, .T. ) ;
#3874 = CIRCLE ( 'NONE', #3003, 0.1968503937007843041 ) ;
#3875 = CARTESIAN_POINT ( 'NONE',  ( -64.73874076253984811, -1.803149606299212948, 5.670639326741962805 ) ) ;
#3876 = DIRECTION ( 'NONE',  ( 0.000000000000000000, 0.000000000000000000, -1.000000000000000000 ) ) ;
#3877 = CARTESIAN_POINT ( 'NONE',  ( -64.53207412346139904, 3.330708661417323135, 5.933659598763443732 ) ) ;
#3878 = CARTESIAN_POINT ( 'NONE',  ( -63.39322505546024900, 3.519685039370079149, 5.139069716083803030 ) ) ;
#3879 = ORIENTED_EDGE ( 'NONE', *, *, #1682, .T. ) ;
#3880 = EDGE_CURVE ( 'NONE', #2398, #1467, #3377, .T. ) ;
#3881 = UNCERTAINTY_MEASURE_WITH_UNIT (LENGTH_MEASURE( 1.000000000000000082E-05 ), #3150, 'distance_accuracy_value', 'NONE');
#3882 = AXIS2_PLACEMENT_3D ( 'NONE', #2955, #1074, #676 ) ;
#3883 = LINE ( 'NONE', #2055, #3071 ) ;
#3884 = EDGE_LOOP ( 'NONE', ( #3611, #3751, #2288, #2009 ) ) ;
#3885 = CARTESIAN_POINT ( 'NONE',  ( -65.99280450103626094, -1.803149606299212948, 5.277067812005676650 ) ) ;
#3886 = LINE ( 'NONE', #2695, #104 ) ;
#3887 = CIRCLE ( 'NONE', #1734, 0.1968503937007843041 ) ;
#3888 = VERTEX_POINT ( 'NONE', #4161 ) ;
#3889 = ORIENTED_EDGE ( 'NONE', *, *, #3335, .T. ) ;
#3890 = CARTESIAN_POINT ( 'NONE',  ( -63.98248225321485450, 1.006588648077128445, 4.384338337521132445 ) ) ;
#3891 = CARTESIAN_POINT ( 'NONE',  ( -61.88453088185981699, 3.271653543307087020, 18.71295386968032304 ) ) ;
#3892 = EDGE_CURVE ( 'NONE', #3514, #3207, #1166, .T. ) ;
#3893 = DIRECTION ( 'NONE',  ( 0.5623100214072884739, -0.000000000000000000, -0.8269265020695216739 ) ) ;
#3894 = CARTESIAN_POINT ( 'NONE',  ( -66.24798989115039660, 3.519685039370079149, 5.807206170900101050 ) ) ;
#3895 = CYLINDRICAL_SURFACE ( 'NONE', #1483, 0.08858267716535768443 ) ;
#3896 = CARTESIAN_POINT ( 'NONE',  ( -62.95994845151290065, -1.992125984251968518, 5.022263593201440557 ) ) ;
#3897 = FACE_OUTER_BOUND ( 'NONE', #3117, .T. ) ;
#3898 = DIRECTION ( 'NONE',  ( 0.2894416129747701127, 0.000000000000000000, 0.9571956710508898736 ) ) ;
#3899 = ORIENTED_EDGE ( 'NONE', *, *, #2473, .T. ) ;
#3900 = LINE ( 'NONE', #4296, #1096 ) ;
#3901 = ORIENTED_EDGE ( 'NONE', *, *, #2810, .F. ) ;
#3902 = CARTESIAN_POINT ( 'NONE',  ( -61.26329074247357909, 3.330708661417323135, 3.821584235422193387 ) ) ;
#3903 = VECTOR ( 'NONE', #4834, 39.37007874015747433 ) ;
#3904 = DIRECTION ( 'NONE',  ( -0.8412930909068905283, 1.587296246464898239E-24, -0.5405792589364953882 ) ) ;
#3905 = CIRCLE ( 'NONE', #3753, 0.03937007874015751446 ) ;
#3906 = EDGE_CURVE ( 'NONE', #9, #286, #380, .T. ) ;
#3907 = ADVANCED_FACE ( 'NONE', ( #1519 ), #2282, .F. ) ;
#3908 = EDGE_CURVE ( 'NONE', #2877, #1848, #468, .T. ) ;
#3909 = ORIENTED_EDGE ( 'NONE', *, *, #1140, .F. ) ;
#3910 = ORIENTED_EDGE ( 'NONE', *, *, #2840, .F. ) ;
#3911 = ORIENTED_EDGE ( 'NONE', *, *, #2840, .T. ) ;
#3912 = LINE ( 'NONE', #1574, #59 ) ;
#3913 = EDGE_CURVE ( 'NONE', #3814, #2263, #99, .T. ) ;
#3914 = DIRECTION ( 'NONE',  ( 0.000000000000000000, -1.000000000000000000, 0.000000000000000000 ) ) ;
#3915 = EDGE_CURVE ( 'NONE', #1373, #4620, #4497, .T. ) ;
#3916 = CARTESIAN_POINT ( 'NONE',  ( -66.79363874709319759, -1.996939755676617079, 5.041253699549722356 ) ) ;
#3917 = ORIENTED_EDGE ( 'NONE', *, *, #3697, .F. ) ;
#3918 = LINE ( 'NONE', #2728, #427 ) ;
#3919 = FACE_BOUND ( 'NONE', #784, .T. ) ;
#3920 = CC_DESIGN_DATE_AND_TIME_ASSIGNMENT ( #3990, #2049, ( #4337 ) ) ;
#3921 = CARTESIAN_POINT ( 'NONE',  ( -67.59550430225867501, 3.568726551807321012, 5.380713912303678903 ) ) ;
#3922 = CARTESIAN_POINT ( 'NONE',  ( -66.01183255283007156, -1.744094488188976388, 5.063792465517444441 ) ) ;
#3923 = FACE_OUTER_BOUND ( 'NONE', #2038, .T. ) ;
#3924 = ORIENTED_EDGE ( 'NONE', *, *, #2628, .T. ) ;
#3925 = APPLICATION_CONTEXT ( 'configuration controlled 3d designs of mechanical parts and assemblies' ) ;
#3926 = AXIS2_PLACEMENT_3D ( 'NONE', #20, #3657, #304 ) ;
#3927 = B_SPLINE_SURFACE_WITH_KNOTS ( 'NONE', 3, 1, ( 
 ( #3617, #454 ),
 ( #123, #1719 ),
 ( #1623, #4667 ),
 ( #76, #1580 ),
 ( #1265, #2089 ),
 ( #2357, #3875 ),
 ( #2778, #888 ),
 ( #2467, #3988 ),
 ( #4776, #1379 ),
 ( #1110, #1009 ),
 ( #1795, #3343 ),
 ( #2175, #4046 ) ),
 .UNSPECIFIED., .F., .F., .F.,
 ( 4, 2, 2, 2, 2, 4 ),
 ( 2, 2 ),
 ( 0.000000000000000000, 0.03124999999999143740, 0.06249999999998287481, 0.1249999999999824030, 0.2499999999999810152, 0.2908208233039897839 ),
 ( 0.000000000000000000, 1.000000000000000000 ),
 .UNSPECIFIED. ) ;
#3928 = CARTESIAN_POINT ( 'NONE',  ( -64.34855752121474382, 3.394685039370079149, 4.690783838854733823 ) ) ;
#3929 = ORIENTED_EDGE ( 'NONE', *, *, #643, .F. ) ;
#3930 = CARTESIAN_POINT ( 'NONE',  ( -63.82098822681376760, -1.992125984251968740, 4.425448902450098920 ) ) ;
#3931 = CARTESIAN_POINT ( 'NONE',  ( -64.77489202239148369, 3.330708661417323135, 5.681553123715965548 ) ) ;
#3932 = EDGE_CURVE ( 'NONE', #4882, #2046, #819, .T. ) ;
#3933 = ORIENTED_EDGE ( 'NONE', *, *, #568, .T. ) ;
#3934 = VERTEX_POINT ( 'NONE', #1190 ) ;
#3935 = DIRECTION ( 'NONE',  ( -0.2894416129747701127, 0.000000000000000000, -0.9571956710508898736 ) ) ;
#3936 = CARTESIAN_POINT ( 'NONE',  ( -66.57656029101917738, 3.519685039370080037, 5.717889328482669953 ) ) ;
#3937 = B_SPLINE_CURVE_WITH_KNOTS ( 'NONE', 3,
 ( #356, #3737, #3333, #1449, #4822, #3681, #2959, #4421, #3358, #4114, #2222, #1077, #278, #2982, #1786, #3306 ),
 .UNSPECIFIED., .F., .F.,
 ( 4, 2, 2, 2, 2, 2, 2, 4 ),
 ( 0.000000000000000000, 0.03125000000000530131, 0.06250000000001060263, 0.1250000000000060507, 0.1875000000000014988, 0.2499999999999969469, 0.3749999999999878431, 0.4094897144192707339 ),
 .UNSPECIFIED. ) ;
#3938 = EDGE_CURVE ( 'NONE', #4010, #4458, #221, .T. ) ;
#3939 = CARTESIAN_POINT ( 'NONE',  ( -67.52631499346904320, -2.003070999674854580, 5.443829417731064879 ) ) ;
#3940 = CARTESIAN_POINT ( 'NONE',  ( -67.32283464566928899, 5.905511811023622215, 4.960629921259842590 ) ) ;
#3941 = VECTOR ( 'NONE', #1305, 39.37007874015748854 ) ;
#3942 = COORDINATED_UNIVERSAL_TIME_OFFSET ( 6, 0, .BEHIND. ) ;
#3943 = DIRECTION ( 'NONE',  ( 0.000000000000000000, 0.000000000000000000, 1.000000000000000000 ) ) ;
#3944 = DIRECTION ( 'NONE',  ( 0.000000000000000000, 0.000000000000000000, -1.000000000000000000 ) ) ;
#3945 = CARTESIAN_POINT ( 'NONE',  ( -62.12598425196851082, 3.330708661417323135, 4.753937007874012188 ) ) ;
#3946 = VECTOR ( 'NONE', #2584, 39.37007874015747433 ) ;
#3947 = CARTESIAN_POINT ( 'NONE',  ( -62.52074987758508229, 3.330708661417323135, 4.302819003279124921 ) ) ;
#3948 = ORIENTED_EDGE ( 'NONE', *, *, #328, .F. ) ;
#3949 = CIRCLE ( 'NONE', #4899, 0.1574803149606245900 ) ;
#3950 = CARTESIAN_POINT ( 'NONE',  ( -61.26329074247357909, 3.519685039370079149, 3.821584235422193387 ) ) ;
#3951 = EDGE_CURVE ( 'NONE', #2963, #3350, #2757, .T. ) ;
#3952 = VERTEX_POINT ( 'NONE', #3896 ) ;
#3953 = DIRECTION ( 'NONE',  ( -0.5903362311909701177, -0.7871707152047883183, 0.1785088212588477330 ) ) ;
#3954 = CARTESIAN_POINT ( 'NONE',  ( -66.51608366495095481, 3.330708661417323135, 5.739399976464851783 ) ) ;
#3955 = AXIS2_PLACEMENT_3D ( 'NONE', #3821, #1510, #4174 ) ;
#3956 = ORIENTED_EDGE ( 'NONE', *, *, #3423, .T. ) ;
#3957 = CARTESIAN_POINT ( 'NONE',  ( -66.57656029100523654, -1.803149606299212948, 5.717889328487624212 ) ) ;
#3958 = EDGE_CURVE ( 'NONE', #1720, #498, #2420, .T. ) ;
#3959 = CARTESIAN_POINT ( 'NONE',  ( -66.47262728195107684, -1.744094488188976388, 5.137320841994051257 ) ) ;
#3960 = DIRECTION ( 'NONE',  ( -0.000000000000000000, 1.000000000000000000, -0.000000000000000000 ) ) ;
#3961 = ORIENTED_EDGE ( 'NONE', *, *, #491, .T. ) ;
#3962 = ORGANIZATION ( 'NAUO-ORG1', 'UNSPECIFIED', 'UNSPECIFIED' ) ;
#3963 = CARTESIAN_POINT ( 'NONE',  ( -67.56150513477729191, -1.776689303314545221, 5.410700995957607340 ) ) ;
#3964 = CALENDAR_DATE ( 2026, 16, 9 ) ;
#3965 = EDGE_CURVE ( 'NONE', #3831, #3952, #2517, .T. ) ;
#3966 = CARTESIAN_POINT ( 'NONE',  ( -64.79989812990548614, 3.394685039370079149, 4.976195091257895164 ) ) ;
#3967 = DIRECTION ( 'NONE',  ( 0.3440006954397640815, -0.000000000000000000, 0.9389693932908349527 ) ) ;
#3968 = CARTESIAN_POINT ( 'NONE',  ( -63.20756636949602836, 3.394685039370079149, 5.029969632690667325 ) ) ;
#3969 = CARTESIAN_POINT ( 'NONE',  ( -66.52105367739758890, 3.580582677165354610, 6.540676733074944238 ) ) ;
#3970 = EDGE_LOOP ( 'NONE', ( #3639, #4208, #1016, #3365, #1517, #1037, #2056, #1385, #4073, #4390, #56, #39, #2168, #4369, #2983, #523, #3713, #3190, #876, #3993, #2223 ) ) ;
#3971 = ADVANCED_FACE ( 'NONE', ( #2385 ), #1979, .F. ) ;
#3972 = CARTESIAN_POINT ( 'NONE',  ( -66.08963672388152588, 3.271653543307087020, 5.021510242098568000 ) ) ;
#3973 = B_SPLINE_CURVE_WITH_KNOTS ( 'NONE', 3,
 ( #3224, #4729, #2095, #1339, #2847, #4357, #2870, #3251, #1551, #3275, #16, #3296 ),
 .UNSPECIFIED., .F., .F.,
 ( 4, 2, 2, 2, 2, 4 ),
 ( -9.061770254860019750E-06, 0.0006383528269054878929, 0.001285767424065835775, 0.002580596618386025651, 0.003875425812706215743, 0.005170255007026405836 ),
 .UNSPECIFIED. ) ;
#3974 = EDGE_CURVE ( 'NONE', #1572, #1821, #501, .T. ) ;
#3975 = CARTESIAN_POINT ( 'NONE',  ( -61.45669291338582951, -1.803149606299212726, 3.946850393700791049 ) ) ;
#3976 = VERTEX_POINT ( 'NONE', #4584 ) ;
#3977 = FACE_OUTER_BOUND ( 'NONE', #138, .T. ) ;
#3978 = DIRECTION ( 'NONE',  ( -0.7903583708901077420, 0.000000000000000000, -0.6126447955903444598 ) ) ;
#3979 = ORIENTED_EDGE ( 'NONE', *, *, #4780, .F. ) ;
#3980 = AXIS2_PLACEMENT_3D ( 'NONE', #4460, #4129, #3747 ) ;
#3981 = ORIENTED_EDGE ( 'NONE', *, *, #2961, .T. ) ;
#3982 = ORIENTED_EDGE ( 'NONE', *, *, #398, .F. ) ;
#3983 = CARTESIAN_POINT ( 'NONE',  ( -64.77489202239148369, -1.992125984251968740, 5.681553123715965548 ) ) ;
#3984 = CYLINDRICAL_SURFACE ( 'NONE', #4616, 0.05905511811023705232 ) ;
#3985 = AXIS2_PLACEMENT_3D ( 'NONE', #321, #1825, #4154 ) ;
#3986 = CARTESIAN_POINT ( 'NONE',  ( -64.24232630027363200, -1.992125984251968740, 4.575587187297032621 ) ) ;
#3987 = VERTEX_POINT ( 'NONE', #3848 ) ;
#3988 = CARTESIAN_POINT ( 'NONE',  ( -64.89930391185124847, -1.803149606299212948, 5.716281199457174722 ) ) ;
#3989 = CIRCLE ( 'NONE', #347, 0.08858267716535768443 ) ;
#3991 = EDGE_CURVE ( 'NONE', #1698, #2877, #2706, .T. ) ;
#3990 = DATE_AND_TIME ( #2471, #2264 ) ;
#3992 = DIRECTION ( 'NONE',  ( 0.6333943274850176719, -0.7738291968579384950, 0.000000000000000000 ) ) ;
#3993 = ORIENTED_EDGE ( 'NONE', *, *, #441, .T. ) ;
#3994 = CARTESIAN_POINT ( 'NONE',  ( -5.719890009841348544, -1.803149606299212726, -15.61276393748305047 ) ) ;
#3995 = CARTESIAN_POINT ( 'NONE',  ( -67.32283464566928899, -1.803149606299212726, 4.960629921259842590 ) ) ;
#3996 = DIRECTION ( 'NONE',  ( 2.290736248633313485E-23, -1.000000000000000000, -8.392338112716923843E-24 ) ) ;
#3997 = EDGE_CURVE ( 'NONE', #1720, #2823, #2516, .T. ) ;
#3998 = ORIENTED_EDGE ( 'NONE', *, *, #3880, .F. ) ;
#3999 = LINE ( 'NONE', #2239, #4136 ) ;
#4000 = ADVANCED_FACE ( 'NONE', ( #4017 ), #3927, .T. ) ;
#4001 = VECTOR ( 'NONE', #4845, 39.37007874015748143 ) ;
#4002 = FACE_OUTER_BOUND ( 'NONE', #2490, .T. ) ;
#4003 = FACE_OUTER_BOUND ( 'NONE', #925, .T. ) ;
#4004 = ORIENTED_EDGE ( 'NONE', *, *, #3183, .F. ) ;
#4005 = DIRECTION ( 'NONE',  ( 0.000000000000000000, 0.000000000000000000, 1.000000000000000000 ) ) ;
#4006 = DIRECTION ( 'NONE',  ( 0.000000000000000000, -1.000000000000000000, 0.000000000000000000 ) ) ;
#4007 = EDGE_LOOP ( 'NONE', ( #4145, #3422, #661, #2439 ) ) ;
#4008 = VECTOR ( 'NONE', #656, 39.37007874015748854 ) ;
#4009 = VECTOR ( 'NONE', #3621, 39.37007874015748143 ) ;
#4010 = VERTEX_POINT ( 'NONE', #1061 ) ;
#4011 = ORIENTED_EDGE ( 'NONE', *, *, #1929, .T. ) ;
#4012 = CARTESIAN_POINT ( 'NONE',  ( -64.64800489738213685, -1.992125984251968740, 5.640699716327256752 ) ) ;
#4013 = CC_DESIGN_APPROVAL ( #3128, ( #125 ) ) ;
#4014 = CARTESIAN_POINT ( 'NONE',  ( -61.45669291338582951, -1.803149606299212726, 3.858267716535433323 ) ) ;
#4015 = CARTESIAN_POINT ( 'NONE',  ( -63.58754667120697235, -1.992125984251968740, 4.349580514064588677 ) ) ;
#4016 = ORIENTED_EDGE ( 'NONE', *, *, #27, .T. ) ;
#4017 = FACE_OUTER_BOUND ( 'NONE', #1161, .T. ) ;
#4018 = AXIS2_PLACEMENT_3D ( 'NONE', #2133, #3605, #3632 ) ;
#4019 = APPROVAL_STATUS ( 'not_yet_approved' ) ;
#4020 = VECTOR ( 'NONE', #1139, 39.37007874015748854 ) ;
#4021 = DIRECTION ( 'NONE',  ( 0.000000000000000000, 1.000000000000000000, -0.000000000000000000 ) ) ;
#4022 = VERTEX_POINT ( 'NONE', #4856 ) ;
#4023 = CARTESIAN_POINT ( 'NONE',  ( -65.97353779197131018, 3.271653543307087020, 4.986403666574831917 ) ) ;
#4024 = DIRECTION ( 'NONE',  ( 0.000000000000000000, 1.000000000000000000, 0.000000000000000000 ) ) ;
#4025 = DIRECTION ( 'NONE',  ( -0.000000000000000000, 1.000000000000000000, -0.000000000000000000 ) ) ;
#4026 = ORIENTED_EDGE ( 'NONE', *, *, #845, .T. ) ;
#4027 = VECTOR ( 'NONE', #4359, 39.37007874015748143 ) ;
#4028 = VECTOR ( 'NONE', #1741, 39.37007874015748854 ) ;
#4029 = VECTOR ( 'NONE', #748, 39.37007874015748854 ) ;
#4030 = DIRECTION ( 'NONE',  ( 0.000000000000000000, 1.000000000000000000, -0.000000000000000000 ) ) ;
#4031 = DIRECTION ( 'NONE',  ( 0.000000000000000000, -1.000000000000000000, 0.000000000000000000 ) ) ;
#4032 = EDGE_LOOP ( 'NONE', ( #4151, #1919, #383, #1509 ) ) ;
#4033 = B_SPLINE_CURVE_WITH_KNOTS ( 'NONE', 3,
 ( #1196, #2767, #2392, #1588, #4696, #801, #2369, #57, #2694, #4211, #108, #3930, #2315, #2010, #1567, #1987 ),
 .UNSPECIFIED., .F., .F.,
 ( 4, 2, 2, 2, 2, 2, 2, 4 ),
 ( 0.000000000000000000, 0.03125000000000530131, 0.06250000000001060263, 0.1250000000000060507, 0.1875000000000014988, 0.2499999999999969469, 0.3749999999999878431, 0.4094897144192693461 ),
 .UNSPECIFIED. ) ;
#4034 = CARTESIAN_POINT ( 'NONE',  ( -41.19975546985667592, -30.34452827252707507, -2.439007462804138271 ) ) ;
#4035 = CARTESIAN_POINT ( 'NONE',  ( -66.10672973252157192, -1.803149606299212726, 4.964982938689994185 ) ) ;
#4036 = VERTEX_POINT ( 'NONE', #2623 ) ;
#4037 = VECTOR ( 'NONE', #4506, 39.37007874015748854 ) ;
#4038 = VECTOR ( 'NONE', #42, 39.37007874015748143 ) ;
#4039 = ORIENTED_EDGE ( 'NONE', *, *, #93, .T. ) ;
#4040 = CARTESIAN_POINT ( 'NONE',  ( -65.24266448543163222, -1.992125984251969184, 5.786861749209236017 ) ) ;
#4041 = LINE ( 'NONE', #1742, #2725 ) ;
#4042 = APPROVAL_PERSON_ORGANIZATION ( #164, #1434, #4310 ) ;
#4043 = B_SPLINE_CURVE_WITH_KNOTS ( 'NONE', 3,
 ( #771, #3523, #3080, #124, #3503, #1980 ),
 .UNSPECIFIED., .F., .F.,
 ( 4, 2, 4 ),
 ( 0.4723015676108704985, 0.5000000000000213163, 0.5905102855807334850 ),
 .UNSPECIFIED. ) ;
#4044 = CARTESIAN_POINT ( 'NONE',  ( -67.59550311848815340, -2.041042158274289253, 5.380656802918092119 ) ) ;
#4045 = VERTEX_POINT ( 'NONE', #1461 ) ;
#4046 = CARTESIAN_POINT ( 'NONE',  ( -65.24266448543167485, -1.803149606299212948, 5.786861749209239569 ) ) ;
#4047 = AXIS2_PLACEMENT_3D ( 'NONE', #914, #3108, #2360 ) ;
#4048 = CARTESIAN_POINT ( 'NONE',  ( -64.79989812990548614, -1.803149606299212726, 4.976195091257899605 ) ) ;
#4049 = EDGE_CURVE ( 'NONE', #4322, #357, #1330, .T. ) ;
#4050 = DATE_AND_TIME ( #3574, #1894 ) ;
#4051 = CIRCLE ( 'NONE', #2134, 0.03937007874015751446 ) ;
#4052 = FACE_BOUND ( 'NONE', #175, .T. ) ;
#4053 = CARTESIAN_POINT ( 'NONE',  ( -0.3938505952792759612, -1.992125984251968518, -3.290946291470165264 ) ) ;
#4054 = DIRECTION ( 'NONE',  ( 0.000000000000000000, 0.000000000000000000, 1.000000000000000000 ) ) ;
#4055 = CARTESIAN_POINT ( 'NONE',  ( -5.828236685570407971, -1.992125984251968518, -15.90850232907071593 ) ) ;
#4056 = VERTEX_POINT ( 'NONE', #3644 ) ;
#4057 = CARTESIAN_POINT ( 'NONE',  ( -66.82283464566928899, -1.744094488188976610, 4.960629921259855912 ) ) ;
#4058 = CARTESIAN_POINT ( 'NONE',  ( -63.38280690717645882, 3.519685039370079149, 4.287054750680351134 ) ) ;
#4059 = DIRECTION ( 'NONE',  ( 0.000000000000000000, 0.000000000000000000, 1.000000000000000000 ) ) ;
#4060 = CARTESIAN_POINT ( 'NONE',  ( -66.45565317146463258, 3.308074911384792927, 5.132188125594892014 ) ) ;
#4061 = CARTESIAN_POINT ( 'NONE',  ( -61.45669291338582951, 3.330708661417323135, 3.858267716535433323 ) ) ;
#4062 = DIRECTION ( 'NONE',  ( -0.000000000000000000, 1.000000000000000000, -0.000000000000000000 ) ) ;
#4063 = ORIENTED_EDGE ( 'NONE', *, *, #459, .T. ) ;
#4064 = ORIENTED_EDGE ( 'NONE', *, *, #1206, .T. ) ;
#4065 = CARTESIAN_POINT ( 'NONE',  ( -66.13949427091743871, 3.330708661417323135, 5.327166360359817610 ) ) ;
#4066 = CARTESIAN_POINT ( 'NONE',  ( -64.64042079919045136, -5.905511811023622215, 5.637921207175780935 ) ) ;
#4067 = EDGE_CURVE ( 'NONE', #132, #4770, #3000, .T. ) ;
#4068 = B_SPLINE_CURVE_WITH_KNOTS ( 'NONE', 3,
 ( #201, #3843, #4244, #3894, #4661, #3519, #120, #1619 ),
 .UNSPECIFIED., .F., .F.,
 ( 4, 2, 2, 4 ),
 ( 0.3196002891418269765, 0.3750000000000232037, 0.5000000000000217604, 0.5736392776627053935 ),
 .UNSPECIFIED. ) ;
#4069 = ADVANCED_FACE ( 'NONE', ( #1849 ), #4152, .T. ) ;
#4070 = EDGE_CURVE ( 'NONE', #261, #1283, #4335, .T. ) ;
#4071 = ADVANCED_FACE ( 'NONE', ( #287 ), #4398, .F. ) ;
#4072 = CARTESIAN_POINT ( 'NONE',  ( -66.37133485158899759, 3.519685039370079149, 6.496337373326330322 ) ) ;
#4073 = ORIENTED_EDGE ( 'NONE', *, *, #1429, .T. ) ;
#4074 = CARTESIAN_POINT ( 'NONE',  ( -66.77699861363943512, -1.803149606299212726, 5.054573703335313972 ) ) ;
#4075 = ORIENTED_EDGE ( 'NONE', *, *, #3210, .T. ) ;
#4076 = AXIS2_PLACEMENT_3D ( 'NONE', #2150, #3667, #789 ) ;
#4077 = EDGE_CURVE ( 'NONE', #4770, #3095, #3340, .T. ) ;
#4078 = VECTOR ( 'NONE', #1032, 39.37007874015748854 ) ;
#4079 = DIRECTION ( 'NONE',  ( 4.440892098500622375E-14, 0.000000000000000000, 1.000000000000000000 ) ) ;
#4080 = ORIENTED_EDGE ( 'NONE', *, *, #2121, .F. ) ;
#4081 = DIRECTION ( 'NONE',  ( 0.000000000000000000, 0.000000000000000000, 1.000000000000000000 ) ) ;
#4082 = CYLINDRICAL_SURFACE ( 'NONE', #214, 0.05905511811023480412 ) ;
#4083 = ORIENTED_EDGE ( 'NONE', *, *, #1490, .F. ) ;
#4084 = CARTESIAN_POINT ( 'NONE',  ( -67.32283464566928899, 3.578740157480315265, 4.960629921259842590 ) ) ;
#4085 = CARTESIAN_POINT ( 'NONE',  ( -63.02729266451451906, -5.905511811023622215, 4.627645478976700311 ) ) ;
#4086 = DIRECTION ( 'NONE',  ( -0.000000000000000000, -1.000000000000000000, -0.000000000000000000 ) ) ;
#4087 = CARTESIAN_POINT ( 'NONE',  ( -66.52613941716062129, -5.905511811023622215, 5.576132356031020976 ) ) ;
#4088 = DIRECTION ( 'NONE',  ( 0.9389693932908348417, 0.000000000000000000, -0.3440006954397640260 ) ) ;
#4089 = EDGE_LOOP ( 'NONE', ( #799, #824, #4725, #879, #903, #3518 ) ) ;
#4090 =( BOUNDED_CURVE ( )  B_SPLINE_CURVE ( 3, ( #3298, #722, #1416, #1094 ),
 .UNSPECIFIED., .F., .T. ) 
 B_SPLINE_CURVE_WITH_KNOTS ( ( 4, 4 ),
 ( 1.570796326795026010, 3.141592653589797557 ),
 .UNSPECIFIED. ) 
 CURVE ( )  GEOMETRIC_REPRESENTATION_ITEM ( )  RATIONAL_B_SPLINE_CURVE ( ( 1.000000000000000000, 0.8047378541243945804, 0.8047378541243945804, 1.000000000000000000 ) ) 
 REPRESENTATION_ITEM ( '' )  );
#4091 = ORIENTED_EDGE ( 'NONE', *, *, #4144, .F. ) ;
#4092 = DIRECTION ( 'NONE',  ( 0.000000000000000000, -1.000000000000000000, 0.000000000000000000 ) ) ;
#4093 = CARTESIAN_POINT ( 'NONE',  ( -63.39322505546024900, 3.394685039370079149, 5.139069716083803030 ) ) ;
#4094 = EDGE_CURVE ( 'NONE', #3514, #4714, #4096, .T. ) ;
#4095 = ORIENTED_EDGE ( 'NONE', *, *, #3725, .T. ) ;
#4096 = LINE ( 'NONE', #666, #3795 ) ;
#4097 = VERTEX_POINT ( 'NONE', #3268 ) ;
#4098 = EDGE_LOOP ( 'NONE', ( #1528, #1655, #4805, #1544, #3830, #4796 ) ) ;
#4099 = DIRECTION ( 'NONE',  ( -0.9571956710508893185, 0.000000000000000000, 0.2894416129747722777 ) ) ;
#4100 = EDGE_CURVE ( 'NONE', #732, #2082, #1564, .T. ) ;
#4101 = EDGE_CURVE ( 'NONE', #732, #1915, #1036, .T. ) ;
#4102 = APPROVAL_ROLE ( '' ) ;
#4103 = CARTESIAN_POINT ( 'NONE',  ( -61.45669291338582951, -1.803149606299212726, 3.769685039370075597 ) ) ;
#4104 = ORIENTED_EDGE ( 'NONE', *, *, #1001, .F. ) ;
#4105 = CARTESIAN_POINT ( 'NONE',  ( -63.82098822681376760, 3.519685039370079149, 4.425448902450098920 ) ) ;
#4106 = CARTESIAN_POINT ( 'NONE',  ( -61.45669291338582951, -1.803149606299212726, 3.946850393700791049 ) ) ;
#4107 = ORIENTED_EDGE ( 'NONE', *, *, #756, .F. ) ;
#4108 = CARTESIAN_POINT ( 'NONE',  ( -65.86338446296147708, -1.992125984251969850, 5.836938792014208843 ) ) ;
#4109 = CARTESIAN_POINT ( 'NONE',  ( -66.13949427091743871, 3.519685039370079149, 5.327166360359817610 ) ) ;
#4110 = FACE_OUTER_BOUND ( 'NONE', #3682, .T. ) ;
#4111 = VECTOR ( 'NONE', #650, 39.37007874015748143 ) ;
#4112 = DIRECTION ( 'NONE',  ( 0.000000000000000000, 0.000000000000000000, 1.000000000000000000 ) ) ;
#4113 = PLANE ( 'NONE',  #1949 ) ;
#4114 = CARTESIAN_POINT ( 'NONE',  ( -63.51508032308173313, -1.803149606299212948, 4.326881488480240456 ) ) ;
#4115 = ORIENTED_EDGE ( 'NONE', *, *, #238, .F. ) ;
#4116 = AXIS2_PLACEMENT_3D ( 'NONE', #2309, #3428, #1191 ) ;
#4117 = VECTOR ( 'NONE', #2633, 39.37007874015748854 ) ;
#4118 = EDGE_CURVE ( 'NONE', #561, #3976, #3744, .T. ) ;
#4119 = EDGE_LOOP ( 'NONE', ( #577, #2605, #3262, #2624 ) ) ;
#4120 = EDGE_LOOP ( 'NONE', ( #4353, #835, #4671, #1837 ) ) ;
#4121 = CARTESIAN_POINT ( 'NONE',  ( -64.85455278676201374, 3.330708661417323135, 4.813291185145926576 ) ) ;
#4122 = DIRECTION ( 'NONE',  ( 1.000000000000000000, 0.000000000000000000, 0.000000000000000000 ) ) ;
#4123 = CIRCLE ( 'NONE', #143, 0.1968503937007804738 ) ;
#4124 = AXIS2_PLACEMENT_3D ( 'NONE', #539, #2146, #983 ) ;
#4125 = DIRECTION ( 'NONE',  ( 0.000000000000000000, -1.000000000000000000, 0.000000000000000000 ) ) ;
#4126 = ORIENTED_EDGE ( 'NONE', *, *, #1989, .T. ) ;
#4127 = CARTESIAN_POINT ( 'NONE',  ( -4.145534213519995959, -2.022617031130481322E-15, -13.70945719446523192 ) ) ;
#4128 = VERTEX_POINT ( 'NONE', #1479 ) ;
#4129 = DIRECTION ( 'NONE',  ( -0.000000000000000000, 1.000000000000000000, -0.000000000000000000 ) ) ;
#4130 = PERSON_AND_ORGANIZATION ( #2024, #4204 ) ;
#4131 = DIRECTION ( 'NONE',  ( -0.000000000000000000, -1.000000000000000000, -0.000000000000000000 ) ) ;
#4132 = ORIENTED_EDGE ( 'NONE', *, *, #3212, .F. ) ;
#4133 = CARTESIAN_POINT ( 'NONE',  ( -65.24266448543166064, -1.803149606299212948, 5.786861749209239569 ) ) ;
#4134 = ORIENTED_EDGE ( 'NONE', *, *, #3423, .F. ) ;
#4135 = CARTESIAN_POINT ( 'NONE',  ( -66.09918920518569507, -1.992125984251969850, 5.826089031778224125 ) ) ;
#4136 = VECTOR ( 'NONE', #1164, 39.37007874015748854 ) ;
#4137 = EDGE_CURVE ( 'NONE', #1595, #3934, #2994, .T. ) ;
#4138 = CARTESIAN_POINT ( 'NONE',  ( -66.28086995732653008, 3.519685039370079149, 5.370740800000248782 ) ) ;
#4139 = CARTESIAN_POINT ( 'NONE',  ( -66.09918920518569507, -1.992125984251968740, 5.826089031778224125 ) ) ;
#4140 = CYLINDRICAL_SURFACE ( 'NONE', #4402, 0.3000000000000017097 ) ;
#4141 = EDGE_CURVE ( 'NONE', #2828, #2927, #1974, .T. ) ;
#4142 = DIRECTION ( 'NONE',  ( 1.748382715945145184E-14, 0.000000000000000000, -1.000000000000000000 ) ) ;
#4143 = ORIENTED_EDGE ( 'NONE', *, *, #2598, .T. ) ;
#4144 = EDGE_CURVE ( 'NONE', #3675, #853, #1887, .T. ) ;
#4145 = ORIENTED_EDGE ( 'NONE', *, *, #3991, .F. ) ;
#4146 = ORIENTED_EDGE ( 'NONE', *, *, #2076, .F. ) ;
#4147 = CARTESIAN_POINT ( 'NONE',  ( -66.82283464566930320, 3.572658764044356339, 4.969736987536080619 ) ) ;
#4148 = PLANE ( 'NONE',  #23 ) ;
#4149 = PRODUCT_RELATED_PRODUCT_CATEGORY ( 'detail', '', ( #158 ) ) ;
#4150 = CARTESIAN_POINT ( 'NONE',  ( -63.11327752984468731, -1.803149606299212726, 3.858267716535433323 ) ) ;
#4151 = ORIENTED_EDGE ( 'NONE', *, *, #1167, .F. ) ;
#4152 = PLANE ( 'NONE',  #3871 ) ;
#4153 = CARTESIAN_POINT ( 'NONE',  ( -63.68583800086365443, 0.7637795275590671951, 4.294637565278855540 ) ) ;
#4154 = DIRECTION ( 'NONE',  ( -4.440892098500696213E-14, 0.000000000000000000, 1.000000000000000000 ) ) ;
#4155 = DIRECTION ( 'NONE',  ( -0.9571956710508893185, 0.000000000000000000, 0.2894416129747722777 ) ) ;
#4156 = AXIS2_PLACEMENT_3D ( 'NONE', #937, #2119, #187 ) ;
#4157 = CARTESIAN_POINT ( 'NONE',  ( -61.96320344447453010, 3.330708661417323135, 4.953210634135290391 ) ) ;
#4158 = ORIENTED_EDGE ( 'NONE', *, *, #1933, .T. ) ;
#4159 = CARTESIAN_POINT ( 'NONE',  ( -65.86338446296147708, -1.803149606299212948, 5.836938792014208843 ) ) ;
#4160 = AXIS2_PLACEMENT_3D ( 'NONE', #115, #3914, #2043 ) ;
#4161 = CARTESIAN_POINT ( 'NONE',  ( -62.39052523158989771, -1.803149606299212948, 4.391371762555865033 ) ) ;
#4162 = EDGE_CURVE ( 'NONE', #337, #4597, #3236, .T. ) ;
#4163 = CARTESIAN_POINT ( 'NONE',  ( -66.45399795276972554, -1.992125984251968740, 5.757641626467568940 ) ) ;
#4164 = DIRECTION ( 'NONE',  ( 0.9571956710508876531, 0.000000000000000000, -0.2894416129747776623 ) ) ;
#4165 = ORIENTED_EDGE ( 'NONE', *, *, #3571, .F. ) ;
#4166 = ADVANCED_FACE ( 'NONE', ( #4573 ), #1920, .F. ) ;
#4167 = VERTEX_POINT ( 'NONE', #393 ) ;
#4168 = CARTESIAN_POINT ( 'NONE',  ( -66.81896726174495882, 3.553942566226452993, 4.996363633646378588 ) ) ;
#4169 = DIRECTION ( 'NONE',  ( -0.3440006954397640815, 0.000000000000000000, -0.9389693932908349527 ) ) ;
#4170 = EDGE_CURVE ( 'NONE', #4714, #4515, #2279, .T. ) ;
#4171 = CARTESIAN_POINT ( 'NONE',  ( -61.45669291338582951, 3.330708661417323135, 3.858267716535433323 ) ) ;
#4172 = VERTEX_POINT ( 'NONE', #3439 ) ;
#4173 = DIRECTION ( 'NONE',  ( -0.000000000000000000, 1.000000000000000000, -0.000000000000000000 ) ) ;
#4174 = DIRECTION ( 'NONE',  ( 0.000000000000000000, 0.000000000000000000, 1.000000000000000000 ) ) ;
#4175 = CARTESIAN_POINT ( 'NONE',  ( -65.23911612825777695, -1.992125984251968740, 4.973191793173985076 ) ) ;
#4176 = PERSON_AND_ORGANIZATION_ROLE ( 'classification_officer' ) ;
#4177 = CARTESIAN_POINT ( 'NONE',  ( -66.54475095209032531, -5.905511811023622215, 5.426830934313483290 ) ) ;
#4178 = CARTESIAN_POINT ( 'NONE',  ( -61.26329074247357909, -1.803149606299212726, 3.821584235422193387 ) ) ;
#4179 = CC_DESIGN_APPROVAL ( #183, ( #759 ) ) ;
#4180 = CARTESIAN_POINT ( 'NONE',  ( -63.02729266451451906, 3.519685039370079149, 4.627645478976700311 ) ) ;
#4181 = CARTESIAN_POINT ( 'NONE',  ( -66.53158802167057218, 3.519685039370079149, 5.425190076936063477 ) ) ;
#4182 = DIRECTION ( 'NONE',  ( -0.9571956710508876531, 0.000000000000000000, 0.2894416129747776067 ) ) ;
#4183 = DIRECTION ( 'NONE',  ( 0.000000000000000000, 1.000000000000000000, 0.000000000000000000 ) ) ;
#4184 = VERTEX_POINT ( 'NONE', #2320 ) ;
#4185 = VECTOR ( 'NONE', #2635, 39.37007874015748143 ) ;
#4186 = TOROIDAL_SURFACE ( 'NONE', #2108, 0.5590551181102316747, 0.05905511811023622659 ) ;
#4187 = APPLICATION_CONTEXT ( 'configuration controlled 3d designs of mechanical parts and assemblies' ) ;
#4188 = ORIENTED_EDGE ( 'NONE', *, *, #3965, .T. ) ;
#4189 = CARTESIAN_POINT ( 'NONE',  ( -61.45669291338582951, -1.992125984251968518, 3.858267716535433323 ) ) ;
#4190 = DIRECTION ( 'NONE',  ( 0.000000000000000000, 0.000000000000000000, 1.000000000000000000 ) ) ;
#4191 = AXIS2_PLACEMENT_3D ( 'NONE', #4656, #90, #4627 ) ;
#4192 = CIRCLE ( 'NONE', #1252, 0.03937007874015751446 ) ;
#4193 = ORIENTED_EDGE ( 'NONE', *, *, #2468, .F. ) ;
#4194 = CARTESIAN_POINT ( 'NONE',  ( -61.45669291338582951, -1.803149606299212726, 3.858267716535433323 ) ) ;
#4195 = ORIENTED_EDGE ( 'NONE', *, *, #1208, .T. ) ;
#4196 = ORIENTED_EDGE ( 'NONE', *, *, #1962, .T. ) ;
#4197 = DIRECTION ( 'NONE',  ( 0.000000000000000000, 0.000000000000000000, 1.000000000000000000 ) ) ;
#4198 = DIRECTION ( 'NONE',  ( 0.000000000000000000, 0.000000000000000000, 1.000000000000000000 ) ) ;
#4199 = AXIS2_PLACEMENT_3D ( 'NONE', #2403, #790, #497 ) ;
#4200 = DIRECTION ( 'NONE',  ( 1.335381365372911176E-24, 1.000000000000000000, 8.580594286263136267E-25 ) ) ;
#4201 = DIRECTION ( 'NONE',  ( 0.000000000000000000, 0.000000000000000000, -1.000000000000000000 ) ) ;
#4202 = AXIS2_PLACEMENT_3D ( 'NONE', #77, #2707, #3055 ) ;
#4203 = DIRECTION ( 'NONE',  ( 0.000000000000000000, -1.000000000000000000, 0.000000000000000000 ) ) ;
#4204 = ORGANIZATION ( 'UNSPECIFIED', 'UNSPECIFIED', '' ) ;
#4205 = CARTESIAN_POINT ( 'NONE',  ( -63.82098822681376760, 3.330708661417322247, 4.425448902450098920 ) ) ;
#4206 = DIRECTION ( 'NONE',  ( 0.6126447955903444598, 0.000000000000000000, -0.7903583708901077420 ) ) ;
#4207 = CARTESIAN_POINT ( 'NONE',  ( -66.54475095209032531, -1.803149606299212948, 5.426830934313483290 ) ) ;
#4208 = ORIENTED_EDGE ( 'NONE', *, *, #2659, .T. ) ;
#4209 = B_SPLINE_CURVE_WITH_KNOTS ( 'NONE', 3,
 ( #2715, #1940, #4232, #3089, #4677, #3163, #2342, #464, #3113, #527, #3885, #2414, #3510, #3487, #4621, #1221, #489, #2036, #3562, #1277 ),
 .UNSPECIFIED., .F., .F.,
 ( 4, 2, 2, 2, 2, 2, 2, 2, 2, 4 ),
 ( 0.5276984323891458217, 0.5312499999999787947, 0.5624999999999786837, 0.6249999999999787947, 0.6874999999999787947, 0.7499999999999789058, 0.7812499999999814593, 0.8124999999999839018, 0.8437499999999864553, 0.8529443094618559540 ),
 .UNSPECIFIED. ) ;
#4210 = ORIENTED_EDGE ( 'NONE', *, *, #968, .T. ) ;
#4211 = CARTESIAN_POINT ( 'NONE',  ( -63.51508032308173313, -1.992125984251968740, 4.326881488480240456 ) ) ;
#4212 = CARTESIAN_POINT ( 'NONE',  ( -65.67965287061714719, -1.992125984251968740, 5.156088692845471222 ) ) ;
#4213 = ORIENTED_EDGE ( 'NONE', *, *, #2696, .F. ) ;
#4214 = CYLINDRICAL_SURFACE ( 'NONE', #389, 0.03937007874015314296 ) ;
#4215 = EDGE_LOOP ( 'NONE', ( #2697, #3758, #3416, #4488, #1321, #3961, #1150, #414, #2233, #4825, #1323, #4823, #2237, #3438, #3367, #1895 ) ) ;
#4216 = ORIENTED_EDGE ( 'NONE', *, *, #355, .F. ) ;
#4217 = DIRECTION ( 'NONE',  ( 2.290736248633322007E-23, -1.000000000000000000, -8.392338112716951761E-24 ) ) ;
#4218 = CARTESIAN_POINT ( 'NONE',  ( -64.65774314119764199, 3.330708661417323135, 5.644151696217084790 ) ) ;
#4219 = EDGE_CURVE ( 'NONE', #4737, #2600, #4123, .T. ) ;
#4220 = DIRECTION ( 'NONE',  ( -0.000000000000000000, 1.000000000000000000, -0.000000000000000000 ) ) ;
#4221 = VERTEX_POINT ( 'NONE', #1548 ) ;
#4222 = FACE_BOUND ( 'NONE', #4098, .T. ) ;
#4223 = CYLINDRICAL_SURFACE ( 'NONE', #3467, 0.4999999999999952260 ) ;
#4224 =( NAMED_UNIT ( * ) SI_UNIT ( $, .STERADIAN. ) SOLID_ANGLE_UNIT ( ) );
#4225 = DIRECTION ( 'NONE',  ( -0.2894416129747776623, -1.387778780781445676E-16, -0.9571956710508877642 ) ) ;
#4226 = CYLINDRICAL_SURFACE ( 'NONE', #4116, 0.03937007874015751446 ) ;
#4227 = CYLINDRICAL_SURFACE ( 'NONE', #2128, 0.1968503937007843041 ) ;
#4228 = CARTESIAN_POINT ( 'NONE',  ( -63.37968172099412101, 3.394685039370079149, 5.176037015032267874 ) ) ;
#4229 = ORIENTED_EDGE ( 'NONE', *, *, #2364, .F. ) ;
#4230 = CARTESIAN_POINT ( 'NONE',  ( -63.51508032308173313, 3.519685039370079149, 4.326881488480240456 ) ) ;
#4231 = VERTEX_POINT ( 'NONE', #2745 ) ;
#4232 = CARTESIAN_POINT ( 'NONE',  ( -64.95703519139645721, -1.803149606299212948, 4.855481759916469464 ) ) ;
#4233 = CARTESIAN_POINT ( 'NONE',  ( -66.18730809618213584, -1.803149606299210728, 5.342652403287790897 ) ) ;
#4234 = ORIENTED_EDGE ( 'NONE', *, *, #4170, .F. ) ;
#4235 = ORIENTED_EDGE ( 'NONE', *, *, #93, .F. ) ;
#4236 = DIRECTION ( 'NONE',  ( -0.000000000000000000, -1.000000000000000000, 0.000000000000000000 ) ) ;
#4237 = ORIENTED_EDGE ( 'NONE', *, *, #719, .F. ) ;
#4238 = ORIENTED_EDGE ( 'NONE', *, *, #3915, .F. ) ;
#4239 = CARTESIAN_POINT ( 'NONE',  ( -66.01183255283022788, 3.271653543307087020, 5.063792465517493291 ) ) ;
#4240 = CARTESIAN_POINT ( 'NONE',  ( -66.51608366496063240, 3.519685039370080037, 5.739399976462006059 ) ) ;
#4241 = ADVANCED_FACE ( 'NONE', ( #1899 ), #2208, .F. ) ;
#4242 = DIRECTION ( 'NONE',  ( -0.9571956710508875421, 0.000000000000000000, 0.2894416129747776067 ) ) ;
#4243 = ADVANCED_FACE ( 'NONE', ( #805 ), #4214, .F. ) ;
#4244 = CARTESIAN_POINT ( 'NONE',  ( -66.45399795276968291, 3.519685039370079149, 5.757641626467577822 ) ) ;
#4245 = CARTESIAN_POINT ( 'NONE',  ( -66.43833520780960100, 3.284982657994366839, 5.126951433155348070 ) ) ;
#4246 = MECHANICAL_CONTEXT ( 'NONE', #1571, 'mechanical' ) ;
#4247 = DIRECTION ( 'NONE',  ( 0.9571956710508841004, 0.000000000000000000, -0.2894416129747888200 ) ) ;
#4248 = DIRECTION ( 'NONE',  ( 0.5405792589364626366, 0.000000000000000000, -0.8412930909069115115 ) ) ;
#4249 = CARTESIAN_POINT ( 'NONE',  ( -66.52613941716062129, 3.330708661417323135, 5.576132356031020976 ) ) ;
#4250 = ORIENTED_EDGE ( 'NONE', *, *, #3098, .T. ) ;
#4251 = CARTESIAN_POINT ( 'NONE',  ( -66.43742062891458033, -1.780515856266687180, 5.192483915897176061 ) ) ;
#4252 = EDGE_LOOP ( 'NONE', ( #2040, #833, #1985, #4250 ) ) ;
#4253 = DIRECTION ( 'NONE',  ( 0.9929147266346842748, 0.000000000000000000, -0.1188290605532585781 ) ) ;
#4254 = CARTESIAN_POINT ( 'NONE',  ( -65.89062420043750024, -1.992125984251968740, 5.238806934920885006 ) ) ;
#4255 = CIRCLE ( 'NONE', #612, 0.3937007874015723830 ) ;
#4256 = ORIENTED_EDGE ( 'NONE', *, *, #396, .F. ) ;
#4257 = ORIENTED_EDGE ( 'NONE', *, *, #116, .F. ) ;
#4258 = CARTESIAN_POINT ( 'NONE',  ( -64.92961420001735462, 3.394685039370079149, 4.886751997397633218 ) ) ;
#4259 = CARTESIAN_POINT ( 'NONE',  ( -64.89930391185124847, 3.519685039370080037, 5.716281199457174722 ) ) ;
#4260 = VECTOR ( 'NONE', #4336, 39.37007874015748854 ) ;
#4261 = CIRCLE ( 'NONE', #2513, 0.08858267716535768443 ) ;
#4262 = CIRCLE ( 'NONE', #4411, 0.08858267716535768443 ) ;
#4263 = CARTESIAN_POINT ( 'NONE',  ( -65.24266448543163222, -1.992125984251969184, 5.786861749209236017 ) ) ;
#4264 = PLANE ( 'NONE',  #2953 ) ;
#4265 = CARTESIAN_POINT ( 'NONE',  ( -64.29674262701506393, 0.4293236717580016237, 4.479365960647471390 ) ) ;
#4266 = DATE_AND_TIME ( #2754, #2047 ) ;
#4267 = VECTOR ( 'NONE', #4131, 39.37007874015748143 ) ;
#4268 = DIRECTION ( 'NONE',  ( 0.2894416129747779398, 0.000000000000000000, 0.9571956710508876531 ) ) ;
#4269 = CARTESIAN_POINT ( 'NONE',  ( -66.03006509537982538, 3.271653543307087020, 5.003496675215076017 ) ) ;
#4270 = CARTESIAN_POINT ( 'NONE',  ( 0.000000000000000000, -1.992125984251968518, 0.000000000000000000 ) ) ;
#4271 = CARTESIAN_POINT ( 'NONE',  ( -65.37504207357541475, -1.803149606299212726, 5.652792248510143835 ) ) ;
#4272 = VERTEX_POINT ( 'NONE', #3415 ) ;
#4273 = EDGE_CURVE ( 'NONE', #1374, #1304, #1156, .T. ) ;
#4274 = CARTESIAN_POINT ( 'NONE',  ( -64.35118467964682054, -1.992125984251968740, 4.616190786736179774 ) ) ;
#4275 = ORIENTED_EDGE ( 'NONE', *, *, #4870, .T. ) ;
#4276 = ORIENTED_EDGE ( 'NONE', *, *, #2540, .T. ) ;
#4277 = CARTESIAN_POINT ( 'NONE',  ( -65.37504207357540054, 3.519685039370079149, 5.652792248510143835 ) ) ;
#4278 = PLANE ( 'NONE',  #4537 ) ;
#4279 = EDGE_CURVE ( 'NONE', #4701, #4303, #2698, .T. ) ;
#4280 = ORIENTED_EDGE ( 'NONE', *, *, #4162, .T. ) ;
#4281 = CARTESIAN_POINT ( 'NONE',  ( -63.02729266451451906, -5.905511811023622215, 4.627645478976700311 ) ) ;
#4282 = ORIENTED_EDGE ( 'NONE', *, *, #4448, .T. ) ;
#4283 = DIRECTION ( 'NONE',  ( 0.9571956710508876531, 0.000000000000000000, -0.2894416129747776623 ) ) ;
#4284 = DIRECTION ( 'NONE',  ( 0.000000000000000000, 0.000000000000000000, 1.000000000000000000 ) ) ;
#4285 = CARTESIAN_POINT ( 'NONE',  ( -66.81896764859007476, -2.026384561991868782, 4.996362159728686692 ) ) ;
#4286 = ORIENTED_EDGE ( 'NONE', *, *, #3543, .T. ) ;
#4287 = CARTESIAN_POINT ( 'NONE',  ( -66.77220858830405348, 3.519685039370079149, 5.057343777742004498 ) ) ;
#4288 = FACE_OUTER_BOUND ( 'NONE', #798, .T. ) ;
#4289 = LENGTH_MEASURE_WITH_UNIT ( LENGTH_MEASURE( 0.02539999999999999897 ), #4582 );
#4290 = CARTESIAN_POINT ( 'NONE',  ( -62.12598425196851082, -1.992125984251968518, 4.842519685039370358 ) ) ;
#4291 = CARTESIAN_POINT ( 'NONE',  ( -67.49041520736585653, 3.521301601051886276, 5.477904808403663672 ) ) ;
#4292 = DIRECTION ( 'NONE',  ( -0.9585427335935056137, 0.000000000000000000, -0.2849488162373894351 ) ) ;
#4293 = DIRECTION ( 'NONE',  ( -0.000000000000000000, 1.000000000000000000, -0.000000000000000000 ) ) ;
#4294 = EDGE_CURVE ( 'NONE', #4303, #1698, #777, .T. ) ;
#4295 = ORIENTED_EDGE ( 'NONE', *, *, #53, .F. ) ;
#4296 = CARTESIAN_POINT ( 'NONE',  ( -66.54475095209032531, -5.905511811023622215, 5.426830934313483290 ) ) ;
#4297 = CARTESIAN_POINT ( 'NONE',  ( -66.50014980931686637, -1.744094488188981051, 5.145643241431099746 ) ) ;
#4298 = CARTESIAN_POINT ( 'NONE',  ( -62.20419012182923524, 3.330708661417323135, 3.974114481908603835 ) ) ;
#4299 = DIRECTION ( 'NONE',  ( 0.000000000000000000, -1.000000000000000000, 0.000000000000000000 ) ) ;
#4300 = EDGE_CURVE ( 'NONE', #3780, #469, #1494, .T. ) ;
#4301 = CIRCLE ( 'NONE', #259, 0.1968503937007788362 ) ;
#4302 = EDGE_LOOP ( 'NONE', ( #2053, #3719, #4848, #688 ) ) ;
#4303 = VERTEX_POINT ( 'NONE', #786 ) ;
#4304 = ORIENTED_EDGE ( 'NONE', *, *, #3480, .F. ) ;
#4305 = CARTESIAN_POINT ( 'NONE',  ( -66.51608366495102587, -1.803149606299212948, 5.739399976464828690 ) ) ;
#4306 = CARTESIAN_POINT ( 'NONE',  ( -65.24071465317895502, 3.519685039370080037, 5.788356083209516889 ) ) ;
#4307 = EDGE_CURVE ( 'NONE', #3987, #880, #4734, .T. ) ;
#4308 = CARTESIAN_POINT ( 'NONE',  ( -63.12142759347489829, -1.803149606299212948, 4.219017299229278706 ) ) ;
#4309 = CARTESIAN_POINT ( 'NONE',  ( -6.539709911713398327, -1.992125984251968518, 21.99900844809932465 ) ) ;
#4310 = APPROVAL_ROLE ( '' ) ;
#4311 = AXIS2_PLACEMENT_3D ( 'NONE', #648, #1411, #3943 ) ;
#4312 = CARTESIAN_POINT ( 'NONE',  ( -67.51444810986070877, 3.526767017924091974, 5.455109021378935275 ) ) ;
#4313 = DIRECTION ( 'NONE',  ( 0.8412930909069115115, -1.587296246464326104E-24, 0.5405792589364626366 ) ) ;
#4314 = CARTESIAN_POINT ( 'NONE',  ( -64.89649242478481028, -1.803149606299212726, 4.908034645387271411 ) ) ;
#4315 = ORIENTED_EDGE ( 'NONE', *, *, #1271, .T. ) ;
#4316 = EDGE_CURVE ( 'NONE', #2116, #2960, #2682, .T. ) ;
#4317 = LINE ( 'NONE', #129, #3788 ) ;
#4318 = CARTESIAN_POINT ( 'NONE',  ( -65.99980188727423069, -1.707673120111281584, 5.060154572713544852 ) ) ;
#4319 = DIRECTION ( 'NONE',  ( 0.2894416129747776623, 1.387778780781445676E-16, 0.9571956710508877642 ) ) ;
#4320 = CARTESIAN_POINT ( 'NONE',  ( -64.89930391185124847, 3.330708661417323135, 5.716281199457174722 ) ) ;
#4321 = ORIENTED_EDGE ( 'NONE', *, *, #900, .T. ) ;
#4322 = VERTEX_POINT ( 'NONE', #3390 ) ;
#4323 = CARTESIAN_POINT ( 'NONE',  ( -62.12598425196851082, -1.803149606299212726, 4.842519685039370358 ) ) ;
#4324 = PLANE ( 'NONE',  #2866 ) ;
#4325 = ADVANCED_FACE ( 'NONE', ( #3019 ), #1991, .F. ) ;
#4326 = FACE_OUTER_BOUND ( 'NONE', #350, .T. ) ;
#4327 = AXIS2_PLACEMENT_3D ( 'NONE', #2608, #375, #4885 ) ;
#4328 = ADVANCED_FACE ( 'NONE', ( #4700 ), #4653, .T. ) ;
#4329 = AXIS2_PLACEMENT_3D ( 'NONE', #3312, #230, #282 ) ;
#4330 = DATE_AND_TIME ( #3220, #4800 ) ;
#4331 = AXIS2_PLACEMENT_3D ( 'NONE', #2183, #4024, #4081 ) ;
#4332 = CYLINDRICAL_SURFACE ( 'NONE', #3687, 0.08858267716535768443 ) ;
#4333 = DIRECTION ( 'NONE',  ( 0.000000000000000000, 0.000000000000000000, 1.000000000000000000 ) ) ;
#4334 = CARTESIAN_POINT ( 'NONE',  ( 0.000000000000000000, 3.330708661417323135, 0.000000000000000000 ) ) ;
#4335 = CIRCLE ( 'NONE', #1014, 0.3937007874015723830 ) ;
#4336 = DIRECTION ( 'NONE',  ( -0.9929147266346842748, 0.000000000000000000, 0.1188290605532586197 ) ) ;
#4337 = PRODUCT_DEFINITION ( 'UNKNOWN', '', #759, #2430 ) ;
#4338 = ORIENTED_EDGE ( 'NONE', *, *, #635, .F. ) ;
#4339 = VECTOR ( 'NONE', #2813, 39.37007874015748854 ) ;
#4340 = PLANE ( 'NONE',  #699 ) ;
#4341 = DIRECTION ( 'NONE',  ( 0.000000000000000000, 0.000000000000000000, 1.000000000000000000 ) ) ;
#4342 = CARTESIAN_POINT ( 'NONE',  ( -61.45669291338582951, -1.992125984251968518, 3.946850393700791049 ) ) ;
#4343 = DIRECTION ( 'NONE',  ( 2.290736248633313191E-23, -1.000000000000000000, -8.392338112716923843E-24 ) ) ;
#4344 = ORIENTED_EDGE ( 'NONE', *, *, #3873, .F. ) ;
#4345 = AXIS2_PLACEMENT_3D ( 'NONE', #3828, #1541, #435 ) ;
#4346 = ORIENTED_EDGE ( 'NONE', *, *, #1272, .T. ) ;
#4347 = DIRECTION ( 'NONE',  ( -0.000000000000000000, -1.000000000000000000, -0.000000000000000000 ) ) ;
#4348 = LINE ( 'NONE', #4395, #4773 ) ;
#4349 = EDGE_CURVE ( 'NONE', #4184, #959, #1722, .T. ) ;
#4350 = VECTOR ( 'NONE', #1653, 39.37007874015748143 ) ;
#4351 = ADVANCED_FACE ( 'NONE', ( #2102 ), #4763, .F. ) ;
#4352 = CARTESIAN_POINT ( 'NONE',  ( -63.58754667120697235, -1.803149606299212948, 4.349580514064588677 ) ) ;
#4353 = ORIENTED_EDGE ( 'NONE', *, *, #1989, .F. ) ;
#4354 = EDGE_CURVE ( 'NONE', #4397, #1939, #2680, .T. ) ;
#4355 = PERSON_AND_ORGANIZATION_ROLE ( 'creator' ) ;
#4356 = CARTESIAN_POINT ( 'NONE',  ( -63.98248225321485450, 1.006588648077125114, 4.384338337521132445 ) ) ;
#4357 = CARTESIAN_POINT ( 'NONE',  ( -67.56150314633772780, 3.304249394147711794, 5.410702849515567792 ) ) ;
#4358 = DIRECTION ( 'NONE',  ( 0.000000000000000000, -0.000000000000000000, 1.000000000000000000 ) ) ;
#4359 = DIRECTION ( 'NONE',  ( -0.000000000000000000, 1.000000000000000000, -0.000000000000000000 ) ) ;
#4360 = ORIENTED_EDGE ( 'NONE', *, *, #258, .T. ) ;
#4361 = DIRECTION ( 'NONE',  ( 0.9571956710508875421, -6.162975822039154730E-33, -0.2894416129747776067 ) ) ;
#4362 = DIRECTION ( 'NONE',  ( 0.000000000000000000, 0.000000000000000000, 1.000000000000000000 ) ) ;
#4363 = CYLINDRICAL_SURFACE ( 'NONE', #4674, 0.08858267716535768443 ) ;
#4364 = ORIENTED_EDGE ( 'NONE', *, *, #1867, .F. ) ;
#4365 = FACE_OUTER_BOUND ( 'NONE', #1549, .T. ) ;
#4366 = DIRECTION ( 'NONE',  ( -0.6126447955903444598, 0.000000000000000000, 0.7903583708901077420 ) ) ;
#4367 = ORIENTED_EDGE ( 'NONE', *, *, #3166, .T. ) ;
#4368 = CIRCLE ( 'NONE', #4160, 0.1968503937007843041 ) ;
#4369 = ORIENTED_EDGE ( 'NONE', *, *, #2690, .T. ) ;
#4370 = ORIENTED_EDGE ( 'NONE', *, *, #695, .F. ) ;
#4371 = CARTESIAN_POINT ( 'NONE',  ( -66.51849118917050419, 3.330708661417323135, 5.423325687096277825 ) ) ;
#4372 = DIRECTION ( 'NONE',  ( 0.9389693932908348417, 0.000000000000000000, -0.3440006954397640260 ) ) ;
#4373 = CARTESIAN_POINT ( 'NONE',  ( -64.35118467964682054, -1.992125984251968740, 4.616190786736182439 ) ) ;
#4374 = ORIENTED_EDGE ( 'NONE', *, *, #4747, .T. ) ;
#4375 = CARTESIAN_POINT ( 'NONE',  ( -62.68017953675650489, 3.330708661417326688, 4.081905876995839400 ) ) ;
#4376 = EDGE_CURVE ( 'NONE', #552, #1181, #3314, .T. ) ;
#4377 = CALENDAR_DATE ( 2026, 16, 9 ) ;
#4378 = CARTESIAN_POINT ( 'NONE',  ( -5.828236685570407971, -1.803149606299212726, -15.90850232907071593 ) ) ;
#4379 = CARTESIAN_POINT ( 'NONE',  ( -63.38200659812807203, 3.394685039370079149, 5.101331813186417818 ) ) ;
#4380 = DIRECTION ( 'NONE',  ( -0.6126447955903444598, 0.000000000000000000, 0.7903583708901077420 ) ) ;
#4381 = DIRECTION ( 'NONE',  ( 0.000000000000000000, 0.000000000000000000, 1.000000000000000000 ) ) ;
#4382 = ORIENTED_EDGE ( 'NONE', *, *, #962, .F. ) ;
#4383 = CARTESIAN_POINT ( 'NONE',  ( -64.72966070175557718, 0.5209704070406770970, 4.610273892670671003 ) ) ;
#4384 = CARTESIAN_POINT ( 'NONE',  ( -61.54517819718295613, 3.519685039370079149, 3.924246121618927052 ) ) ;
#4385 = DIRECTION ( 'NONE',  ( -0.2894416129747778843, 0.000000000000000000, -0.9571956710508876531 ) ) ;
#4386 = CARTESIAN_POINT ( 'NONE',  ( -6.506054539716736862, 3.519685039370079149, 21.88579473940702869 ) ) ;
#4387 = CARTESIAN_POINT ( 'NONE',  ( -62.68207785959046419, 3.271653543307087020, 3.991115554976680357 ) ) ;
#4388 = EDGE_LOOP ( 'NONE', ( #367, #723, #698, #2786 ) ) ;
#4389 = AXIS2_PLACEMENT_3D ( 'NONE', #2243, #1473, #4088 ) ;
#4390 = ORIENTED_EDGE ( 'NONE', *, *, #2658, .T. ) ;
#4391 = EDGE_LOOP ( 'NONE', ( #3434, #4623 ) ) ;
#4392 = LINE ( 'NONE', #954, #4028 ) ;
#4393 = EDGE_CURVE ( 'NONE', #2639, #2345, #1701, .T. ) ;
#4394 = LOCAL_TIME ( 12, 14, 36.00000000000000000, #1409 ) ;
#4395 = CARTESIAN_POINT ( 'NONE',  ( -65.28215887015862506, 3.394685039370079149, 5.726728194560452678 ) ) ;
#4396 = CARTESIAN_POINT ( 'NONE',  ( -63.12142759347489829, -1.992125984251968740, 4.219017299229278706 ) ) ;
#4397 = VERTEX_POINT ( 'NONE', #1445 ) ;
#4398 = CYLINDRICAL_SURFACE ( 'NONE', #4898, 0.1504569830859232848 ) ;
#4399 = EDGE_LOOP ( 'NONE', ( #1052, #2934, #4891, #1936 ) ) ;
#4400 = B_SPLINE_CURVE_WITH_KNOTS ( 'NONE', 3,
 ( #3136, #58, #3115, #134, #4622, #2316, #1568, #877, #4593, #1610, #1197, #4650 ),
 .UNSPECIFIED., .F., .F.,
 ( 4, 2, 2, 2, 2, 4 ),
 ( 0.7091791766960049426, 0.7500000000000189848, 0.8750000000000175415, 0.9375000000000170974, 0.9687500000000085487, 1.000000000000000000 ),
 .UNSPECIFIED. ) ;
#4401 = DIRECTION ( 'NONE',  ( 1.335381365372911727E-24, 1.000000000000000000, 8.580594286263141777E-25 ) ) ;
#4402 = AXIS2_PLACEMENT_3D ( 'NONE', #6, #4183, #3379 ) ;
#4403 = PERSON_AND_ORGANIZATION ( #2024, #4204 ) ;
#4404 = AXIS2_PLACEMENT_3D ( 'NONE', #3399, #1, #1516 ) ;
#4405 = CARTESIAN_POINT ( 'NONE',  ( -64.29674262701504972, 0.4293236717579885231, 4.479365960647474942 ) ) ;
#4406 = DIRECTION ( 'NONE',  ( -0.000000000000000000, 1.000000000000000000, -0.000000000000000000 ) ) ;
#4407 = DIRECTION ( 'NONE',  ( 0.000000000000000000, 1.000000000000000000, -0.000000000000000000 ) ) ;
#4408 = DIRECTION ( 'NONE',  ( 0.000000000000000000, 1.000000000000000000, -0.000000000000000000 ) ) ;
#4409 = CIRCLE ( 'NONE', #2287, 0.4999999999999952260 ) ;
#4410 = ORIENTED_EDGE ( 'NONE', *, *, #2658, .F. ) ;
#4411 = AXIS2_PLACEMENT_3D ( 'NONE', #3703, #1317, #675 ) ;
#4412 = UNCERTAINTY_MEASURE_WITH_UNIT (LENGTH_MEASURE( 1.000000000000000082E-05 ), #4608, 'distance_accuracy_value', 'NONE');
#4413 = VECTOR ( 'NONE', #4092, 39.37007874015748143 ) ;
#4414 = VECTOR ( 'NONE', #2545, 39.37007874015748143 ) ;
#4415 = CARTESIAN_POINT ( 'NONE',  ( -67.32283464566928899, 5.905511811023622215, 4.960629921259842590 ) ) ;
#4416 = DIRECTION ( 'NONE',  ( 0.000000000000000000, 0.000000000000000000, -1.000000000000000000 ) ) ;
#4417 = LINE ( 'NONE', #43, #3610 ) ;
#4418 = DIRECTION ( 'NONE',  ( -0.000000000000000000, 1.000000000000000000, -0.000000000000000000 ) ) ;
#4419 = EDGE_CURVE ( 'NONE', #2862, #2244, #1963, .T. ) ;
#4420 = EDGE_CURVE ( 'NONE', #3173, #1281, #248, .T. ) ;
#4421 = CARTESIAN_POINT ( 'NONE',  ( -63.32297718505464701, -1.803149606299212948, 4.269924451661772480 ) ) ;
#4422 = EDGE_CURVE ( 'NONE', #3660, #1029, #2436, .T. ) ;
#4423 = ORIENTED_EDGE ( 'NONE', *, *, #2172, .F. ) ;
#4424 =( BOUNDED_CURVE ( )  B_SPLINE_CURVE ( 3, ( #1189, #2705, #4245, #3870 ),
 .UNSPECIFIED., .F., .F. ) 
 B_SPLINE_CURVE_WITH_KNOTS ( ( 4, 4 ),
 ( 0.9062079514441362393, 1.570796326794671405 ),
 .UNSPECIFIED. ) 
 CURVE ( )  GEOMETRIC_REPRESENTATION_ITEM ( )  RATIONAL_B_SPLINE_CURVE ( ( 1.000000000000000000, 0.9635309593391055971, 0.9635309593391055971, 1.000000000000000000 ) ) 
 REPRESENTATION_ITEM ( '' )  );
#4425 = CIRCLE ( 'NONE', #308, 0.07874015748031611139 ) ;
#4426 = EDGE_CURVE ( 'NONE', #3397, #3976, #1716, .T. ) ;
#4427 = EDGE_LOOP ( 'NONE', ( #2167, #511, #2722, #1346, #1269, #3286, #4282, #4193 ) ) ;
#4428 = AXIS2_PLACEMENT_3D ( 'NONE', #821, #3827, #1581 ) ;
#4429 = ORIENTED_EDGE ( 'NONE', *, *, #4100, .T. ) ;
#4430 = CARTESIAN_POINT ( 'NONE',  ( -4.110208662330160578, -1.744094488188976388, -13.59263410075429590 ) ) ;
#4431 = EDGE_CURVE ( 'NONE', #2495, #2843, #4445, .T. ) ;
#4432 = DIRECTION ( 'NONE',  ( -0.000000000000000000, 1.000000000000000000, -0.000000000000000000 ) ) ;
#4433 = CARTESIAN_POINT ( 'NONE',  ( -61.30807068591592923, 3.330708661417323135, 4.108039560296035120 ) ) ;
#4434 = ORIENTED_EDGE ( 'NONE', *, *, #4761, .F. ) ;
#4435 = DIRECTION ( 'NONE',  ( 0.000000000000000000, 0.000000000000000000, 1.000000000000000000 ) ) ;
#4436 = CARTESIAN_POINT ( 'NONE',  ( -67.54989661758665420, -1.782483308417838197, 5.421584528039096185 ) ) ;
#4437 = VECTOR ( 'NONE', #2280, 39.37007874015748854 ) ;
#4438 = CARTESIAN_POINT ( 'NONE',  ( -61.45669291338582951, -1.992125984251968518, 3.858267716535433323 ) ) ;
#4439 = CARTESIAN_POINT ( 'NONE',  ( -65.99280450103626094, 3.519685039370079149, 5.277067812005676650 ) ) ;
#4440 = LINE ( 'NONE', #1728, #2509 ) ;
#4441 = CARTESIAN_POINT ( 'NONE',  ( -4.127301670970403791, 3.271653543307087020, -13.64916140416281287 ) ) ;
#4442 = ORIENTED_EDGE ( 'NONE', *, *, #3483, .T. ) ;
#4443 = DIRECTION ( 'NONE',  ( -0.9389693932908348417, 0.000000000000000000, 0.3440006954397640260 ) ) ;
#4444 = EDGE_CURVE ( 'NONE', #3195, #1299, #4741, .T. ) ;
#4445 = LINE ( 'NONE', #996, #2365 ) ;
#4446 = LINE ( 'NONE', #4552, #2812 ) ;
#4447 = DIRECTION ( 'NONE',  ( 0.000000000000000000, 0.000000000000000000, 1.000000000000000000 ) ) ;
#4448 = EDGE_CURVE ( 'NONE', #357, #4322, #3406, .T. ) ;
#4449 = DIRECTION ( 'NONE',  ( 0.000000000000000000, 0.000000000000000000, 1.000000000000000000 ) ) ;
#4450 = EDGE_LOOP ( 'NONE', ( #2737, #667, #4344, #281 ) ) ;
#4451 = ADVANCED_FACE ( 'NONE', ( #4110 ), #4363, .F. ) ;
#4452 = ORIENTED_EDGE ( 'NONE', *, *, #3547, .F. ) ;
#4453 = CARTESIAN_POINT ( 'NONE',  ( -65.28215887015863927, 3.519685039370079149, 5.726728194560470442 ) ) ;
#4454 = CARTESIAN_POINT ( 'NONE',  ( -66.01803442982398451, 3.235232175229385110, 4.999858782411176428 ) ) ;
#4455 = LINE ( 'NONE', #1059, #4666 ) ;
#4456 = ORIENTED_EDGE ( 'NONE', *, *, #4307, .F. ) ;
#4457 = CARTESIAN_POINT ( 'NONE',  ( -67.46585964989849060, 3.330708661417323135, 5.501080171745937442 ) ) ;
#4458 = VERTEX_POINT ( 'NONE', #2479 ) ;
#4459 = ORIENTED_EDGE ( 'NONE', *, *, #491, .F. ) ;
#4460 = CARTESIAN_POINT ( 'NONE',  ( -65.70625982590097180, 3.457185039370079593, 5.439965768613896913 ) ) ;
#4461 = VECTOR ( 'NONE', #2405, 39.37007874015748854 ) ;
#4462 = DIRECTION ( 'NONE',  ( -0.000000000000000000, 1.000000000000000000, -0.000000000000000000 ) ) ;
#4463 = ORIENTED_EDGE ( 'NONE', *, *, #1140, .T. ) ;
#4464 = CARTESIAN_POINT ( 'NONE',  ( -64.35118467964682054, 3.519685039370079149, 4.616190786736179774 ) ) ;
#4465 = CARTESIAN_POINT ( 'NONE',  ( -64.69406355222159277, -1.803149606299212948, 5.656388610341218204 ) ) ;
#4466 = ORIENTED_EDGE ( 'NONE', *, *, #3357, .F. ) ;
#4467 = EDGE_CURVE ( 'NONE', #2699, #1864, #3630, .T. ) ;
#4468 = CARTESIAN_POINT ( 'NONE',  ( -63.32585204374033339, 3.269811023622047674, 3.883707997665515332 ) ) ;
#4469 = CARTESIAN_POINT ( 'NONE',  ( -65.35063841097664294, 3.519685039370079149, 5.020180295402875359 ) ) ;
#4470 = CARTESIAN_POINT ( 'NONE',  ( -66.81896764859010318, 3.296450083677442411, 4.996362159728669816 ) ) ;
#4471 = CYLINDRICAL_SURFACE ( 'NONE', #3269, 0.3937007874015751585 ) ;
#4472 = DIRECTION ( 'NONE',  ( 0.9571956710508875421, -6.162975822039154730E-33, -0.2894416129747776067 ) ) ;
#4473 = PLANE ( 'NONE',  #4629 ) ;
#4474 = ORIENTED_EDGE ( 'NONE', *, *, #1845, .F. ) ;
#4475 = ADVANCED_FACE ( 'NONE', ( #4003 ), #600, .F. ) ;
#4476 = VERTEX_POINT ( 'NONE', #275 ) ;
#4477 = LINE ( 'NONE', #1525, #1883 ) ;
#4478 = LINE ( 'NONE', #362, #3356 ) ;
#4479 = DIRECTION ( 'NONE',  ( -6.617444900424221399E-24, 1.000000000000000000, 1.323488980084844133E-23 ) ) ;
#4480 = ORIENTED_EDGE ( 'NONE', *, *, #1799, .T. ) ;
#4481 = CARTESIAN_POINT ( 'NONE',  ( -67.32283464566928899, 0.000000000000000000, 4.960629921259842590 ) ) ;
#4482 = CARTESIAN_POINT ( 'NONE',  ( -64.33783893493546202, 1.146797207463417401, 4.557601905398269260 ) ) ;
#4483 = ADVANCED_FACE ( 'NONE', ( #3302 ), #2655, .T. ) ;
#4484 = ADVANCED_FACE ( 'NONE', ( #2218 ), #2634, .T. ) ;
#4485 = LINE ( 'NONE', #1439, #782 ) ;
#4486 = DIRECTION ( 'NONE',  ( -0.000000000000000000, 1.000000000000000000, -0.000000000000000000 ) ) ;
#4487 = EDGE_CURVE ( 'NONE', #128, #119, #1185, .T. ) ;
#4488 = ORIENTED_EDGE ( 'NONE', *, *, #2554, .T. ) ;
#4489 = CARTESIAN_POINT ( 'NONE',  ( -62.66384531704133565, -1.744094488188976388, 4.051411345279239740 ) ) ;
#4490 = CARTESIAN_POINT ( 'NONE',  ( -66.54475095209032531, 3.330708661417322247, 5.426830934313483290 ) ) ;
#4491 = DIRECTION ( 'NONE',  ( -0.000000000000000000, 1.000000000000000000, -0.000000000000000000 ) ) ;
#4492 = VECTOR ( 'NONE', #436, 39.37007874015748143 ) ;
#4493 = CARTESIAN_POINT ( 'NONE',  ( -6.539709911713398327, -3.621238344103700602, 21.99900844809932465 ) ) ;
#4494 = CARTESIAN_POINT ( 'NONE',  ( -66.54475095209032531, -1.992125984251968518, 5.426830934313481514 ) ) ;
#4495 = ORIENTED_EDGE ( 'NONE', *, *, #2325, .T. ) ;
#4496 = VECTOR ( 'NONE', #4347, 39.37007874015748143 ) ;
#4497 = CIRCLE ( 'NONE', #1254, 0.3937007874015723830 ) ;
#4498 = ORIENTED_EDGE ( 'NONE', *, *, #4838, .T. ) ;
#4499 = EDGE_LOOP ( 'NONE', ( #1871, #1436, #2455, #374 ) ) ;
#4500 = CARTESIAN_POINT ( 'NONE',  ( -65.35063841097664294, 3.330708661417323135, 5.020180295402875359 ) ) ;
#4501 = CARTESIAN_POINT ( 'NONE',  ( -64.95703519139635773, -1.803149606299210728, 4.855481759916427720 ) ) ;
#4502 = AXIS2_PLACEMENT_3D ( 'NONE', #1783, #4736, #2558 ) ;
#4503 = VECTOR ( 'NONE', #4242, 39.37007874015748143 ) ;
#4504 = CARTESIAN_POINT ( 'NONE',  ( -65.02630495410677725, 0.7637795275587393462, 4.699974664912955902 ) ) ;
#4505 = ORIENTED_EDGE ( 'NONE', *, *, #2443, .F. ) ;
#4506 = DIRECTION ( 'NONE',  ( 0.2894416129747777733, 6.480103460263709297E-18, 0.9571956710508874311 ) ) ;
#4507 = EDGE_CURVE ( 'NONE', #859, #1514, #1834, .T. ) ;
#4508 = ORIENTED_EDGE ( 'NONE', *, *, #1272, .F. ) ;
#4509 = FACE_OUTER_BOUND ( 'NONE', #4215, .T. ) ;
#4510 = EDGE_CURVE ( 'NONE', #532, #89, #2612, .T. ) ;
#4511 = LINE ( 'NONE', #2604, #4267 ) ;
#4512 = ORIENTED_EDGE ( 'NONE', *, *, #1590, .T. ) ;
#4513 = EDGE_CURVE ( 'NONE', #3361, #3514, #2691, .T. ) ;
#4514 = CARTESIAN_POINT ( 'NONE',  ( -67.46585964989849060, -1.992125984251968518, 5.501080171745937442 ) ) ;
#4515 = VERTEX_POINT ( 'NONE', #1144 ) ;
#4516 = CARTESIAN_POINT ( 'NONE',  ( -66.82283464566930320, 3.580582677165354610, 5.303566818639225744 ) ) ;
#4517 = CIRCLE ( 'NONE', #2382, 0.3937007874015729936 ) ;
#4518 = CARTESIAN_POINT ( 'NONE',  ( -66.51849118917051840, 3.330708661417322247, 5.423325687096278713 ) ) ;
#4519 = DIRECTION ( 'NONE',  ( 0.2894416129747776623, 1.387778780781445676E-16, 0.9571956710508877642 ) ) ;
#4520 = ADVANCED_FACE ( 'NONE', ( #1169 ), #4227, .T. ) ;
#4521 = CARTESIAN_POINT ( 'NONE',  ( -4.110208662330160578, 3.271653543307087020, -13.59263410075429590 ) ) ;
#4522 = VERTEX_POINT ( 'NONE', #3008 ) ;
#4523 = ORIENTED_EDGE ( 'NONE', *, *, #1830, .F. ) ;
#4524 = ORIENTED_EDGE ( 'NONE', *, *, #3122, .F. ) ;
#4525 = CARTESIAN_POINT ( 'NONE',  ( -61.26329074247357909, -1.803149606299212726, 3.821584235422193387 ) ) ;
#4526 = CARTESIAN_POINT ( 'NONE',  ( -64.94463702649719039, -1.803149606299210728, 4.850360820107487925 ) ) ;
#4527 = CARTESIAN_POINT ( 'NONE',  ( -64.53207412346139904, 3.519685039370079149, 5.933659598763443732 ) ) ;
#4528 = ORIENTED_EDGE ( 'NONE', *, *, #2201, .F. ) ;
#4529 = CARTESIAN_POINT ( 'NONE',  ( -62.12598425196851082, 3.330708661417323135, 4.842519685039370358 ) ) ;
#4530 = CARTESIAN_POINT ( 'NONE',  ( -65.89062420043750024, 3.519685039370079149, 5.238806934920885006 ) ) ;
#4531 = CARTESIAN_POINT ( 'NONE',  ( -66.53158802167057218, -1.992125984251968740, 5.425190076936063477 ) ) ;
#4532 = APPROVAL_ROLE ( '' ) ;
#4533 = CARTESIAN_POINT ( 'NONE',  ( -63.11327752984468731, -1.742251968503937265, 3.858267716535433323 ) ) ;
#4534 = AXIS2_PLACEMENT_3D ( 'NONE', #2350, #4684, #474 ) ;
#4535 = LINE ( 'NONE', #651, #1629 ) ;
#4536 = CARTESIAN_POINT ( 'NONE',  ( -64.82800195426081302, 3.580582677165354610, 4.346676559360687087 ) ) ;
#4537 = AXIS2_PLACEMENT_3D ( 'NONE', #2393, #3904, #509 ) ;
#4538 = CARTESIAN_POINT ( 'NONE',  ( -65.01789339918893518, 3.519685039370079149, 4.880658391575403598 ) ) ;
#4539 = DIRECTION ( 'NONE',  ( -0.9571956710508893185, -9.974659986866495642E-14, 0.2894416129747722777 ) ) ;
#4540 = FACE_OUTER_BOUND ( 'NONE', #3792, .T. ) ;
#4541 = EDGE_LOOP ( 'NONE', ( #2511, #556, #2668, #3819, #587, #3924, #1600, #488 ) ) ;
#4542 = ORIENTED_EDGE ( 'NONE', *, *, #752, .T. ) ;
#4543 = CARTESIAN_POINT ( 'NONE',  ( -66.77699861363942091, 3.519685039370079593, 5.054573703335312196 ) ) ;
#4544 = CARTESIAN_POINT ( 'NONE',  ( -64.92961420001735462, 3.457185039370077373, 4.886751997397633218 ) ) ;
#4545 = EDGE_CURVE ( 'NONE', #223, #4097, #1199, .T. ) ;
#4546 = ORIENTED_EDGE ( 'NONE', *, *, #1878, .F. ) ;
#4547 = DIRECTION ( 'NONE',  ( 2.220446049250311188E-14, 0.000000000000000000, 1.000000000000000000 ) ) ;
#4548 = LINE ( 'NONE', #422, #2203 ) ;
#4549 = DIRECTION ( 'NONE',  ( 0.000000000000000000, 1.000000000000000000, -0.000000000000000000 ) ) ;
#4550 = DIRECTION ( 'NONE',  ( -0.9389693932908348417, 0.000000000000000000, 0.3440006954397640260 ) ) ;
#4551 = B_SPLINE_CURVE_WITH_KNOTS ( 'NONE', 3,
 ( #739, #2700, #1183, #1922, #2253, #1775, #2922, #2271, #2626, #4439, #4530, #3020, #1158, #1136, #40, #1017, #4782, #3068, #1386, #2154 ),
 .UNSPECIFIED., .F., .F.,
 ( 4, 2, 2, 2, 2, 2, 2, 2, 2, 4 ),
 ( 0.1470556905381429358, 0.1562500000000135447, 0.1875000000000160982, 0.2187500000000185407, 0.2500000000000210942, 0.3125000000000212053, 0.3750000000000212053, 0.4375000000000213163, 0.4687500000000212053, 0.4723015676108424099 ),
 .UNSPECIFIED. ) ;
#4552 = CARTESIAN_POINT ( 'NONE',  ( -61.30807068591592923, -1.803149606299212726, 4.108039560296035120 ) ) ;
#4553 = CARTESIAN_POINT ( 'NONE',  ( -65.24903709492606652, 3.519685039370079149, 5.787380921290246505 ) ) ;
#4554 = CARTESIAN_POINT ( 'NONE',  ( -65.69048810661846005, -1.992125984251969850, 5.833350520315708998 ) ) ;
#4555 = CARTESIAN_POINT ( 'NONE',  ( -65.67965287061714719, 3.519685039370079149, 5.156088692845471222 ) ) ;
#4556 = CARTESIAN_POINT ( 'NONE',  ( -62.12598425196851082, -1.803149606299212726, 4.931102362204727640 ) ) ;
#4557 = CARTESIAN_POINT ( 'NONE',  ( -62.25786044705334632, 3.306247230568516215, 3.862838572693710670 ) ) ;
#4558 = CARTESIAN_POINT ( 'NONE',  ( -64.53207412346139904, -2.053023622047244423, 5.933659598763447285 ) ) ;
#4559 = ORIENTED_EDGE ( 'NONE', *, *, #3419, .F. ) ;
#4560 = AXIS2_PLACEMENT_3D ( 'NONE', #1394, #4418, #4765 ) ;
#4561 = CIRCLE ( 'NONE', #2673, 0.4999999999999952260 ) ;
#4562 = ADVANCED_FACE ( 'NONE', ( #2242 ), #1911, .T. ) ;
#4563 = ORIENTED_EDGE ( 'NONE', *, *, #4393, .T. ) ;
#4564 = EDGE_CURVE ( 'NONE', #2823, #3535, #3405, .T. ) ;
#4565 = ORIENTED_EDGE ( 'NONE', *, *, #26, .F. ) ;
#4566 = CARTESIAN_POINT ( 'NONE',  ( -66.81645537870902274, 3.547719776049367724, 5.005041825768384633 ) ) ;
#4567 = FACE_OUTER_BOUND ( 'NONE', #1474, .T. ) ;
#4568 = ADVANCED_FACE ( 'NONE', ( #381 ), #1496, .F. ) ;
#4569 = ADVANCED_FACE ( 'NONE', ( #411 ), #4889, .F. ) ;
#4570 = CIRCLE ( 'NONE', #1645, 0.5590551181102314526 ) ;
#4571 = AXIS2_PLACEMENT_3D ( 'NONE', #825, #852, #3581 ) ;
#4572 = ORIENTED_EDGE ( 'NONE', *, *, #3210, .F. ) ;
#4573 = FACE_OUTER_BOUND ( 'NONE', #1255, .T. ) ;
#4574 = VECTOR ( 'NONE', #3257, 39.37007874015748854 ) ;
#4575 = VERTEX_POINT ( 'NONE', #3810 ) ;
#4576 = DIRECTION ( 'NONE',  ( 0.000000000000000000, 0.000000000000000000, 1.000000000000000000 ) ) ;
#4577 = CARTESIAN_POINT ( 'NONE',  ( -66.24798989115039660, 3.330708661417323135, 5.807206170900101050 ) ) ;
#4578 = AXIS2_PLACEMENT_3D ( 'NONE', #4504, #684, #1108 ) ;
#4579 = CARTESIAN_POINT ( 'NONE',  ( -65.69048810661949744, 3.519685039370079149, 5.833350520315751631 ) ) ;
#4580 = CARTESIAN_POINT ( 'NONE',  ( -64.46868037757994330, 3.519685039370079149, 5.189021571154151857 ) ) ;
#4581 = VECTOR ( 'NONE', #3121, 39.37007874015748854 ) ;
#4582 =( LENGTH_UNIT ( ) NAMED_UNIT ( * ) SI_UNIT ( $, .METRE. ) );
#4583 = AXIS2_PLACEMENT_3D ( 'NONE', #3429, #4519, #4539 ) ;
#4584 = CARTESIAN_POINT ( 'NONE',  ( -61.96320344447452300, -1.803149606299212726, 4.953210634135295720 ) ) ;
#4585 = DIRECTION ( 'NONE',  ( -0.000000000000000000, 1.000000000000000000, -0.000000000000000000 ) ) ;
#4586 = DIRECTION ( 'NONE',  ( -0.000000000000000000, 1.000000000000000000, -0.000000000000000000 ) ) ;
#4587 = CARTESIAN_POINT ( 'NONE',  ( -61.48008446073883704, -1.803149606299212726, 3.662812061686087972 ) ) ;
#4588 = EDGE_LOOP ( 'NONE', ( #2814, #3161 ) ) ;
#4589 = B_SPLINE_CURVE_WITH_KNOTS ( 'NONE', 3,
 ( #3618, #1358, #645, #237, #215, #4436, #3963, #1721, #2548, #3245, #1011, #2491, #1038, #4778 ),
 .UNSPECIFIED., .F., .F.,
 ( 4, 2, 2, 2, 2, 2, 4 ),
 ( 2.990172196850499293E-16, 0.001279102324576162448, 0.002558204649152025657, 0.003837306973727889516, 0.004476858136016075365, 0.004796633717160381227, 0.005116409298304687957 ),
 .UNSPECIFIED. ) ;
#4590 = EDGE_CURVE ( 'NONE', #4895, #2495, #2743, .T. ) ;
#4591 = ORIENTED_EDGE ( 'NONE', *, *, #3892, .F. ) ;
#4592 = DIRECTION ( 'NONE',  ( 0.000000000000000000, 0.000000000000000000, 1.000000000000000000 ) ) ;
#4593 = CARTESIAN_POINT ( 'NONE',  ( -64.68076422706613471, 3.519685039370079149, 5.651992342554510884 ) ) ;
#4594 = ADVANCED_FACE ( 'NONE', ( #1559 ), #3081, .F. ) ;
#4595 = EDGE_CURVE ( 'NONE', #1299, #2541, #3850, .T. ) ;
#4596 = ORIENTED_EDGE ( 'NONE', *, *, #1056, .F. ) ;
#4597 = VERTEX_POINT ( 'NONE', #3578 ) ;
#4598 = CARTESIAN_POINT ( 'NONE',  ( -66.46482425812702388, -1.803149606299212726, 5.262466335142033991 ) ) ;
#4599 = ORIENTED_EDGE ( 'NONE', *, *, #2546, .F. ) ;
#4600 = ORIENTED_EDGE ( 'NONE', *, *, #991, .F. ) ;
#4601 = CARTESIAN_POINT ( 'NONE',  ( -65.24903709492606652, -1.897637795275592065, 5.787380921290246505 ) ) ;
#4602 = CARTESIAN_POINT ( 'NONE',  ( -64.64042079919046557, 3.519685039370080037, 5.637921207175782712 ) ) ;
#4603 = DIRECTION ( 'NONE',  ( -0.1188290605532585920, 0.000000000000000000, -0.9929147266346843859 ) ) ;
#4604 = ORIENTED_EDGE ( 'NONE', *, *, #2329, .T. ) ;
#4605 = LINE ( 'NONE', #885, #4461 ) ;
#4606 =( BOUNDED_CURVE ( )  B_SPLINE_CURVE ( 3, ( #3742, #1084, #2594, #1847 ),
 .UNSPECIFIED., .F., .T. ) 
 B_SPLINE_CURVE_WITH_KNOTS ( ( 4, 4 ),
 ( 0.9062079514440680716, 1.570796326794535958 ),
 .UNSPECIFIED. ) 
 CURVE ( )  GEOMETRIC_REPRESENTATION_ITEM ( )  RATIONAL_B_SPLINE_CURVE ( ( 1.000000000000000000, 0.9635309593391128136, 0.9635309593391128136, 1.000000000000000000 ) ) 
 REPRESENTATION_ITEM ( '' )  );
#4607 = DIRECTION ( 'NONE',  ( -0.000000000000000000, -1.000000000000000000, -0.000000000000000000 ) ) ;
#4608 =( CONVERSION_BASED_UNIT ( 'INCH', #2777 ) LENGTH_UNIT ( ) NAMED_UNIT ( #956 ) );
#4609 = CIRCLE ( 'NONE', #887, 0.4999999999999952260 ) ;
#4610 = CARTESIAN_POINT ( 'NONE',  ( -62.25660868165934403, -1.803149606299212726, 3.800764084789151731 ) ) ;
#4611 = CARTESIAN_POINT ( 'NONE',  ( -64.35649580425814520, 3.394685039370079149, 4.811642542180337934 ) ) ;
#4612 = CARTESIAN_POINT ( 'NONE',  ( -62.66384531704133565, -1.778688175450407805, 4.051411345279241516 ) ) ;
#4613 = CARTESIAN_POINT ( 'NONE',  ( -62.75569817163922437, 3.330708661417323135, 3.951681260208403934 ) ) ;
#4614 = EDGE_CURVE ( 'NONE', #2622, #229, #3243, .T. ) ;
#4615 = VERTEX_POINT ( 'NONE', #167 ) ;
#4616 = AXIS2_PLACEMENT_3D ( 'NONE', #3290, #1401, #2912 ) ;
#4617 = CARTESIAN_POINT ( 'NONE',  ( -63.12142759347489829, 3.519685039370079149, 4.219017299229278706 ) ) ;
#4618 = VECTOR ( 'NONE', #1005, 39.37007874015747433 ) ;
#4619 = VERTEX_POINT ( 'NONE', #1674 ) ;
#4620 = VERTEX_POINT ( 'NONE', #3479 ) ;
#4621 = CARTESIAN_POINT ( 'NONE',  ( -66.32660456607217725, -1.803149606299212948, 5.383348694571214565 ) ) ;
#4622 = CARTESIAN_POINT ( 'NONE',  ( -64.89930391185124847, 3.519685039370079149, 5.716281199457174722 ) ) ;
#4623 = ORIENTED_EDGE ( 'NONE', *, *, #3489, .F. ) ;
#4624 = CARTESIAN_POINT ( 'NONE',  ( -66.49420795307135279, -1.803149606299214947, 5.101454430302398535 ) ) ;
#4625 = ORIENTED_EDGE ( 'NONE', *, *, #2367, .F. ) ;
#4626 = ORIENTED_EDGE ( 'NONE', *, *, #3873, .T. ) ;
#4627 = DIRECTION ( 'NONE',  ( 0.9929147266346842748, 0.000000000000000000, -0.1188290605532586197 ) ) ;
#4628 = CARTESIAN_POINT ( 'NONE',  ( -64.64800489738213685, 3.330708661417323135, 5.640699716327256752 ) ) ;
#4629 = AXIS2_PLACEMENT_3D ( 'NONE', #706, #2165, #4868 ) ;
#4630 = CARTESIAN_POINT ( 'NONE',  ( -66.52613941716062129, -1.992125984251968740, 5.576132356031020976 ) ) ;
#4631 = ORIENTED_EDGE ( 'NONE', *, *, #1995, .T. ) ;
#4632 = EDGE_CURVE ( 'NONE', #2927, #1281, #3178, .T. ) ;
#4633 = CARTESIAN_POINT ( 'NONE',  ( -64.71142815920597968, 1.006588648076806036, 4.670569682973088277 ) ) ;
#4634 = CARTESIAN_POINT ( 'NONE',  ( -66.43833520780914625, -1.757423602876257984, 5.126951433155213067 ) ) ;
#4635 = AXIS2_PLACEMENT_3D ( 'NONE', #2451, #4021, #3649 ) ;
#4636 = EDGE_CURVE ( 'NONE', #4322, #3410, #1215, .T. ) ;
#4637 = DIRECTION ( 'NONE',  ( 0.000000000000000000, 1.000000000000000000, -0.000000000000000000 ) ) ;
#4638 = DIRECTION ( 'NONE',  ( 0.000000000000000000, 1.000000000000000000, -0.000000000000000000 ) ) ;
#4639 = CC_DESIGN_APPROVAL ( #1070, ( #598 ) ) ;
#4640 = DIRECTION ( 'NONE',  ( 0.000000000000000000, 1.000000000000000000, -0.000000000000000000 ) ) ;
#4641 = ADVANCED_FACE ( 'NONE', ( #1267, #2004, #1292, #1981, #482, #2760 ), #2426, .F. ) ;
#4642 = CARTESIAN_POINT ( 'NONE',  ( -64.34855752121475803, -1.803149606299212726, 4.690783838854722276 ) ) ;
#4643 = ORIENTED_EDGE ( 'NONE', *, *, #1083, .F. ) ;
#4644 = EDGE_CURVE ( 'NONE', #229, #4010, #3504, .T. ) ;
#4645 = CARTESIAN_POINT ( 'NONE',  ( -63.39322505546024900, -1.803149606299212726, 5.139069716083800365 ) ) ;
#4646 = VERTEX_POINT ( 'NONE', #2821 ) ;
#4647 = VECTOR ( 'NONE', #3135, 39.37007874015748143 ) ;
#4648 = ORIENTED_EDGE ( 'NONE', *, *, #2473, .F. ) ;
#4649 = LINE ( 'NONE', #2784, #525 ) ;
#4650 = CARTESIAN_POINT ( 'NONE',  ( -64.64042079919045136, 3.519685039370079149, 5.637921207175780935 ) ) ;
#4651 = VECTOR ( 'NONE', #1578, 39.37007874015748854 ) ;
#4652 = VERTEX_POINT ( 'NONE', #3201 ) ;
#4653 = CYLINDRICAL_SURFACE ( 'NONE', #624, 0.1968503937007782811 ) ;
#4654 = ORIENTED_EDGE ( 'NONE', *, *, #1400, .T. ) ;
#4655 = ORIENTED_EDGE ( 'NONE', *, *, #3166, .F. ) ;
#4656 = CARTESIAN_POINT ( 'NONE',  ( -0.4359553805146830219, -1.803149606299212726, -3.642766470198991691 ) ) ;
#4657 = CARTESIAN_POINT ( 'NONE',  ( -64.68076422706613471, 3.330708661417323135, 5.651992342554510884 ) ) ;
#4658 = AXIS2_PLACEMENT_3D ( 'NONE', #4189, #780, #1818 ) ;
#4659 = AXIS2_PLACEMENT_3D ( 'NONE', #4861, #2577, #2949 ) ;
#4660 = FACE_OUTER_BOUND ( 'NONE', #2457, .T. ) ;
#4661 = CARTESIAN_POINT ( 'NONE',  ( -66.09918920518569507, 3.519685039370079149, 5.826089031778224125 ) ) ;
#4662 = DIRECTION ( 'NONE',  ( 0.000000000000000000, 0.000000000000000000, -1.000000000000000000 ) ) ;
#4663 = AXIS2_PLACEMENT_3D ( 'NONE', #4481, #2117, #4831 ) ;
#4664 = DIRECTION ( 'NONE',  ( 0.000000000000000000, 0.000000000000000000, 1.000000000000000000 ) ) ;
#4665 = EDGE_CURVE ( 'NONE', #3709, #4855, #3790, .T. ) ;
#4666 = VECTOR ( 'NONE', #2568, 39.37007874015748143 ) ;
#4667 = CARTESIAN_POINT ( 'NONE',  ( -64.65774314119764199, -1.803149606299212948, 5.644151696217084790 ) ) ;
#4668 = CARTESIAN_POINT ( 'NONE',  ( -67.32283464566928899, 3.271653543307087020, 4.960629921259842590 ) ) ;
#4669 = PLANE ( 'NONE',  #3648 ) ;
#4670 = CARTESIAN_POINT ( 'NONE',  ( -63.38200659812806492, -1.803149606299212726, 5.101331813186417818 ) ) ;
#4671 = ORIENTED_EDGE ( 'NONE', *, *, #2898, .F. ) ;
#4672 = SECURITY_CLASSIFICATION ( '', '', #3619 ) ;
#4673 = ADVANCED_FACE ( 'NONE', ( #3897 ), #4669, .F. ) ;
#4674 = AXIS2_PLACEMENT_3D ( 'NONE', #972, #4031, #655 ) ;
#4675 = LINE ( 'NONE', #894, #2361 ) ;
#4676 = CYLINDRICAL_SURFACE ( 'NONE', #3213, 0.05905511811023512331 ) ;
#4677 = CARTESIAN_POINT ( 'NONE',  ( -65.07304460749334396, -1.803149606299212948, 4.903670785651446096 ) ) ;
#4678 = CARTESIAN_POINT ( 'NONE',  ( -64.78815412007431007, -1.803149606299212726, 6.027477030463022523 ) ) ;
#4679 = AXIS2_PLACEMENT_3D ( 'NONE', #4180, #1443, #407 ) ;
#4680 = ORIENTED_EDGE ( 'NONE', *, *, #4118, .F. ) ;
#4681 = DIRECTION ( 'NONE',  ( 0.000000000000000000, 0.000000000000000000, -1.000000000000000000 ) ) ;
#4682 = VERTEX_POINT ( 'NONE', #3945 ) ;
#4683 = DIRECTION ( 'NONE',  ( -0.000000000000000000, 1.000000000000000000, -0.000000000000000000 ) ) ;
#4684 = DIRECTION ( 'NONE',  ( 0.000000000000000000, -1.000000000000000000, 0.000000000000000000 ) ) ;
#4685 = CARTESIAN_POINT ( 'NONE',  ( -63.07117274460927803, -1.992125984251968740, 4.210087895264258862 ) ) ;
#4686 = CARTESIAN_POINT ( 'NONE',  ( -62.70173104952653631, -1.803149606299212948, 4.849027377168553699 ) ) ;
#4687 = FACE_BOUND ( 'NONE', #2869, .T. ) ;
#4688 = EDGE_CURVE ( 'NONE', #3709, #4882, #2334, .T. ) ;
#4689 = PERSON_AND_ORGANIZATION ( #2024, #4204 ) ;
#4690 = CARTESIAN_POINT ( 'NONE',  ( -62.25660868165930850, -1.803149606299212726, 3.800764084789141073 ) ) ;
#4691 = CARTESIAN_POINT ( 'NONE',  ( -67.32283464566928899, 5.905511811023622215, 4.460629921259847919 ) ) ;
#4692 = CYLINDRICAL_SURFACE ( 'NONE', #2273, 0.08858267716535768443 ) ;
#4693 = EDGE_LOOP ( 'NONE', ( #4229, #3812, #2416, #997 ) ) ;
#4694 = CARTESIAN_POINT ( 'NONE',  ( -63.21848827907719937, 3.519685039370079149, 4.241708084177329141 ) ) ;
#4695 = ORIENTED_EDGE ( 'NONE', *, *, #921, .T. ) ;
#4696 = CARTESIAN_POINT ( 'NONE',  ( -63.12142759347489829, -1.992125984251968740, 4.219017299229278706 ) ) ;
#4697 = VECTOR ( 'NONE', #4705, 39.37007874015748854 ) ;
#4698 = CARTESIAN_POINT ( 'NONE',  ( -65.24071465317895502, 3.330708661417323135, 5.788356083209516889 ) ) ;
#4699 = CIRCLE ( 'NONE', #2561, 0.3937007874015729936 ) ;
#4700 = FACE_OUTER_BOUND ( 'NONE', #1730, .T. ) ;
#4701 = VERTEX_POINT ( 'NONE', #456 ) ;
#4702 = LINE ( 'NONE', #3863, #3548 ) ;
#4703 = DIRECTION ( 'NONE',  ( -1.335381365372911727E-24, -1.000000000000000000, -8.580594286263141777E-25 ) ) ;
#4704 = CARTESIAN_POINT ( 'NONE',  ( -63.21848827907719937, -1.992125984251968740, 4.241708084177329141 ) ) ;
#4705 = DIRECTION ( 'NONE',  ( -0.5903362311909701177, -0.7871707152047883183, 0.1785088212588477330 ) ) ;
#4706 = DATE_TIME_ROLE ( 'classification_date' ) ;
#4707 = DIRECTION ( 'NONE',  ( -0.9571956710508841004, 0.000000000000000000, 0.2894416129747888200 ) ) ;
#4708 = DIRECTION ( 'NONE',  ( 0.9389693932908348417, 0.000000000000000000, -0.3440006954397640260 ) ) ;
#4709 = DIRECTION ( 'NONE',  ( -0.2894416129747778288, -0.000000000000000000, -0.9571956710508874311 ) ) ;
#4710 = CARTESIAN_POINT ( 'NONE',  ( -67.60643676162111149, 3.580582677165354610, 5.372418507584971081 ) ) ;
#4711 = EDGE_LOOP ( 'NONE', ( #2039, #944, #1562, #2935, #3285, #4512 ) ) ;
#4712 = ADVANCED_FACE ( 'NONE', ( #550 ), #847, .T. ) ;
#4713 = CARTESIAN_POINT ( 'NONE',  ( -63.32297718505464701, 3.519685039370079149, 4.269924451661772480 ) ) ;
#4714 = VERTEX_POINT ( 'NONE', #101 ) ;
#4715 = DIRECTION ( 'NONE',  ( -0.5903362311909546856, -0.7871707152048010858, 0.1785088212588430978 ) ) ;
#4716 = DIRECTION ( 'NONE',  ( -0.6333943274849959115, -0.7738291968579563695, 0.000000000000000000 ) ) ;
#4717 = VERTEX_POINT ( 'NONE', #890 ) ;
#4718 = ORIENTED_EDGE ( 'NONE', *, *, #3571, .T. ) ;
#4719 = DIRECTION ( 'NONE',  ( -0.000000000000000000, 1.000000000000000000, -0.000000000000000000 ) ) ;
#4720 = EDGE_CURVE ( 'NONE', #2823, #3934, #2409, .T. ) ;
#4721 = ORIENTED_EDGE ( 'NONE', *, *, #1824, .F. ) ;
#4722 = DIRECTION ( 'NONE',  ( 0.000000000000000000, 0.000000000000000000, -1.000000000000000000 ) ) ;
#4723 = DIRECTION ( 'NONE',  ( -0.9929147266346842748, 0.000000000000000000, 0.1188290605532585781 ) ) ;
#4724 = CARTESIAN_POINT ( 'NONE',  ( -4.162627222160238283, 3.271653543307087020, -13.76598449787375067 ) ) ;
#4725 = ORIENTED_EDGE ( 'NONE', *, *, #70, .T. ) ;
#4726 = AXIS2_PLACEMENT_3D ( 'NONE', #3505, #4293, #3057 ) ;
#4727 = PERSON_AND_ORGANIZATION ( #2024, #4204 ) ;
#4728 = DIRECTION ( 'NONE',  ( 0.000000000000000000, 1.000000000000000000, -0.000000000000000000 ) ) ;
#4729 = CARTESIAN_POINT ( 'NONE',  ( -67.60110816047132687, 3.277160323653422580, 5.376088358113443988 ) ) ;
#4730 = FACE_OUTER_BOUND ( 'NONE', #13, .T. ) ;
#4731 = AXIS2_PLACEMENT_3D ( 'NONE', #642, #3690, #2888 ) ;
#4732 = CARTESIAN_POINT ( 'NONE',  ( -67.54974883678276854, 3.580582677165354610, 5.411459937986293767 ) ) ;
#4733 = VERTEX_POINT ( 'NONE', #3922 ) ;
#4734 =( BOUNDED_CURVE ( )  B_SPLINE_CURVE ( 3, ( #4598, #3861, #1202, #470 ),
 .UNSPECIFIED., .F., .F. ) 
 B_SPLINE_CURVE_WITH_KNOTS ( ( 4, 4 ),
 ( 1.570796326794896558, 2.477004278239068213 ),
 .UNSPECIFIED. ) 
 CURVE ( )  GEOMETRIC_REPRESENTATION_ITEM ( )  RATIONAL_B_SPLINE_CURVE ( ( 1.000000000000000000, 0.9327284295420741334, 0.9327284295420741334, 1.000000000000000000 ) ) 
 REPRESENTATION_ITEM ( '' )  );
#4735 = LINE ( 'NONE', #2557, #3469 ) ;
#4736 = DIRECTION ( 'NONE',  ( -0.000000000000000000, -1.000000000000000000, 0.000000000000000000 ) ) ;
#4737 = VERTEX_POINT ( 'NONE', #521 ) ;
#4738 = DIRECTION ( 'NONE',  ( -0.2894416129747776623, -1.387778780781445676E-16, -0.9571956710508877642 ) ) ;
#4739 = CARTESIAN_POINT ( 'NONE',  ( -65.00355426147542914, 3.330708661417323135, 5.742081742517705756 ) ) ;
#4740 = ORIENTED_EDGE ( 'NONE', *, *, #2998, .F. ) ;
#4741 = CIRCLE ( 'NONE', #3882, 0.03937007874015751446 ) ;
#4742 = EDGE_CURVE ( 'NONE', #2458, #445, #3129, .T. ) ;
#4743 = ORIENTED_EDGE ( 'NONE', *, *, #3800, .F. ) ;
#4744 = EDGE_LOOP ( 'NONE', ( #3626, #3372, #4456, #1079, #4039 ) ) ;
#4745 = CARTESIAN_POINT ( 'NONE',  ( -64.64042079919045136, -1.992125984251968740, 5.637921207175780935 ) ) ;
#4746 = LINE ( 'NONE', #2170, #3196 ) ;
#4747 = EDGE_CURVE ( 'NONE', #2882, #731, #1433, .T. ) ;
#4748 = CARTESIAN_POINT ( 'NONE',  ( -63.38280690717645882, -1.803149606299212948, 4.287054750680351134 ) ) ;
#4749 = ORIENTED_EDGE ( 'NONE', *, *, #2449, .F. ) ;
#4750 = DIRECTION ( 'NONE',  ( -0.2894416129747778843, 2.858594813810741272E-17, -0.9571956710508875421 ) ) ;
#4751 = ORIENTED_EDGE ( 'NONE', *, *, #2966, .F. ) ;
#4752 = CARTESIAN_POINT ( 'NONE',  ( -41.19975546985681092, -30.34452827252704665, -2.439007462804096527 ) ) ;
#4753 = B_SPLINE_SURFACE_WITH_KNOTS ( 'NONE', 3, 1, ( 
 ( #4685, #2487 ),
 ( #586, #233 ),
 ( #1689, #1286 ),
 ( #2791, #4774 ),
 ( #4396, #4308 ),
 ( #1006, #908 ),
 ( #4704, #3240 ),
 ( #1743, #3591 ),
 ( #2445, #4748 ),
 ( #565, #2465 ),
 ( #4015, #4352 ),
 ( #2066, #3217 ),
 ( #1331, #2841 ),
 ( #3986, #1355 ),
 ( #614, #2861 ),
 ( #4373, #2115 ) ),
 .UNSPECIFIED., .F., .F., .F.,
 ( 4, 2, 2, 2, 2, 2, 2, 4 ),
 ( 2, 2 ),
 ( 0.000000000000000000, 0.03125000000000530131, 0.06250000000001060263, 0.1250000000000060507, 0.1875000000000014988, 0.2499999999999969469, 0.3749999999999878431, 0.4094897144192707339 ),
 ( 0.000000000000000000, 1.000000000000000000 ),
 .UNSPECIFIED. ) ;
#4754 = PERSON_AND_ORGANIZATION_ROLE ( 'design_owner' ) ;
#4755 = B_SPLINE_CURVE_WITH_KNOTS ( 'NONE', 3,
 ( #36, #1249, #3063, #4678, #3512 ),
 .UNSPECIFIED., .F., .F.,
 ( 4, 1, 4 ),
 ( 0.08639786719078156041, 0.2127344428930934006, 1.000000000000000000 ),
 .UNSPECIFIED. ) ;
#4756 = DIRECTION ( 'NONE',  ( 0.000000000000000000, 0.000000000000000000, -1.000000000000000000 ) ) ;
#4757 = CARTESIAN_POINT ( 'NONE',  ( -67.32283464566928899, -1.803149606299212726, 4.960629921259842590 ) ) ;
#4758 = LINE ( 'NONE', #2125, #858 ) ;
#4759 = CARTESIAN_POINT ( 'NONE',  ( -66.52105367739758890, 3.269811023622047674, 6.540676733074944238 ) ) ;
#4760 = EDGE_LOOP ( 'NONE', ( #1805, #3842, #804, #2590 ) ) ;
#4761 = EDGE_CURVE ( 'NONE', #3005, #2799, #2824, .T. ) ;
#4762 = CARTESIAN_POINT ( 'NONE',  ( -63.08311475323797168, 3.519685039370079149, 4.211722312989519601 ) ) ;
#4763 = CYLINDRICAL_SURFACE ( 'NONE', #538, 0.03937007874015751446 ) ;
#4764 = FACE_OUTER_BOUND ( 'NONE', #4798, .T. ) ;
#4765 = DIRECTION ( 'NONE',  ( 0.000000000000000000, 0.000000000000000000, 1.000000000000000000 ) ) ;
#4766 = CARTESIAN_POINT ( 'NONE',  ( -61.82800357845130890, 3.330708661417323135, 18.69586086104008515 ) ) ;
#4767 = EDGE_LOOP ( 'NONE', ( #2257, #4095, #3219, #3048 ) ) ;
#4768 =( BOUNDED_CURVE ( )  B_SPLINE_CURVE ( 3, ( #1284, #160, #1946, #3536 ),
 .UNSPECIFIED., .F., .T. ) 
 B_SPLINE_CURVE_WITH_KNOTS ( ( 4, 4 ),
 ( 1.570796326795007358, 2.477004278239154811 ),
 .UNSPECIFIED. ) 
 CURVE ( )  GEOMETRIC_REPRESENTATION_ITEM ( )  RATIONAL_B_SPLINE_CURVE ( ( 1.000000000000000000, 0.9327284295420776861, 0.9327284295420776861, 1.000000000000000000 ) ) 
 REPRESENTATION_ITEM ( '' )  );
#4769 = VECTOR ( 'NONE', #145, 39.37007874015748143 ) ;
#4770 = VERTEX_POINT ( 'NONE', #4057 ) ;
#4771 = DIRECTION ( 'NONE',  ( -0.9389693932908348417, 0.000000000000000000, 0.3440006954397640260 ) ) ;
#4772 = DIRECTION ( 'NONE',  ( -0.000000000000000000, -1.000000000000000000, 0.000000000000000000 ) ) ;
#4773 = VECTOR ( 'NONE', #1713, 39.37007874015748143 ) ;
#4774 = CARTESIAN_POINT ( 'NONE',  ( -63.10648962523053029, -1.803149606299212948, 4.215993817325356829 ) ) ;
#4775 = ORIENTED_EDGE ( 'NONE', *, *, #2696, .T. ) ;
#4776 = CARTESIAN_POINT ( 'NONE',  ( -65.00355426147542914, -1.992125984251968740, 5.742081742517705756 ) ) ;
#4777 = ORIENTED_EDGE ( 'NONE', *, *, #1699, .T. ) ;
#4778 = CARTESIAN_POINT ( 'NONE',  ( -67.60643676162112570, -1.744094488188976610, 5.372418507584993286 ) ) ;
#4779 = APPROVAL_ROLE ( '' ) ;
#4780 = EDGE_CURVE ( 'NONE', #2250, #2388, #2582, .T. ) ;
#4781 = DIRECTION ( 'NONE',  ( -0.2894416129747777733, -2.302503884529968627E-17, -0.9571956710508874311 ) ) ;
#4782 = CARTESIAN_POINT ( 'NONE',  ( -65.01789339918893518, 3.519685039370079149, 4.880658391575403598 ) ) ;
#4783 = DIRECTION ( 'NONE',  ( -0.9571956710508867650, -2.868076146948382320E-13, 0.2894416129747803823 ) ) ;
#4784 = FACE_OUTER_BOUND ( 'NONE', #910, .T. ) ;
#4785 = EDGE_CURVE ( 'NONE', #3397, #2321, #3999, .T. ) ;
#4786 = VERTEX_POINT ( 'NONE', #3052 ) ;
#4787 = EDGE_CURVE ( 'NONE', #3067, #4272, #3887, .T. ) ;
#4788 = CARTESIAN_POINT ( 'NONE',  ( -63.21848827907719937, 3.330708661417322247, 4.241708084177329141 ) ) ;
#4789 = CARTESIAN_POINT ( 'NONE',  ( -64.33733906388255264, 3.457185039370079593, 4.653045935957345947 ) ) ;
#4790 = FACE_BOUND ( 'NONE', #2916, .T. ) ;
#4791 = CARTESIAN_POINT ( 'NONE',  ( -63.68583800086365443, 0.7637795275590671951, 4.294637565278855540 ) ) ;
#4792 = CARTESIAN_POINT ( 'NONE',  ( -61.45669291338582951, 3.330708661417323135, 3.946850393700791049 ) ) ;
#4793 = ORIENTED_EDGE ( 'NONE', *, *, #2193, .T. ) ;
#4794 = CC_DESIGN_PERSON_AND_ORGANIZATION_ASSIGNMENT ( #3596, #4355, ( #4337 ) ) ;
#4795 = CIRCLE ( 'NONE', #1154, 0.3937007874015746034 ) ;
#4796 = ORIENTED_EDGE ( 'NONE', *, *, #2367, .T. ) ;
#4797 =( BOUNDED_CURVE ( )  B_SPLINE_CURVE ( 3, ( #1363, #1673, #3623, #166 ),
 .UNSPECIFIED., .F., .F. ) 
 B_SPLINE_CURVE_WITH_KNOTS ( ( 4, 4 ),
 ( 1.570796326794908770, 3.141592653589849515 ),
 .UNSPECIFIED. ) 
 CURVE ( )  GEOMETRIC_REPRESENTATION_ITEM ( )  RATIONAL_B_SPLINE_CURVE ( ( 1.000000000000000000, 0.8047378541243546124, 0.8047378541243546124, 1.000000000000000000 ) ) 
 REPRESENTATION_ITEM ( '' )  );
#4798 = EDGE_LOOP ( 'NONE', ( #3730, #1926, #2483, #288 ) ) ;
#4799 = CARTESIAN_POINT ( 'NONE',  ( -61.48008446073883704, 3.330708661417323135, 3.662812061686087972 ) ) ;
#4800 = LOCAL_TIME ( 12, 14, 36.00000000000000000, #3271 ) ;
#4801 = DIRECTION ( 'NONE',  ( 0.000000000000000000, 0.000000000000000000, 1.000000000000000000 ) ) ;
#4802 = FACE_OUTER_BOUND ( 'NONE', #3775, .T. ) ;
#4803 = VERTEX_POINT ( 'NONE', #4887 ) ;
#4804 = CARTESIAN_POINT ( 'NONE',  ( -66.78147042463305638, -1.802473853815176996, 5.051538618858363527 ) ) ;
#4805 = ORIENTED_EDGE ( 'NONE', *, *, #263, .F. ) ;
#4806 = APPLICATION_PROTOCOL_DEFINITION ( 'international standard', 'config_control_design', 1994, #3925 ) ;
#4807 = EDGE_CURVE ( 'NONE', #3534, #255, #3328, .T. ) ;
#4808 = AXIS2_PLACEMENT_3D ( 'NONE', #3425, #2752, #3149 ) ;
#4809 = LINE ( 'NONE', #4405, #273 ) ;
#4810 = CYLINDRICAL_SURFACE ( 'NONE', #1808, 0.1574803149606245900 ) ;
#4811 = CARTESIAN_POINT ( 'NONE',  ( -62.12598425196851082, -1.803149606299212726, 4.842519685039370358 ) ) ;
#4812 = DIRECTION ( 'NONE',  ( 0.2894416129747779398, 0.000000000000000000, 0.9571956710508876531 ) ) ;
#4813 = AXIS2_PLACEMENT_3D ( 'NONE', #4023, #2496, #1727 ) ;
#4814 = ORIENTED_EDGE ( 'NONE', *, *, #1586, .T. ) ;
#4815 = TOROIDAL_SURFACE ( 'NONE', #537, 0.5590551181102316747, 0.05905511811023622659 ) ;
#4816 = ADVANCED_FACE ( 'NONE', ( #1493 ), #2851, .F. ) ;
#4817 = AXIS2_PLACEMENT_3D ( 'NONE', #4290, #2731, #1603 ) ;
#4818 = CARTESIAN_POINT ( 'NONE',  ( -64.92961420001736883, -1.992125984251968518, 4.886751997397640324 ) ) ;
#4819 = DIRECTION ( 'NONE',  ( 0.000000000000000000, 0.000000000000000000, 1.000000000000000000 ) ) ;
#4820 = LINE ( 'NONE', #2931, #197 ) ;
#4821 = CARTESIAN_POINT ( 'NONE',  ( -4.127301670970403791, -1.744094488188976388, -13.64916140416281287 ) ) ;
#4822 = CARTESIAN_POINT ( 'NONE',  ( -63.12142759347489829, -1.803149606299212948, 4.219017299229278706 ) ) ;
#4823 = ORIENTED_EDGE ( 'NONE', *, *, #423, .T. ) ;
#4824 = VECTOR ( 'NONE', #1666, 39.37007874015748143 ) ;
#4825 = ORIENTED_EDGE ( 'NONE', *, *, #909, .T. ) ;
#4826 = ORIENTED_EDGE ( 'NONE', *, *, #397, .F. ) ;
#4827 = CARTESIAN_POINT ( 'NONE',  ( -64.53207412346139904, -1.803149606299212726, 5.933659598763443732 ) ) ;
#4828 = CARTESIAN_POINT ( 'NONE',  ( -6.506054539716736862, 3.394685039370079149, 21.88579473940702869 ) ) ;
#4829 = LINE ( 'NONE', #4150, #1803 ) ;
#4830 = VERTEX_POINT ( 'NONE', #2186 ) ;
#4831 = DIRECTION ( 'NONE',  ( 0.000000000000000000, 0.000000000000000000, 1.000000000000000000 ) ) ;
#4832 = ORIENTED_EDGE ( 'NONE', *, *, #1279, .F. ) ;
#4833 = EDGE_CURVE ( 'NONE', #3092, #2882, #4051, .T. ) ;
#4834 = DIRECTION ( 'NONE',  ( 0.9585427335935049475, 0.000000000000000000, 0.2849488162373924327 ) ) ;
#4835 = CARTESIAN_POINT ( 'NONE',  ( -64.94463702649734671, 3.394685039370079149, 4.850360820107543880 ) ) ;
#4836 = CARTESIAN_POINT ( 'NONE',  ( -36.30793952132390245, 3.519685039370079149, -28.14403061398192207 ) ) ;
#4837 = LINE ( 'NONE', #4441, #2356 ) ;
#4838 = EDGE_CURVE ( 'NONE', #1044, #4476, #4517, .T. ) ;
#4839 = ORIENTED_EDGE ( 'NONE', *, *, #2598, .F. ) ;
#4840 = DIRECTION ( 'NONE',  ( 0.000000000000000000, 1.000000000000000000, 0.000000000000000000 ) ) ;
#4841 = CARTESIAN_POINT ( 'NONE',  ( -64.85455278676201374, 3.519685039370079149, 4.813291185145926576 ) ) ;
#4842 = DIRECTION ( 'NONE',  ( 0.000000000000000000, 1.000000000000000000, 0.000000000000000000 ) ) ;
#4843 = DIRECTION ( 'NONE',  ( -0.000000000000000000, 1.000000000000000000, -0.000000000000000000 ) ) ;
#4844 = DIRECTION ( 'NONE',  ( -0.9389693932908348417, 0.000000000000000000, 0.3440006954397640260 ) ) ;
#4845 = DIRECTION ( 'NONE',  ( -0.9585427335935056137, 0.000000000000000000, -0.2849488162373894906 ) ) ;
#4846 = ORIENTED_EDGE ( 'NONE', *, *, #4513, .F. ) ;
#4847 = EDGE_CURVE ( 'NONE', #89, #1078, #3409, .T. ) ;
#4848 = ORIENTED_EDGE ( 'NONE', *, *, #1334, .F. ) ;
#4849 = EDGE_LOOP ( 'NONE', ( #1085, #1462, #895, #2158 ) ) ;
#4850 = CARTESIAN_POINT ( 'NONE',  ( -64.38098794236522338, 3.330708661417323135, 4.626209107568101331 ) ) ;
#4851 = PLANE ( 'NONE',  #2958 ) ;
#4852 = EDGE_CURVE ( 'NONE', #2807, #2195, #1904, .T. ) ;
#4853 = ADVANCED_FACE ( 'NONE', ( #2952 ), #3176, .T. ) ;
#4854 = CARTESIAN_POINT ( 'NONE',  ( -63.35385497672009336, -3.621238344103700602, 5.139069716083800365 ) ) ;
#4855 = VERTEX_POINT ( 'NONE', #4489 ) ;
#4856 = CARTESIAN_POINT ( 'NONE',  ( -64.79989812990548614, -1.992125984251968518, 4.976195091257899605 ) ) ;
#4857 = VERTEX_POINT ( 'NONE', #724 ) ;
#4858 = CARTESIAN_POINT ( 'NONE',  ( -65.35063841097664294, -1.992125984251968740, 5.020180295402875359 ) ) ;
#4859 = CIRCLE ( 'NONE', #3038, 0.08858267716535768443 ) ;
#4860 = DIRECTION ( 'NONE',  ( -0.000000000000000000, -1.000000000000000000, 0.000000000000000000 ) ) ;
#4861 = CARTESIAN_POINT ( 'NONE',  ( -67.32283464566928899, -5.905511811023622215, 4.960629921259842590 ) ) ;
#4862 = CARTESIAN_POINT ( 'NONE',  ( -64.64042079919045136, -1.803149606299212948, 5.637921207175780935 ) ) ;
#4863 = ORIENTED_EDGE ( 'NONE', *, *, #3595, .T. ) ;
#4864 = CARTESIAN_POINT ( 'NONE',  ( -66.51608366496063240, -1.992125984251969850, 5.739399976462006059 ) ) ;
#4865 = CARTESIAN_POINT ( 'NONE',  ( -66.46093454138322443, 3.519685039370079149, 5.414312152718921745 ) ) ;
#4866 = CARTESIAN_POINT ( 'NONE',  ( -61.45669291338582951, 3.330708661417323135, 3.858267716535433323 ) ) ;
#4867 = DIRECTION ( 'NONE',  ( 0.000000000000000000, 1.000000000000000000, -0.000000000000000000 ) ) ;
#4868 = DIRECTION ( 'NONE',  ( -0.9389693932908348417, 0.000000000000000000, 0.3440006954397640260 ) ) ;
#4869 = ORIENTED_EDGE ( 'NONE', *, *, #2505, .F. ) ;
#4870 = EDGE_CURVE ( 'NONE', #2446, #561, #408, .T. ) ;
#4871 = ORIENTED_EDGE ( 'NONE', *, *, #4807, .F. ) ;
#4872 = ORIENTED_EDGE ( 'NONE', *, *, #4426, .T. ) ;
#4873 = DIRECTION ( 'NONE',  ( 0.5405792589364954992, -0.000000000000000000, -0.8412930909068905283 ) ) ;
#4874 = VECTOR ( 'NONE', #547, 39.37007874015748143 ) ;
#4875 = DIRECTION ( 'NONE',  ( -0.9389693932908348417, 0.000000000000000000, 0.3440006954397640260 ) ) ;
#4876 = EDGE_CURVE ( 'NONE', #3207, #14, #1537, .T. ) ;
#4877 = EDGE_CURVE ( 'NONE', #3299, #1044, #1518, .T. ) ;
#4878 = LINE ( 'NONE', #2991, #1335 ) ;
#4879 = VERTEX_POINT ( 'NONE', #3806 ) ;
#4880 = LOCAL_TIME ( 12, 14, 36.00000000000000000, #2845 ) ;
#4881 = DIRECTION ( 'NONE',  ( -0.6126447955903444598, 0.000000000000000000, 0.7903583708901077420 ) ) ;
#4882 = VERTEX_POINT ( 'NONE', #22 ) ;
#4883 = CARTESIAN_POINT ( 'NONE',  ( -64.64042079919045136, -5.905511811023622215, 5.637921207175780935 ) ) ;
#4884 = CARTESIAN_POINT ( 'NONE',  ( -65.70625982590092917, -1.803149606299212726, 5.439965768613910235 ) ) ;
#4885 = DIRECTION ( 'NONE',  ( 4.440892098500819275E-14, 0.000000000000000000, 1.000000000000000000 ) ) ;
#4886 = EDGE_LOOP ( 'NONE', ( #4604, #1412 ) ) ;
#4887 = CARTESIAN_POINT ( 'NONE',  ( -66.41010653712974943, 3.271653543307093681, 5.184224544253267730 ) ) ;
#4888 = CARTESIAN_POINT ( 'NONE',  ( -66.46093454138322443, 3.330708661417322247, 5.414312152718921745 ) ) ;
#4889 = PLANE ( 'NONE',  #2219 ) ;
#4890 = DIRECTION ( 'NONE',  ( 0.000000000000000000, 0.000000000000000000, 1.000000000000000000 ) ) ;
#4891 = ORIENTED_EDGE ( 'NONE', *, *, #4847, .F. ) ;
#4892 = VECTOR ( 'NONE', #1711, 39.37007874015748143 ) ;
#4893 = AXIS2_PLACEMENT_3D ( 'NONE', #869, #4750, #3078 ) ;
#4894 = ORIENTED_EDGE ( 'NONE', *, *, #1426, .F. ) ;
#4895 = VERTEX_POINT ( 'NONE', #2307 ) ;
#4896 = CARTESIAN_POINT ( 'NONE',  ( -64.90859838036783458, 3.330708661417323135, 4.835443776639679392 ) ) ;
#4897 = DIRECTION ( 'NONE',  ( 2.290736248633313485E-23, -1.000000000000000000, -8.392338112716923843E-24 ) ) ;
#4898 = AXIS2_PLACEMENT_3D ( 'NONE', #262, #2204, #1822 ) ;
#4899 = AXIS2_PLACEMENT_3D ( 'NONE', #1717, #3960, #934 ) ;
#4900 = DIRECTION ( 'NONE',  ( 0.000000000000000000, 0.000000000000000000, 1.000000000000000000 ) ) ;
#4901 = ORIENTED_EDGE ( 'NONE', *, *, #1057, .T. ) ;
#4902 = DIRECTION ( 'NONE',  ( 0.9929147266346842748, 0.000000000000000000, -0.1188290605532586197 ) ) ;
#4903 = ORIENTED_EDGE ( 'NONE', *, *, #1840, .F. ) ;
#4904 = CARTESIAN_POINT ( 'NONE',  ( -65.95530524942155637, -1.744094488188976388, 5.046699456877202117 ) ) ;
#4905 = CARTESIAN_POINT ( 'NONE',  ( -64.94463702649743198, -1.992125984251969184, 4.850360820107582960 ) ) ;
#4906 = LINE ( 'NONE', #4103, #147 ) ;
#4907 = NEXT_ASSEMBLY_USAGE_OCCURRENCE ( 'NAUO1', ' ', ' ', #2946, #4337, $ ) ;
ENDSEC;
END-ISO-10303-21;
